Customer ID,Total_Invoices,Total_Spend,Total_Items,First_Purchase_Date,Last_Purchase_Date,UniqueProducts,Country,Recency,Frequency,Monetary,AvgOrderValue,TotalItems,is_churn
12346.0,12,77556.46,74285,2009-12-14 08:34:00,2011-01-18 10:01:00,27,United Kingdom,325,12,77556.46,6463.038333333334,74285,1
12347.0,8,5633.32,3286,2010-10-31 14:20:00,2011-12-07 15:52:00,126,Iceland,2,8,5633.32,704.165,3286,0
12348.0,5,2019.4,2714,2010-09-27 14:59:00,2011-09-25 13:13:00,25,Finland,75,5,2019.4,403.88,2714,0
12349.0,4,4428.69,1624,2010-04-29 13:20:00,2011-11-21 09:51:00,138,Italy,18,4,4428.69,1107.1725,1624,0
12350.0,1,334.4,197,2011-02-02 16:01:00,2011-02-02 16:01:00,17,Norway,310,1,334.4,334.4,197,1
12351.0,1,300.93,261,2010-11-29 15:23:00,2010-11-29 15:23:00,21,Unspecified,375,1,300.93,300.93,261,1
12352.0,10,2849.84,724,2010-11-12 10:20:00,2011-11-03 14:37:00,70,Norway,36,10,2849.84,284.98400000000004,724,0
12353.0,2,406.76,212,2010-10-27 12:44:00,2011-05-19 17:47:00,23,Bahrain,204,2,406.76,203.38,212,1
12354.0,1,1079.4,530,2011-04-21 13:11:00,2011-04-21 13:11:00,58,Spain,232,1,1079.4,1079.4,530,1
12355.0,2,947.61,543,2010-05-21 11:59:00,2011-05-09 13:49:00,35,Bahrain,214,2,947.61,473.805,543,1
12356.0,6,6373.68,3417,2010-10-11 09:42:00,2011-11-17 08:40:00,104,Portugal,22,6,6373.68,1062.28,3417,0
12357.0,3,18287.66,6587,2010-11-16 10:05:00,2011-11-06 16:07:00,261,Switzerland,33,3,18287.66,6095.886666666666,6587,0
12358.0,5,3887.07,1079,2009-12-08 07:59:00,2011-12-08 10:26:00,56,Austria,1,5,3887.07,777.414,1079,0
12359.0,10,8935.94,2752,2009-12-05 13:32:00,2011-10-13 12:47:00,305,Cyprus,57,10,8935.94,893.594,2752,0
12360.0,8,4252.89,2459,2010-02-22 09:32:00,2011-10-18 15:22:00,160,Austria,52,8,4252.89,531.61125,2459,0
12361.0,4,511.25,235,2010-01-26 14:37:00,2011-02-25 13:51:00,18,Belgium,287,4,511.25,127.8125,235,1
12362.0,11,5356.23,2230,2009-12-01 10:10:00,2011-12-06 15:40:00,201,Belgium,3,11,5356.23,486.93,2230,0
12363.0,2,552.0,408,2011-04-11 13:29:00,2011-08-22 10:18:00,23,Unspecified,109,2,552.0,276.0,408,0
12364.0,4,1313.1,1506,2011-08-19 15:24:00,2011-12-02 10:22:00,70,Belgium,7,4,1313.1,328.275,1506,0
12365.0,2,641.38,174,2011-02-21 13:51:00,2011-02-21 14:04:00,22,Cyprus,291,2,641.38,320.69,174,1
12366.0,1,500.24,296,2010-03-16 10:28:00,2010-03-16 10:28:00,3,Cyprus,633,1,500.24,500.24,296,1
12367.0,1,168.9,173,2011-12-05 16:48:00,2011-12-05 16:48:00,11,Denmark,4,1,168.9,168.9,173,0
12368.0,1,917.7,330,2010-03-21 15:56:00,2010-03-21 15:56:00,18,Cyprus,628,1,917.7,917.7,330,1
12369.0,3,1791.15,1241,2010-03-08 08:09:00,2010-10-22 13:13:00,90,Austria,413,3,1791.15,597.0500000000001,1241,1
12370.0,7,4320.31,2605,2010-02-09 09:41:00,2011-10-19 14:51:00,168,Austria,51,7,4320.31,617.1871428571429,2605,0
12371.0,5,4067.38,1436,2010-03-04 18:23:00,2011-10-26 10:16:00,134,Switzerland,44,5,4067.38,813.476,1436,0
12372.0,3,1298.04,794,2011-02-16 12:46:00,2011-09-29 12:12:00,34,Denmark,71,3,1298.04,432.68,794,0
12373.0,3,1127.65,516,2010-02-04 12:08:00,2011-02-01 13:10:00,36,Austria,311,3,1127.65,375.8833333333334,516,1
12374.0,4,2989.2200000000003,1362,2010-04-30 14:01:00,2011-11-14 15:37:00,79,Austria,25,4,2989.2200000000003,747.3050000000001,1362,0
12375.0,2,457.5,178,2011-09-02 14:23:00,2011-11-29 10:36:00,14,Finland,10,2,457.5,228.75,178,0
12376.0,2,503.15,240,2010-10-18 08:42:00,2010-11-15 12:15:00,11,Switzerland,389,2,503.15,251.575,240,1
12377.0,4,3426.32,2105,2010-04-29 15:34:00,2011-01-28 15:45:00,129,Switzerland,315,4,3426.32,856.58,2105,1
12378.0,2,5416.32,3316,2010-05-26 14:07:00,2011-08-02 10:34:00,281,Switzerland,129,2,5416.32,2708.16,3316,0
12379.0,4,1620.22,815,2010-06-23 12:49:00,2011-09-19 10:09:00,58,Belgium,81,4,1620.22,405.055,815,0
12380.0,11,9676.3,3355,2010-02-15 12:05:00,2011-11-18 11:27:00,156,Belgium,21,11,9676.3,879.6636363636363,3355,0
12381.0,5,1845.31,808,2011-08-12 09:57:00,2011-12-05 12:44:00,70,Norway,4,5,1845.31,369.062,808,0
12383.0,5,1850.56,1532,2010-12-22 14:28:00,2011-06-08 08:02:00,84,Belgium,184,5,1850.56,370.112,1532,1
12384.0,2,585.27,126,2011-08-10 11:23:00,2011-11-11 08:39:00,26,Switzerland,28,2,585.27,292.635,126,0
12385.0,1,1938.4,612,2010-11-25 15:14:00,2010-11-25 15:14:00,65,Belgium,379,1,1938.4,1938.4,612,1
12386.0,2,660.8,568,2010-12-08 09:53:00,2011-01-06 12:37:00,10,Australia,337,2,660.8,330.4,568,1
12387.0,1,143.94,134,2010-10-20 16:27:00,2010-10-20 16:27:00,9,Australia,415,1,143.94,143.94,134,1
12388.0,8,3901.11,2001,2010-05-06 12:54:00,2011-11-24 12:30:00,83,Australia,15,8,3901.11,487.63875,2001,0
12389.0,3,1433.33,614,2010-02-22 10:15:00,2010-11-02 11:52:00,41,Australia,402,3,1433.33,477.7766666666666,614,1
12390.0,1,549.84,353,2011-09-21 09:33:00,2011-09-21 09:33:00,32,Belgium,79,1,549.84,549.84,353,0
12391.0,6,2773.42,1220,2010-02-15 10:12:00,2011-11-18 12:07:00,241,Cyprus,21,6,2773.42,462.2366666666667,1220,0
12392.0,1,234.75000000000003,73,2010-04-27 14:04:00,2010-04-27 14:04:00,7,Australia,591,1,234.75000000000003,234.75000000000003,73,1
12393.0,6,2399.4500000000003,1311,2010-10-07 13:49:00,2011-09-28 15:41:00,63,Australia,72,6,2399.4500000000003,399.90833333333336,1311,0
12394.0,2,1272.48,819,2011-05-06 14:01:00,2011-10-07 08:08:00,26,Belgium,63,2,1272.48,636.24,819,0
12395.0,15,5067.27,3733,2010-04-16 10:16:00,2011-11-20 15:21:00,145,Belgium,19,15,5067.27,337.81800000000004,3733,0
12396.0,1,931.43,591,2010-02-03 13:22:00,2010-02-03 13:22:00,65,RSA,674,1,931.43,931.43,591,1
12397.0,2,2409.9,1263,2011-07-27 14:21:00,2011-11-04 09:52:00,110,Belgium,35,2,2409.9,1204.95,1263,0
12398.0,1,1635.66,1394,2011-10-25 10:27:00,2011-10-25 10:27:00,85,Switzerland,45,1,1635.66,1635.66,1394,0
12399.0,7,1962.3,2198,2010-03-05 08:45:00,2011-08-12 13:15:00,67,Belgium,119,7,1962.3,280.3285714285714,2198,0
12400.0,1,205.25,91,2010-10-21 13:45:00,2010-10-21 13:45:00,11,Australia,414,1,205.25,205.25,91,1
12401.0,1,84.3,11,2011-02-09 13:50:00,2011-02-09 13:50:00,5,Belgium,303,1,84.3,84.3,11,1
12402.0,6,1256.9,584,2010-02-07 12:41:00,2011-01-20 13:49:00,43,Belgium,323,6,1256.9,209.48333333333332,584,1
12403.0,2,1019.36,260,2010-07-06 11:39:00,2011-10-21 10:51:00,5,Denmark,49,2,1019.36,509.68,260,0
12404.0,1,63.24,1,2010-01-26 16:25:00,2010-01-26 16:25:00,1,Finland,682,1,63.24,63.24,1,1
12405.0,1,1710.39,857,2011-07-14 08:52:00,2011-07-14 08:52:00,54,Finland,148,1,1710.39,1710.39,857,0
12406.0,5,6390.36,3416,2010-01-11 14:04:00,2011-11-17 19:22:00,114,Denmark,22,5,6390.36,1278.072,3416,0
12407.0,5,1708.12,1416,2011-03-20 13:21:00,2011-10-21 10:11:00,57,Belgium,49,5,1708.12,341.624,1416,0
12408.0,8,4340.77,2229,2010-07-29 13:27:00,2011-11-07 12:27:00,104,Belgium,32,8,4340.77,542.59625,2229,0
12409.0,7,23419.29,13143,2010-05-23 15:21:00,2011-09-22 10:38:00,177,Switzerland,78,7,23419.29,3345.612857142857,13143,0
12410.0,3,1013.71,341,2010-07-25 13:26:00,2011-02-04 10:39:00,36,Switzerland,308,3,1013.71,337.90333333333336,341,1
12411.0,1,346.9,138,2010-10-26 09:25:00,2010-10-26 09:25:00,22,Australia,409,1,346.9,346.9,138,1
12412.0,6,2596.93,1997,2010-06-18 13:22:00,2011-09-26 10:16:00,82,Denmark,74,6,2596.93,432.82166666666666,1997,0
12413.0,4,999.45,319,2010-11-02 13:26:00,2011-10-04 09:00:00,41,Spain,66,4,999.45,249.8625,319,0
12414.0,6,952.41,495,2010-09-02 12:22:00,2011-05-06 14:51:00,21,Austria,217,6,952.41,158.735,495,1
12415.0,28,144458.37,91447,2010-06-30 08:30:00,2011-11-15 14:22:00,498,Australia,24,28,144458.37,5159.2275,91447,0
12416.0,1,202.56,132,2010-02-21 10:19:00,2010-02-21 10:19:00,11,Australia,656,1,202.56,202.56,132,1
12417.0,20,6816.91,2890,2009-12-06 10:30:00,2011-12-06 14:52:00,270,Belgium,3,20,6816.91,340.8455,2890,0
12418.0,4,2021.2,1088,2010-03-19 14:47:00,2011-08-19 11:08:00,90,Switzerland,112,4,2021.2,505.3,1088,0
12419.0,2,503.01,231,2010-10-22 10:40:00,2010-11-19 10:04:00,23,Spain,385,2,503.01,251.505,231,1
12420.0,1,600.39,345,2011-10-07 08:55:00,2011-10-07 08:55:00,29,Cyprus,63,1,600.39,600.39,345,0
12421.0,6,1098.6,652,2010-07-22 13:57:00,2011-11-24 09:07:00,44,Spain,15,6,1098.6,183.1,652,0
12422.0,17,5231.8,2596,2009-12-18 12:44:00,2011-09-05 09:48:00,137,Australia,95,17,5231.8,307.7529411764706,2596,0
12423.0,10,2622.39,1793,2010-08-31 09:31:00,2011-12-09 10:10:00,128,Denmark,0,10,2622.39,262.239,1793,0
12424.0,4,3340.03,2025,2010-06-09 15:15:00,2011-06-30 12:06:00,78,Australia,162,4,3340.03,835.0075,2025,0
12425.0,2,1741.41,1147,2010-09-17 14:10:00,2011-09-22 17:31:00,87,Portugal,78,2,1741.41,870.705,1147,0
12426.0,2,1345.21,584,2010-02-15 08:41:00,2011-05-29 12:26:00,73,Germany,194,2,1345.21,672.605,584,1
12427.0,3,1129.3,612,2010-12-03 10:44:00,2011-11-18 08:56:00,26,Germany,21,3,1129.3,376.4333333333333,612,0
12428.0,9,7956.46,3536,2011-03-01 09:33:00,2011-11-14 08:22:00,258,Finland,25,9,7956.46,884.0511111111111,3536,0
12429.0,8,7485.91,3344,2010-06-11 13:28:00,2011-11-30 17:22:00,124,Denmark,9,8,7485.91,935.73875,3344,0
12430.0,1,256.4,117,2011-10-27 15:09:00,2011-10-27 15:09:00,11,Norway,43,1,256.4,256.4,117,0
12431.0,27,10857.97,4717,2010-01-15 09:04:00,2011-11-04 11:55:00,244,Belgium,35,27,10857.97,402.147037037037,4717,0
12432.0,5,5059.32,1801,2011-06-20 13:27:00,2011-10-28 11:43:00,107,Norway,42,5,5059.32,1011.864,1801,0
12433.0,10,20581.26,17116,2010-08-20 09:23:00,2011-12-09 10:02:00,285,Norway,0,10,20581.26,2058.126,17116,0
12434.0,3,1103.43,532,2010-11-23 13:38:00,2011-09-16 12:38:00,62,Australia,84,3,1103.43,367.81,532,0
12435.0,6,13925.93,4958,2009-12-02 13:58:00,2011-09-21 09:06:00,88,Denmark,79,6,13925.93,2320.988333333333,4958,0
12436.0,1,509.01,211,2011-09-01 12:09:00,2011-09-01 12:09:00,16,Norway,99,1,509.01,509.01,211,0
12437.0,39,12683.4,8000,2009-12-02 16:24:00,2011-12-08 11:35:00,273,France,1,39,12683.4,325.2153846153846,8000,0
12438.0,2,2906.85,1180,2011-07-22 13:29:00,2011-11-25 13:28:00,84,Norway,14,2,2906.85,1453.425,1180,0
12439.0,2,1158.18,484,2009-12-14 08:40:00,2010-01-26 12:11:00,69,Cyprus,682,2,1158.18,579.09,484,1
12440.0,2,859.2,331,2009-12-22 12:03:00,2010-09-03 13:11:00,21,Austria,462,2,859.2,429.6,331,1
12441.0,1,347.1,242,2010-12-08 10:45:00,2010-12-08 10:45:00,11,France,366,1,347.1,347.1,242,1
12442.0,1,172.06,182,2011-12-06 14:22:00,2011-12-06 14:22:00,12,Spain,3,1,172.06,172.06,182,0
12443.0,1,485.31,182,2009-12-07 15:42:00,2009-12-07 15:42:00,21,Norway,732,1,485.31,485.31,182,1
12444.0,5,5005.46,1153,2011-06-21 14:00:00,2011-11-18 13:23:00,138,Norway,21,5,5005.46,1001.092,1153,0
12445.0,2,434.98,206,2010-10-15 12:28:00,2011-11-17 18:43:00,24,Spain,22,2,434.98,217.49,206,0
12446.0,1,1002.31,351,2011-10-13 12:50:00,2011-10-13 12:50:00,57,RSA,57,1,1002.31,1002.31,351,0
12447.0,1,476.49,190,2011-04-10 13:25:00,2011-04-10 13:25:00,26,Belgium,243,1,476.49,476.49,190,1
12448.0,1,449.45,243,2011-10-26 13:46:00,2011-10-26 13:46:00,22,Spain,44,1,449.45,449.45,243,0
12449.0,6,4835.89,2282,2010-09-27 09:37:00,2011-11-17 13:46:00,125,Denmark,22,6,4835.89,805.9816666666667,2282,0
12450.0,5,688.2,442,2010-08-22 13:11:00,2011-07-06 14:41:00,31,Spain,156,5,688.2,137.64,442,0
12451.0,8,12669.88,9359,2010-06-28 12:58:00,2011-11-29 08:40:00,352,Switzerland,10,8,12669.88,1583.735,9359,0
12452.0,2,430.57,185,2011-11-23 08:05:00,2011-11-23 10:28:00,21,Switzerland,16,2,430.57,215.285,185,0
12453.0,1,707.09,473,2011-07-28 14:08:00,2011-07-28 14:08:00,43,Austria,134,1,707.09,707.09,473,0
12454.0,5,16679.78,7703,2010-10-14 17:33:00,2011-10-14 17:13:00,24,Spain,56,5,16679.78,3335.956,7703,0
12455.0,10,5879.95,3302,2009-12-18 12:33:00,2011-09-27 15:31:00,199,Cyprus,73,10,5879.95,587.995,3302,0
12456.0,3,3181.04,1633,2011-03-30 09:12:00,2011-10-26 14:41:00,105,Switzerland,44,3,3181.04,1060.3466666666666,1633,0
12457.0,8,2995.91,1094,2010-09-30 17:59:00,2011-10-04 13:13:00,63,Switzerland,66,8,2995.91,374.48875,1094,0
12458.0,4,1777.49,986,2010-08-09 10:33:00,2011-09-29 15:25:00,71,Switzerland,71,4,1777.49,444.3725,986,0
12459.0,1,454.36,258,2010-04-13 14:53:00,2010-04-13 14:53:00,23,Spain,605,1,454.36,454.36,258,1
12460.0,1,326.65,170,2010-09-09 13:51:00,2010-09-09 13:51:00,18,Belgium,456,1,326.65,326.65,170,1
12461.0,2,826.88,287,2011-07-08 10:23:00,2011-09-06 16:57:00,35,Switzerland,94,2,826.88,413.44,287,0
12462.0,2,1189.59,536,2011-02-09 14:44:00,2011-11-21 09:11:00,51,Spain,18,2,1189.59,594.795,536,0
12463.0,4,1344.78,776,2011-04-12 12:47:00,2011-10-17 13:44:00,65,Belgium,53,4,1344.78,336.195,776,0
12464.0,8,1212.05,112,2011-02-03 13:30:00,2011-11-29 13:33:00,6,Belgium,10,8,1212.05,151.50625,112,0
12465.0,2,742.1899999999999,479,2011-06-23 13:37:00,2011-11-22 16:34:00,46,Belgium,17,2,742.1899999999999,371.095,479,0
12466.0,1,56.73,1,2010-01-26 16:26:00,2010-01-26 16:26:00,1,France,682,1,56.73,56.73,1,1
12467.0,1,132.8,129,2010-10-12 15:41:00,2010-10-12 15:41:00,9,USA,423,1,132.8,132.8,129,1
12468.0,5,3670.74,2201,2010-01-26 10:09:00,2011-06-05 11:36:00,127,Germany,187,5,3670.74,734.1479999999999,2201,1
12469.0,2,3070.54,2552,2010-06-21 10:30:00,2010-07-05 12:40:00,76,Thailand,522,2,3070.54,1535.27,2552,1
12470.0,1,211.95,95,2010-01-19 11:01:00,2010-01-19 11:01:00,23,Unspecified,689,1,211.95,211.95,95,1
12471.0,79,39963.79,16882,2009-12-07 10:41:00,2011-12-07 15:43:00,255,Germany,2,79,39963.79,505.8707594936709,16882,0
12472.0,19,17880.59,11350,2009-12-14 10:49:00,2011-11-07 14:01:00,397,Germany,32,19,17880.59,941.0836842105264,11350,0
12473.0,5,3938.55,2439,2011-06-01 10:15:00,2011-11-10 13:46:00,140,Germany,29,5,3938.55,787.71,2439,0
12474.0,31,12424.45,7954,2010-02-11 09:41:00,2011-11-22 14:39:00,369,Germany,17,31,12424.45,400.7887096774194,7954,0
12475.0,2,1149.64,771,2010-10-26 08:49:00,2011-10-17 10:10:00,54,Germany,53,2,1149.64,574.82,771,0
12476.0,23,14115.41,5645,2010-07-26 09:04:00,2011-11-24 12:40:00,358,Germany,15,23,14115.41,613.7134782608696,5645,0
12477.0,9,20276.37,6119,2010-03-26 14:01:00,2011-11-17 09:51:00,295,Germany,22,9,20276.37,2252.93,6119,0
12478.0,1,680.99,236,2011-12-06 09:56:00,2011-12-06 09:56:00,36,Greece,3,1,680.99,680.99,236,0
12479.0,1,527.2,385,2011-11-28 13:26:00,2011-11-28 13:26:00,31,Germany,11,1,527.2,527.2,385,0
12480.0,7,5464.85,2952,2010-07-20 13:21:00,2011-11-11 14:52:00,177,Germany,28,7,5464.85,780.6928571428572,2952,0
12481.0,15,12361.39,7253,2010-04-11 13:10:00,2011-11-17 08:29:00,248,Germany,22,15,12361.39,824.0926666666667,7253,0
12482.0,29,23691.4,27042,2010-02-24 10:24:00,2010-05-12 16:51:00,42,Sweden,576,29,23691.4,816.944827586207,27042,1
12483.0,19,5120.58,2172,2010-01-31 13:28:00,2011-11-22 17:02:00,68,Sweden,17,19,5120.58,269.5042105263158,2172,0
12484.0,12,6370.15,3271,2010-01-27 16:41:00,2011-11-07 11:37:00,329,Spain,32,12,6370.15,530.8458333333333,3271,0
12485.0,1,708.1,414,2010-06-28 15:22:00,2010-06-28 15:22:00,34,Sweden,529,1,708.1,708.1,414,1
12486.0,1,1037.28,523,2010-10-04 12:14:00,2010-10-04 12:14:00,49,Sweden,431,1,1037.28,1037.28,523,1
12487.0,1,285.29999999999995,174,2009-12-09 11:36:00,2009-12-09 11:36:00,2,Sweden,730,1,285.29999999999995,285.29999999999995,174,1
12488.0,3,1298.66,529,2011-09-25 10:34:00,2011-11-30 08:50:00,46,France,9,3,1298.66,432.8866666666667,529,0
12489.0,1,334.93,105,2011-01-07 13:13:00,2011-01-07 13:13:00,15,France,336,1,334.93,334.93,105,1
12490.0,21,9823.64,5906,2009-12-01 12:52:00,2011-12-04 16:07:00,195,France,5,21,9823.64,467.79238095238094,5906,0
12491.0,1,460.4,260,2011-11-01 12:18:00,2011-11-01 12:18:00,25,France,38,1,460.4,460.4,260,0
12492.0,3,715.21,444,2010-11-01 14:58:00,2011-10-07 15:15:00,38,Germany,63,3,715.21,238.4033333333333,444,0
12493.0,2,433.74,207,2011-05-26 14:53:00,2011-06-27 10:17:00,20,France,165,2,433.74,216.87,207,0
12494.0,9,1872.87,988,2010-05-12 13:52:00,2011-11-24 09:34:00,83,France,15,9,1872.87,208.09666666666664,988,0
12495.0,1,357.4,130,2010-03-09 10:53:00,2010-03-09 10:53:00,17,Sweden,640,1,357.4,357.4,130,1
12496.0,2,54.09,33,2010-03-29 13:57:00,2010-03-29 14:06:00,10,Spain,620,2,54.09,27.045,33,1
12497.0,3,6248.5,5685,2010-03-05 09:39:00,2011-09-19 12:29:00,41,Germany,81,3,6248.5,2082.833333333333,5685,0
12498.0,3,403.7000000000001,159,2011-10-13 09:30:00,2011-11-18 12:53:00,21,Germany,21,3,403.7000000000001,134.5666666666667,159,0
12499.0,1,393.72,302,2010-05-28 15:12:00,2010-05-28 15:12:00,27,Germany,560,1,393.72,393.72,302,1
12500.0,19,5955.21,3377,2010-02-04 15:05:00,2011-11-16 16:20:00,88,Germany,23,19,5955.21,313.4321052631579,3377,0
12501.0,1,2169.39,1783,2011-01-07 12:28:00,2011-01-07 12:28:00,149,Germany,336,1,2169.39,2169.39,1783,1
12502.0,5,3723.87,820,2011-02-03 10:41:00,2011-09-05 11:52:00,102,Spain,95,5,3723.87,744.774,820,0
12503.0,1,1126.0,561,2010-05-04 13:59:00,2010-05-04 13:59:00,2,Spain,584,1,1126.0,1126.0,561,1
12504.0,4,779.05,458,2010-04-22 10:24:00,2011-11-21 16:02:00,11,Germany,18,4,779.05,194.7625,458,0
12505.0,1,955.2,324,2010-10-27 09:18:00,2010-10-27 09:18:00,42,Italy,408,1,955.2,955.2,324,1
12506.0,1,73.5,23,2011-04-21 08:54:00,2011-04-21 08:54:00,23,France,232,1,73.5,73.5,23,1
12507.0,4,1844.06,1256,2010-05-04 09:23:00,2011-07-28 17:09:00,46,Spain,134,4,1844.06,461.015,1256,0
12508.0,2,398.27,272,2011-11-10 16:27:00,2011-11-13 15:37:00,57,France,26,2,398.27,199.135,272,0
12509.0,1,176.5,55,2011-02-28 14:45:00,2011-02-28 14:45:00,7,France,284,1,176.5,176.5,55,1
12510.0,9,5178.02,2049,2009-12-04 13:47:00,2011-07-20 10:15:00,94,Spain,142,9,5178.02,575.3355555555556,2049,0
12511.0,1,3084.02,1753,2010-10-07 10:39:00,2010-10-07 10:39:00,190,Greece,428,1,3084.02,3084.02,1753,1
12512.0,2,138.03,99,2011-10-04 14:53:00,2011-10-04 14:55:00,31,Israel,66,2,138.03,69.015,99,0
12513.0,1,612.29,462,2011-08-19 10:51:00,2011-08-19 10:51:00,35,France,112,1,612.29,612.29,462,0
12514.0,2,1597.76,840,2010-03-08 12:18:00,2011-03-17 16:38:00,76,Italy,267,2,1597.76,798.88,840,1
12515.0,1,383.7,131,2010-12-21 15:43:00,2010-12-21 15:43:00,16,Italy,353,1,383.7,383.7,131,1
12516.0,4,2648.62,1952,2010-04-19 14:14:00,2011-09-23 09:13:00,49,Germany,77,4,2648.62,662.155,1952,0
12517.0,5,2502.84,1371,2011-06-02 15:13:00,2011-11-11 14:04:00,232,Germany,28,5,2502.84,500.568,1371,0
12518.0,5,2056.89,1318,2011-08-21 13:18:00,2011-12-09 10:13:00,84,Germany,0,5,2056.89,411.378,1318,0
12519.0,2,726.54,395,2010-08-20 08:21:00,2011-10-07 09:26:00,34,Germany,63,2,726.54,363.27,395,0
12520.0,5,2634.26,1439,2011-03-11 11:35:00,2011-09-21 15:23:00,121,Germany,79,5,2634.26,526.8520000000001,1439,0
12521.0,1,599.68,309,2011-07-20 10:51:00,2011-07-20 10:51:00,38,Germany,142,1,599.68,599.68,309,0
12522.0,2,192.72,194,2011-10-19 14:41:00,2011-10-31 15:30:00,11,Germany,39,2,192.72,96.36,194,0
12523.0,23,4372.15,2275,2009-12-07 13:46:00,2011-11-20 12:55:00,176,France,19,23,4372.15,190.09347826086957,2275,0
12524.0,17,11126.11,7178,2010-02-08 14:41:00,2011-11-30 15:31:00,157,Germany,9,17,11126.11,654.4770588235294,7178,0
12525.0,3,973.73,509,2010-03-02 14:01:00,2010-07-29 16:08:00,56,France,498,3,973.73,324.57666666666665,509,1
12526.0,3,1316.66,632,2011-09-06 14:19:00,2011-12-09 12:09:00,64,Germany,0,3,1316.66,438.8866666666667,632,0
12527.0,5,735.51,526,2010-06-28 15:37:00,2011-09-19 11:55:00,26,Germany,81,5,735.51,147.102,526,0
12528.0,6,1933.48,756,2011-01-31 09:05:00,2011-11-30 14:40:00,50,Germany,9,6,1933.48,322.24666666666667,756,0
12529.0,1,316.48,192,2010-06-29 13:10:00,2010-06-29 13:10:00,21,France,528,1,316.48,316.48,192,1
12530.0,9,3759.26,2713,2010-03-07 14:37:00,2011-10-11 12:34:00,94,Germany,59,9,3759.26,417.6955555555556,2713,0
12531.0,2,1933.2,1119,2010-01-22 14:17:00,2011-11-25 11:12:00,126,Germany,14,2,1933.2,966.6,1119,0
12532.0,1,349.83000000000004,153,2011-11-09 13:47:00,2011-11-09 13:47:00,16,France,30,1,349.83000000000004,349.83000000000004,153,0
12533.0,2,1367.89,704,2009-12-01 11:50:00,2010-03-22 10:56:00,63,Germany,627,2,1367.89,683.945,704,1
12534.0,1,1089.18,651,2011-08-01 10:26:00,2011-08-01 10:26:00,63,Germany,130,1,1089.18,1089.18,651,0
12535.0,2,716.35,219,2011-06-06 12:47:00,2011-09-09 08:48:00,28,France,91,2,716.35,358.175,219,0
12536.0,3,12601.830000000002,2803,2011-10-11 14:52:00,2011-10-27 14:20:00,260,France,43,3,12601.830000000002,4200.610000000001,2803,0
12537.0,1,732.94,449,2010-10-27 08:36:00,2010-10-27 08:36:00,43,Sweden,408,1,732.94,732.94,449,1
12538.0,2,640.45,336,2010-11-26 13:02:00,2011-11-10 17:16:00,33,Spain,29,2,640.45,320.225,336,0
12539.0,7,11214.75,4535,2009-12-23 13:00:00,2011-11-17 13:30:00,276,Spain,22,7,11214.75,1602.107142857143,4535,0
12540.0,33,22254.49,11019,2009-12-07 16:56:00,2011-11-20 11:31:00,354,Spain,19,33,22254.49,674.3784848484848,11019,0
12541.0,3,981.18,680,2011-03-04 09:32:00,2011-11-10 10:40:00,46,Spain,29,3,981.18,327.06,680,0
12542.0,2,481.88,522,2010-03-09 16:26:00,2010-08-12 19:12:00,39,Spain,484,2,481.88,240.94,522,1
12543.0,1,980.25,688,2010-09-17 15:51:00,2010-09-17 15:51:00,43,Spain,448,1,980.25,980.25,688,1
12544.0,1,372.7,136,2011-11-03 16:15:00,2011-11-03 16:15:00,19,Spain,36,1,372.7,372.7,136,0
12545.0,2,1000.39,523,2011-03-25 12:04:00,2011-09-25 13:39:00,42,Spain,75,2,1000.39,500.195,523,0
12546.0,2,1161.5,633,2011-09-23 09:44:00,2011-10-24 12:09:00,59,Spain,46,2,1161.5,580.75,633,0
12547.0,3,383.58,309,2010-07-27 13:55:00,2011-05-26 12:38:00,13,Spain,197,3,383.58,127.86,309,1
12548.0,1,95.2,49,2011-06-26 15:35:00,2011-06-26 15:35:00,5,Spain,166,1,95.2,95.2,49,0
12549.0,6,1575.68,1366,2010-01-11 12:29:00,2010-05-13 12:05:00,38,USA,575,6,1575.68,262.61333333333334,1366,1
12550.0,1,964.83,569,2011-09-21 14:35:00,2011-09-21 14:35:00,57,Spain,79,1,964.83,964.83,569,0
12551.0,1,168.0,100,2010-12-17 11:23:00,2010-12-17 11:23:00,10,Spain,357,1,168.0,168.0,100,1
12552.0,2,437.82,88,2011-10-31 12:11:00,2011-11-01 10:02:00,20,Italy,38,2,437.82,218.91,88,0
12553.0,12,4608.75,2325,2010-10-12 13:35:00,2011-12-01 16:38:00,109,France,8,12,4608.75,384.0625,2325,0
12554.0,1,468.5,240,2010-09-17 12:29:00,2010-09-17 12:29:00,26,Spain,448,1,468.5,468.5,240,1
12555.0,1,129.23,1,2010-01-26 16:26:00,2010-01-26 16:26:00,1,Spain,682,1,129.23,129.23,1,1
12556.0,2,603.71,358,2011-07-11 13:35:00,2011-10-20 13:06:00,100,Spain,50,2,603.71,301.855,358,0
12557.0,8,18716.14,6782,2009-12-17 10:39:00,2011-11-23 16:59:00,15,Spain,16,8,18716.14,2339.5175,6782,0
12558.0,1,269.96,196,2011-12-02 10:41:00,2011-12-02 10:41:00,11,USA,7,1,269.96,269.96,196,0
12559.0,2,561.71,283,2011-01-24 10:12:00,2011-02-02 09:49:00,21,Germany,310,2,561.71,280.855,283,1
12560.0,3,2134.01,1110,2011-07-19 15:55:00,2011-12-04 13:54:00,91,Germany,5,3,2134.01,711.3366666666667,1110,0
12561.0,1,238.85,177,2011-02-10 11:39:00,2011-02-10 11:39:00,16,Germany,302,1,238.85,238.85,177,1
12562.0,9,4966.92,2327,2010-09-30 13:13:00,2011-12-01 17:20:00,113,France,8,9,4966.92,551.88,2327,0
12563.0,1,249.24,113,2010-10-27 09:52:00,2010-10-27 09:52:00,13,Italy,408,1,249.24,249.24,113,1
12564.0,1,456.9,133,2011-03-23 14:55:00,2011-03-23 14:55:00,21,France,261,1,456.9,456.9,133,1
12565.0,1,145.92,80,2011-02-24 10:34:00,2011-02-24 10:34:00,9,Saudi Arabia,288,1,145.92,145.92,80,1
12566.0,1,351.65,265,2011-09-14 14:30:00,2011-09-14 14:30:00,19,Germany,86,1,351.65,351.65,265,0
12567.0,15,13709.86,6086,2010-02-11 10:30:00,2011-11-17 11:02:00,365,France,22,15,13709.86,913.9906666666668,6086,0
12568.0,1,70.0,48,2010-03-05 09:15:00,2010-03-05 09:15:00,5,Germany,644,1,70.0,70.0,48,1
12569.0,32,4124.69,1801,2011-04-01 13:47:00,2011-12-07 16:24:00,92,Germany,2,32,4124.69,128.8965625,1801,0
12570.0,1,77.52,1,2010-01-26 17:28:00,2010-01-26 17:28:00,1,Spain,682,1,77.52,77.52,1,1
12571.0,2,519.61,523,2011-08-10 12:35:00,2011-10-31 10:19:00,31,France,39,2,519.61,259.805,523,0
12572.0,2,1020.42,452,2011-10-19 08:20:00,2011-12-01 09:20:00,53,Germany,8,2,1020.42,510.21,452,0
12573.0,5,717.41,479,2010-08-31 17:25:00,2011-04-26 15:52:00,107,France,227,5,717.41,143.482,479,1
12574.0,1,218.45,61,2011-01-28 09:20:00,2011-01-28 09:20:00,11,France,315,1,218.45,218.45,61,1
12575.0,2,622.8199999999999,315,2010-07-01 09:15:00,2010-09-08 13:09:00,34,France,457,2,622.8199999999999,311.41,315,1
12576.0,8,2142.72,1494,2010-07-01 13:46:00,2011-11-04 10:11:00,114,Poland,35,8,2142.72,267.84,1494,0
12577.0,8,1653.75,1197,2009-12-03 19:31:00,2011-11-04 13:24:00,259,France,35,8,1653.75,206.71875,1197,0
12578.0,4,4642.45,2380,2010-09-22 11:19:00,2011-11-18 13:30:00,149,Italy,21,4,4642.45,1160.6125,2380,0
12579.0,1,440.42,285,2011-09-22 17:15:00,2011-09-22 17:15:00,29,France,78,1,440.42,440.42,285,0
12580.0,2,1052.9,569,2010-05-12 11:45:00,2011-04-07 10:24:00,52,Germany,246,2,1052.9,526.45,569,1
12581.0,1,197.71,161,2011-10-31 08:56:00,2011-10-31 08:56:00,15,Germany,39,1,197.71,197.71,161,0
12582.0,4,1980.4,985,2010-05-11 09:55:00,2011-04-15 08:45:00,88,Finland,238,4,1980.4,495.1,985,1
12583.0,27,14447.44,8984,2009-12-06 11:57:00,2011-12-07 08:07:00,141,France,2,27,14447.44,535.0903703703704,8984,0
12584.0,9,2338.15,416,2011-03-04 15:15:00,2011-12-06 09:35:00,44,Italy,3,9,2338.15,259.7944444444445,416,0
12585.0,2,2040.1,1279,2010-12-23 12:58:00,2011-04-19 13:39:00,77,Germany,234,2,2040.1,1020.05,1279,1
12586.0,4,2062.67,687,2009-12-16 13:15:00,2011-11-22 16:24:00,82,Italy,17,4,2062.67,515.6675,687,0
12587.0,1,144.0,51,2011-12-02 12:47:00,2011-12-02 12:47:00,4,Finland,7,1,144.0,144.0,51,0
12588.0,4,958.78,438,2010-04-21 12:22:00,2011-10-31 15:01:00,31,Finland,39,4,958.78,239.695,438,0
12589.0,8,4695.66,1764,2010-01-19 12:26:00,2011-11-11 10:19:00,121,France,28,8,4695.66,586.9575,1764,0
12590.0,2,9864.26,4283,2011-05-12 14:46:00,2011-05-12 14:52:00,68,Germany,211,2,9864.26,4932.13,4283,1
12591.0,3,1352.15,677,2010-10-27 10:42:00,2011-01-26 14:35:00,63,Italy,317,3,1352.15,450.7166666666667,677,1
12592.0,5,2582.66,1875,2010-07-08 14:06:00,2011-09-08 15:04:00,42,Germany,92,5,2582.66,516.5319999999999,1875,0
12593.0,3,418.1,206,2011-05-05 09:29:00,2011-08-23 12:43:00,14,France,108,3,418.1,139.36666666666667,206,0
12594.0,15,5090.110000000001,2768,2010-03-03 13:51:00,2011-11-02 12:20:00,78,Italy,37,15,5090.110000000001,339.3406666666667,2768,0
12595.0,1,299.02,271,2010-07-23 09:10:00,2010-07-23 09:10:00,19,Germany,504,1,299.02,299.02,271,1
12596.0,2,618.27,474,2011-04-11 13:22:00,2011-10-19 13:02:00,25,Spain,51,2,618.27,309.135,474,0
12597.0,4,3811.22,2236,2011-03-16 14:00:00,2011-11-20 13:33:00,184,Spain,19,4,3811.22,952.805,2236,0
12598.0,11,4534.09,2906,2010-03-01 09:58:00,2011-11-30 12:18:00,130,France,9,11,4534.09,412.19,2906,0
12599.0,13,2296.72,2189,2010-05-11 10:42:00,2011-11-10 13:34:00,47,France,29,13,2296.72,176.67076923076922,2189,0
12600.0,21,5043.92,1414,2009-12-07 13:37:00,2011-11-11 10:29:00,53,Germany,28,21,5043.92,240.18666666666667,1414,0
12601.0,6,681.26,290,2010-10-31 10:57:00,2011-06-03 10:17:00,24,Germany,189,6,681.26,113.54333333333334,290,1
12602.0,1,153.12,162,2011-10-12 11:22:00,2011-10-12 11:22:00,12,France,58,1,153.12,153.12,162,0
12603.0,1,739.1999999999999,63,2011-11-18 10:42:00,2011-11-18 10:42:00,2,Germany,21,1,739.1999999999999,739.1999999999999,63,0
12604.0,2,254.18,201,2011-03-23 12:06:00,2011-09-21 14:08:00,15,France,79,2,254.18,127.09,201,0
12605.0,4,1232.95,929,2010-09-07 14:21:00,2010-11-28 14:18:00,63,Germany,376,4,1232.95,308.2375,929,1
12606.0,1,21.0,1,2010-01-26 16:23:00,2010-01-26 16:23:00,1,Spain,682,1,21.0,21.0,1,1
12607.0,1,1579.51,1228,2011-10-10 16:06:00,2011-10-10 16:06:00,101,USA,60,1,1579.51,1579.51,1228,0
12608.0,1,415.79,323,2010-10-31 10:49:00,2010-10-31 10:49:00,16,United Kingdom,404,1,415.79,415.79,323,1
12609.0,9,3435.86,1553,2009-12-20 13:30:00,2011-09-22 16:34:00,129,Germany,78,9,3435.86,381.7622222222223,1553,0
12610.0,5,2099.54,1049,2011-08-05 13:52:00,2011-11-17 09:34:00,85,Italy,22,5,2099.54,419.908,1049,0
12611.0,1,1193.32,846,2011-10-18 13:12:00,2011-10-18 13:12:00,65,Italy,52,1,1193.32,1193.32,846,0
12612.0,1,704.0400000000001,262,2011-09-26 15:35:00,2011-09-26 15:35:00,19,Germany,74,1,704.0400000000001,704.0400000000001,262,0
12613.0,10,6835.07,4163,2009-12-14 13:10:00,2011-10-13 14:59:00,218,Germany,57,10,6835.07,683.507,4163,0
12614.0,1,315.6,76,2011-03-07 10:22:00,2011-03-07 10:22:00,20,Germany,277,1,315.6,315.6,76,1
12615.0,8,5740.98,3317,2010-03-18 14:09:00,2011-12-07 15:02:00,198,France,2,8,5740.98,717.6225,3317,0
12616.0,3,1131.1,498,2010-11-16 11:38:00,2011-09-05 15:17:00,32,France,95,3,1131.1,377.0333333333333,498,0
12617.0,1,355.53,213,2011-11-10 14:39:00,2011-11-10 14:39:00,39,France,29,1,355.53,355.53,213,0
12618.0,1,177.31,96,2011-11-18 11:10:00,2011-11-18 11:10:00,11,Italy,21,1,177.31,177.31,96,0
12619.0,10,3781.38,3518,2010-05-28 12:52:00,2011-11-23 14:52:00,55,Germany,16,10,3781.38,378.138,3518,0
12620.0,3,1339.41,1181,2011-05-19 12:10:00,2011-11-25 10:20:00,89,France,14,3,1339.41,446.47,1181,0
12621.0,35,24775.81,13933,2010-02-09 12:01:00,2011-12-08 11:25:00,344,Germany,1,35,24775.81,707.8802857142857,13933,0
12622.0,1,180.1,69,2011-04-21 16:39:00,2011-04-21 16:39:00,11,Germany,232,1,180.1,180.1,69,1
12623.0,7,3747.84,1971,2010-01-12 11:45:00,2011-03-08 13:50:00,112,Germany,276,7,3747.84,535.4057142857143,1971,1
12624.0,2,641.13,355,2011-06-15 12:34:00,2011-08-25 15:04:00,36,France,106,2,641.13,320.565,355,0
12625.0,4,5164.88,3309,2010-04-22 11:33:00,2011-05-12 09:54:00,144,Germany,211,4,5164.88,1291.22,3309,1
12626.0,9,6620.48,3453,2011-01-17 11:01:00,2011-11-16 16:06:00,232,Germany,23,9,6620.48,735.6088888888888,3453,0
12627.0,7,4478.53,2752,2011-07-22 13:59:00,2011-11-29 12:07:00,162,Germany,10,7,4478.53,639.79,2752,0
12628.0,3,786.46,448,2011-10-06 09:28:00,2011-12-05 13:15:00,34,Germany,4,3,786.46,262.15333333333336,448,0
12629.0,2,1558.22,722,2010-10-12 16:40:00,2010-11-19 09:18:00,40,Sweden,385,2,1558.22,779.11,722,1
12630.0,2,1270.88,548,2011-10-27 10:41:00,2011-11-30 10:48:00,60,Finland,9,2,1270.88,635.44,548,0
12631.0,6,3481.57,1607,2010-01-15 14:50:00,2011-10-13 13:53:00,131,Finland,57,6,3481.57,580.2616666666667,1607,0
12632.0,2,804.88,694,2010-05-24 09:07:00,2010-07-07 09:39:00,32,Germany,520,2,804.88,402.44,694,1
12633.0,7,5678.16,3238,2010-07-02 11:44:00,2011-10-12 11:40:00,220,Germany,58,7,5678.16,811.1657142857142,3238,0
12634.0,2,490.0,337,2010-06-09 15:41:00,2010-06-22 10:05:00,20,USA,535,2,490.0,245.0,337,1
12635.0,4,2930.41,1949,2010-09-09 10:50:00,2011-09-11 11:04:00,159,Germany,89,4,2930.41,732.6025,1949,0
12636.0,1,141.0,1,2009-12-01 09:55:00,2009-12-01 09:55:00,1,USA,738,1,141.0,141.0,1,1
12637.0,12,8340.31,4284,2010-06-14 13:36:00,2011-10-03 13:46:00,295,France,67,12,8340.31,695.0258333333333,4284,0
12638.0,2,921.49,663,2010-03-10 10:30:00,2011-11-06 13:11:00,47,Sweden,33,2,921.49,460.745,663,0
12639.0,3,1312.37,631,2010-03-22 09:05:00,2011-04-15 12:48:00,58,Sweden,238,3,1312.37,437.45666666666665,631,1
12640.0,3,1174.58,311,2011-09-19 12:01:00,2011-11-16 11:52:00,47,France,23,3,1174.58,391.5266666666666,311,0
12641.0,1,185.9,72,2011-08-16 13:26:00,2011-08-16 13:26:00,10,Sweden,115,1,185.9,185.9,72,0
12642.0,3,1013.26,552,2011-08-24 09:23:00,2011-11-14 15:03:00,39,Germany,25,3,1013.26,337.75333333333333,552,0
12643.0,12,8350.42,4785,2010-04-07 14:16:00,2011-08-03 12:56:00,14,France,128,12,8350.42,695.8683333333333,4785,0
12644.0,4,1918.49,1032,2010-01-14 13:02:00,2011-08-02 10:33:00,106,Germany,129,4,1918.49,479.6225,1032,0
12645.0,8,3539.3,2125,2010-02-09 10:49:00,2011-11-06 12:38:00,111,Germany,33,8,3539.3,442.4125,2125,0
12646.0,2,1346.97,897,2011-10-21 12:52:00,2011-12-05 10:14:00,43,USA,4,2,1346.97,673.485,897,0
12647.0,36,17924.35,6878,2010-01-13 15:06:00,2011-11-17 12:56:00,240,Germany,22,36,17924.35,497.8986111111111,6878,0
12648.0,4,1112.0,518,2010-01-07 18:38:00,2011-07-08 11:55:00,38,Germany,154,4,1112.0,278.0,518,0
12649.0,8,2294.65,1959,2010-01-12 17:24:00,2011-08-24 14:41:00,94,Germany,107,8,2294.65,286.83125,1959,0
12650.0,1,314.44,254,2011-12-06 16:34:00,2011-12-06 16:34:00,20,France,3,1,314.44,314.44,254,0
12651.0,4,377.75,265,2010-08-31 15:21:00,2011-01-09 12:46:00,30,France,334,4,377.75,94.4375,265,1
12652.0,2,1017.03,536,2010-10-01 15:16:00,2011-01-12 15:00:00,51,Germany,331,2,1017.03,508.515,536,1
12653.0,3,4160.83,1681,2010-07-01 09:56:00,2011-07-14 10:41:00,76,Israel,148,3,4160.83,1386.9433333333334,1681,0
12654.0,5,601.98,264,2011-02-17 13:16:00,2011-11-29 10:10:00,31,Germany,10,5,601.98,120.396,264,0
12655.0,1,261.35,80,2010-10-12 09:17:00,2010-10-12 09:17:00,16,France,423,1,261.35,261.35,80,1
12656.0,8,6407.83,2860,2010-05-26 09:00:00,2011-11-22 13:42:00,174,France,17,8,6407.83,800.97875,2860,0
12657.0,4,1643.18,1044,2011-09-22 11:40:00,2011-11-28 15:47:00,35,France,11,4,1643.18,410.795,1044,0
12658.0,1,686.05,320,2011-11-21 10:22:00,2011-11-21 10:22:00,36,Germany,18,1,686.05,686.05,320,0
12659.0,1,91.68,105,2011-11-10 11:53:00,2011-11-10 11:53:00,5,France,29,1,91.68,91.68,105,0
12660.0,1,245.1,127,2011-11-28 13:26:00,2011-11-28 13:26:00,13,France,11,1,245.1,245.1,127,0
12661.0,1,162.0,216,2010-09-29 16:46:00,2010-09-29 16:46:00,11,Sweden,436,1,162.0,162.0,216,1
12662.0,20,6988.02,3581,2010-04-01 09:50:00,2011-12-09 11:59:00,163,Germany,0,20,6988.02,349.401,3581,0
12663.0,2,239.4,181,2010-02-09 14:28:00,2010-03-25 09:40:00,9,Germany,624,2,239.4,119.7,181,1
12664.0,11,6070.04,1495,2009-12-13 10:28:00,2011-12-01 17:07:00,10,Finland,8,11,6070.04,551.8218181818182,1495,0
12665.0,3,313.6,165,2010-02-08 15:11:00,2011-01-19 08:34:00,13,Germany,324,3,313.6,104.53333333333336,165,1
12666.0,1,1248.42,370,2010-11-10 16:40:00,2010-11-10 16:40:00,31,Israel,394,1,1248.42,1248.42,370,1
12667.0,1,620.13,395,2011-10-12 17:00:00,2011-10-12 17:00:00,33,Finland,58,1,620.13,620.13,395,0
12668.0,10,11444.68,5076,2010-01-31 15:45:00,2011-11-28 10:56:00,263,Germany,11,10,11444.68,1144.468,5076,0
12669.0,3,2744.03,1115,2011-03-28 10:15:00,2011-07-12 09:54:00,98,France,150,3,2744.03,914.6766666666668,1115,0
12670.0,7,3760.29,1627,2010-02-11 10:13:00,2011-11-29 15:23:00,71,France,10,7,3760.29,537.1842857142857,1627,0
12671.0,1,2622.481,1460,2010-04-12 16:30:00,2010-04-12 16:30:00,45,Germany,606,1,2622.481,2622.481,1460,1
12672.0,2,437.05,138,2010-04-23 09:57:00,2011-01-14 09:20:00,22,France,329,2,437.05,218.525,138,1
12673.0,3,1230.02,700,2010-11-03 10:46:00,2011-12-04 13:55:00,68,Germany,5,3,1230.02,410.00666666666666,700,0
12674.0,4,1970.6,1133,2011-05-16 09:10:00,2011-11-01 12:12:00,52,France,38,4,1970.6,492.65,1133,0
12675.0,2,958.5,337,2010-05-10 16:44:00,2010-06-04 09:49:00,111,Italy,553,2,958.5,479.25,337,1
12676.0,11,2843.09,1867,2010-08-13 13:29:00,2011-11-15 12:25:00,67,Sweden,24,11,2843.09,258.4627272727273,1867,0
12677.0,2,395.1,176,2010-02-11 13:55:00,2010-06-02 14:30:00,13,France,555,2,395.1,197.55,176,1
12678.0,21,34281.18,22372,2010-01-07 16:46:00,2011-10-28 13:04:00,199,France,42,21,34281.18,1632.4371428571428,22372,0
12679.0,4,1113.02,554,2011-03-01 12:26:00,2011-10-12 12:30:00,43,France,58,4,1113.02,278.255,554,0
12680.0,4,880.81,444,2011-08-18 15:44:00,2011-12-09 12:50:00,33,France,0,4,880.81,220.2025,444,0
12681.0,45,30868.28,17596,2009-12-13 13:31:00,2011-11-25 11:33:00,459,France,14,45,30868.28,685.9617777777778,17596,0
12682.0,52,24033.91,11018,2009-12-01 09:28:00,2011-12-06 10:00:00,327,France,3,52,24033.91,462.19057692307695,11018,0
12683.0,21,12696.78,7683,2009-12-13 15:01:00,2011-12-05 16:31:00,236,France,4,21,12696.78,604.6085714285715,7683,0
12684.0,7,2283.63,1985,2011-05-10 12:55:00,2011-12-02 09:53:00,61,France,7,7,2283.63,326.23285714285714,1985,0
12685.0,6,2863.08,1523,2011-09-07 10:28:00,2011-11-11 13:46:00,117,France,28,6,2863.08,477.18,1523,0
12686.0,1,178.28,214,2010-12-03 09:51:00,2010-12-03 09:51:00,7,France,371,1,178.28,178.28,214,1
12687.0,2,2138.91,1403,2010-08-16 12:10:00,2010-08-16 12:12:00,126,Sweden,480,2,2138.91,1069.455,1403,1
12688.0,1,4873.81,3028,2011-08-18 08:49:00,2011-08-18 08:49:00,171,Israel,113,1,4873.81,4873.81,3028,0
12689.0,2,1247.61,628,2011-08-04 10:04:00,2011-11-14 08:31:00,57,France,25,2,1247.61,623.805,628,0
12690.0,1,389.01,106,2011-05-18 09:09:00,2011-05-18 09:09:00,16,France,205,1,389.01,389.01,106,1
12691.0,7,1170.4,445,2010-10-15 12:00:00,2011-11-11 16:49:00,24,France,28,7,1170.4,167.20000000000002,445,0
12692.0,1,110.95,36,2010-03-12 14:02:00,2010-03-12 14:02:00,13,France,637,1,110.95,110.95,36,1
12693.0,7,1703.02,536,2010-07-05 13:56:00,2011-08-04 17:51:00,63,Germany,127,7,1703.02,243.28857142857143,536,0
12694.0,3,1843.35,1355,2010-10-14 19:39:00,2011-09-30 13:06:00,69,France,70,3,1843.35,614.4499999999999,1355,0
12695.0,7,1407.12,454,2010-02-12 13:22:00,2011-12-02 13:22:00,46,France,7,7,1407.12,201.01714285714283,454,0
12696.0,2,851.91,564,2010-07-19 10:02:00,2010-10-01 10:43:00,43,Finland,434,2,851.91,425.955,564,1
12697.0,3,957.59,508,2011-06-23 15:44:00,2011-11-11 08:47:00,37,Sweden,28,3,957.59,319.19666666666666,508,0
12698.0,1,339.75,111,2010-04-28 15:51:00,2010-04-28 15:51:00,16,Germany,590,1,339.75,339.75,111,1
12699.0,1,638.11,373,2010-10-18 12:07:00,2010-10-18 12:07:00,41,Germany,417,1,638.11,638.11,373,1
12700.0,4,4939.99,2967,2011-05-08 16:10:00,2011-12-02 10:47:00,193,France,7,4,4939.99,1234.9975,2967,0
12701.0,6,2446.41,1727,2010-03-16 13:23:00,2011-09-21 10:47:00,118,Germany,79,6,2446.41,407.735,1727,0
12702.0,1,219.0,53,2011-11-20 10:36:00,2011-11-20 10:36:00,12,Germany,19,1,219.0,219.0,53,0
12703.0,4,1006.53,595,2010-01-24 12:05:00,2011-09-29 17:52:00,56,Germany,71,4,1006.53,251.6325,595,0
12704.0,8,2340.84,1006,2011-06-23 10:20:00,2011-12-02 13:15:00,64,Finland,7,8,2340.84,292.605,1006,0
12705.0,14,11762.1,7188,2010-06-24 09:51:00,2011-11-24 13:17:00,320,Germany,15,14,11762.1,840.15,7188,0
12707.0,1,603.42,256,2011-02-21 08:38:00,2011-02-21 08:38:00,33,France,291,1,603.42,603.42,256,1
12708.0,18,5314.1,2521,2009-12-18 10:25:00,2011-11-10 09:52:00,130,Germany,29,18,5314.1,295.2277777777778,2521,0
12709.0,34,31093.34,13983,2009-12-09 13:49:00,2011-11-24 15:38:00,189,Germany,15,34,31093.34,914.51,13983,0
12710.0,3,1149.02,851,2011-05-22 14:05:00,2011-09-04 12:00:00,75,Germany,96,3,1149.02,383.00666666666666,851,0
12711.0,2,1339.05,770,2010-02-01 11:30:00,2010-04-07 11:59:00,56,Germany,611,2,1339.05,669.525,770,1
12712.0,21,7193.66,2349,2009-12-09 10:46:00,2011-11-11 08:19:00,126,Germany,28,21,7193.66,342.5552380952381,2349,0
12713.0,1,848.55,508,2011-12-09 12:16:00,2011-12-09 12:16:00,38,Germany,0,1,848.55,848.55,508,0
12714.0,12,14093.71,8774,2009-12-04 10:00:00,2011-11-30 15:43:00,436,France,9,12,14093.71,1174.4758333333332,8774,0
12715.0,1,353.86,197,2011-08-25 15:22:00,2011-08-25 15:22:00,20,Sweden,106,1,353.86,353.86,197,0
12716.0,2,1053.49,708,2011-07-29 13:28:00,2011-12-06 08:55:00,60,France,3,2,1053.49,526.745,708,0
12717.0,3,1308.91,600,2010-04-28 14:34:00,2011-07-11 14:47:00,60,Greece,151,3,1308.91,436.3033333333333,600,0
12718.0,1,238.25,203,2011-09-29 16:38:00,2011-09-29 16:38:00,19,France,71,1,238.25,238.25,203,0
12719.0,2,644.95,374,2011-10-05 14:50:00,2011-12-04 13:45:00,34,France,5,2,644.95,322.475,374,0
12720.0,30,8260.67,6317,2010-07-21 09:46:00,2011-12-07 08:03:00,262,Germany,2,30,8260.67,275.35566666666665,6317,0
12721.0,8,4013.08,2655,2010-08-25 11:07:00,2011-11-08 12:13:00,183,France,31,8,4013.08,501.635,2655,0
12722.0,4,997.63,566,2011-07-12 11:55:00,2011-09-15 14:50:00,50,France,85,4,997.63,249.4075,566,0
12723.0,5,725.07,434,2011-10-05 15:52:00,2011-12-06 10:19:00,53,France,3,5,725.07,145.014,434,0
12724.0,7,2317.52,1379,2010-06-22 14:00:00,2011-12-04 16:02:00,94,France,5,7,2317.52,331.07428571428574,1379,0
12725.0,4,2694.56,1306,2010-05-04 13:59:00,2010-12-03 15:45:00,92,Italy,371,4,2694.56,673.64,1306,1
12726.0,11,4014.6,4618,2010-03-25 16:25:00,2011-11-11 13:35:00,63,France,28,11,4014.6,364.96363636363634,4618,0
12727.0,10,5679.53,2832,2010-02-23 09:54:00,2011-11-29 11:46:00,132,France,10,10,5679.53,567.953,2832,0
12728.0,5,1070.17,543,2010-11-21 11:34:00,2011-09-29 15:31:00,48,France,71,5,1070.17,214.034,543,0
12729.0,1,453.01,233,2011-08-18 11:40:00,2011-08-18 11:40:00,26,France,113,1,453.01,453.01,233,0
12730.0,1,829.25,234,2010-07-06 12:19:00,2010-07-06 12:19:00,47,Germany,521,1,829.25,829.25,234,1
12731.0,17,25775.71,11641,2010-03-02 09:23:00,2011-11-16 11:59:00,137,France,23,17,25775.71,1516.2182352941177,11641,0
12732.0,1,236.26,111,2011-06-13 11:33:00,2011-06-13 11:33:00,12,France,179,1,236.26,236.26,111,0
12733.0,4,2424.87,896,2010-01-19 13:23:00,2011-04-19 16:19:00,117,USA,234,4,2424.87,606.2175,896,1
12734.0,3,639.65,265,2010-11-12 13:26:00,2010-12-22 12:47:00,17,France,352,3,639.65,213.21666666666667,265,1
12735.0,2,779.5699999999999,368,2011-01-06 14:26:00,2011-01-28 13:37:00,38,France,315,2,779.5699999999999,389.785,368,1
12736.0,1,234.0,173,2011-01-11 07:57:00,2011-01-11 07:57:00,4,France,332,1,234.0,234.0,173,1
12737.0,2,3710.5,2,2010-07-29 12:27:00,2010-07-29 12:29:00,2,France,498,2,3710.5,1855.25,2,1
12738.0,1,310.7,296,2010-12-02 18:27:00,2010-12-02 18:27:00,11,Germany,372,1,310.7,310.7,296,1
12739.0,4,2726.73,951,2010-11-10 14:27:00,2011-09-22 13:00:00,85,United Arab Emirates,78,4,2726.73,681.6825,951,0
12740.0,1,427.6,342,2011-10-07 10:44:00,2011-10-07 10:44:00,27,France,63,1,427.6,427.6,342,0
12741.0,2,406.07,214,2010-06-24 16:24:00,2010-06-28 14:36:00,16,USA,529,2,406.07,203.035,214,1
12742.0,1,1201.52,1359,2010-03-24 12:43:00,2010-03-24 12:43:00,67,United Arab Emirates,625,1,1201.52,1201.52,1359,1
12743.0,2,546.43,319,2011-07-28 16:06:00,2011-07-28 16:21:00,114,Unspecified,134,2,546.43,273.215,319,0
12744.0,11,25317.06,6994,2010-04-27 16:19:00,2011-10-19 11:18:00,245,Singapore,51,11,25317.06,2301.550909090909,6994,0
12745.0,3,925.41,468,2010-01-26 16:22:00,2010-08-10 10:14:00,21,EIRE,486,3,925.41,308.47,468,1
12746.0,1,254.55,97,2010-06-17 10:41:00,2010-06-17 10:41:00,17,United Kingdom,540,1,254.55,254.55,97,1
12747.0,26,9276.54,2758,2009-12-07 13:23:00,2011-12-07 14:34:00,85,United Kingdom,2,26,9276.54,356.79,2758,0
12748.0,336,56599.39,39108,2009-12-04 17:31:00,2011-12-09 12:20:00,2286,United Kingdom,0,336,56599.39,168.45056547619046,39108,0
12749.0,9,6897.36,2360,2010-07-06 15:05:00,2011-12-06 09:56:00,260,United Kingdom,3,9,6897.36,766.3733333333333,2360,0
12750.0,1,275.88,137,2011-08-03 09:13:00,2011-08-03 09:13:00,15,Poland,128,1,275.88,275.88,137,0
12751.0,1,268.27,189,2010-09-21 12:49:00,2010-09-21 12:49:00,61,Brazil,444,1,268.27,268.27,189,1
12752.0,1,4366.78,2262,2011-09-19 13:32:00,2011-09-19 13:32:00,53,Norway,81,1,4366.78,4366.78,2262,0
12753.0,6,21429.39,11421,2010-12-12 11:44:00,2011-11-17 10:52:00,132,Japan,22,6,21429.39,3571.565,11421,0
12754.0,3,3010.74,6481,2011-02-04 10:31:00,2011-04-18 09:00:00,49,Japan,235,3,3010.74,1003.58,6481,1
12755.0,11,9030.66,3781,2010-01-15 11:57:00,2011-03-04 12:42:00,34,Japan,280,11,9030.66,820.9690909090909,3781,1
12756.0,1,112.07999999999998,144,2011-09-14 09:31:00,2011-09-14 09:31:00,4,Japan,86,1,112.07999999999998,112.07999999999998,144,0
12757.0,13,7857.1,2402,2011-05-12 19:01:00,2011-11-24 12:30:00,237,Portugal,15,13,7857.1,604.3923076923077,2402,0
12758.0,7,9903.24,6155,2009-12-01 14:40:00,2011-08-15 10:22:00,187,Portugal,116,7,9903.24,1414.7485714285715,6155,0
12759.0,8,5020.74,3202,2009-12-04 10:47:00,2011-10-18 14:49:00,206,Netherlands,52,8,5020.74,627.5925,3202,0
12760.0,1,347.8,198,2010-09-10 08:50:00,2010-09-10 08:50:00,21,Netherlands,455,1,347.8,347.8,198,1
12761.0,2,782.95,281,2010-09-01 10:47:00,2010-09-08 12:17:00,27,Netherlands,457,2,782.95,391.475,281,1
12762.0,2,1898.52,1227,2011-11-14 14:23:00,2011-12-02 10:23:00,62,Portugal,7,2,1898.52,949.26,1227,0
12763.0,2,814.16,512,2010-12-05 15:46:00,2011-07-24 14:12:00,16,Japan,138,2,814.16,407.08,512,0
12764.0,1,1693.88,386,2011-01-27 10:19:00,2011-01-27 10:19:00,45,Lebanon,316,1,1693.88,1693.88,386,1
12765.0,6,1404.58,1009,2010-03-08 09:43:00,2010-08-24 13:51:00,49,Netherlands,472,6,1404.58,234.09666666666664,1009,1
12766.0,9,10068.28,5446,2010-10-28 09:29:00,2011-12-06 08:46:00,253,Portugal,3,9,10068.28,1118.697777777778,5446,0
12767.0,1,949.82,598,2010-11-29 09:38:00,2010-11-29 09:38:00,43,Korea,375,1,949.82,949.82,598,1
12768.0,1,168.69000000000003,102,2010-09-15 12:08:00,2010-09-15 12:08:00,10,Korea,450,1,168.69000000000003,168.69000000000003,102,1
12769.0,1,1143.6,356,2011-04-15 10:25:00,2011-04-15 10:25:00,32,Brazil,238,1,1143.6,1143.6,356,1
12770.0,2,3246.45,1843,2010-09-09 11:43:00,2011-05-13 09:33:00,19,Japan,210,2,3246.45,1623.225,1843,1
12771.0,1,282.3,104,2010-08-11 11:51:00,2010-08-11 11:51:00,15,Portugal,485,1,282.3,282.3,104,1
12772.0,1,892.47,556,2011-10-11 09:19:00,2011-10-11 09:19:00,55,Portugal,59,1,892.47,892.47,556,0
12773.0,1,124.25,109,2010-05-24 17:30:00,2010-05-24 17:30:00,6,Portugal,564,1,124.25,124.25,109,1
12774.0,1,98.7,53,2010-06-22 10:38:00,2010-06-22 10:38:00,6,Netherlands,535,1,98.7,98.7,53,1
12775.0,7,1686.12,1083,2010-10-26 14:24:00,2011-11-22 16:33:00,55,Netherlands,17,7,1686.12,240.8742857142857,1083,0
12776.0,1,55.5,46,2010-02-10 12:11:00,2010-02-10 12:11:00,4,Portugal,667,1,55.5,55.5,46,1
12777.0,1,519.45,458,2010-09-08 11:35:00,2010-09-08 11:35:00,26,United Kingdom,457,1,519.45,519.45,458,1
12778.0,9,1775.68,1735,2010-04-16 09:57:00,2011-11-20 11:30:00,77,Netherlands,19,9,1775.68,197.29777777777775,1735,0
12779.0,14,6722.27,3641,2009-12-03 07:25:00,2011-11-02 11:43:00,142,Poland,37,14,6722.27,480.1621428571429,3641,0
12780.0,1,337.4,285,2010-04-20 09:40:00,2010-04-20 09:40:00,20,Netherlands,598,1,337.4,337.4,285,1
12781.0,2,826.74,671,2011-02-28 08:43:00,2011-10-07 10:37:00,25,Czech Republic,63,2,826.74,413.37,671,0
12782.0,11,4618.24,2017,2010-07-08 13:31:00,2011-12-05 09:16:00,142,Portugal,4,11,4618.24,419.84,2017,0
12783.0,6,2225.91,624,2011-09-25 15:35:00,2011-12-07 15:56:00,76,Portugal,2,6,2225.91,370.985,624,0
12784.0,3,1804.75,882,2010-06-28 13:06:00,2011-11-30 15:38:00,121,Portugal,9,3,1804.75,601.5833333333334,882,0
12785.0,3,1100.4,453,2009-12-08 13:56:00,2010-12-10 13:48:00,42,Portugal,364,3,1100.4,366.8,453,1
12786.0,1,728.5,324,2010-04-09 12:12:00,2010-04-09 12:12:00,18,Netherlands,609,1,728.5,728.5,324,1
12787.0,4,862.18,510,2010-10-22 14:57:00,2011-11-30 08:44:00,30,Netherlands,9,4,862.18,215.545,510,0
12788.0,4,444.9,194,2010-06-29 13:05:00,2010-09-02 14:21:00,20,Netherlands,463,4,444.9,111.225,194,1
12789.0,3,273.35,36,2010-01-15 12:06:00,2011-10-05 13:34:00,5,Netherlands,65,3,273.35,91.11666666666667,36,0
12790.0,2,591.85,306,2010-10-25 13:04:00,2011-05-31 14:14:00,36,Netherlands,192,2,591.85,295.925,306,1
12791.0,6,1056.11,450,2010-03-25 17:29:00,2010-12-01 11:27:00,17,Netherlands,373,6,1056.11,176.01833333333332,450,1
12792.0,2,827.01,394,2010-06-23 10:49:00,2011-03-28 11:36:00,39,Portugal,256,2,827.01,413.505,394,1
12793.0,3,1017.33,526,2010-11-03 13:05:00,2011-01-09 12:12:00,34,Portugal,334,3,1017.33,339.11,526,1
12794.0,2,860.41,592,2011-09-02 12:01:00,2011-10-17 14:54:00,43,Portugal,53,2,860.41,430.205,592,0
12795.0,1,430.48,68,2011-11-21 10:27:00,2011-11-21 10:27:00,14,Portugal,18,1,430.48,430.48,68,0
12796.0,1,381.0,182,2010-03-21 15:49:00,2010-03-21 15:49:00,7,Netherlands,628,1,381.0,381.0,182,1
12797.0,2,806.11,333,2010-10-11 12:53:00,2010-12-09 10:55:00,27,Portugal,365,2,806.11,403.055,333,1
12798.0,4,8510.93,8455,2010-10-14 12:27:00,2011-11-29 15:52:00,27,Japan,10,4,8510.93,2127.7325,8455,0
12799.0,1,219.35,137,2010-06-28 15:57:00,2010-06-28 15:57:00,15,Japan,529,1,219.35,219.35,137,1
12800.0,3,584.25,284,2010-02-01 11:02:00,2010-08-26 14:11:00,31,Portugal,470,3,584.25,194.75,284,1
12801.0,1,1071.82,505,2010-07-27 09:38:00,2010-07-27 09:38:00,50,Sweden,500,1,1071.82,1071.82,505,1
12802.0,7,2416.42,1972,2010-05-25 09:34:00,2011-06-06 09:36:00,108,Netherlands,186,7,2416.42,345.2028571428572,1972,1
12803.0,1,1092.81,872,2010-11-11 14:57:00,2010-11-11 14:57:00,55,Netherlands,393,1,1092.81,1092.81,872,1
12804.0,2,327.02,271,2010-07-27 13:52:00,2010-08-31 11:58:00,60,Netherlands,465,2,327.02,163.51,271,1
12805.0,4,1434.95,593,2010-02-03 09:06:00,2010-11-23 12:27:00,44,Netherlands,381,4,1434.95,358.7375,593,1
12806.0,4,2878.96,2087,2010-04-30 10:44:00,2010-09-30 13:34:00,58,Netherlands,435,4,2878.96,719.74,2087,1
12807.0,1,330.35,145,2010-11-21 14:21:00,2010-11-21 14:21:00,16,Sweden,383,1,330.35,330.35,145,1
12808.0,5,906.1,375,2010-09-03 10:24:00,2011-11-03 10:05:00,46,Portugal,36,5,906.1,181.22,375,0
12809.0,3,1755.94,518,2010-03-02 14:19:00,2011-06-15 10:51:00,75,Portugal,177,3,1755.94,585.3133333333334,518,0
12810.0,2,534.99,389,2010-02-01 09:52:00,2010-06-23 10:53:00,32,Japan,534,2,534.99,267.495,389,1
12811.0,5,1033.9,435,2010-10-08 12:20:00,2011-03-24 09:42:00,47,Portugal,260,5,1033.9,206.78000000000003,435,1
12812.0,1,229.64,164,2011-10-26 09:54:00,2011-10-26 09:54:00,15,Japan,44,1,229.64,229.64,164,0
12813.0,3,1687.8,1141,2010-01-15 16:52:00,2010-07-26 09:50:00,37,Netherlands,501,3,1687.8,562.6,1141,1
12814.0,1,125.92,49,2011-08-30 12:11:00,2011-08-30 12:11:00,2,Poland,101,1,125.92,125.92,49,0
12815.0,2,1063.46,379,2011-05-25 13:34:00,2011-07-15 10:21:00,38,Poland,147,2,1063.46,531.73,379,0
12816.0,2,572.2,128,2011-06-16 13:24:00,2011-09-05 12:41:00,27,Poland,95,2,572.2,286.1,128,0
12817.0,3,690.98,219,2010-10-01 08:57:00,2011-03-03 16:28:00,16,Austria,281,3,690.98,230.32666666666668,219,1
12818.0,1,1542.08,929,2011-03-23 12:06:00,2011-03-23 12:06:00,14,Austria,261,1,1542.08,1542.08,929,1
12819.0,1,540.52,344,2010-09-07 15:20:00,2010-09-07 15:20:00,19,United Kingdom,458,1,540.52,540.52,344,1
12820.0,11,2689.52,1964,2009-12-05 13:37:00,2011-12-06 15:12:00,131,United Kingdom,3,11,2689.52,244.50181818181815,1964,0
12821.0,2,220.8,162,2010-04-07 15:14:00,2011-05-09 15:51:00,13,United Kingdom,214,2,220.8,110.4,162,1
12822.0,2,948.88,550,2011-09-13 13:46:00,2011-09-30 10:04:00,41,United Kingdom,70,2,948.88,474.44,550,0
12823.0,18,6501.5,930,2010-01-29 12:52:00,2011-09-26 07:35:00,1,United Kingdom,74,18,6501.5,361.19444444444446,930,0
12824.0,1,397.12,232,2011-10-11 12:49:00,2011-10-11 12:49:00,25,United Kingdom,59,1,397.12,397.12,232,0
12825.0,2,518.63,139,2010-03-08 10:17:00,2010-07-06 13:56:00,20,United Kingdom,521,2,518.63,259.315,139,1
12826.0,12,2955.75,1995,2009-12-18 10:43:00,2011-12-07 10:25:00,93,United Kingdom,2,12,2955.75,246.3125,1995,0
12827.0,3,430.15,197,2011-10-26 15:44:00,2011-12-04 12:17:00,19,United Kingdom,5,3,430.15,143.38333333333333,197,0
12828.0,6,1018.71,494,2011-08-01 16:16:00,2011-12-07 08:45:00,46,United Kingdom,2,6,1018.71,169.785,494,0
12829.0,3,385.3,550,2010-06-07 15:04:00,2011-01-07 11:13:00,17,United Kingdom,336,3,385.3,128.43333333333334,550,1
12830.0,6,6814.64,9848,2011-06-21 10:53:00,2011-11-02 11:54:00,13,United Kingdom,37,6,6814.64,1135.7733333333333,9848,0
12831.0,3,451.11,303,2010-09-02 15:58:00,2011-03-22 13:02:00,16,United Kingdom,262,3,451.11,150.37,303,1
12832.0,2,383.03,195,2011-09-02 13:48:00,2011-11-07 13:30:00,27,United Kingdom,32,2,383.03,191.515,195,0
12833.0,1,417.38,156,2011-07-17 13:46:00,2011-07-17 13:46:00,24,United Kingdom,145,1,417.38,417.38,156,0
12834.0,1,312.38,110,2011-03-02 09:49:00,2011-03-02 09:49:00,18,United Kingdom,282,1,312.38,312.38,110,1
12835.0,41,6043.31,2357,2009-12-03 12:13:00,2010-10-08 10:59:00,138,United Kingdom,427,41,6043.31,147.3978048780488,2357,1
12836.0,15,6585.62,2236,2009-12-01 14:19:00,2011-10-11 15:10:00,280,United Kingdom,59,15,6585.62,439.0413333333333,2236,0
12837.0,2,688.41,209,2010-05-19 15:10:00,2011-06-19 16:07:00,83,United Kingdom,173,2,688.41,344.205,209,0
12838.0,10,3398.48,1845,2010-04-26 09:59:00,2011-11-06 12:20:00,230,United Kingdom,33,10,3398.48,339.848,1845,0
12839.0,26,10071.73,6849,2009-12-07 09:18:00,2011-12-07 12:33:00,156,United Kingdom,2,26,10071.73,387.37423076923073,6849,0
12840.0,7,4041.97,2258,2010-02-03 14:51:00,2011-07-19 09:29:00,109,United Kingdom,143,7,4041.97,577.4242857142857,2258,0
12841.0,40,7540.68,5414,2010-07-08 15:38:00,2011-12-05 11:13:00,307,United Kingdom,4,40,7540.68,188.517,5414,0
12842.0,4,1917.99,887,2009-12-02 08:15:00,2011-09-30 15:33:00,45,United Kingdom,70,4,1917.99,479.4975,887,0
12843.0,30,6588.41,3031,2009-12-13 11:41:00,2011-10-05 12:09:00,130,United Kingdom,65,30,6588.41,219.61366666666663,3031,0
12844.0,4,648.6,223,2010-04-25 11:51:00,2011-11-10 13:31:00,88,United Kingdom,29,4,648.6,162.15,223,0
12845.0,4,354.09,204,2011-02-22 14:10:00,2011-03-17 13:34:00,26,United Kingdom,267,4,354.09,88.5225,204,1
12846.0,1,15.58,1,2010-01-26 16:29:00,2010-01-26 16:29:00,1,United Kingdom,682,1,15.58,15.58,1,1
12847.0,2,1636.9,1533,2010-11-17 12:44:00,2011-11-17 13:16:00,100,United Kingdom,22,2,1636.9,818.45,1533,0
12848.0,1,208.0,58,2010-02-02 12:45:00,2010-02-02 12:45:00,16,United Kingdom,675,1,208.0,208.0,58,1
12849.0,6,3090.56,1882,2010-04-27 13:44:00,2011-11-08 13:41:00,123,United Kingdom,31,6,3090.56,515.0933333333334,1882,0
12850.0,1,330.0,200,2010-09-20 12:26:00,2010-09-20 12:26:00,2,United Kingdom,445,1,330.0,330.0,200,1
12851.0,2,284.13,160,2010-08-19 15:13:00,2011-09-04 12:41:00,71,United Kingdom,96,2,284.13,142.065,160,0
12852.0,1,311.55,149,2011-02-18 08:47:00,2011-02-18 08:47:00,17,United Kingdom,294,1,311.55,311.55,149,1
12853.0,11,3907.5,1668,2010-02-05 11:57:00,2011-07-28 11:29:00,111,United Kingdom,134,11,3907.5,355.22727272727275,1668,0
12854.0,7,2994.02,1635,2009-12-11 12:55:00,2011-09-22 12:15:00,188,United Kingdom,78,7,2994.02,427.7171428571429,1635,0
12855.0,4,650.9399999999999,270,2010-11-02 18:16:00,2010-12-02 09:37:00,65,United Kingdom,372,4,650.9399999999999,162.735,270,1
12856.0,6,2179.93,1079,2011-10-07 12:38:00,2011-12-02 10:52:00,155,United Kingdom,7,6,2179.93,363.32166666666666,1079,0
12857.0,6,3688.0,1420,2010-01-25 15:37:00,2011-05-13 10:20:00,71,United Kingdom,210,6,3688.0,614.6666666666666,1420,1
12858.0,1,177.92,63,2010-11-21 12:55:00,2010-11-21 12:55:00,36,United Kingdom,383,1,177.92,177.92,63,1
12859.0,1,575.1,292,2010-09-07 12:20:00,2010-09-07 12:20:00,21,United Kingdom,458,1,575.1,575.1,292,1
12860.0,1,55.47,27,2010-01-15 15:22:00,2010-01-15 15:22:00,16,United Kingdom,693,1,55.47,55.47,27,1
12861.0,1,68.25,27,2010-03-30 11:39:00,2010-03-30 11:39:00,4,United Kingdom,619,1,68.25,68.25,27,1
12862.0,2,1008.32,613,2010-08-01 15:20:00,2010-10-10 11:47:00,119,United Kingdom,425,2,1008.32,504.16,613,1
12863.0,6,2792.55,895,2010-04-29 13:54:00,2011-10-18 14:15:00,24,United Kingdom,52,6,2792.55,465.425,895,0
12864.0,2,299.57,447,2010-07-19 17:22:00,2011-07-24 13:03:00,5,United Kingdom,138,2,299.57,149.785,447,0
12865.0,4,3323.47,1973,2010-08-20 12:20:00,2011-11-13 14:31:00,156,Austria,26,4,3323.47,830.8675,1973,0
12866.0,3,1227.35,553,2010-07-25 11:37:00,2011-03-01 14:11:00,58,Belgium,283,3,1227.35,409.1166666666666,553,1
12867.0,13,7913.29,7939,2009-12-16 16:25:00,2011-11-13 15:30:00,365,United Kingdom,26,13,7913.29,608.7146153846154,7939,0
12868.0,8,2247.06,1282,2010-11-12 10:05:00,2011-06-07 10:42:00,86,United Kingdom,185,8,2247.06,280.8825,1282,1
12869.0,1,337.67,144,2010-01-27 12:10:00,2010-01-27 12:10:00,35,United Kingdom,681,1,337.67,337.67,144,1
12870.0,3,1676.95,906,2010-03-25 14:32:00,2010-11-29 13:42:00,85,United Kingdom,375,3,1676.95,558.9833333333333,906,1
12871.0,3,744.02,484,2010-09-26 10:34:00,2011-09-16 15:07:00,13,United Kingdom,84,3,744.02,248.00666666666663,484,0
12872.0,12,3685.49,1855,2009-12-03 20:03:00,2011-01-17 10:52:00,217,United Kingdom,326,12,3685.49,307.12416666666667,1855,1
12873.0,3,2027.3,786,2010-01-27 09:50:00,2011-03-02 14:58:00,33,United Kingdom,282,3,2027.3,675.7666666666667,786,1
12874.0,2,948.42,623,2010-06-03 12:51:00,2010-11-19 15:23:00,44,Belgium,385,2,948.42,474.21,623,1
12875.0,5,1356.99,5187,2010-01-11 12:37:00,2011-07-19 15:30:00,2,United Kingdom,143,5,1356.99,271.398,5187,0
12876.0,4,4081.79,3047,2010-04-28 13:26:00,2011-10-13 12:26:00,117,Belgium,57,4,4081.79,1020.4475,3047,0
12877.0,20,2955.17,2262,2010-01-18 10:23:00,2011-12-06 10:30:00,149,United Kingdom,3,20,2955.17,147.7585,2262,0
12878.0,2,854.99,547,2011-03-18 14:02:00,2011-04-17 13:07:00,38,United Kingdom,236,2,854.99,427.495,547,1
12879.0,3,573.22,370,2011-09-09 12:11:00,2011-10-26 12:24:00,7,United Kingdom,44,3,573.22,191.07333333333332,370,0
12880.0,2,640.13,279,2010-05-14 11:57:00,2010-11-23 10:50:00,32,United Kingdom,381,2,640.13,320.065,279,1
12881.0,1,298.0,21,2011-03-09 11:44:00,2011-03-09 11:44:00,7,United Kingdom,275,1,298.0,298.0,21,1
12882.0,2,1463.04,246,2011-11-06 11:22:00,2011-11-30 16:18:00,12,United Kingdom,9,2,1463.04,731.52,246,0
12883.0,4,703.47,196,2011-09-11 15:18:00,2011-11-15 09:32:00,39,United Kingdom,24,4,703.47,175.8675,196,0
12884.0,1,309.05,43,2011-09-12 13:10:00,2011-09-12 13:10:00,7,United Kingdom,88,1,309.05,309.05,43,0
12885.0,3,1175.22,655,2011-08-08 11:45:00,2011-10-07 13:40:00,66,United Kingdom,63,3,1175.22,391.74,655,0
12886.0,2,1378.4,770,2011-05-04 11:21:00,2011-10-03 10:09:00,75,United Kingdom,67,2,1378.4,689.2,770,0
12887.0,1,222.4,100,2010-11-21 11:18:00,2010-11-21 11:18:00,13,United Kingdom,383,1,222.4,222.4,100,1
12888.0,2,354.12,76,2011-03-29 14:31:00,2011-05-09 16:02:00,4,United Kingdom,214,2,354.12,177.06,76,1
12889.0,4,385.46,124,2010-07-25 14:32:00,2010-11-23 16:08:00,25,United Kingdom,381,4,385.46,96.365,124,1
12890.0,2,717.27,466,2010-11-17 14:05:00,2011-11-15 17:26:00,124,United Kingdom,24,2,717.27,358.635,466,0
12891.0,11,840.5,2325,2010-02-18 14:32:00,2011-06-07 12:31:00,2,United Kingdom,185,11,840.5,76.4090909090909,2325,1
12892.0,1,263.38,140,2010-11-08 09:51:00,2010-11-08 09:51:00,18,United Kingdom,396,1,263.38,263.38,140,1
12893.0,1,188.14,96,2011-11-09 12:34:00,2011-11-09 12:34:00,27,United Kingdom,30,1,188.14,188.14,96,0
12894.0,1,157.35,33,2010-05-13 14:47:00,2010-05-13 14:47:00,21,United Kingdom,575,1,157.35,157.35,33,1
12895.0,2,372.8,210,2011-09-14 08:35:00,2011-10-28 13:51:00,22,United Kingdom,42,2,372.8,186.4,210,0
12897.0,4,514.25,249,2010-06-14 11:58:00,2011-05-19 12:13:00,10,United Kingdom,204,4,514.25,128.5625,249,1
12898.0,2,310.96000000000004,240,2010-02-18 12:36:00,2010-09-02 08:08:00,27,United Kingdom,463,2,310.96000000000004,155.48000000000002,240,1
12899.0,1,366.4,108,2010-10-22 09:53:00,2010-10-22 09:53:00,17,United Kingdom,413,1,366.4,366.4,108,1
12900.0,1,340.33,139,2010-10-13 15:17:00,2010-10-13 15:17:00,13,United Kingdom,422,1,340.33,340.33,139,1
12901.0,28,17654.54,23075,2011-03-14 10:41:00,2011-12-01 10:07:00,30,United Kingdom,8,28,17654.54,630.5192857142857,23075,0
12902.0,1,138.68,66,2011-03-20 12:06:00,2011-03-20 12:06:00,10,United Kingdom,264,1,138.68,138.68,66,1
12903.0,1,833.53,493,2010-10-07 12:39:00,2010-10-07 12:39:00,41,United Kingdom,428,1,833.53,833.53,493,1
12904.0,2,509.58,302,2011-06-20 13:18:00,2011-11-21 14:34:00,59,United Kingdom,18,2,509.58,254.79,302,0
12905.0,2,1018.42,532,2010-01-26 14:06:00,2010-05-12 10:05:00,52,United Kingdom,576,2,1018.42,509.21,532,1
12906.0,5,2919.81,1749,2011-09-22 15:03:00,2011-11-28 09:55:00,55,United Kingdom,11,5,2919.81,583.962,1749,0
12907.0,2,508.91,177,2010-08-02 14:33:00,2010-11-09 12:08:00,23,United Kingdom,395,2,508.91,254.455,177,1
12908.0,5,1776.0,3000,2010-03-19 15:59:00,2011-06-16 15:39:00,1,United Kingdom,176,5,1776.0,355.2,3000,0
12909.0,8,3103.19,1948,2010-02-24 12:14:00,2011-10-31 12:43:00,120,United Kingdom,39,8,3103.19,387.89875,1948,0
12910.0,13,5796.52,3632,2010-03-28 13:10:00,2011-11-16 14:28:00,75,United Kingdom,23,13,5796.52,445.8861538461539,3632,0
12911.0,1,1680.47,820,2010-06-06 12:13:00,2010-06-06 12:13:00,220,United Kingdom,551,1,1680.47,1680.47,820,1
12912.0,5,1662.3,670,2011-10-30 11:35:00,2011-12-07 08:55:00,17,United Kingdom,2,5,1662.3,332.46,670,0
12913.0,13,6700.860000000001,3232,2009-12-01 12:18:00,2011-12-05 12:11:00,52,United Kingdom,4,13,6700.860000000001,515.4507692307693,3232,0
12914.0,1,223.98,336,2010-11-04 12:28:00,2010-11-04 12:28:00,9,United Kingdom,400,1,223.98,223.98,336,1
12915.0,4,1174.75,452,2010-04-29 19:36:00,2011-07-14 11:34:00,46,United Kingdom,148,4,1174.75,293.6875,452,0
12916.0,7,4654.02,1774,2010-01-24 11:26:00,2011-07-24 10:35:00,82,United Kingdom,138,7,4654.02,664.86,1774,0
12917.0,6,4359.2,1104,2009-12-09 14:22:00,2011-08-03 16:42:00,45,United Kingdom,128,6,4359.2,726.5333333333333,1104,0
12918.0,1,10953.5,1,2010-03-23 15:22:00,2010-03-23 15:22:00,1,United Kingdom,626,1,10953.5,10953.5,1,1
12919.0,6,1335.19,673,2011-06-23 09:22:00,2011-12-01 13:47:00,34,United Kingdom,8,6,1335.19,222.53166666666667,673,0
12920.0,4,488.09,421,2009-12-14 15:58:00,2011-11-22 15:05:00,59,United Kingdom,17,4,488.09,122.0225,421,0
12921.0,74,35921.04,21708,2009-12-01 13:43:00,2011-11-30 16:22:00,322,United Kingdom,9,74,35921.04,485.41945945945946,21708,0
12922.0,1,405.38,370,2011-07-01 15:35:00,2011-07-01 15:35:00,28,United Kingdom,161,1,405.38,405.38,370,0
12923.0,3,789.87,237,2010-05-13 14:55:00,2011-10-06 16:20:00,54,United Kingdom,64,3,789.87,263.29,237,0
12924.0,12,2469.4,1423,2009-12-09 12:40:00,2011-09-12 13:55:00,56,United Kingdom,88,12,2469.4,205.78333333333333,1423,0
12925.0,3,729.3299999999999,649,2010-04-26 10:32:00,2011-12-05 11:11:00,46,United Kingdom,4,3,729.3299999999999,243.11,649,0
12926.0,4,1548.46,766,2009-12-14 14:35:00,2010-10-24 15:57:00,202,United Kingdom,411,4,1548.46,387.115,766,1
12927.0,1,197.31,145,2010-11-10 10:02:00,2010-11-10 10:02:00,11,United Kingdom,394,1,197.31,197.31,145,1
12928.0,12,4304.89,2899,2010-06-08 10:16:00,2011-11-04 14:24:00,94,United Kingdom,35,12,4304.89,358.74083333333334,2899,0
12929.0,1,117.85,37,2011-02-01 12:08:00,2011-02-01 12:08:00,8,United Kingdom,311,1,117.85,117.85,37,1
12930.0,2,415.8,252,2011-06-21 13:25:00,2011-09-22 15:18:00,20,United Kingdom,78,2,415.8,207.9,252,0
12931.0,57,92347.34,62906,2009-12-01 11:46:00,2011-11-18 12:39:00,37,United Kingdom,21,57,92347.34,1620.1287719298246,62906,0
12932.0,8,1698.56,1609,2010-02-10 08:46:00,2010-06-18 14:22:00,69,United Kingdom,539,8,1698.56,212.32,1609,1
12933.0,8,1687.03,959,2009-12-10 16:39:00,2011-11-15 16:38:00,227,United Kingdom,24,8,1687.03,210.87875,959,0
12934.0,1,181.65,31,2009-12-03 10:51:00,2009-12-03 10:51:00,2,United Kingdom,736,1,181.65,181.65,31,1
12935.0,15,4243.86,3201,2010-04-11 15:59:00,2011-12-07 17:25:00,113,United Kingdom,2,15,4243.86,282.924,3201,0
12936.0,4,1063.9,559,2011-09-22 13:51:00,2011-11-22 17:32:00,56,United Kingdom,17,4,1063.9,265.975,559,0
12937.0,9,3097.61,1983,2009-12-03 15:43:00,2011-11-24 15:05:00,128,United Kingdom,15,9,3097.61,344.1788888888889,1983,0
12938.0,1,114.14,140,2011-11-14 11:21:00,2011-11-14 11:21:00,9,United Kingdom,25,1,114.14,114.14,140,0
12939.0,20,25264.8,10328,2010-01-12 11:27:00,2011-10-06 14:33:00,24,United Kingdom,64,20,25264.8,1263.24,10328,0
12940.0,2,913.54,411,2011-09-13 10:16:00,2011-10-16 12:09:00,87,United Kingdom,54,2,913.54,456.77,411,0
12941.0,1,377.49,381,2009-12-15 13:12:00,2009-12-15 13:12:00,27,United Kingdom,724,1,377.49,377.49,381,1
12942.0,3,942.65,272,2010-12-09 09:34:00,2011-07-31 14:39:00,68,United Kingdom,131,3,942.65,314.21666666666664,272,0
12943.0,2,496.5,222,2010-04-13 11:03:00,2010-05-30 13:52:00,22,United Kingdom,558,2,496.5,248.25,222,1
12944.0,2,604.51,289,2010-12-20 10:41:00,2011-11-04 11:04:00,29,United Kingdom,35,2,604.51,302.255,289,0
12945.0,2,900.11,446,2010-02-21 15:18:00,2011-02-24 14:15:00,47,United Kingdom,288,2,900.11,450.055,446,1
12946.0,1,324.45,149,2010-09-29 10:14:00,2010-09-29 10:14:00,20,United Kingdom,436,1,324.45,324.45,149,1
12947.0,6,1908.03,1349,2010-12-01 16:21:00,2011-07-19 10:06:00,83,United Kingdom,143,6,1908.03,318.005,1349,0
12948.0,9,2317.43,1304,2009-12-02 12:28:00,2011-11-23 17:10:00,89,United Kingdom,16,9,2317.43,257.4922222222222,1304,0
12949.0,22,15526.7,8233,2009-12-03 15:56:00,2011-11-09 11:25:00,347,United Kingdom,30,22,15526.7,705.7590909090909,8233,0
12950.0,3,1843.0,1380,2011-11-15 13:48:00,2011-12-07 13:17:00,13,United Kingdom,2,3,1843.0,614.3333333333334,1380,0
12951.0,15,3213.7200000000003,1662,2010-01-10 12:43:00,2011-12-01 12:14:00,110,United Kingdom,8,15,3213.7200000000003,214.248,1662,0
12952.0,4,1387.79,653,2011-09-22 16:37:00,2011-12-04 10:35:00,64,United Kingdom,5,4,1387.79,346.9475,653,0
12953.0,2,828.8100000000001,364,2010-07-05 13:37:00,2011-11-30 09:24:00,45,United Kingdom,9,2,828.8100000000001,414.405,364,0
12954.0,1,162.45,83,2010-03-11 10:16:00,2010-03-11 10:16:00,10,United Kingdom,638,1,162.45,162.45,83,1
12955.0,11,4757.16,3664,2011-03-17 09:03:00,2011-12-08 16:29:00,81,United Kingdom,1,11,4757.16,432.4690909090909,3664,0
12956.0,4,521.89,340,2009-12-15 19:03:00,2011-02-06 16:08:00,42,United Kingdom,306,4,521.89,130.4725,340,1
12957.0,13,8706.97,4686,2009-12-11 12:01:00,2011-11-30 09:53:00,402,United Kingdom,9,13,8706.97,669.766923076923,4686,0
12958.0,2,539.49,131,2010-05-05 16:22:00,2010-11-04 16:16:00,45,United Kingdom,400,2,539.49,269.745,131,1
12959.0,1,150.95,109,2010-08-12 17:20:00,2010-08-12 17:20:00,8,United Kingdom,484,1,150.95,150.95,109,1
12960.0,4,1322.07,1379,2010-02-16 13:32:00,2010-10-22 09:31:00,49,United Kingdom,413,4,1322.07,330.5175,1379,1
12961.0,1,211.99,180,2010-11-25 16:44:00,2010-11-25 16:44:00,37,United Kingdom,379,1,211.99,211.99,180,1
12962.0,2,266.39,129,2011-08-18 13:38:00,2011-12-02 15:55:00,15,United Kingdom,7,2,266.39,133.195,129,0
12963.0,12,3601.59,1809,2010-07-08 14:45:00,2011-12-01 12:55:00,129,United Kingdom,8,12,3601.59,300.1325,1809,0
12964.0,1,132.24,56,2010-09-28 17:47:00,2010-09-28 17:47:00,26,United Kingdom,437,1,132.24,132.24,56,1
12965.0,1,771.91,283,2011-09-11 15:31:00,2011-09-11 15:31:00,108,United Kingdom,89,1,771.91,771.91,283,0
12966.0,1,160.18,75,2011-11-30 12:38:00,2011-11-30 12:38:00,10,United Kingdom,9,1,160.18,160.18,75,0
12967.0,3,4306.92,1272,2010-11-21 11:03:00,2010-12-16 19:10:00,47,United Kingdom,358,3,4306.92,1435.64,1272,1
12968.0,1,135.95,73,2011-08-19 15:44:00,2011-08-19 15:44:00,5,United Kingdom,112,1,135.95,135.95,73,0
12969.0,1,122.45,55,2010-04-16 10:50:00,2010-04-16 10:50:00,5,United Kingdom,602,1,122.45,122.45,55,1
12970.0,10,1524.97,1014,2009-12-04 14:19:00,2011-12-02 14:30:00,280,United Kingdom,7,10,1524.97,152.497,1014,0
12971.0,116,15972.79,14587,2009-12-15 19:04:00,2011-12-06 12:20:00,102,United Kingdom,3,116,15972.79,137.6964655172414,14587,0
12972.0,4,1161.2,844,2010-02-16 14:30:00,2010-10-22 08:41:00,69,United Kingdom,413,4,1161.2,290.3,844,1
12973.0,1,385.55,31,2010-10-22 10:14:00,2010-10-22 10:14:00,6,United Kingdom,413,1,385.55,385.55,31,1
12974.0,2,408.95,104,2010-05-23 11:45:00,2011-05-26 09:33:00,27,United Kingdom,197,2,408.95,204.475,104,1
12975.0,6,2100.09,911,2009-12-06 10:38:00,2010-09-29 09:46:00,92,United Kingdom,436,6,2100.09,350.01500000000004,911,1
12976.0,8,3156.38,2684,2010-02-12 15:46:00,2011-05-12 09:55:00,106,United Kingdom,211,8,3156.38,394.5475,2684,1
12977.0,4,517.63,131,2010-07-16 16:25:00,2011-07-06 16:40:00,54,United Kingdom,156,4,517.63,129.4075,131,0
12978.0,5,2502.82,1394,2009-12-10 12:10:00,2010-11-19 14:29:00,126,United Kingdom,385,5,2502.82,500.564,1394,1
12979.0,1,517.7,520,2009-12-10 15:45:00,2009-12-10 15:45:00,56,United Arab Emirates,729,1,517.7,517.7,520,1
12980.0,21,16245.78,1910,2009-12-02 11:26:00,2011-07-05 09:34:00,7,United Kingdom,157,21,16245.78,773.6085714285715,1910,0
12981.0,2,372.22,242,2011-07-29 14:14:00,2011-11-10 12:00:00,12,United Kingdom,29,2,372.22,186.11,242,0
12982.0,8,2744.81,1729,2010-04-12 13:50:00,2011-04-11 11:51:00,139,United Kingdom,242,8,2744.81,343.10125,1729,1
12983.0,1,490.08,638,2010-04-20 12:58:00,2010-04-20 12:58:00,30,United Kingdom,598,1,490.08,490.08,638,1
12984.0,1,97.5,26,2011-11-21 12:37:00,2011-11-21 12:37:00,4,United Kingdom,18,1,97.5,97.5,26,0
12985.0,2,1239.38,1533,2011-11-11 12:44:00,2011-12-09 10:46:00,73,United Kingdom,0,2,1239.38,619.69,1533,0
12986.0,10,2729.84,1164,2010-01-21 10:45:00,2010-10-07 11:57:00,61,United Kingdom,428,10,2729.84,272.98400000000004,1164,1
12987.0,5,1312.21,585,2010-01-20 09:57:00,2011-09-27 12:03:00,61,United Kingdom,73,5,1312.21,262.442,585,0
12988.0,1,535.32,136,2011-02-20 14:31:00,2011-02-20 14:31:00,75,United Kingdom,292,1,535.32,535.32,136,1
12989.0,33,13551.75,6935,2009-12-10 13:27:00,2011-12-06 15:28:00,50,United Kingdom,3,33,13551.75,410.6590909090909,6935,0
12990.0,7,955.5,480,2010-03-30 11:36:00,2011-11-08 13:01:00,9,United Kingdom,31,7,955.5,136.5,480,0
12991.0,3,764.82,483,2010-11-15 13:43:00,2011-11-16 15:34:00,45,United Kingdom,23,3,764.82,254.94000000000003,483,0
12992.0,1,93.35,21,2009-12-14 16:46:00,2009-12-14 16:46:00,6,United Kingdom,725,1,93.35,93.35,21,1
12993.0,8,1259.63,751,2010-02-18 10:35:00,2011-11-16 15:49:00,57,United Kingdom,23,8,1259.63,157.45375,751,0
12994.0,3,974.42,459,2011-03-16 08:31:00,2011-12-05 15:43:00,52,United Kingdom,4,3,974.42,324.8066666666667,459,0
12995.0,1,211.32,108,2011-09-15 15:44:00,2011-09-15 15:44:00,3,United Kingdom,85,1,211.32,211.32,108,0
12996.0,1,355.5,122,2010-11-29 09:27:00,2010-11-29 09:27:00,22,United Kingdom,375,1,355.5,355.5,122,1
12997.0,8,2110.91,1186,2010-04-06 11:06:00,2011-11-17 15:47:00,65,United Kingdom,22,8,2110.91,263.86375,1186,0
12998.0,3,920.08,1124,2010-02-24 11:55:00,2010-08-04 08:05:00,58,United Kingdom,492,3,920.08,306.6933333333333,1124,1
12999.0,3,455.88,342,2011-04-08 10:26:00,2011-05-27 13:24:00,25,United Kingdom,196,3,455.88,151.96,342,1
13000.0,4,1032.5,548,2009-12-14 17:03:00,2011-08-25 10:43:00,57,United Kingdom,106,4,1032.5,258.125,548,0
13001.0,33,24172.1,13539,2009-12-03 16:21:00,2011-12-05 14:51:00,300,United Kingdom,4,33,24172.1,732.4878787878788,13539,0
13002.0,3,414.13,201,2010-10-01 11:58:00,2011-01-25 15:18:00,19,United Kingdom,318,3,414.13,138.04333333333332,201,1
13003.0,3,149.05,103,2011-05-09 08:23:00,2011-08-26 10:50:00,4,United Kingdom,105,3,149.05,49.68333333333334,103,0
13004.0,36,11650.85,8768,2009-12-15 09:44:00,2011-11-28 11:27:00,417,United Kingdom,11,36,11650.85,323.63472222222225,8768,0
13005.0,4,999.68,462,2010-09-08 12:52:00,2011-06-19 10:53:00,41,United Kingdom,173,4,999.68,249.92,462,0
13006.0,1,81.57,55,2011-10-14 13:49:00,2011-10-14 13:49:00,4,United Kingdom,56,1,81.57,81.57,55,0
13007.0,1,175.25,59,2010-05-09 10:38:00,2010-05-09 10:38:00,11,United Kingdom,579,1,175.25,175.25,59,1
13008.0,3,612.13,379,2009-12-16 16:07:00,2011-01-20 14:24:00,31,United Kingdom,323,3,612.13,204.0433333333333,379,1
13009.0,1,234.0,120,2010-02-05 12:22:00,2010-02-05 12:22:00,4,United Kingdom,672,1,234.0,234.0,120,1
13010.0,2,330.12,323,2010-03-01 11:28:00,2010-11-30 15:09:00,10,United Kingdom,374,2,330.12,165.06,323,1
13011.0,1,101.1,26,2010-12-02 17:22:00,2010-12-02 17:22:00,3,United Kingdom,372,1,101.1,101.1,26,1
13012.0,11,2972.83,1563,2010-04-26 14:14:00,2011-11-30 13:05:00,95,United Kingdom,9,11,2972.83,270.2572727272727,1563,0
13013.0,29,12625.77,6463,2009-12-14 10:34:00,2011-12-08 15:01:00,289,United Kingdom,1,29,12625.77,435.3713793103448,6463,0
13014.0,11,5381.08,1979,2010-10-03 11:35:00,2011-11-29 12:27:00,140,United Kingdom,10,11,5381.08,489.1890909090909,1979,0
13015.0,11,6586.42,3535,2010-04-15 16:35:00,2011-10-17 13:19:00,260,United Kingdom,53,11,6586.42,598.7654545454545,3535,0
13016.0,3,789.89,527,2011-08-08 15:00:00,2011-09-27 14:08:00,39,United Kingdom,73,3,789.89,263.2966666666667,527,0
13017.0,1,204.0,48,2011-12-02 15:53:00,2011-12-02 15:53:00,1,United Kingdom,7,1,204.0,204.0,48,0
13018.0,35,9763.16,6746,2010-03-01 12:34:00,2011-11-23 13:28:00,401,United Kingdom,16,35,9763.16,278.9474285714286,6746,0
13019.0,6,1229.95,397,2009-12-06 15:40:00,2010-11-25 14:56:00,46,United Kingdom,379,6,1229.95,204.99166666666667,397,1
13020.0,2,618.96,278,2010-02-18 10:35:00,2010-05-26 11:12:00,38,United Kingdom,562,2,618.96,309.48,278,1
13021.0,17,4887.24,2546,2009-12-05 12:02:00,2011-12-05 16:37:00,166,United Kingdom,4,17,4887.24,287.48470588235296,2546,0
13022.0,1,65.3,35,2010-10-06 10:50:00,2010-10-06 10:50:00,5,Belgium,429,1,65.3,65.3,35,1
13023.0,3,1449.03,585,2010-06-29 09:51:00,2011-10-06 16:27:00,69,United Kingdom,64,3,1449.03,483.01,585,0
13024.0,2,555.87,181,2010-05-06 14:25:00,2010-08-26 09:42:00,26,United Kingdom,470,2,555.87,277.935,181,1
13025.0,1,323.39,241,2009-12-08 10:02:00,2009-12-08 10:02:00,13,United Kingdom,731,1,323.39,323.39,241,1
13026.0,9,1733.08,2466,2009-12-13 11:34:00,2011-12-08 16:58:00,52,United Kingdom,1,9,1733.08,192.56444444444443,2466,0
13027.0,19,17335.2,43080,2010-01-20 10:41:00,2011-08-18 09:39:00,7,United Kingdom,113,19,17335.2,912.3789473684212,43080,0
13028.0,2,661.3199999999999,798,2011-10-25 14:09:00,2011-11-17 11:10:00,40,United Kingdom,22,2,661.3199999999999,330.66,798,0
13029.0,5,1927.3,194,2010-07-04 13:46:00,2011-11-09 09:13:00,13,United Kingdom,30,5,1927.3,385.46,194,0
13030.0,2,1227.22,598,2010-12-06 14:31:00,2011-11-28 14:30:00,76,United Kingdom,11,2,1227.22,613.61,598,0
13031.0,5,3419.27,2399,2010-06-03 14:57:00,2010-10-28 15:34:00,275,United Kingdom,407,5,3419.27,683.854,2399,1
13032.0,9,2843.55,1281,2010-09-05 14:01:00,2011-10-18 15:54:00,147,United Kingdom,52,9,2843.55,315.95000000000005,1281,0
13033.0,2,220.55,98,2010-10-06 09:37:00,2010-12-17 14:23:00,12,United Kingdom,357,2,220.55,110.275,98,1
13034.0,3,922.68,522,2010-11-03 15:22:00,2011-10-16 12:21:00,42,United Kingdom,54,3,922.68,307.56,522,0
13035.0,3,1364.2,926,2010-10-04 15:41:00,2011-09-27 08:57:00,27,United Kingdom,73,3,1364.2,454.73333333333335,926,0
13036.0,1,307.1,38,2010-01-24 11:35:00,2010-01-24 11:35:00,6,United Kingdom,684,1,307.1,307.1,38,1
13037.0,12,3914.95,2130,2009-12-03 17:04:00,2011-07-24 15:46:00,181,United Kingdom,138,12,3914.95,326.24583333333334,2130,0
13038.0,3,908.46,360,2011-02-22 11:43:00,2011-09-20 14:37:00,24,United Kingdom,80,3,908.46,302.82,360,0
13039.0,4,1010.73,290,2009-12-17 16:43:00,2010-05-04 16:45:00,37,United Kingdom,584,4,1010.73,252.6825,290,1
13040.0,2,676.99,355,2011-11-06 13:53:00,2011-12-01 10:38:00,38,United Kingdom,8,2,676.99,338.495,355,0
13041.0,4,799.13,335,2010-04-29 08:43:00,2010-09-15 11:44:00,23,United Kingdom,450,4,799.13,199.7825,335,1
13042.0,3,1556.54,830,2009-12-07 15:42:00,2010-04-20 13:43:00,164,United Kingdom,598,3,1556.54,518.8466666666667,830,1
13043.0,1,516.42,254,2011-03-11 14:52:00,2011-03-11 14:52:00,13,United Kingdom,273,1,516.42,516.42,254,1
13044.0,11,4853.9,2553,2010-01-08 14:46:00,2011-02-21 15:20:00,356,United Kingdom,291,11,4853.9,441.2636363636364,2553,1
13045.0,3,808.92,405,2010-08-10 13:02:00,2011-09-01 15:04:00,41,United Kingdom,99,3,808.92,269.64,405,0
13046.0,3,949.25,505,2010-09-09 13:09:00,2011-11-09 08:36:00,50,United Kingdom,30,3,949.25,316.4166666666667,505,0
13047.0,24,8795.16,3429,2009-12-16 11:43:00,2011-11-08 12:06:00,190,United Kingdom,31,24,8795.16,366.465,3429,0
13048.0,9,4084.21,2705,2010-01-27 12:55:00,2011-11-25 13:23:00,125,United Kingdom,14,9,4084.21,453.8011111111112,2705,0
13049.0,4,1408.24,620,2010-11-03 15:39:00,2011-10-06 15:31:00,19,United Kingdom,64,4,1408.24,352.06,620,0
13050.0,35,12344.53,7206,2009-12-15 15:06:00,2011-11-25 09:18:00,513,United Kingdom,14,35,12344.53,352.7008571428572,7206,0
13051.0,2,155.8,72,2010-03-30 11:11:00,2010-05-10 09:14:00,4,United Kingdom,578,2,155.8,77.9,72,1
13052.0,7,3168.53,1454,2010-02-23 12:31:00,2011-05-11 14:12:00,161,United Kingdom,212,7,3168.53,452.6471428571429,1454,1
13053.0,1,127.65,47,2010-03-28 11:28:00,2010-03-28 11:28:00,17,United Kingdom,621,1,127.65,127.65,47,1
13055.0,4,2321.11,1821,2010-10-06 08:17:00,2011-09-22 14:26:00,145,United Kingdom,78,4,2321.11,580.2775,1821,0
13056.0,1,209.48,158,2010-06-06 14:10:00,2010-06-06 14:10:00,18,United Kingdom,551,1,209.48,209.48,158,1
13057.0,3,722.09,466,2010-03-18 12:14:00,2010-06-27 15:44:00,34,United Kingdom,530,3,722.09,240.6966666666667,466,1
13058.0,3,271.40000000000003,52,2011-07-11 12:01:00,2011-11-15 12:43:00,5,United Kingdom,24,3,271.40000000000003,90.46666666666668,52,0
13059.0,10,2303.17,864,2010-03-31 12:23:00,2011-04-04 10:40:00,155,United Kingdom,249,10,2303.17,230.317,864,1
13060.0,1,307.53,123,2011-03-31 11:37:00,2011-03-31 11:37:00,15,United Kingdom,253,1,307.53,307.53,123,1
13061.0,1,248.61,107,2011-09-28 16:04:00,2011-09-28 16:04:00,10,United Kingdom,72,1,248.61,248.61,107,0
13062.0,1,346.98,343,2011-06-01 15:12:00,2011-06-01 15:12:00,11,United Kingdom,191,1,346.98,346.98,343,1
13063.0,1,188.4,116,2010-08-16 12:27:00,2010-08-16 12:27:00,12,United Kingdom,480,1,188.4,188.4,116,1
13064.0,6,1680.74,670,2010-04-27 10:08:00,2011-11-27 12:31:00,58,United Kingdom,12,6,1680.74,280.12333333333333,670,0
13065.0,5,1260.91,455,2010-06-10 11:44:00,2010-12-01 16:52:00,49,United Kingdom,373,5,1260.91,252.182,455,1
13066.0,2,470.8,322,2011-11-07 17:06:00,2011-11-15 12:57:00,48,United Kingdom,24,2,470.8,235.4,322,0
13067.0,3,508.51,131,2010-09-19 13:43:00,2011-09-18 13:38:00,24,United Kingdom,82,3,508.51,169.50333333333333,131,0
13068.0,2,344.0,200,2011-01-24 08:20:00,2011-11-29 15:00:00,1,United Kingdom,10,2,344.0,172.0,200,0
13069.0,38,9683.13,15404,2010-06-14 14:27:00,2011-12-09 08:39:00,573,United Kingdom,0,38,9683.13,254.81921052631577,15404,0
13070.0,4,751.7,372,2009-12-07 14:44:00,2011-05-31 13:45:00,12,United Kingdom,192,4,751.7,187.925,372,1
13071.0,1,129.22,30,2010-04-06 13:37:00,2010-04-06 13:37:00,12,United Kingdom,612,1,129.22,129.22,30,1
13072.0,1,177.15,69,2011-03-18 08:12:00,2011-03-18 08:12:00,7,United Kingdom,266,1,177.15,177.15,69,1
13073.0,2,418.08,261,2010-09-28 09:27:00,2010-10-24 14:06:00,25,United Kingdom,411,2,418.08,209.04,261,1
13074.0,4,1378.74,826,2009-12-16 11:46:00,2010-07-16 16:53:00,26,United Kingdom,511,4,1378.74,344.685,826,1
13075.0,1,919.61,485,2011-08-02 10:19:00,2011-08-02 10:19:00,22,United Kingdom,129,1,919.61,919.61,485,0
13076.0,1,135.4,44,2010-09-08 10:27:00,2010-09-08 10:27:00,9,United Kingdom,457,1,135.4,135.4,44,1
13077.0,11,3064.67,2785,2009-12-11 11:17:00,2011-12-08 19:24:00,208,United Kingdom,1,11,3064.67,278.60636363636365,2785,0
13078.0,57,29532.45,12183,2009-12-01 09:06:00,2011-12-06 15:36:00,153,United Kingdom,3,57,29532.45,518.1131578947369,12183,0
13079.0,6,419.18,158,2010-10-18 14:15:00,2011-12-05 16:53:00,11,United Kingdom,4,6,419.18,69.86333333333333,158,0
13080.0,4,280.73,193,2010-04-09 13:07:00,2011-06-13 14:59:00,17,United Kingdom,179,4,280.73,70.1825,193,0
13081.0,28,59205.15,41423,2009-12-08 13:58:00,2011-11-28 10:54:00,738,United Kingdom,11,28,59205.15,2114.469642857143,41423,0
13082.0,21,7335.75,8466,2009-12-22 15:37:00,2011-08-05 16:16:00,99,United Kingdom,126,21,7335.75,349.32142857142856,8466,0
13083.0,3,395.43,307,2010-10-10 13:38:00,2011-12-05 15:01:00,19,United Kingdom,4,3,395.43,131.81,307,0
13084.0,1,122.4,144,2010-08-05 08:49:00,2010-08-05 08:49:00,2,United Kingdom,491,1,122.4,122.4,144,1
13085.0,8,2433.28,944,2009-12-01 07:45:00,2011-07-05 12:11:00,50,United Kingdom,157,8,2433.28,304.16,944,0
13086.0,1,439.33,155,2010-11-22 10:28:00,2010-11-22 10:28:00,47,United Kingdom,382,1,439.33,439.33,155,1
13087.0,1,313.64,86,2009-12-13 15:16:00,2009-12-13 15:16:00,15,United Kingdom,726,1,313.64,313.64,86,1
13088.0,1,236.11,76,2010-10-18 15:35:00,2010-10-18 15:35:00,19,United Kingdom,417,1,236.11,236.11,76,1
13089.0,203,116737.86,60229,2009-12-02 15:44:00,2011-12-07 09:02:00,857,United Kingdom,2,203,116737.86,575.0633497536946,60229,0
13090.0,24,14103.09,3445,2010-08-02 13:58:00,2011-12-01 12:39:00,163,United Kingdom,8,24,14103.09,587.62875,3445,0
13091.0,3,2321.82,1339,2009-12-10 11:50:00,2011-11-11 15:54:00,41,United Kingdom,28,3,2321.82,773.94,1339,0
13092.0,12,2140.28,664,2010-02-10 08:44:00,2011-09-30 11:18:00,52,United Kingdom,70,12,2140.28,178.35666666666668,664,0
13093.0,55,54943.65,26227,2009-12-04 10:32:00,2011-03-09 12:14:00,199,United Kingdom,275,55,54943.65,998.9754545454546,26227,1
13094.0,13,2433.1200000000003,2088,2010-11-15 14:15:00,2011-11-18 14:07:00,5,United Kingdom,21,13,2433.1200000000003,187.16307692307691,2088,0
13095.0,1,74.39999999999999,144,2011-09-30 12:03:00,2011-09-30 12:03:00,6,United Kingdom,70,1,74.39999999999999,74.39999999999999,144,0
13096.0,1,419.7000000000001,6,2010-11-10 14:08:00,2010-11-10 14:08:00,1,United Kingdom,394,1,419.7000000000001,419.7000000000001,6,1
13097.0,28,13389.22,5396,2009-12-01 13:31:00,2011-11-07 10:43:00,390,United Kingdom,32,28,13389.22,478.18642857142856,5396,0
13098.0,28,28882.44,15968,2011-01-26 13:46:00,2011-12-08 14:14:00,156,United Kingdom,1,28,28882.44,1031.5157142857142,15968,0
13099.0,1,207.36,288,2011-09-01 17:40:00,2011-09-01 17:40:00,1,United Kingdom,99,1,207.36,207.36,288,0
13101.0,4,695.4,478,2010-01-27 15:49:00,2011-04-19 14:37:00,48,United Kingdom,234,4,695.4,173.85,478,1
13102.0,37,11696.92,6576,2010-05-06 13:12:00,2011-12-08 12:52:00,212,United Kingdom,1,37,11696.92,316.132972972973,6576,0
13103.0,3,709.64,426,2010-05-11 14:41:00,2011-10-31 09:38:00,27,United Kingdom,39,3,709.64,236.54666666666665,426,0
13104.0,9,1709.1,834,2010-02-24 15:06:00,2011-12-06 13:10:00,15,United Kingdom,3,9,1709.1,189.9,834,0
13105.0,1,72.0,100,2010-09-29 13:41:00,2010-09-29 13:41:00,1,United Kingdom,436,1,72.0,72.0,100,1
13106.0,2,603.46,231,2010-10-22 13:10:00,2011-07-29 15:12:00,15,United Kingdom,133,2,603.46,301.73,231,0
13107.0,9,5253.07,4316,2010-02-04 10:50:00,2011-10-26 14:52:00,142,United Kingdom,44,9,5253.07,583.6744444444444,4316,0
13108.0,2,1098.52,1043,2010-09-30 17:09:00,2010-12-02 10:35:00,27,United Kingdom,372,2,1098.52,549.26,1043,1
13109.0,3,1134.03,757,2010-06-06 12:59:00,2011-10-11 10:16:00,57,United Kingdom,59,3,1134.03,378.01,757,0
13110.0,12,2957.4700000000003,763,2009-12-01 14:14:00,2011-11-08 14:30:00,167,United Kingdom,31,12,2957.4700000000003,246.45583333333332,763,0
13111.0,1,321.88000000000005,180,2009-12-21 09:00:00,2009-12-21 09:00:00,12,United Kingdom,718,1,321.88000000000005,321.88000000000005,180,1
13112.0,1,20.6,11,2010-06-16 17:03:00,2010-06-16 17:03:00,2,United Kingdom,541,1,20.6,20.6,11,1
13113.0,37,18625.73,4545,2010-03-28 16:13:00,2011-12-09 12:49:00,166,United Kingdom,0,37,18625.73,503.3981081081081,4545,0
13114.0,1,234.38,74,2009-12-09 09:56:00,2009-12-09 09:56:00,16,United Kingdom,730,1,234.38,234.38,74,1
13115.0,10,5494.7,3934,2010-04-19 13:29:00,2011-11-28 12:38:00,178,United Kingdom,11,10,5494.7,549.47,3934,0
13116.0,1,501.14,291,2011-07-24 14:33:00,2011-07-24 14:33:00,30,United Kingdom,138,1,501.14,501.14,291,0
13117.0,18,2643.81,2067,2010-03-26 13:50:00,2011-11-18 12:02:00,122,United Kingdom,21,18,2643.81,146.87833333333333,2067,0
13118.0,9,2415.41,834,2010-09-26 15:46:00,2011-11-20 12:46:00,111,United Kingdom,19,9,2415.41,268.37888888888887,834,0
13119.0,1,134.9,110,2010-02-09 08:38:00,2010-02-09 08:38:00,11,United Kingdom,668,1,134.9,134.9,110,1
13120.0,1,30.6,12,2011-04-15 10:19:00,2011-04-15 10:19:00,1,United Kingdom,238,1,30.6,30.6,12,1
13121.0,1,283.73,252,2011-03-15 16:47:00,2011-03-15 16:47:00,50,United Kingdom,269,1,283.73,283.73,252,1
13122.0,2,922.39,585,2011-04-13 14:12:00,2011-09-06 15:53:00,54,United Kingdom,94,2,922.39,461.195,585,0
13123.0,2,506.75,268,2010-06-28 12:43:00,2010-08-24 10:18:00,36,United Kingdom,472,2,506.75,253.375,268,1
13124.0,4,4782.45,2783,2010-11-19 15:50:00,2011-09-11 12:45:00,216,United Kingdom,89,4,4782.45,1195.6125,2783,0
13125.0,1,158.57,54,2010-07-04 11:58:00,2010-07-04 11:58:00,20,United Kingdom,523,1,158.57,158.57,54,1
13126.0,13,3998.25,3409,2010-03-02 12:24:00,2011-12-05 10:00:00,183,United Kingdom,4,13,3998.25,307.5576923076923,3409,0
13127.0,1,259.17,127,2011-09-23 10:26:00,2011-09-23 10:26:00,15,United Kingdom,77,1,259.17,259.17,127,0
13128.0,1,263.5,31,2010-03-18 15:08:00,2010-03-18 15:08:00,1,United Kingdom,631,1,263.5,263.5,31,1
13129.0,2,233.25,296,2010-06-28 11:54:00,2010-09-13 13:47:00,10,United Kingdom,452,2,233.25,116.625,296,1
13130.0,1,64.0,32,2011-09-06 15:30:00,2011-09-06 15:30:00,2,United Kingdom,94,1,64.0,64.0,32,0
13131.0,7,3313.77,1523,2010-02-09 09:47:00,2011-11-16 13:21:00,107,United Kingdom,23,7,3313.77,473.3957142857143,1523,0
13132.0,1,77.3,20,2011-03-23 12:44:00,2011-03-23 12:44:00,3,United Kingdom,261,1,77.3,77.3,20,1
13133.0,3,200.45,55,2010-09-06 15:30:00,2011-03-11 10:31:00,12,United Kingdom,273,3,200.45,66.81666666666666,55,1
13134.0,6,2475.23,1364,2010-10-19 13:21:00,2011-09-15 10:35:00,110,United Kingdom,85,6,2475.23,412.53833333333336,1364,0
13135.0,2,3371.45,4423,2010-08-05 17:28:00,2011-05-27 10:52:00,18,United Kingdom,196,2,3371.45,1685.725,4423,1
13136.0,13,6274.56,3109,2009-12-08 18:30:00,2011-10-14 13:41:00,204,United Kingdom,56,13,6274.56,482.6584615384616,3109,0
13137.0,16,7712.7,4294,2010-07-25 15:40:00,2011-11-29 12:09:00,628,United Kingdom,10,16,7712.7,482.04375,4294,0
13138.0,7,1467.24,718,2010-11-08 11:45:00,2011-11-17 16:51:00,41,United Kingdom,22,7,1467.24,209.6057142857143,718,0
13139.0,8,8202.98,4614,2010-09-28 09:12:00,2011-11-23 13:54:00,214,United Kingdom,16,8,8202.98,1025.3725,4614,0
13140.0,5,1215.68,648,2010-08-05 19:05:00,2011-08-23 15:33:00,89,United Kingdom,108,5,1215.68,243.136,648,0
13141.0,17,7668.58,5169,2009-12-09 13:34:00,2011-09-16 09:54:00,285,United Kingdom,84,17,7668.58,451.09294117647056,5169,0
13142.0,1,307.09,258,2011-11-20 16:07:00,2011-11-20 16:07:00,23,United Kingdom,19,1,307.09,307.09,258,0
13143.0,1,405.1,198,2010-05-04 12:22:00,2010-05-04 12:22:00,23,United Kingdom,584,1,405.1,405.1,198,1
13144.0,2,135.35,29,2010-10-04 14:14:00,2011-01-11 11:15:00,6,United Kingdom,332,2,135.35,67.675,29,1
13145.0,7,1423.52,266,2010-04-19 11:11:00,2011-10-31 12:45:00,5,United Kingdom,39,7,1423.52,203.36,266,0
13146.0,1,228.91,154,2011-11-13 15:29:00,2011-11-13 15:29:00,16,United Kingdom,26,1,228.91,228.91,154,0
13147.0,4,712.8000000000001,144,2011-09-01 12:28:00,2011-11-29 13:59:00,1,United Kingdom,10,4,712.8000000000001,178.20000000000002,144,0
13148.0,26,8621.81,4571,2009-12-07 15:26:00,2011-11-10 15:23:00,451,United Kingdom,29,26,8621.81,331.6080769230769,4571,0
13149.0,4,1676.06,1280,2011-02-23 13:57:00,2011-11-25 13:09:00,76,United Kingdom,14,4,1676.06,419.015,1280,0
13150.0,3,449.97,171,2010-03-19 09:03:00,2010-08-12 12:59:00,7,United Kingdom,484,3,449.97,149.99,171,1
13151.0,3,2580.74,832,2010-03-22 10:26:00,2011-02-17 12:29:00,131,United Kingdom,295,3,2580.74,860.2466666666666,832,1
13152.0,7,2146.38,977,2010-01-14 10:01:00,2010-10-18 13:44:00,114,United Kingdom,417,7,2146.38,306.6257142857143,977,1
13153.0,1,486.22,418,2011-12-04 12:14:00,2011-12-04 12:14:00,15,United Kingdom,5,1,486.22,486.22,418,0
13154.0,3,1624.84,976,2009-12-04 08:46:00,2010-11-05 16:00:00,78,United Kingdom,399,3,1624.84,541.6133333333333,976,1
13155.0,6,1750.18,909,2010-08-05 09:30:00,2011-11-06 15:41:00,79,United Kingdom,33,6,1750.18,291.69666666666666,909,0
13156.0,3,1586.54,914,2010-02-01 13:45:00,2010-11-19 13:09:00,94,United Kingdom,385,3,1586.54,528.8466666666667,914,1
13157.0,9,5687.36,4762,2010-03-08 11:59:00,2011-10-21 13:50:00,173,United Kingdom,49,9,5687.36,631.9288888888889,4762,0
13158.0,5,1508.18,992,2010-11-16 17:12:00,2011-09-06 11:58:00,70,United Kingdom,94,5,1508.18,301.636,992,0
13159.0,4,1437.85,1059,2011-08-16 11:44:00,2011-12-01 11:20:00,114,United Kingdom,8,4,1437.85,359.4625,1059,0
13160.0,1,91.8,56,2011-11-17 13:07:00,2011-11-17 13:07:00,4,United Kingdom,22,1,91.8,91.8,56,0
13161.0,2,478.88,106,2010-07-27 12:44:00,2011-01-30 14:03:00,30,United Kingdom,313,2,478.88,239.44,106,1
13162.0,16,9275.49,5755,2009-12-04 13:59:00,2011-08-09 15:59:00,186,United Kingdom,122,16,9275.49,579.718125,5755,0
13163.0,1,17.65,3,2010-04-08 16:21:00,2010-04-08 16:21:00,2,United Kingdom,610,1,17.65,17.65,3,1
13164.0,2,372.2,120,2010-02-10 11:52:00,2010-05-19 13:52:00,7,United Kingdom,569,2,372.2,186.1,120,1
13165.0,3,1451.16,1736,2010-10-22 17:04:00,2011-10-24 15:05:00,47,United Kingdom,46,3,1451.16,483.72,1736,0
13166.0,2,884.18,527,2010-10-21 14:29:00,2011-03-01 15:16:00,55,United Kingdom,283,2,884.18,442.09,527,1
13167.0,5,1125.15,1007,2010-11-14 12:58:00,2011-11-21 12:24:00,64,United Kingdom,18,5,1125.15,225.03000000000003,1007,0
13168.0,5,1875.31,912,2010-06-15 15:00:00,2011-11-03 12:56:00,127,United Kingdom,36,5,1875.31,375.062,912,0
13169.0,3,840.08,296,2010-05-26 15:58:00,2011-10-07 12:11:00,16,United Kingdom,63,3,840.08,280.0266666666667,296,0
13170.0,1,116.01,147,2011-11-13 12:19:00,2011-11-13 12:19:00,29,United Kingdom,26,1,116.01,116.01,147,0
13171.0,3,468.41,229,2011-02-13 14:16:00,2011-11-18 10:27:00,37,United Kingdom,21,3,468.41,156.13666666666668,229,0
13172.0,1,69.6,48,2010-11-04 15:10:00,2010-11-04 15:10:00,1,United Kingdom,400,1,69.6,69.6,48,1
13173.0,11,2639.35,1620,2009-12-10 12:52:00,2011-12-05 15:51:00,160,United Kingdom,4,11,2639.35,239.9409090909091,1620,0
13174.0,12,9494.84,4541,2009-12-04 15:40:00,2011-11-23 14:35:00,602,United Kingdom,16,12,9494.84,791.2366666666667,4541,0
13175.0,2,831.45,423,2009-12-04 12:11:00,2010-05-06 13:13:00,40,United Kingdom,582,2,831.45,415.725,423,1
13176.0,1,492.84,453,2011-10-24 15:43:00,2011-10-24 15:43:00,66,United Kingdom,46,1,492.84,492.84,453,0
13177.0,2,512.2,180,2010-10-05 10:35:00,2011-10-06 09:56:00,23,United Kingdom,64,2,512.2,256.1,180,0
13178.0,21,14059.19,8778,2009-12-16 14:00:00,2011-11-13 16:14:00,194,United Kingdom,26,21,14059.19,669.4852380952382,8778,0
13179.0,1,572.3100000000001,368,2010-03-31 11:40:00,2010-03-31 11:40:00,34,United Kingdom,618,1,572.3100000000001,572.3100000000001,368,1
13180.0,1,86.10000000000001,42,2010-04-11 13:37:00,2010-04-11 13:37:00,4,United Kingdom,607,1,86.10000000000001,86.10000000000001,42,1
13181.0,1,359.69,171,2010-11-23 15:05:00,2010-11-23 15:05:00,19,United Kingdom,381,1,359.69,359.69,171,1
13182.0,1,121.18,201,2011-10-25 13:46:00,2011-10-25 13:46:00,11,United Kingdom,45,1,121.18,121.18,201,0
13183.0,15,7036.18,4027,2010-03-14 12:32:00,2011-12-02 10:30:00,64,United Kingdom,7,15,7036.18,469.07866666666666,4027,0
13184.0,10,1701.29,1692,2011-02-22 17:25:00,2011-11-25 12:02:00,138,United Kingdom,14,10,1701.29,170.129,1692,0
13185.0,1,71.4,12,2011-03-17 11:56:00,2011-03-17 11:56:00,1,United Kingdom,267,1,71.4,71.4,12,1
13186.0,3,1575.89,820,2011-08-03 09:09:00,2011-10-31 11:40:00,69,United Kingdom,39,3,1575.89,525.2966666666667,820,0
13187.0,4,367.01,375,2010-03-25 17:18:00,2011-01-06 18:57:00,51,United Kingdom,337,4,367.01,91.7525,375,1
13188.0,1,114.6,25,2011-11-28 15:28:00,2011-11-28 15:28:00,2,United Kingdom,11,1,114.6,114.6,25,0
13189.0,2,260.68,842,2011-08-16 13:12:00,2011-11-21 10:39:00,29,United Kingdom,18,2,260.68,130.34,842,0
13190.0,3,570.66,308,2009-12-07 12:13:00,2010-06-13 15:47:00,16,United Kingdom,544,3,570.66,190.22,308,1
13191.0,1,164.69,115,2010-02-19 17:02:00,2010-02-19 17:02:00,58,United Kingdom,658,1,164.69,164.69,115,1
13192.0,6,2558.58,1629,2010-01-22 08:37:00,2011-09-05 14:13:00,135,United Kingdom,95,6,2558.58,426.43,1629,0
13193.0,1,117.88,50,2011-10-09 14:30:00,2011-10-09 14:30:00,22,United Kingdom,61,1,117.88,117.88,50,0
13194.0,2,472.78,326,2010-10-14 11:54:00,2011-07-27 09:01:00,10,United Kingdom,135,2,472.78,236.39,326,0
13195.0,1,172.38,83,2010-10-21 13:07:00,2010-10-21 13:07:00,43,United Kingdom,414,1,172.38,172.38,83,1
13196.0,7,3068.84,2006,2010-04-01 12:54:00,2011-11-28 13:54:00,141,United Kingdom,11,7,3068.84,438.4057142857143,2006,0
13197.0,1,373.0100000000001,204,2010-04-09 09:14:00,2010-04-09 09:14:00,19,United Kingdom,609,1,373.0100000000001,373.0100000000001,204,1
13198.0,8,4974.2300000000005,3449,2010-10-01 13:27:00,2011-11-29 15:17:00,265,United Kingdom,10,8,4974.2300000000005,621.7787500000001,3449,0
13199.0,67,16432.89,12019,2009-12-05 10:11:00,2011-12-06 12:30:00,61,United Kingdom,3,67,16432.89,245.26701492537316,12019,0
13200.0,4,870.09,516,2011-08-05 14:50:00,2011-11-20 15:35:00,42,United Kingdom,19,4,870.09,217.5225,516,0
13201.0,4,1240.61,1039,2010-03-07 11:01:00,2010-07-25 14:30:00,65,United Kingdom,502,4,1240.61,310.1525,1039,1
13202.0,7,1580.3,572,2009-12-09 10:48:00,2010-11-10 16:24:00,55,United Kingdom,394,7,1580.3,225.75714285714284,572,1
13203.0,10,2648.25,2413,2009-12-17 14:15:00,2011-11-30 10:45:00,158,United Kingdom,9,10,2648.25,264.825,2413,0
13204.0,1,966.66,428,2009-12-08 14:56:00,2009-12-08 14:56:00,57,United Kingdom,731,1,966.66,966.66,428,1
13205.0,1,2803.2,256,2010-09-22 16:26:00,2010-09-22 16:26:00,1,United Kingdom,443,1,2803.2,2803.2,256,1
13206.0,13,8377.32,7155,2009-12-07 13:48:00,2010-11-04 16:50:00,393,United Kingdom,400,13,8377.32,644.4092307692307,7155,1
13207.0,4,535.86,178,2010-04-06 16:37:00,2011-11-24 14:52:00,10,United Kingdom,15,4,535.86,133.965,178,0
13208.0,9,1988.5,1345,2009-12-03 13:25:00,2011-10-12 09:54:00,198,United Kingdom,58,9,1988.5,220.94444444444449,1345,0
13209.0,13,8509.51,5781,2010-01-24 14:30:00,2011-11-09 13:54:00,284,United Kingdom,30,13,8509.51,654.5776923076924,5781,0
13210.0,1,353.48,316,2011-09-07 08:18:00,2011-09-07 08:18:00,22,United Kingdom,93,1,353.48,353.48,316,0
13211.0,10,2729.32,1890,2009-12-06 15:24:00,2011-11-29 14:43:00,98,United Kingdom,10,10,2729.32,272.932,1890,0
13212.0,3,788.08,310,2011-10-09 14:48:00,2011-11-20 12:40:00,128,United Kingdom,19,3,788.08,262.6933333333333,310,0
13213.0,11,3851.52,2962,2010-05-20 14:50:00,2011-10-14 11:42:00,181,United Kingdom,56,11,3851.52,350.1381818181818,2962,0
13214.0,7,3264.23,2966,2010-03-03 14:10:00,2010-10-18 10:00:00,207,United Kingdom,417,7,3264.23,466.3185714285714,2966,1
13215.0,1,81.6,96,2010-11-02 18:26:00,2010-11-02 18:26:00,1,United Kingdom,402,1,81.6,81.6,96,1
13216.0,1,333.74,297,2011-03-17 12:18:00,2011-03-17 12:18:00,5,United Kingdom,267,1,333.74,333.74,297,1
13217.0,4,666.48,512,2010-02-22 12:49:00,2011-08-09 15:32:00,3,United Kingdom,122,4,666.48,166.62,512,0
13218.0,1,62.63999999999999,88,2011-08-04 16:59:00,2011-08-04 16:59:00,5,United Kingdom,127,1,62.63999999999999,62.63999999999999,88,0
13219.0,1,76.23,11,2010-03-31 14:18:00,2010-03-31 14:18:00,11,United Kingdom,618,1,76.23,76.23,11,1
13220.0,5,1336.09,396,2010-05-13 10:35:00,2011-09-22 13:38:00,46,United Kingdom,78,5,1336.09,267.218,396,0
13221.0,2,847.41,244,2010-12-15 13:24:00,2011-04-13 16:58:00,62,United Kingdom,240,2,847.41,423.705,244,1
13222.0,1,88.5,30,2010-05-11 13:54:00,2010-05-11 13:54:00,1,United Kingdom,577,1,88.5,88.5,30,1
13223.0,6,969.12,568,2010-02-12 13:27:00,2011-05-23 13:03:00,8,United Kingdom,200,6,969.12,161.52,568,1
13224.0,2,2155.95,1518,2011-07-11 14:10:00,2011-10-10 14:55:00,101,United Kingdom,60,2,2155.95,1077.975,1518,0
13225.0,16,16260.07,7401,2009-12-17 09:09:00,2011-12-06 13:29:00,60,United Kingdom,3,16,16260.07,1016.254375,7401,0
13226.0,2,312.46,179,2010-11-11 13:46:00,2011-03-11 14:35:00,28,United Kingdom,273,2,312.46,156.23,179,1
13227.0,1,257.7,99,2011-05-22 11:47:00,2011-05-22 11:47:00,9,United Kingdom,201,1,257.7,257.7,99,1
13228.0,1,358.0,200,2011-09-19 14:28:00,2011-09-19 14:28:00,2,United Kingdom,81,1,358.0,358.0,200,0
13229.0,1,160.95,63,2011-04-28 12:07:00,2011-04-28 12:07:00,10,United Kingdom,225,1,160.95,160.95,63,1
13230.0,30,6360.78,3635,2010-03-18 20:02:00,2011-12-05 16:03:00,653,United Kingdom,4,30,6360.78,212.026,3635,0
13232.0,7,1357.6,778,2011-04-10 13:48:00,2011-11-27 10:39:00,147,United Kingdom,12,7,1357.6,193.94285714285712,778,0
13233.0,4,1176.46,1604,2010-01-14 14:10:00,2011-09-26 13:25:00,74,United Kingdom,74,4,1176.46,294.115,1604,0
13234.0,2,356.95,162,2009-12-07 12:32:00,2010-02-05 11:41:00,56,United Kingdom,672,2,356.95,178.475,162,1
13235.0,1,1031.07,441,2011-05-11 17:13:00,2011-05-11 17:13:00,53,United Kingdom,212,1,1031.07,1031.07,441,1
13236.0,2,744.85,416,2011-08-25 08:58:00,2011-11-15 12:50:00,34,United Kingdom,24,2,744.85,372.425,416,0
13237.0,1,643.0,128,2010-11-17 10:07:00,2010-11-17 10:07:00,24,United Kingdom,387,1,643.0,643.0,128,1
13238.0,6,1006.63,442,2010-04-28 15:02:00,2011-11-22 15:37:00,24,United Kingdom,17,6,1006.63,167.77166666666668,442,0
13239.0,5,1594.69,1151,2010-07-25 13:34:00,2011-03-23 10:25:00,86,United Kingdom,261,5,1594.69,318.938,1151,1
13240.0,8,1738.52,859,2010-02-25 13:17:00,2011-09-04 14:08:00,160,United Kingdom,96,8,1738.52,217.315,859,0
13241.0,1,115.58,48,2010-10-24 11:17:00,2010-10-24 11:17:00,40,United Kingdom,411,1,115.58,115.58,48,1
13242.0,7,699.4,350,2010-02-09 13:12:00,2011-08-19 12:53:00,19,United Kingdom,112,7,699.4,99.91428571428573,350,0
13243.0,5,1278.04,579,2010-03-18 13:10:00,2011-05-20 13:14:00,165,United Kingdom,203,5,1278.04,255.608,579,1
13244.0,1,121.74,38,2011-09-08 11:46:00,2011-09-08 11:46:00,27,United Kingdom,92,1,121.74,121.74,38,0
13245.0,2,989.22,371,2010-10-03 14:03:00,2011-10-20 11:40:00,43,United Kingdom,50,2,989.22,494.61,371,0
13246.0,11,3387.43,2815,2010-07-02 13:36:00,2011-11-21 16:50:00,229,United Kingdom,18,11,3387.43,307.9481818181818,2815,0
13247.0,4,501.12,328,2011-09-18 11:31:00,2011-11-22 10:59:00,18,United Kingdom,17,4,501.12,125.28,328,0
13248.0,2,465.68,305,2011-06-03 13:05:00,2011-08-07 12:40:00,25,United Kingdom,124,2,465.68,232.84,305,0
13249.0,9,1608.93,1246,2010-01-24 12:11:00,2011-09-08 13:26:00,21,United Kingdom,92,9,1608.93,178.77,1246,0
13250.0,2,256.04,108,2010-07-25 14:01:00,2010-09-05 11:33:00,17,United Kingdom,460,2,256.04,128.02,108,1
13251.0,1,252.68,215,2010-11-02 13:20:00,2010-11-02 13:20:00,25,United Kingdom,402,1,252.68,252.68,215,1
13252.0,2,399.3,134,2010-03-24 10:30:00,2010-11-10 16:00:00,19,United Kingdom,394,2,399.3,199.65,134,1
13253.0,4,2951.11,3015,2010-01-05 12:13:00,2011-07-06 10:09:00,73,United Kingdom,156,4,2951.11,737.7775,3015,0
13254.0,1,51.41,43,2010-11-28 15:42:00,2010-11-28 15:42:00,4,United Kingdom,376,1,51.41,51.41,43,1
13255.0,3,904.46,517,2010-07-15 13:20:00,2011-11-30 13:14:00,26,United Kingdom,9,3,904.46,301.4866666666667,517,0
13257.0,1,149.75,33,2010-09-29 14:58:00,2010-09-29 14:58:00,7,United Kingdom,436,1,149.75,149.75,33,1
13258.0,5,1035.18,451,2010-11-04 12:45:00,2011-11-28 09:31:00,29,United Kingdom,11,5,1035.18,207.036,451,0
13259.0,9,1433.38,517,2010-01-10 10:26:00,2011-10-09 10:48:00,234,United Kingdom,61,9,1433.38,159.26444444444445,517,0
13260.0,1,557.62,142,2011-10-09 13:21:00,2011-10-09 13:21:00,8,United Kingdom,61,1,557.62,557.62,142,0
13261.0,2,944.1,210,2011-02-27 10:41:00,2011-03-16 12:22:00,8,United Kingdom,268,2,944.1,472.05,210,1
13262.0,3,573.45,247,2010-04-18 12:14:00,2011-03-21 15:06:00,48,United Kingdom,263,3,573.45,191.15,247,1
13263.0,39,8704.69,5390,2010-10-22 17:07:00,2011-12-08 13:59:00,507,United Kingdom,1,39,8704.69,223.1971794871795,5390,0
13264.0,1,722.5600000000001,375,2010-09-23 12:42:00,2010-09-23 12:42:00,38,United Kingdom,442,1,722.5600000000001,722.5600000000001,375,1
13265.0,5,2107.66,1752,2011-03-11 09:54:00,2011-10-17 15:02:00,66,United Kingdom,53,5,2107.66,421.532,1752,0
13266.0,19,6135.04,6837,2009-12-17 10:52:00,2011-11-28 14:39:00,154,United Kingdom,11,19,6135.04,322.89684210526315,6837,0
13267.0,36,9758.26,4104,2009-12-07 16:56:00,2011-12-07 11:12:00,152,United Kingdom,2,36,9758.26,271.0627777777778,4104,0
13268.0,11,3214.69,3658,2011-03-17 13:20:00,2011-11-22 11:51:00,257,United Kingdom,17,11,3214.69,292.24454545454546,3658,0
13269.0,28,8891.7,6564,2009-12-02 11:47:00,2011-12-08 14:53:00,238,United Kingdom,1,28,8891.7,317.5607142857143,6564,0
13270.0,1,1180.0,400,2010-12-08 14:53:00,2010-12-08 14:53:00,1,United Kingdom,366,1,1180.0,1180.0,400,1
13271.0,1,217.38,253,2011-11-02 14:31:00,2011-11-02 14:31:00,79,United Kingdom,37,1,217.38,217.38,253,0
13272.0,2,276.56,96,2011-09-11 12:06:00,2011-11-08 14:00:00,15,United Kingdom,31,2,276.56,138.28,96,0
13273.0,1,138.98,153,2011-08-18 14:02:00,2011-08-18 14:02:00,16,United Kingdom,113,1,138.98,138.98,153,0
13274.0,1,360.85,199,2010-10-26 13:48:00,2010-10-26 13:48:00,19,United Kingdom,409,1,360.85,360.85,199,1
13275.0,2,241.66,140,2010-03-17 14:05:00,2010-11-21 12:09:00,48,United Kingdom,383,2,241.66,120.83,140,1
13276.0,5,1939.26,855,2010-03-07 14:05:00,2011-10-07 12:44:00,209,United Kingdom,63,5,1939.26,387.852,855,0
13277.0,7,523.3,382,2010-06-18 08:45:00,2011-11-24 09:21:00,10,United Kingdom,15,7,523.3,74.75714285714285,382,0
13278.0,4,1435.85,1358,2010-04-08 11:59:00,2011-10-30 11:49:00,80,United Kingdom,40,4,1435.85,358.9625,1358,0
13279.0,1,137.75,73,2011-09-22 17:24:00,2011-09-22 17:24:00,9,United Kingdom,78,1,137.75,137.75,73,0
13280.0,7,2322.63,1495,2010-03-05 09:07:00,2011-08-09 13:14:00,159,United Kingdom,122,7,2322.63,331.8042857142857,1495,0
13281.0,1,350.85,201,2010-09-26 16:03:00,2010-09-26 16:03:00,22,United Kingdom,439,1,350.85,350.85,201,1
13282.0,4,1313.19,410,2010-10-29 14:11:00,2011-11-21 15:33:00,42,United Kingdom,18,4,1313.19,328.2975,410,0
13283.0,4,373.36,204,2010-03-09 14:36:00,2011-10-11 09:50:00,19,United Kingdom,59,4,373.36,93.34,204,0
13284.0,1,201.19,91,2011-01-13 09:23:00,2011-01-13 09:23:00,13,United Kingdom,330,1,201.19,201.19,91,1
13285.0,6,3364.59,2457,2010-03-25 14:26:00,2011-11-16 13:19:00,182,United Kingdom,23,6,3364.59,560.765,2457,0
13286.0,1,734.91,274,2010-04-18 15:35:00,2010-04-18 15:35:00,46,United Kingdom,600,1,734.91,734.91,274,1
13287.0,3,781.59,429,2010-01-04 10:43:00,2010-04-15 15:26:00,46,United Kingdom,603,3,781.59,260.53000000000003,429,1
13288.0,5,927.61,379,2010-02-11 14:59:00,2010-09-22 16:32:00,7,United Kingdom,443,5,927.61,185.522,379,1
13289.0,1,307.95,119,2009-12-16 11:53:00,2009-12-16 11:53:00,16,United Kingdom,723,1,307.95,307.95,119,1
13290.0,1,208.63,1,2010-09-27 16:29:00,2010-09-27 16:29:00,1,United Kingdom,438,1,208.63,208.63,1,1
13291.0,11,3320.84,1619,2010-02-11 18:36:00,2011-07-07 10:36:00,155,United Kingdom,155,11,3320.84,301.8945454545455,1619,0
13292.0,5,994.51,530,2010-07-01 14:36:00,2011-11-01 10:04:00,55,United Kingdom,38,5,994.51,198.902,530,0
13293.0,6,1192.94,555,2010-02-09 12:05:00,2010-11-12 13:28:00,51,United Kingdom,392,6,1192.94,198.82333333333332,555,1
13294.0,3,1689.53,996,2010-03-03 12:54:00,2011-06-03 08:54:00,93,United Kingdom,189,3,1689.53,563.1766666666666,996,1
13295.0,4,1101.97,733,2010-05-12 09:13:00,2010-12-15 11:21:00,56,United Kingdom,359,4,1101.97,275.4925,733,1
13296.0,6,792.51,653,2010-05-11 14:29:00,2011-07-25 13:46:00,50,United Kingdom,137,6,792.51,132.085,653,0
13297.0,7,4368.62,2694,2010-06-15 12:35:00,2011-12-02 09:32:00,108,United Kingdom,7,7,4368.62,624.0885714285714,2694,0
13298.0,1,360.0,96,2011-12-08 13:11:00,2011-12-08 13:11:00,2,United Kingdom,1,1,360.0,360.0,96,0
13299.0,3,1218.7,416,2010-06-29 11:30:00,2011-03-16 12:55:00,56,United Kingdom,268,3,1218.7,406.23333333333335,416,1
13300.0,3,1285.51,455,2010-05-14 15:56:00,2011-06-23 13:09:00,44,United Kingdom,169,3,1285.51,428.5033333333333,455,0
13301.0,4,618.09,345,2011-02-20 13:13:00,2011-08-28 11:25:00,75,United Kingdom,103,4,618.09,154.5225,345,0
13302.0,2,159.2,12,2010-07-01 12:32:00,2011-07-07 17:56:00,3,United Kingdom,155,2,159.2,79.6,12,0
13303.0,1,61.72,26,2010-11-04 14:55:00,2010-11-04 14:55:00,4,United Kingdom,400,1,61.72,61.72,26,1
13304.0,4,1217.99,716,2010-02-08 12:42:00,2010-12-23 14:35:00,59,United Kingdom,351,4,1217.99,304.4975,716,1
13305.0,16,3754.71,2361,2010-03-10 14:49:00,2011-12-05 15:15:00,153,United Kingdom,4,16,3754.71,234.669375,2361,0
13306.0,1,53.65,74,2010-10-05 14:55:00,2010-10-05 14:55:00,4,United Kingdom,430,1,53.65,53.65,74,1
13307.0,3,273.34,140,2010-04-26 13:28:00,2011-08-11 17:14:00,15,United Kingdom,120,3,273.34,91.11333333333332,140,0
13308.0,4,1670.37,1073,2010-04-22 09:22:00,2011-11-17 09:31:00,65,United Kingdom,22,4,1670.37,417.5925,1073,0
13309.0,6,1706.37,1914,2010-11-12 12:10:00,2011-12-02 16:34:00,95,United Kingdom,7,6,1706.37,284.395,1914,0
13310.0,5,1541.2,816,2010-11-02 17:03:00,2011-11-11 17:23:00,80,United Kingdom,28,5,1541.2,308.24,816,0
13311.0,2,598.57,305,2011-07-12 14:26:00,2011-12-05 12:55:00,25,United Kingdom,4,2,598.57,299.285,305,0
13312.0,1,124.75,41,2010-09-14 14:36:00,2010-09-14 14:36:00,5,United Kingdom,451,1,124.75,124.75,41,1
13313.0,12,3445.32,2308,2009-12-02 16:18:00,2011-11-17 16:48:00,105,United Kingdom,22,12,3445.32,287.11,2308,0
13314.0,3,775.94,560,2011-09-27 10:20:00,2011-12-08 12:29:00,55,United Kingdom,1,3,775.94,258.6466666666667,560,0
13315.0,1,310.26,232,2010-01-19 15:34:00,2010-01-19 15:34:00,22,United Kingdom,689,1,310.26,310.26,232,1
13316.0,10,13191.57,21372,2010-03-10 10:01:00,2011-11-02 13:40:00,115,United Kingdom,37,10,13191.57,1319.157,21372,0
13317.0,19,6486.091,3149,2009-12-13 11:11:00,2011-10-04 13:35:00,222,United Kingdom,66,19,6486.091,341.3732105263158,3149,0
13318.0,3,640.76,304,2011-11-02 13:26:00,2011-12-08 18:51:00,14,United Kingdom,1,3,640.76,213.58666666666667,304,0
13319.0,58,22082.5,9270,2009-12-06 14:46:00,2011-12-04 13:34:00,345,United Kingdom,5,58,22082.5,380.7327586206897,9270,0
13320.0,6,2228.1,1519,2010-08-18 10:29:00,2011-09-22 18:07:00,98,United Kingdom,78,6,2228.1,371.35,1519,0
13321.0,2,567.36,372,2011-09-14 15:18:00,2011-09-28 15:24:00,10,United Kingdom,72,2,567.36,283.68,372,0
13322.0,1,199.48,117,2011-11-22 14:21:00,2011-11-22 14:21:00,25,United Kingdom,17,1,199.48,199.48,117,0
13323.0,5,787.85,175,2011-09-16 13:23:00,2011-12-06 17:12:00,6,United Kingdom,3,5,787.85,157.57,175,0
13324.0,18,10513.47,8448,2010-05-25 10:23:00,2011-11-03 16:28:00,36,United Kingdom,36,18,10513.47,584.0816666666666,8448,0
13325.0,1,675.3,240,2011-09-19 10:36:00,2011-09-19 10:36:00,12,United Kingdom,81,1,675.3,675.3,240,0
13326.0,1,281.76,140,2010-10-03 16:00:00,2010-10-03 16:00:00,13,United Kingdom,432,1,281.76,281.76,140,1
13327.0,20,9879.48,4479,2009-12-18 15:35:00,2011-11-01 10:21:00,175,United Kingdom,38,20,9879.48,493.974,4479,0
13328.0,1,1308.48,680,2011-01-27 15:22:00,2011-01-27 15:22:00,17,United Kingdom,316,1,1308.48,1308.48,680,1
13329.0,8,5112.97,3486,2009-12-04 15:41:00,2011-11-08 10:29:00,68,United Kingdom,31,8,5112.97,639.12125,3486,0
13330.0,6,2806.18,1975,2010-02-23 10:12:00,2011-09-08 12:27:00,80,United Kingdom,92,6,2806.18,467.69666666666666,1975,0
13331.0,1,262.4,54,2010-11-03 08:04:00,2010-11-03 08:04:00,12,United Kingdom,401,1,262.4,262.4,54,1
13332.0,1,350.9,179,2011-11-25 13:30:00,2011-11-25 13:30:00,21,United Kingdom,14,1,350.9,350.9,179,0
13333.0,3,1015.74,685,2010-02-19 09:26:00,2010-10-24 13:24:00,54,United Kingdom,411,3,1015.74,338.58,685,1
13334.0,5,6263.75,3227,2010-02-25 12:21:00,2011-09-18 15:21:00,307,United Kingdom,82,5,6263.75,1252.75,3227,0
13336.0,1,795.12,559,2011-09-23 14:05:00,2011-09-23 14:05:00,51,United Kingdom,77,1,795.12,795.12,559,0
13337.0,1,1575.26,980,2010-06-11 13:27:00,2010-06-11 13:27:00,87,United Kingdom,546,1,1575.26,1575.26,980,1
13338.0,4,2445.62,1151,2010-01-05 12:25:00,2011-07-05 09:06:00,113,United Kingdom,157,4,2445.62,611.405,1151,0
13339.0,1,860.12,326,2011-05-23 08:31:00,2011-05-23 08:31:00,54,United Kingdom,200,1,860.12,860.12,326,1
13340.0,12,22100.56,9636,2010-02-22 14:54:00,2011-10-25 13:15:00,190,United Kingdom,45,12,22100.56,1841.7133333333331,9636,0
13341.0,1,775.85,301,2011-03-24 09:50:00,2011-03-24 09:50:00,42,United Kingdom,260,1,775.85,775.85,301,1
13343.0,1,353.43,135,2011-06-15 12:24:00,2011-06-15 12:24:00,19,United Kingdom,177,1,353.43,353.43,135,0
13344.0,3,2543.72,971,2011-03-07 10:28:00,2011-10-03 09:45:00,115,United Kingdom,67,3,2543.72,847.9066666666666,971,0
13345.0,1,389.5,141,2011-02-25 09:01:00,2011-02-25 09:01:00,20,United Kingdom,287,1,389.5,389.5,141,1
13346.0,6,299.4,180,2010-04-22 12:34:00,2010-09-03 11:41:00,4,United Kingdom,462,6,299.4,49.9,180,1
13347.0,1,341.36,205,2011-09-30 13:28:00,2011-09-30 13:28:00,8,United Kingdom,70,1,341.36,341.36,205,0
13348.0,1,233.76,136,2011-10-06 17:28:00,2011-10-06 17:28:00,14,United Kingdom,64,1,233.76,233.76,136,0
13349.0,1,247.32,225,2011-11-29 08:07:00,2011-11-29 08:07:00,16,United Kingdom,10,1,247.32,247.32,225,0
13350.0,2,979.12,287,2011-09-21 13:33:00,2011-11-23 16:33:00,36,United Kingdom,16,2,979.12,489.56,287,0
13351.0,1,373.94,117,2011-10-04 12:55:00,2011-10-04 12:55:00,16,United Kingdom,66,1,373.94,373.94,117,0
13352.0,1,397.98,321,2011-10-10 13:55:00,2011-10-10 13:55:00,24,United Kingdom,60,1,397.98,397.98,321,0
13354.0,1,743.53,604,2011-09-29 13:17:00,2011-09-29 13:17:00,51,United Kingdom,71,1,743.53,743.53,604,0
13355.0,1,674.7,314,2011-08-09 14:48:00,2011-08-09 14:48:00,32,United Kingdom,122,1,674.7,674.7,314,0
13356.0,1,768.24,325,2011-09-20 14:33:00,2011-09-20 14:33:00,42,United Kingdom,80,1,768.24,768.24,325,0
13357.0,5,3838.36,2142,2010-03-22 14:30:00,2011-03-27 13:56:00,284,United Kingdom,257,5,3838.36,767.672,2142,1
13358.0,1,439.03,285,2011-03-16 11:52:00,2011-03-16 11:52:00,29,United Kingdom,268,1,439.03,439.03,285,1
13359.0,2,1043.31,381,2010-11-01 15:05:00,2011-10-07 09:30:00,52,United Kingdom,63,2,1043.31,521.655,381,0
13360.0,4,1553.65,942,2010-01-08 11:16:00,2010-10-04 12:37:00,58,United Kingdom,431,4,1553.65,388.4125,942,1
13361.0,2,1450.5,324,2010-04-01 07:49:00,2010-08-24 14:56:00,29,United Kingdom,472,2,1450.5,725.25,324,1
13362.0,7,5394.07,2481,2010-10-10 15:27:00,2011-11-30 14:41:00,186,United Kingdom,9,7,5394.07,770.5814285714285,2481,0
13363.0,3,1723.86,1146,2010-10-26 11:07:00,2011-11-22 12:40:00,78,United Kingdom,17,3,1723.86,574.62,1146,0
13364.0,1,134.95999999999998,71,2011-09-29 18:13:00,2011-09-29 18:13:00,10,United Kingdom,71,1,134.95999999999998,134.95999999999998,71,0
13365.0,2,2225.37,1247,2011-05-06 12:00:00,2011-11-06 12:36:00,122,United Kingdom,33,2,2225.37,1112.685,1247,0
13366.0,1,56.16,144,2011-10-20 13:37:00,2011-10-20 13:37:00,1,United Kingdom,50,1,56.16,56.16,144,0
13367.0,1,510.2000000000001,253,2010-10-04 10:00:00,2010-10-04 10:00:00,20,United Kingdom,431,1,510.2000000000001,510.2000000000001,253,1
13368.0,4,1121.5,606,2010-10-12 10:43:00,2011-03-28 09:59:00,45,United Kingdom,256,4,1121.5,280.375,606,1
13369.0,1,616.5600000000001,298,2010-12-09 11:30:00,2010-12-09 11:30:00,14,United Kingdom,365,1,616.5600000000001,616.5600000000001,298,1
13370.0,1,1509.74,686,2010-12-03 10:26:00,2010-12-03 10:26:00,39,United Kingdom,371,1,1509.74,1509.74,686,1
13371.0,2,2297.66,1019,2010-03-17 15:29:00,2010-07-22 17:33:00,75,United Kingdom,505,2,2297.66,1148.83,1019,1
13372.0,1,378.64,159,2011-09-11 12:46:00,2011-09-11 12:46:00,23,United Kingdom,89,1,378.64,378.64,159,0
13373.0,6,7587.19,4263,2009-12-06 12:34:00,2011-10-10 10:51:00,292,United Kingdom,60,6,7587.19,1264.5316666666663,4263,0
13374.0,2,422.8,135,2010-09-16 10:29:00,2010-10-21 10:04:00,17,United Kingdom,414,2,422.8,211.4,135,1
13375.0,2,1792.23,1124,2010-09-21 08:12:00,2011-09-12 10:19:00,62,United Kingdom,88,2,1792.23,896.115,1124,0
13376.0,3,1019.76,493,2011-04-19 13:03:00,2011-09-01 16:16:00,45,United Kingdom,99,3,1019.76,339.92,493,0
13377.0,2,1552.88,748,2010-03-04 10:06:00,2010-11-08 12:20:00,71,United Kingdom,396,2,1552.88,776.44,748,1
13379.0,3,572.56,601,2011-07-26 12:26:00,2011-11-13 13:45:00,85,United Kingdom,26,3,572.56,190.85333333333327,601,0
13380.0,1,62.4,48,2010-10-03 10:18:00,2010-10-03 10:18:00,3,United Kingdom,432,1,62.4,62.4,48,1
13381.0,12,8224.37,5125,2009-12-01 15:19:00,2011-11-08 11:58:00,154,United Kingdom,31,12,8224.37,685.3641666666667,5125,0
13382.0,5,1387.58,863,2009-12-08 09:56:00,2011-03-04 10:03:00,74,United Kingdom,280,5,1387.58,277.516,863,1
13383.0,1,305.28000000000003,288,2010-06-14 11:45:00,2010-06-14 11:45:00,1,United Kingdom,543,1,305.28000000000003,305.28000000000003,288,1
13384.0,11,6680.83,4142,2010-07-27 12:22:00,2011-11-09 11:04:00,192,United Kingdom,30,11,6680.83,607.3481818181818,4142,0
13385.0,1,534.57,281,2011-01-14 09:52:00,2011-01-14 09:52:00,35,United Kingdom,329,1,534.57,534.57,281,1
13386.0,2,835.46,514,2010-09-28 13:09:00,2010-10-21 12:52:00,24,United Kingdom,414,2,835.46,417.73,514,1
13387.0,1,189.44,125,2010-10-18 14:07:00,2010-10-18 14:07:00,71,United Kingdom,417,1,189.44,189.44,125,1
13388.0,3,1185.65,701,2010-04-15 10:18:00,2011-07-31 12:52:00,68,United Kingdom,131,3,1185.65,395.2166666666667,701,0
13389.0,3,797.96,429,2011-04-21 12:12:00,2011-11-28 14:01:00,50,United Kingdom,11,3,797.96,265.9866666666667,429,0
13390.0,1,544.08,224,2011-09-26 08:38:00,2011-09-26 08:38:00,13,United Kingdom,74,1,544.08,544.08,224,0
13391.0,1,59.8,4,2011-05-20 10:50:00,2011-05-20 10:50:00,1,United Kingdom,203,1,59.8,59.8,4,1
13392.0,1,91.14,82,2010-01-31 13:34:00,2010-01-31 13:34:00,8,United Kingdom,677,1,91.14,91.14,82,1
13393.0,4,1131.45,662,2009-12-07 18:12:00,2010-05-05 09:34:00,53,United Kingdom,583,4,1131.45,282.8625,662,1
13394.0,19,6621.7,5354,2009-12-01 11:58:00,2011-12-08 11:36:00,254,United Kingdom,1,19,6621.7,348.5105263157895,5354,0
13395.0,3,1180.23,1660,2010-10-14 13:00:00,2011-06-07 15:04:00,77,United Kingdom,185,3,1180.23,393.41,1660,1
13396.0,2,1360.99,600,2011-01-24 13:37:00,2011-11-10 16:59:00,42,United Kingdom,29,2,1360.99,680.495,600,0
13397.0,10,3191.87,1336,2010-01-20 09:50:00,2011-09-28 10:56:00,68,United Kingdom,72,10,3191.87,319.187,1336,0
13398.0,2,670.34,341,2010-09-17 09:34:00,2011-05-31 13:17:00,37,United Kingdom,192,2,670.34,335.17,341,1
13399.0,3,275.4,120,2010-07-08 17:47:00,2010-09-01 13:59:00,10,United Kingdom,464,3,275.4,91.8,120,1
13400.0,1,310.83,284,2010-05-06 09:00:00,2010-05-06 09:00:00,23,United Kingdom,582,1,310.83,310.83,284,1
13402.0,4,1535.13,1107,2010-05-24 10:56:00,2011-08-04 15:51:00,55,United Kingdom,127,4,1535.13,383.7825,1107,0
13403.0,3,229.5,114,2009-12-16 13:23:00,2011-11-22 08:28:00,9,United Kingdom,17,3,229.5,76.5,114,0
13404.0,2,252.49,111,2011-05-11 11:57:00,2011-12-08 15:37:00,11,United Kingdom,1,2,252.49,126.245,111,0
13405.0,6,1213.811,855,2009-12-15 14:13:00,2011-09-26 17:01:00,33,United Kingdom,74,6,1213.811,202.3018333333333,855,0
13406.0,2,568.92,292,2010-03-18 07:29:00,2010-10-08 14:44:00,7,United Kingdom,427,2,568.92,284.46,292,1
13407.0,3,2244.7,1690,2010-02-16 11:13:00,2010-05-10 12:41:00,85,United Kingdom,578,3,2244.7,748.2333333333332,1690,1
13408.0,106,51733.462,29499,2009-12-04 09:31:00,2011-12-08 09:05:00,321,United Kingdom,1,106,51733.462,488.0515283018868,29499,0
13410.0,9,2201.96,1244,2009-12-08 13:43:00,2011-11-15 15:33:00,25,United Kingdom,24,9,2201.96,244.66222222222223,1244,0
13411.0,1,213.55,72,2011-08-24 13:57:00,2011-08-24 13:57:00,17,United Kingdom,107,1,213.55,213.55,72,0
13412.0,1,487.35,176,2010-03-29 16:28:00,2010-03-29 16:28:00,33,United Kingdom,620,1,487.35,487.35,176,1
13413.0,6,429.44,455,2010-01-21 17:43:00,2010-03-10 12:17:00,38,United Kingdom,639,6,429.44,71.57333333333334,455,1
13414.0,6,2494.14,2702,2010-04-15 17:00:00,2011-07-29 11:45:00,48,United Kingdom,133,6,2494.14,415.69,2702,0
13415.0,4,800.67,502,2009-12-11 14:20:00,2010-08-24 11:38:00,85,United Kingdom,472,4,800.67,200.1675,502,1
13416.0,3,940.8,208,2009-12-03 13:02:00,2011-10-27 08:56:00,16,United Kingdom,43,3,940.8,313.6,208,0
13417.0,6,1669.49,532,2010-02-08 12:39:00,2011-12-05 08:49:00,57,United Kingdom,4,6,1669.49,278.24833333333333,532,0
13418.0,31,12233.6,7606,2009-12-11 12:51:00,2011-11-28 10:23:00,328,United Kingdom,11,31,12233.6,394.6322580645161,7606,0
13419.0,1,221.06,275,2011-10-07 12:49:00,2011-10-07 12:49:00,16,United Kingdom,63,1,221.06,221.06,275,0
13420.0,2,159.85,101,2011-06-22 11:35:00,2011-07-13 08:48:00,8,United Kingdom,149,2,159.85,79.925,101,0
13421.0,8,4103.12,2420,2010-02-14 14:45:00,2011-10-30 14:21:00,174,United Kingdom,40,8,4103.12,512.89,2420,0
13422.0,1,2626.3,1326,2011-10-06 13:42:00,2011-10-06 13:42:00,127,United Kingdom,64,1,2626.3,2626.3,1326,0
13423.0,1,217.03,141,2010-10-07 09:02:00,2010-10-07 09:02:00,12,United Kingdom,428,1,217.03,217.03,141,1
13424.0,1,572.77,529,2010-09-16 10:49:00,2010-09-16 10:49:00,40,United Kingdom,449,1,572.77,572.77,529,1
13425.0,5,3403.63,2382,2010-05-09 14:35:00,2011-08-23 17:13:00,124,United Kingdom,108,5,3403.63,680.726,2382,0
13426.0,22,8167.38,4868,2009-12-09 15:16:00,2011-12-09 08:59:00,162,United Kingdom,0,22,8167.38,371.2445454545455,4868,0
13427.0,6,1006.53,880,2009-12-17 13:44:00,2011-11-20 13:02:00,35,United Kingdom,19,6,1006.53,167.755,880,0
13428.0,3,499.98,366,2010-07-13 13:20:00,2011-11-29 14:20:00,122,United Kingdom,10,3,499.98,166.66,366,0
13429.0,4,1006.8,1390,2011-09-25 15:59:00,2011-11-29 09:10:00,55,United Kingdom,10,4,1006.8,251.7,1390,0
13430.0,2,679.45,751,2011-09-14 14:26:00,2011-11-21 08:19:00,48,United Kingdom,18,2,679.45,339.725,751,0
13431.0,8,3316.24,1570,2010-02-18 11:53:00,2011-10-03 13:49:00,113,United Kingdom,67,8,3316.24,414.53,1570,0
13432.0,2,439.1,217,2010-04-06 14:42:00,2010-05-17 13:18:00,98,United Kingdom,571,2,439.1,219.55,217,1
13433.0,4,658.3199999999999,190,2010-01-12 08:59:00,2010-07-26 16:55:00,22,United Kingdom,501,4,658.3199999999999,164.57999999999998,190,1
13434.0,5,1666.86,864,2010-02-22 09:54:00,2011-09-26 14:30:00,17,United Kingdom,74,5,1666.86,333.372,864,0
13435.0,9,4475.2300000000005,2791,2010-07-27 16:56:00,2011-12-04 14:45:00,96,United Kingdom,5,9,4475.2300000000005,497.24777777777786,2791,0
13436.0,1,196.89,76,2011-12-08 10:33:00,2011-12-08 10:33:00,12,United Kingdom,1,1,196.89,196.89,76,0
13437.0,7,3408.06,1283,2011-06-02 14:30:00,2011-11-25 14:00:00,143,United Kingdom,14,7,3408.06,486.8657142857143,1283,0
13438.0,1,46.5,10,2010-06-10 18:46:00,2010-06-10 18:46:00,1,United Kingdom,547,1,46.5,46.5,10,1
13439.0,3,986.61,952,2010-07-01 14:36:00,2011-03-29 14:20:00,132,United Kingdom,255,3,986.61,328.87,952,1
13440.0,7,1295.25,573,2010-09-14 10:34:00,2010-10-12 13:11:00,49,United Kingdom,423,7,1295.25,185.03571428571428,573,1
13441.0,2,720.9,520,2010-10-04 10:38:00,2011-09-09 09:38:00,33,United Kingdom,91,2,720.9,360.45,520,0
13442.0,3,419.87,115,2009-12-01 14:59:00,2010-02-10 14:03:00,33,United Kingdom,667,3,419.87,139.95666666666668,115,1
13443.0,6,1280.16,809,2010-01-31 13:30:00,2010-09-17 12:31:00,176,United Kingdom,448,6,1280.16,213.36,809,1
13444.0,2,631.6800000000001,337,2010-07-21 14:34:00,2010-11-30 13:02:00,51,United Kingdom,374,2,631.6800000000001,315.84000000000003,337,1
13445.0,1,241.9,198,2010-03-23 15:34:00,2010-03-23 15:34:00,7,United Kingdom,626,1,241.9,241.9,198,1
13446.0,11,3881.89,2403,2010-02-14 11:52:00,2010-10-05 18:51:00,113,United Kingdom,430,11,3881.89,352.8990909090909,2403,1
13447.0,3,1129.14,584,2011-11-04 10:10:00,2011-11-16 13:38:00,55,United Kingdom,23,3,1129.14,376.38000000000005,584,0
13448.0,13,9240.87,4404,2009-12-06 12:14:00,2011-11-23 12:33:00,321,United Kingdom,16,13,9240.87,710.8361538461539,4404,0
13449.0,1,291.88,222,2011-11-16 08:28:00,2011-11-16 08:28:00,19,United Kingdom,23,1,291.88,291.88,222,0
13450.0,13,4120.04,4318,2010-04-15 19:15:00,2011-11-13 11:54:00,57,United Kingdom,26,13,4120.04,316.92615384615385,4318,0
13451.0,11,7190.92,5268,2010-03-21 16:13:00,2011-11-13 15:58:00,561,United Kingdom,26,11,7190.92,653.72,5268,0
13452.0,3,729.8,6,2010-08-24 09:53:00,2011-03-25 14:19:00,2,United Kingdom,259,3,729.8,243.26666666666665,6,1
13453.0,3,781.6899999999999,341,2010-11-02 13:23:00,2011-06-27 09:34:00,33,United Kingdom,165,3,781.6899999999999,260.56333333333333,341,0
13454.0,1,219.87,198,2010-03-08 14:40:00,2010-03-08 14:40:00,23,United Kingdom,641,1,219.87,219.87,198,1
13455.0,6,2905.93,985,2009-12-09 08:58:00,2011-11-15 11:21:00,79,United Kingdom,24,6,2905.93,484.32166666666666,985,0
13456.0,6,1766.72,765,2011-05-16 15:34:00,2011-11-22 09:18:00,43,United Kingdom,17,6,1766.72,294.4533333333333,765,0
13457.0,2,148.22,96,2009-12-02 12:46:00,2010-01-20 08:48:00,9,United Kingdom,688,2,148.22,74.11,96,1
13458.0,16,11959.27,6760,2010-11-16 14:01:00,2011-12-02 15:29:00,290,United Kingdom,7,16,11959.27,747.454375,6760,0
13459.0,2,1160.41,986,2010-01-26 13:35:00,2010-03-25 10:24:00,57,United Kingdom,624,2,1160.41,580.205,986,1
13460.0,2,183.44,286,2011-10-21 09:50:00,2011-11-10 17:17:00,16,United Kingdom,29,2,183.44,91.72,286,0
13461.0,6,4160.0,3132,2010-04-21 16:01:00,2011-11-01 09:01:00,30,United Kingdom,38,6,4160.0,693.3333333333334,3132,0
13462.0,5,1153.85,697,2009-12-14 09:48:00,2011-04-01 11:20:00,64,United Kingdom,252,5,1153.85,230.77,697,1
13464.0,6,3097.64,1440,2010-03-31 15:22:00,2011-10-12 15:01:00,128,United Kingdom,58,6,3097.64,516.2733333333333,1440,0
13465.0,2,931.12,584,2010-05-02 15:30:00,2010-09-19 15:13:00,34,United Kingdom,446,2,931.12,465.56,584,1
13466.0,5,1013.35,660,2010-03-21 13:50:00,2011-06-08 16:39:00,49,United Kingdom,184,5,1013.35,202.67,660,1
13467.0,2,1083.71,584,2011-11-03 16:56:00,2011-11-29 10:01:00,89,United Kingdom,10,2,1083.71,541.855,584,0
13468.0,72,13390.51,5824,2009-12-03 13:32:00,2011-12-08 10:39:00,290,United Kingdom,1,72,13390.51,185.9793055555556,5824,0
13469.0,1,82.4,52,2010-02-24 15:03:00,2010-02-24 15:03:00,6,United Kingdom,653,1,82.4,82.4,52,1
13470.0,2,165.0,100,2011-08-16 17:06:00,2011-09-01 14:57:00,7,United Kingdom,99,2,165.0,82.5,100,0
13471.0,4,2531.58,1590,2011-10-23 13:10:00,2011-12-08 15:44:00,214,United Kingdom,1,4,2531.58,632.895,1590,0
13472.0,2,592.24,310,2010-06-02 09:48:00,2010-09-02 09:41:00,24,United Kingdom,463,2,592.24,296.12,310,1
13473.0,8,2657.76,1000,2009-12-15 19:02:00,2011-10-10 11:20:00,65,United Kingdom,60,8,2657.76,332.22,1000,0
13474.0,3,663.79,334,2010-08-01 14:40:00,2011-04-17 13:53:00,116,United Kingdom,236,3,663.79,221.2633333333333,334,1
13475.0,4,1431.78,1012,2011-02-14 12:36:00,2011-06-01 13:52:00,64,United Kingdom,191,4,1431.78,357.945,1012,1
13476.0,5,2061.4700000000003,713,2010-03-05 09:39:00,2011-06-14 12:00:00,86,United Kingdom,178,5,2061.4700000000003,412.294,713,0
13477.0,11,2834.17,2095,2010-01-25 11:52:00,2011-11-02 12:04:00,112,United Kingdom,37,11,2834.17,257.6518181818182,2095,0
13478.0,5,2215.78,1189,2010-01-31 15:51:00,2010-08-27 13:23:00,114,United Kingdom,469,5,2215.78,443.15600000000006,1189,1
13479.0,4,851.37,716,2010-08-19 16:18:00,2011-05-23 10:45:00,45,United Kingdom,200,4,851.37,212.8425,716,1
13480.0,2,627.82,362,2010-01-29 12:35:00,2010-10-19 11:53:00,40,United Kingdom,416,2,627.82,313.91,362,1
13481.0,11,3830.84,2055,2009-12-04 12:37:00,2011-10-25 09:07:00,162,United Kingdom,45,11,3830.84,348.2581818181818,2055,0
13482.0,2,336.09,187,2010-03-22 10:31:00,2011-04-21 17:03:00,20,United Kingdom,232,2,336.09,168.045,187,1
13483.0,1,140.34,160,2011-10-05 11:53:00,2011-10-05 11:53:00,10,United Kingdom,65,1,140.34,140.34,160,0
13484.0,3,790.72,224,2010-03-10 11:46:00,2011-04-12 16:30:00,38,United Kingdom,241,3,790.72,263.5733333333333,224,1
13485.0,11,3019.2200000000003,1798,2009-12-03 13:46:00,2011-04-20 13:58:00,131,United Kingdom,233,11,3019.2200000000003,274.4745454545455,1798,1
13486.0,3,1122.41,669,2011-07-07 17:19:00,2011-09-22 13:13:00,69,United Kingdom,78,3,1122.41,374.1366666666667,669,0
13487.0,5,846.87,362,2009-12-05 10:25:00,2011-10-13 12:07:00,31,United Kingdom,57,5,846.87,169.374,362,0
13488.0,23,15587.88,7891,2010-01-25 10:13:00,2011-11-22 14:41:00,370,United Kingdom,17,23,15587.88,677.7339130434782,7891,0
13489.0,4,449.52,560,2011-02-18 10:42:00,2011-08-26 13:16:00,11,United Kingdom,105,4,449.52,112.38,560,0
13490.0,1,154.25,25,2010-02-23 14:48:00,2010-02-23 14:48:00,8,United Kingdom,654,1,154.25,154.25,25,1
13491.0,27,4566.56,2385,2009-12-07 08:24:00,2011-10-19 08:32:00,144,United Kingdom,51,27,4566.56,169.13185185185188,2385,0
13492.0,3,1269.84,408,2011-05-09 10:06:00,2011-07-26 14:25:00,38,Switzerland,136,3,1269.84,423.28,408,0
13493.0,2,618.63,380,2011-02-25 16:42:00,2011-03-09 15:35:00,6,Switzerland,275,2,618.63,309.315,380,1
13494.0,1,316.26000000000005,162,2011-02-01 11:58:00,2011-02-01 11:58:00,18,United Kingdom,311,1,316.26000000000005,316.26000000000005,162,1
13495.0,10,5374.26,2674,2009-12-07 12:12:00,2011-12-02 11:21:00,59,United Kingdom,7,10,5374.26,537.426,2674,0
13496.0,2,653.33,341,2010-12-15 10:17:00,2011-11-29 10:58:00,28,United Kingdom,10,2,653.33,326.665,341,0
13497.0,6,1320.33,579,2010-02-08 10:27:00,2011-03-02 09:04:00,52,United Kingdom,282,6,1320.33,220.055,579,1
13498.0,1,327.38,362,2009-12-09 15:26:00,2009-12-09 15:26:00,17,United Kingdom,730,1,327.38,327.38,362,1
13499.0,5,1159.11,1365,2011-03-15 08:52:00,2011-11-22 11:21:00,31,United Kingdom,17,5,1159.11,231.822,1365,0
13500.0,4,1466.3,838,2010-11-03 13:16:00,2011-11-16 15:35:00,77,United Kingdom,23,4,1466.3,366.575,838,0
13501.0,3,2885.11,1253,2010-05-18 13:24:00,2011-02-24 18:59:00,90,Switzerland,288,3,2885.11,961.7033333333334,1253,1
13502.0,5,780.5,490,2010-06-09 10:52:00,2011-11-23 10:39:00,28,United Kingdom,16,5,780.5,156.1,490,0
13503.0,6,1905.39,1118,2010-02-16 13:49:00,2011-09-29 13:23:00,158,United Kingdom,71,6,1905.39,317.565,1118,0
13504.0,1,295.93,178,2011-10-06 13:20:00,2011-10-06 13:20:00,22,United Kingdom,64,1,295.93,295.93,178,0
13505.0,4,4393.63,2486,2011-04-21 12:07:00,2011-09-28 11:56:00,182,Switzerland,72,4,4393.63,1098.4075,2486,0
13506.0,5,1639.2,1174,2010-09-05 12:33:00,2011-01-27 13:53:00,55,United Kingdom,316,5,1639.2,327.84000000000003,1174,1
13507.0,4,2479.16,1597,2011-07-17 11:50:00,2011-12-06 13:13:00,146,United Kingdom,3,4,2479.16,619.79,1597,0
13508.0,2,287.05,180,2010-03-07 11:58:00,2011-04-10 11:58:00,27,United Kingdom,243,2,287.05,143.525,180,1
13509.0,8,1114.72,1214,2010-07-20 12:10:00,2011-12-01 10:10:00,27,United Kingdom,8,8,1114.72,139.34,1214,0
13510.0,11,4558.29,3044,2009-12-21 11:53:00,2011-12-08 13:46:00,176,United Kingdom,1,11,4558.29,414.39,3044,0
13511.0,1,282.76,60,2010-02-01 12:10:00,2010-02-01 12:10:00,5,United Kingdom,676,1,282.76,282.76,60,1
13512.0,4,713.39,419,2010-05-05 13:22:00,2011-03-24 10:03:00,31,United Kingdom,260,4,713.39,178.3475,419,1
13513.0,3,824.59,364,2010-02-22 16:36:00,2011-08-05 11:50:00,32,United Kingdom,126,3,824.59,274.86333333333334,364,0
13514.0,4,815.9000000000001,288,2010-01-26 15:11:00,2011-09-27 09:39:00,15,United Kingdom,73,4,815.9000000000001,203.975,288,0
13515.0,6,1265.82,819,2010-03-05 11:58:00,2011-09-28 11:26:00,64,United Kingdom,72,6,1265.82,210.97,819,0
13516.0,4,1685.26,1114,2010-10-18 08:52:00,2011-11-18 13:15:00,55,United Kingdom,21,4,1685.26,421.315,1114,0
13517.0,3,2128.42,1369,2011-06-13 08:44:00,2011-10-11 11:43:00,125,United Kingdom,59,3,2128.42,709.4733333333334,1369,0
13518.0,1,659.4399999999999,392,2011-09-15 10:29:00,2011-09-15 10:29:00,36,United Kingdom,85,1,659.4399999999999,659.4399999999999,392,0
13519.0,2,343.21,133,2010-09-23 11:45:00,2011-09-22 18:24:00,19,United Kingdom,78,2,343.21,171.605,133,0
13520.0,11,6909.4,3289,2009-12-17 11:11:00,2011-10-12 10:20:00,81,Switzerland,58,11,6909.4,628.1272727272727,3289,0
13521.0,3,1093.65,736,2011-11-29 15:09:00,2011-12-08 13:50:00,313,United Kingdom,1,3,1093.65,364.55,736,0
13522.0,1,125.8,44,2011-11-09 15:11:00,2011-11-09 15:11:00,5,United Kingdom,30,1,125.8,125.8,44,0
13523.0,6,5101.52,2354,2010-11-02 14:55:00,2011-11-06 15:11:00,177,United Kingdom,33,6,5101.52,850.2533333333334,2354,0
13524.0,5,680.1800000000001,324,2011-05-04 12:26:00,2011-10-30 12:34:00,17,United Kingdom,40,5,680.1800000000001,136.036,324,0
13525.0,2,628.78,394,2011-04-05 15:36:00,2011-11-25 12:01:00,5,United Kingdom,14,2,628.78,314.39,394,0
13526.0,2,1182.0,1911,2009-12-01 12:56:00,2009-12-01 13:13:00,29,United Kingdom,738,2,1182.0,591.0,1911,1
13527.0,12,4683.74,2762,2010-01-21 12:37:00,2011-11-06 12:04:00,266,United Kingdom,33,12,4683.74,390.31166666666667,2762,0
13529.0,2,307.76,74,2011-05-19 11:50:00,2011-09-22 09:15:00,15,United Kingdom,78,2,307.76,153.88,74,0
13530.0,1,402.98,272,2010-03-15 14:10:00,2010-03-15 14:10:00,18,United Kingdom,634,1,402.98,402.98,272,1
13531.0,6,1738.52,600,2009-12-03 15:20:00,2011-05-18 16:56:00,44,United Kingdom,205,6,1738.52,289.75333333333333,600,1
13532.0,1,210.31,129,2011-11-06 12:25:00,2011-11-06 12:25:00,66,United Kingdom,33,1,210.31,210.31,129,0
13533.0,3,270.79,204,2011-03-17 12:47:00,2011-06-10 11:54:00,61,United Kingdom,182,3,270.79,90.26333333333334,204,1
13534.0,35,7720.9,3869,2010-07-07 15:00:00,2011-12-07 14:52:00,163,United Kingdom,2,35,7720.9,220.59714285714284,3869,0
13535.0,1,89.5,10,2010-11-02 11:49:00,2010-11-02 11:49:00,1,United Kingdom,402,1,89.5,89.5,10,1
13536.0,7,3448.29,2136,2011-09-25 13:30:00,2011-12-08 16:38:00,91,United Kingdom,1,7,3448.29,492.61285714285714,2136,0
13537.0,2,717.85,337,2010-09-14 10:41:00,2010-10-10 12:45:00,38,United Kingdom,425,2,717.85,358.925,337,1
13538.0,12,3112.73,963,2010-02-02 12:47:00,2011-10-27 16:34:00,105,United Kingdom,43,12,3112.73,259.39416666666665,963,0
13539.0,7,1569.36,710,2010-04-28 12:04:00,2011-09-15 10:18:00,69,United Kingdom,85,7,1569.36,224.1942857142857,710,0
13540.0,3,632.39,189,2010-02-22 09:22:00,2010-08-29 14:20:00,26,United Kingdom,467,3,632.39,210.79666666666665,189,1
13541.0,2,785.25,279,2010-05-18 16:15:00,2010-10-08 16:37:00,10,United Kingdom,427,2,785.25,392.625,279,1
13542.0,17,4006.17,815,2009-12-10 19:53:00,2010-11-28 11:24:00,98,United Kingdom,376,17,4006.17,235.6570588235294,815,1
13543.0,2,1439.61,329,2010-01-21 14:30:00,2010-03-15 13:34:00,37,United Kingdom,634,2,1439.61,719.805,329,1
13544.0,6,829.0,358,2010-03-05 11:31:00,2011-10-31 11:57:00,219,United Kingdom,39,6,829.0,138.16666666666666,358,0
13545.0,2,374.64,257,2010-06-13 11:49:00,2010-11-14 11:27:00,54,United Kingdom,390,2,374.64,187.32,257,1
13546.0,5,1092.14,589,2010-10-11 17:23:00,2011-11-27 14:50:00,95,United Kingdom,12,5,1092.14,218.42800000000005,589,0
13547.0,1,175.53,82,2010-10-27 14:14:00,2010-10-27 14:14:00,44,United Kingdom,408,1,175.53,175.53,82,1
13548.0,3,908.99,565,2010-08-25 13:44:00,2011-09-04 14:50:00,169,United Kingdom,96,3,908.99,302.99666666666667,565,0
13549.0,8,1005.8,554,2010-11-17 12:17:00,2011-11-14 09:20:00,44,United Kingdom,25,8,1005.8,125.725,554,0
13550.0,1,349.51,454,2010-11-21 15:24:00,2010-11-21 15:24:00,40,United Kingdom,383,1,349.51,349.51,454,1
13551.0,2,244.2,36,2010-02-11 15:01:00,2011-01-24 14:46:00,5,United Kingdom,319,2,244.2,122.1,36,1
13552.0,22,6978.92,2654,2010-02-19 13:28:00,2011-10-04 15:19:00,162,United Kingdom,66,22,6978.92,317.2236363636364,2654,0
13553.0,1,517.8,206,2010-02-03 12:21:00,2010-02-03 12:21:00,85,United Kingdom,674,1,517.8,517.8,206,1
13554.0,7,1638.28,581,2010-09-19 12:39:00,2010-11-24 15:05:00,156,United Kingdom,380,7,1638.28,234.04,581,1
13555.0,13,8999.19,4827,2010-01-19 13:20:00,2011-09-27 12:36:00,264,United Kingdom,73,13,8999.19,692.2453846153846,4827,0
13556.0,2,200.82,134,2010-09-30 09:01:00,2010-10-06 16:44:00,8,United Kingdom,429,2,200.82,100.41,134,1
13557.0,13,3032.26,2398,2009-12-08 17:41:00,2011-11-11 15:24:00,126,United Kingdom,28,13,3032.26,233.25076923076924,2398,0
13558.0,4,605.06,344,2011-10-02 13:01:00,2011-12-04 11:24:00,123,United Kingdom,5,4,605.06,151.265,344,0
13559.0,2,990.0,360,2010-06-14 11:52:00,2010-07-15 09:52:00,1,United Kingdom,512,2,990.0,495.0,360,1
13560.0,1,174.37,64,2011-12-02 13:11:00,2011-12-02 13:11:00,32,United Kingdom,7,1,174.37,174.37,64,0
13561.0,11,1820.72,1136,2010-02-28 13:42:00,2011-05-08 12:39:00,131,United Kingdom,215,11,1820.72,165.52,1136,1
13562.0,8,4838.18,1603,2010-01-14 16:33:00,2011-09-19 10:51:00,88,United Kingdom,81,8,4838.18,604.7725,1603,0
13563.0,2,777.53,209,2011-07-22 17:21:00,2011-09-16 14:45:00,49,United Kingdom,84,2,777.53,388.765,209,0
13564.0,37,17249.55,9251,2009-12-02 11:55:00,2011-07-18 14:33:00,484,United Kingdom,144,37,17249.55,466.2040540540541,9251,0
13565.0,3,414.8,260,2010-10-24 15:51:00,2011-11-20 14:33:00,45,United Kingdom,19,3,414.8,138.26666666666668,260,0
13566.0,5,1708.12,1266,2010-03-10 12:22:00,2011-10-30 11:59:00,263,United Kingdom,40,5,1708.12,341.624,1266,0
13567.0,4,1083.69,645,2010-06-16 12:48:00,2010-10-07 12:51:00,180,United Kingdom,428,4,1083.69,270.9225,645,1
13568.0,1,192.85,70,2011-06-19 14:42:00,2011-06-19 14:42:00,41,United Kingdom,173,1,192.85,192.85,70,0
13569.0,4,893.78,402,2010-10-07 13:05:00,2011-11-22 13:07:00,140,United Kingdom,17,4,893.78,223.445,402,0
13570.0,1,239.49,161,2011-04-10 13:36:00,2011-04-10 13:36:00,27,United Kingdom,243,1,239.49,239.49,161,1
13571.0,26,4546.54,3197,2009-12-08 13:02:00,2011-11-27 10:47:00,263,United Kingdom,12,26,4546.54,174.8669230769231,3197,0
13572.0,1,1384.25,534,2011-05-18 11:59:00,2011-05-18 11:59:00,32,United Kingdom,205,1,1384.25,1384.25,534,1
13573.0,6,916.47,660,2010-03-12 16:06:00,2011-10-20 14:33:00,73,United Kingdom,50,6,916.47,152.745,660,0
13574.0,1,421.25,316,2010-10-24 13:28:00,2010-10-24 13:28:00,84,United Kingdom,411,1,421.25,421.25,316,1
13575.0,5,732.0699999999999,449,2011-06-16 14:24:00,2011-11-16 13:14:00,41,United Kingdom,23,5,732.0699999999999,146.414,449,0
13576.0,28,11551.74,4614,2009-12-08 15:12:00,2011-11-29 15:34:00,145,United Kingdom,10,28,11551.74,412.5621428571429,4614,0
13577.0,11,3489.28,1661,2009-12-14 16:10:00,2011-11-14 15:19:00,102,United Kingdom,25,11,3489.28,317.2072727272728,1661,0
13578.0,1,147.66,127,2010-10-26 13:44:00,2010-10-26 13:44:00,9,United Kingdom,409,1,147.66,147.66,127,1
13579.0,5,1539.04,764,2010-02-18 13:53:00,2011-11-25 08:41:00,72,United Kingdom,14,5,1539.04,307.808,764,0
13580.0,1,107.75,45,2010-10-29 15:01:00,2010-10-29 15:01:00,5,United Kingdom,406,1,107.75,107.75,45,1
13581.0,2,280.53000000000003,119,2010-10-21 16:30:00,2011-02-03 14:41:00,32,United Kingdom,309,2,280.53000000000003,140.265,119,1
13582.0,2,241.68,106,2010-04-01 11:38:00,2010-11-15 11:34:00,10,United Kingdom,389,2,241.68,120.84,106,1
13583.0,2,1445.031,1097,2010-01-29 13:53:00,2011-07-07 10:40:00,93,United Kingdom,155,2,1445.031,722.5155,1097,0
13584.0,3,392.45,363,2010-02-02 08:40:00,2011-02-06 12:49:00,74,United Kingdom,306,3,392.45,130.81666666666666,363,1
13585.0,3,684.54,1386,2009-12-01 14:56:00,2010-06-27 12:33:00,29,United Kingdom,530,3,684.54,228.18,1386,1
13586.0,1,131.53,39,2010-06-16 13:47:00,2010-06-16 13:47:00,20,United Kingdom,541,1,131.53,131.53,39,1
13587.0,4,1673.5,664,2010-02-14 13:17:00,2011-10-07 12:31:00,27,United Kingdom,63,4,1673.5,418.375,664,0
13588.0,9,2478.95,2606,2011-03-29 15:53:00,2011-11-24 10:42:00,131,United Kingdom,15,9,2478.95,275.43888888888887,2606,0
13589.0,6,1120.74,293,2009-12-06 10:26:00,2011-11-25 12:10:00,48,United Kingdom,14,6,1120.74,186.79,293,0
13590.0,18,6349.59,5276,2009-12-01 13:37:00,2011-11-28 12:54:00,255,United Kingdom,11,18,6349.59,352.755,5276,0
13591.0,7,2093.94,850,2009-12-14 15:44:00,2011-10-06 12:26:00,89,United Kingdom,64,7,2093.94,299.13428571428574,850,0
13592.0,4,247.96,84,2011-03-20 14:01:00,2011-11-04 09:49:00,15,United Kingdom,35,4,247.96,61.99,84,0
13593.0,14,5523.6900000000005,2190,2010-03-02 16:36:00,2011-08-23 13:35:00,212,United Kingdom,108,14,5523.6900000000005,394.54928571428576,2190,0
13594.0,2,533.32,396,2010-08-11 10:23:00,2011-10-18 10:19:00,31,United Kingdom,52,2,533.32,266.66,396,0
13595.0,3,818.22,353,2010-03-03 14:42:00,2010-07-11 12:36:00,114,United Kingdom,516,3,818.22,272.74,353,1
13596.0,2,697.04,406,2011-11-27 11:57:00,2011-12-04 12:01:00,133,United Kingdom,5,2,697.04,348.52,406,0
13597.0,2,396.71,231,2010-11-02 09:30:00,2010-11-04 14:54:00,17,United Kingdom,400,2,396.71,198.355,231,1
13598.0,5,789.59,401,2010-02-26 11:22:00,2011-10-23 14:28:00,78,United Kingdom,47,5,789.59,157.918,401,0
13599.0,33,10167.63,6494,2009-12-01 12:30:00,2011-12-08 16:10:00,235,United Kingdom,1,33,10167.63,308.11,6494,0
13600.0,2,518.42,599,2010-03-15 17:16:00,2011-01-31 15:27:00,35,United Kingdom,312,2,518.42,259.21,599,1
13601.0,4,1185.14,972,2010-06-11 15:03:00,2011-10-25 17:31:00,160,United Kingdom,45,4,1185.14,296.285,972,0
13602.0,4,1025.17,538,2010-05-28 11:49:00,2011-10-06 11:47:00,49,United Kingdom,64,4,1025.17,256.2925,538,0
13603.0,1,164.34,164,2011-11-13 15:57:00,2011-11-13 15:57:00,27,United Kingdom,26,1,164.34,164.34,164,0
13604.0,1,717.62,242,2010-02-19 12:02:00,2010-02-19 12:02:00,21,United Kingdom,658,1,717.62,717.62,242,1
13605.0,2,522.67,425,2010-05-17 15:46:00,2010-11-17 17:16:00,50,United Kingdom,387,2,522.67,261.335,425,1
13606.0,3,280.54,279,2011-02-01 11:42:00,2011-11-10 17:46:00,40,United Kingdom,29,3,280.54,93.51333333333334,279,0
13607.0,2,1078.31,468,2010-11-02 11:48:00,2011-10-30 16:17:00,110,United Kingdom,40,2,1078.31,539.155,468,0
13608.0,1,236.2,113,2010-06-17 12:28:00,2010-06-17 12:28:00,31,United Kingdom,540,1,236.2,236.2,113,1
13609.0,1,167.35,19,2010-04-25 13:26:00,2010-04-25 13:26:00,7,United Kingdom,593,1,167.35,167.35,19,1
13610.0,14,2175.88,909,2010-01-05 14:12:00,2011-11-27 15:38:00,309,United Kingdom,12,14,2175.88,155.42000000000002,909,0
13611.0,10,3319.53,2002,2009-12-03 07:57:00,2011-09-11 14:51:00,170,United Kingdom,89,10,3319.53,331.95300000000003,2002,0
13612.0,1,818.29,444,2010-03-17 12:14:00,2010-03-17 12:14:00,50,United Kingdom,632,1,818.29,818.29,444,1
13613.0,5,1039.85,445,2010-02-17 12:40:00,2010-09-13 12:01:00,50,United Kingdom,452,5,1039.85,207.97,445,1
13614.0,6,2359.19,828,2010-06-06 13:42:00,2011-11-15 14:47:00,227,United Kingdom,24,6,2359.19,393.1983333333333,828,0
13615.0,8,6272.53,2910,2010-01-28 15:43:00,2011-01-25 08:21:00,259,United Kingdom,318,8,6272.53,784.06625,2910,1
13616.0,2,288.1,175,2010-01-17 14:56:00,2010-05-20 12:59:00,31,United Kingdom,568,2,288.1,144.05,175,1
13617.0,8,1278.75,593,2010-08-01 15:23:00,2011-10-30 13:50:00,48,United Kingdom,40,8,1278.75,159.84375,593,0
13618.0,1,177.34,246,2011-06-19 11:09:00,2011-06-19 11:09:00,13,United Kingdom,173,1,177.34,177.34,246,0
13619.0,2,231.69,84,2010-02-03 14:16:00,2010-06-13 11:39:00,39,United Kingdom,544,2,231.69,115.845,84,1
13620.0,1,112.34,74,2010-06-29 15:02:00,2010-06-29 15:02:00,5,United Kingdom,528,1,112.34,112.34,74,1
13621.0,1,213.85,343,2011-08-15 08:26:00,2011-08-15 08:26:00,19,United Kingdom,116,1,213.85,213.85,343,0
13622.0,1,658.95,379,2010-01-12 13:22:00,2010-01-12 13:22:00,32,United Kingdom,696,1,658.95,658.95,379,1
13623.0,10,2566.49,1023,2009-12-02 13:57:00,2011-11-09 12:00:00,211,United Kingdom,30,10,2566.49,256.649,1023,0
13624.0,1,462.08,820,2010-11-16 13:43:00,2010-11-16 13:43:00,22,United Kingdom,388,1,462.08,462.08,820,1
13625.0,1,301.26,144,2010-04-22 10:50:00,2010-04-22 10:50:00,21,United Kingdom,596,1,301.26,301.26,144,1
13626.0,2,707.04,398,2010-11-25 16:12:00,2011-04-01 10:05:00,44,United Kingdom,252,2,707.04,353.52,398,1
13627.0,7,2245.9,1632,2010-03-09 14:03:00,2011-10-11 14:20:00,118,United Kingdom,59,7,2245.9,320.8428571428572,1632,0
13628.0,1,310.14,106,2010-02-01 14:44:00,2010-02-01 14:44:00,16,United Kingdom,676,1,310.14,310.14,106,1
13629.0,19,13370.86,7722,2010-02-11 17:34:00,2011-11-16 13:21:00,28,United Kingdom,23,19,13370.86,703.7294736842106,7722,0
13630.0,7,2031.78,1391,2011-02-27 12:49:00,2011-12-04 15:16:00,51,United Kingdom,5,7,2031.78,290.2542857142857,1391,0
13631.0,11,3070.42,467,2011-03-17 17:13:00,2011-09-01 09:57:00,6,United Kingdom,99,11,3070.42,279.1290909090909,467,0
13632.0,8,3648.15,1639,2010-04-07 10:59:00,2011-11-15 10:51:00,166,United Kingdom,24,8,3648.15,456.01875,1639,0
13634.0,16,5073.47,2096,2010-01-10 14:26:00,2011-11-06 13:40:00,269,United Kingdom,33,16,5073.47,317.091875,2096,0
13635.0,4,2999.16,1884,2009-12-01 09:46:00,2011-10-03 10:55:00,135,United Kingdom,67,4,2999.16,749.79,1884,0
13636.0,5,949.12,592,2011-02-27 14:29:00,2011-11-03 10:30:00,57,United Kingdom,36,5,949.12,189.824,592,0
13637.0,3,810.5,409,2011-04-27 13:06:00,2011-10-18 13:32:00,79,United Kingdom,52,3,810.5,270.1666666666667,409,0
13638.0,1,122.64,93,2011-11-24 10:38:00,2011-11-24 10:38:00,8,United Kingdom,15,1,122.64,122.64,93,0
13639.0,2,1346.27,997,2010-09-29 10:05:00,2011-09-26 13:36:00,49,United Kingdom,74,2,1346.27,673.135,997,0
13640.0,1,405.0,108,2010-04-07 15:33:00,2010-04-07 15:33:00,4,United Kingdom,611,1,405.0,405.0,108,1
13641.0,5,1016.47,1098,2009-12-05 13:17:00,2010-03-09 07:37:00,41,United Kingdom,640,5,1016.47,203.294,1098,1
13642.0,4,514.72,253,2010-10-03 12:23:00,2011-05-08 12:34:00,93,United Kingdom,215,4,514.72,128.68,253,1
13643.0,10,2156.77,902,2009-12-08 12:48:00,2011-11-08 15:37:00,71,United Kingdom,31,10,2156.77,215.677,902,0
13644.0,4,2624.26,2067,2011-08-26 11:53:00,2011-11-23 14:07:00,144,United Kingdom,16,4,2624.26,656.065,2067,0
13645.0,1,252.1,158,2011-08-11 16:11:00,2011-08-11 16:11:00,5,United Kingdom,120,1,252.1,252.1,158,0
13646.0,2,326.25,79,2010-11-05 12:00:00,2010-11-05 12:13:00,58,United Kingdom,399,2,326.25,163.125,79,1
13647.0,8,3071.68,1803,2010-04-15 12:55:00,2011-11-30 12:00:00,98,United Kingdom,9,8,3071.68,383.96,1803,0
13648.0,8,1764.02,960,2009-12-01 18:13:00,2010-11-04 14:46:00,95,United Kingdom,400,8,1764.02,220.5025,960,1
13649.0,6,1678.88,863,2010-06-30 16:35:00,2011-03-28 11:51:00,97,United Kingdom,256,6,1678.88,279.81333333333333,863,1
13650.0,10,3288.0,1746,2010-01-26 08:44:00,2011-11-23 12:22:00,127,United Kingdom,16,10,3288.0,328.8,1746,0
13651.0,3,226.85,62,2010-11-23 09:44:00,2011-11-04 14:59:00,14,United Kingdom,35,3,226.85,75.61666666666666,62,0
13652.0,5,2570.85,1570,2010-02-25 17:37:00,2011-10-25 08:51:00,116,United Kingdom,45,5,2570.85,514.17,1570,0
13653.0,1,152.2,72,2010-08-09 08:19:00,2010-08-09 08:19:00,9,United Kingdom,487,1,152.2,152.2,72,1
13654.0,11,6308.0,4762,2009-12-02 11:43:00,2011-10-27 16:24:00,262,United Kingdom,43,11,6308.0,573.4545454545455,4762,0
13655.0,6,2280.51,1225,2010-04-27 09:59:00,2011-08-17 14:25:00,103,United Kingdom,114,6,2280.51,380.085,1225,0
13656.0,4,1078.85,862,2010-04-23 12:50:00,2011-06-28 10:31:00,81,United Kingdom,164,4,1078.85,269.7125,862,0
13657.0,2,382.14,209,2011-05-22 12:35:00,2011-11-29 12:32:00,16,United Kingdom,10,2,382.14,191.07,209,0
13658.0,9,6025.5,2171,2010-02-05 13:17:00,2011-11-30 10:13:00,164,United Kingdom,9,9,6025.5,669.5,2171,0
13659.0,12,4894.88,2539,2010-02-17 09:05:00,2011-05-18 12:37:00,224,United Kingdom,205,12,4894.88,407.9066666666667,2539,1
13660.0,1,314.59,137,2010-11-04 16:10:00,2010-11-04 16:10:00,39,United Kingdom,400,1,314.59,314.59,137,1
13661.0,1,325.24,118,2010-04-15 14:58:00,2010-04-15 14:58:00,17,United Kingdom,603,1,325.24,325.24,118,1
13662.0,11,2250.11,1179,2010-02-19 13:21:00,2011-09-15 12:04:00,126,United Kingdom,85,11,2250.11,204.55545454545452,1179,0
13663.0,5,2047.51,893,2010-03-03 10:11:00,2011-06-13 15:44:00,87,United Kingdom,179,5,2047.51,409.502,893,0
13665.0,3,1711.66,1652,2010-07-23 13:29:00,2010-11-18 13:06:00,97,United Kingdom,386,3,1711.66,570.5533333333334,1652,1
13666.0,5,127.9,54,2009-12-04 10:48:00,2011-10-10 15:39:00,19,United Kingdom,60,5,127.9,25.58,54,0
13667.0,1,305.02,154,2011-07-13 15:42:00,2011-07-13 15:42:00,82,United Kingdom,149,1,305.02,305.02,154,0
13668.0,35,13089.94,6133,2009-12-11 14:28:00,2011-12-07 12:11:00,411,United Kingdom,2,35,13089.94,373.9982857142857,6133,0
13669.0,3,413.55,393,2010-10-28 15:05:00,2011-10-20 09:32:00,13,United Kingdom,50,3,413.55,137.85,393,0
13670.0,1,349.7,282,2011-09-25 15:25:00,2011-09-25 15:25:00,25,United Kingdom,75,1,349.7,349.7,282,0
13671.0,1,194.95,107,2010-11-10 10:50:00,2010-11-10 10:50:00,61,United Kingdom,394,1,194.95,194.95,107,1
13672.0,3,419.92,138,2009-12-09 11:40:00,2011-02-11 13:53:00,13,United Kingdom,301,3,419.92,139.97333333333333,138,1
13673.0,2,396.92,119,2011-11-07 15:40:00,2011-11-21 12:11:00,47,United Kingdom,18,2,396.92,198.46,119,0
13674.0,1,240.68,102,2010-10-03 10:41:00,2010-10-03 10:41:00,14,United Kingdom,432,1,240.68,240.68,102,1
13675.0,2,486.8200000000001,330,2011-02-28 12:14:00,2011-07-11 12:57:00,25,United Kingdom,151,2,486.8200000000001,243.41000000000005,330,0
13676.0,2,243.9,104,2010-03-30 16:53:00,2010-06-18 17:30:00,13,United Kingdom,539,2,243.9,121.95,104,1
13677.0,2,556.1899999999999,218,2010-07-07 17:25:00,2010-10-31 11:32:00,98,United Kingdom,404,2,556.1899999999999,278.095,218,1
13678.0,1,232.6,924,2011-07-11 10:14:00,2011-07-11 10:14:00,16,United Kingdom,151,1,232.6,232.6,924,0
13679.0,3,281.26,102,2009-12-04 16:52:00,2010-08-03 12:13:00,44,United Kingdom,493,3,281.26,93.75333333333332,102,1
13680.0,12,11435.67,5252,2009-12-04 14:14:00,2011-12-08 13:47:00,354,United Kingdom,1,12,11435.67,952.9725,5252,0
13681.0,4,827.83,360,2011-07-07 15:21:00,2011-11-22 11:13:00,37,United Kingdom,17,4,827.83,206.9575,360,0
13682.0,1,59.5,10,2011-06-05 14:06:00,2011-06-05 14:06:00,3,United Kingdom,187,1,59.5,59.5,10,1
13683.0,1,258.6,180,2010-09-08 10:00:00,2010-09-08 10:00:00,10,United Kingdom,457,1,258.6,258.6,180,1
13684.0,4,596.98,235,2010-03-28 14:48:00,2011-02-27 10:13:00,81,United Kingdom,285,4,596.98,149.245,235,1
13685.0,7,3119.44,5056,2011-10-10 12:59:00,2011-12-07 11:41:00,29,United Kingdom,2,7,3119.44,445.63428571428574,5056,0
13686.0,3,409.04,378,2010-11-03 13:44:00,2011-06-10 09:10:00,27,United Kingdom,182,3,409.04,136.34666666666666,378,1
13687.0,1,11880.84,87167,2010-09-27 16:30:00,2010-09-27 16:30:00,45,United Kingdom,438,1,11880.84,11880.84,87167,1
13688.0,1,375.5,130,2010-03-14 14:11:00,2010-03-14 14:11:00,5,United Kingdom,635,1,375.5,375.5,130,1
13689.0,2,1259.5,722,2010-09-21 10:27:00,2011-10-07 13:21:00,6,United Kingdom,63,2,1259.5,629.75,722,0
13690.0,1,172.25,67,2011-10-11 15:03:00,2011-10-11 15:03:00,9,United Kingdom,59,1,172.25,172.25,67,0
13691.0,1,212.78,145,2010-11-08 17:34:00,2010-11-08 17:34:00,54,United Kingdom,396,1,212.78,212.78,145,1
13692.0,5,3114.4,2101,2010-10-15 13:28:00,2011-11-15 11:17:00,83,United Kingdom,24,5,3114.4,622.88,2101,0
13693.0,9,2011.82,880,2009-12-07 11:29:00,2010-11-30 18:21:00,78,United Kingdom,374,9,2011.82,223.5355555555556,880,1
13694.0,143,196482.81,189205,2009-12-04 15:26:00,2011-12-06 09:32:00,896,United Kingdom,3,143,196482.81,1374.0056643356645,189205,0
13695.0,16,2770.73,1791,2010-05-11 11:07:00,2011-11-08 14:26:00,47,United Kingdom,31,16,2770.73,173.170625,1791,0
13696.0,3,2020.4,552,2010-02-11 14:17:00,2010-10-14 09:44:00,24,United Kingdom,421,3,2020.4,673.4666666666667,552,1
13697.0,1,151.29999999999998,177,2011-11-01 09:14:00,2011-11-01 09:14:00,12,United Kingdom,38,1,151.29999999999998,151.29999999999998,177,0
13698.0,2,465.53,231,2010-01-27 09:02:00,2010-04-22 11:52:00,31,United Kingdom,596,2,465.53,232.765,231,1
13699.0,2,764.15,219,2010-06-07 13:03:00,2011-07-07 16:51:00,33,United Kingdom,155,2,764.15,382.075,219,0
13700.0,13,2613.46,2809,2010-02-07 10:53:00,2011-11-13 13:00:00,163,United Kingdom,26,13,2613.46,201.03538461538463,2809,0
13701.0,1,161.0,80,2010-09-19 12:39:00,2010-09-19 12:39:00,9,United Kingdom,446,1,161.0,161.0,80,1
13702.0,1,135.18,74,2010-09-20 11:40:00,2010-09-20 11:40:00,5,United Kingdom,445,1,135.18,135.18,74,1
13703.0,2,425.56,128,2010-10-20 13:11:00,2011-01-25 13:10:00,36,United Kingdom,318,2,425.56,212.78,128,1
13704.0,9,2308.06,1531,2011-09-12 14:40:00,2011-12-04 15:13:00,111,United Kingdom,5,9,2308.06,256.4511111111111,1531,0
13705.0,7,2035.33,1009,2010-03-25 17:19:00,2011-12-02 12:32:00,55,United Kingdom,7,7,2035.33,290.7614285714285,1009,0
13706.0,2,631.17,301,2010-03-23 09:18:00,2011-02-10 09:21:00,38,United Kingdom,302,2,631.17,315.585,301,1
13707.0,5,3365.86,2210,2010-06-21 11:57:00,2011-03-17 18:03:00,142,United Kingdom,267,5,3365.86,673.172,2210,1
13708.0,1,296.88,306,2011-03-13 13:46:00,2011-03-13 13:46:00,49,United Kingdom,271,1,296.88,296.88,306,1
13709.0,18,7591.75,4130,2010-01-11 10:40:00,2011-12-06 10:28:00,296,United Kingdom,3,18,7591.75,421.7638888888889,4130,0
13710.0,3,509.52,336,2010-04-06 12:54:00,2011-11-08 08:16:00,13,United Kingdom,31,3,509.52,169.84,336,0
13711.0,9,1792.26,819,2009-12-15 19:04:00,2011-05-05 10:31:00,80,United Kingdom,218,9,1792.26,199.14,819,1
13712.0,2,766.42,1128,2010-04-08 11:16:00,2011-04-07 12:33:00,32,United Kingdom,246,2,766.42,383.21,1128,1
13713.0,3,743.26,286,2010-05-05 16:48:00,2010-10-27 16:18:00,70,United Kingdom,408,3,743.26,247.75333333333333,286,1
13714.0,1,161.35,50,2010-08-31 13:57:00,2010-08-31 13:57:00,30,United Kingdom,465,1,161.35,161.35,50,1
13715.0,17,8483.29,4934,2010-03-11 15:33:00,2011-03-03 19:21:00,277,United Kingdom,281,17,8483.29,499.0170588235295,4934,1
13716.0,1,138.28,138,2011-03-15 13:49:00,2011-03-15 13:49:00,21,United Kingdom,269,1,138.28,138.28,138,1
13717.0,8,1763.3,2144,2010-08-11 09:40:00,2011-11-07 14:13:00,110,United Kingdom,32,8,1763.3,220.4125,2144,0
13718.0,2,306.55,173,2011-02-17 11:58:00,2011-04-07 13:24:00,9,United Kingdom,246,2,306.55,153.275,173,1
13719.0,11,2815.25,1599,2010-05-17 14:36:00,2011-11-24 15:26:00,194,United Kingdom,15,11,2815.25,255.9318181818182,1599,0
13720.0,4,799.9,501,2011-03-30 09:17:00,2011-08-15 12:46:00,42,United Kingdom,116,4,799.9,199.975,501,0
13721.0,2,741.54,512,2010-11-09 17:59:00,2011-11-03 14:05:00,41,United Kingdom,36,2,741.54,370.77,512,0
13722.0,10,5635.41,3059,2010-03-03 14:13:00,2011-07-31 12:44:00,137,United Kingdom,131,10,5635.41,563.5409999999999,3059,0
13723.0,6,1209.2,629,2010-04-07 14:32:00,2011-05-06 17:04:00,51,United Kingdom,217,6,1209.2,201.53333333333333,629,1
13724.0,1,213.01,130,2010-03-12 15:28:00,2010-03-12 15:28:00,39,United Kingdom,637,1,213.01,213.01,130,1
13725.0,8,1980.56,806,2011-02-04 12:18:00,2011-10-21 10:03:00,95,United Kingdom,49,8,1980.56,247.57,806,0
13726.0,2,1079.66,1054,2011-08-31 11:06:00,2011-11-01 10:49:00,39,United Kingdom,38,2,1079.66,539.83,1054,0
13727.0,8,1080.05,370,2009-12-09 13:25:00,2011-11-11 09:46:00,74,United Kingdom,28,8,1080.05,135.00625,370,0
13728.0,16,2855.17,1269,2009-12-09 17:13:00,2011-11-03 10:49:00,75,United Kingdom,36,16,2855.17,178.448125,1269,0
13729.0,3,724.73,419,2010-01-24 14:57:00,2010-09-30 10:44:00,36,United Kingdom,435,3,724.73,241.57666666666668,419,1
13730.0,2,752.6,488,2011-07-01 12:47:00,2011-07-27 08:35:00,38,United Kingdom,135,2,752.6,376.3,488,0
13731.0,2,610.59,278,2011-04-07 10:10:00,2011-05-04 14:33:00,36,United Kingdom,219,2,610.59,305.295,278,1
13732.0,1,491.86,498,2011-11-11 15:49:00,2011-11-11 15:49:00,33,United Kingdom,28,1,491.86,491.86,498,0
13733.0,2,487.03,335,2009-12-04 15:28:00,2010-10-25 12:18:00,28,United Kingdom,410,2,487.03,243.515,335,1
13734.0,4,6701.640000000001,303,2010-04-16 08:42:00,2010-07-19 12:04:00,24,United Kingdom,508,4,6701.640000000001,1675.4100000000003,303,1
13735.0,13,9813.22,4158,2009-12-13 13:31:00,2011-11-15 11:14:00,362,United Kingdom,24,13,9813.22,754.8630769230768,4158,0
13736.0,7,2766.21,1552,2009-12-06 12:07:00,2011-12-04 15:19:00,325,United Kingdom,5,7,2766.21,395.17285714285714,1552,0
13737.0,1,339.6,125,2011-05-23 16:32:00,2011-05-23 16:32:00,29,United Kingdom,200,1,339.6,339.6,125,1
13738.0,1,440.93,240,2010-11-08 15:23:00,2010-11-08 15:23:00,88,United Kingdom,396,1,440.93,440.93,240,1
13739.0,2,292.2,76,2010-06-30 10:25:00,2011-11-21 13:35:00,6,United Kingdom,18,2,292.2,146.1,76,0
13740.0,5,1597.77,991,2009-12-02 12:22:00,2011-04-13 10:32:00,83,United Kingdom,240,5,1597.77,319.554,991,1
13741.0,3,668.4300000000001,218,2011-05-06 13:43:00,2011-09-29 09:19:00,34,United Kingdom,71,3,668.4300000000001,222.81000000000003,218,0
13742.0,12,3131.02,1124,2011-01-23 14:59:00,2011-11-23 11:07:00,200,United Kingdom,16,12,3131.02,260.9183333333333,1124,0
13743.0,7,1341.6,1776,2011-03-25 14:46:00,2011-12-07 10:09:00,8,United Kingdom,2,7,1341.6,191.65714285714284,1776,0
13744.0,2,1156.36,1249,2011-02-20 14:08:00,2011-09-05 15:19:00,54,United Kingdom,95,2,1156.36,578.18,1249,0
13745.0,2,777.36,1146,2010-06-11 17:19:00,2011-06-30 16:43:00,46,United Kingdom,162,2,777.36,388.68,1146,0
13746.0,1,176.69,83,2010-10-22 11:55:00,2010-10-22 11:55:00,9,United Kingdom,413,1,176.69,176.69,83,1
13747.0,2,249.4,68,2010-10-11 09:15:00,2010-12-01 10:37:00,4,United Kingdom,373,2,249.4,124.7,68,1
13748.0,9,2268.35,1108,2009-12-01 16:44:00,2011-09-05 09:45:00,40,United Kingdom,95,9,2268.35,252.0388888888889,1108,0
13750.0,11,3602.1800000000003,1370,2010-04-01 14:49:00,2011-10-17 12:16:00,51,United Kingdom,53,11,3602.1800000000003,327.4709090909091,1370,0
13751.0,1,296.25,152,2011-02-24 15:56:00,2011-02-24 15:56:00,9,United Kingdom,288,1,296.25,296.25,152,1
13752.0,7,1590.73,1007,2010-06-30 10:23:00,2011-08-07 14:16:00,75,United Kingdom,124,7,1590.73,227.24714285714285,1007,0
13753.0,4,2094.57,1450,2009-12-03 10:20:00,2011-02-25 12:48:00,64,United Kingdom,287,4,2094.57,523.6425,1450,1
13754.0,3,447.05,315,2010-09-28 15:29:00,2011-07-11 11:51:00,16,United Kingdom,151,3,447.05,149.01666666666668,315,0
13755.0,9,2161.35,1264,2011-10-07 15:45:00,2011-12-06 12:26:00,232,United Kingdom,3,9,2161.35,240.15,1264,0
13756.0,23,9207.5,5441,2009-12-15 15:18:00,2011-12-07 16:44:00,142,United Kingdom,2,23,9207.5,400.32608695652175,5441,0
13757.0,1,195.55,54,2010-02-03 12:37:00,2010-02-03 12:37:00,8,United Kingdom,674,1,195.55,195.55,54,1
13758.0,15,9416.98,5068,2009-12-01 10:06:00,2011-11-28 11:11:00,213,United Kingdom,11,15,9416.98,627.7986666666667,5068,0
13759.0,2,659.4100000000001,287,2011-09-29 15:40:00,2011-11-06 14:47:00,24,United Kingdom,33,2,659.4100000000001,329.70500000000004,287,0
13760.0,5,1363.64,623,2010-04-25 13:10:00,2011-10-16 16:13:00,95,United Kingdom,54,5,1363.64,272.728,623,0
13761.0,6,1952.17,1079,2010-02-21 11:08:00,2011-10-20 14:01:00,118,United Kingdom,50,6,1952.17,325.3616666666667,1079,0
13762.0,5,2472.48,2608,2010-01-10 12:13:00,2011-05-05 09:15:00,23,United Kingdom,218,5,2472.48,494.496,2608,1
13763.0,3,5217.4400000000005,3224,2010-09-30 17:39:00,2011-10-07 15:13:00,50,United Kingdom,63,3,5217.4400000000005,1739.1466666666668,3224,0
13764.0,6,2953.26,2099,2010-03-07 12:56:00,2011-09-30 12:03:00,295,United Kingdom,70,6,2953.26,492.21,2099,0
13765.0,1,352.821,297,2010-02-24 13:46:00,2010-02-24 13:46:00,17,United Kingdom,653,1,352.821,352.821,297,1
13766.0,1,190.35,137,2010-08-01 14:25:00,2010-08-01 14:25:00,16,United Kingdom,495,1,190.35,190.35,137,1
13767.0,73,35540.53,15235,2009-12-01 10:52:00,2011-12-07 15:00:00,117,United Kingdom,2,73,35540.53,486.85657534246576,15235,0
13768.0,2,875.97,373,2009-12-09 10:25:00,2009-12-13 10:41:00,30,United Kingdom,726,2,875.97,437.985,373,1
13769.0,20,5800.42,2574,2009-12-16 11:59:00,2011-12-07 15:08:00,121,United Kingdom,2,20,5800.42,290.021,2574,0
13770.0,4,785.37,468,2009-12-09 14:44:00,2010-10-13 15:10:00,48,United Kingdom,422,4,785.37,196.3425,468,1
13771.0,9,5728.82,3140,2010-02-25 12:37:00,2011-10-06 14:18:00,182,United Kingdom,64,9,5728.82,636.5355555555556,3140,0
13772.0,8,3114.22,1456,2010-02-23 13:55:00,2011-11-06 11:43:00,394,United Kingdom,33,8,3114.22,389.2775,1456,0
13773.0,2,301.54,174,2010-02-18 10:27:00,2010-11-08 11:49:00,19,United Kingdom,396,2,301.54,150.77,174,1
13774.0,1,345.0,192,2011-09-19 12:06:00,2011-09-19 12:06:00,22,United Kingdom,81,1,345.0,345.0,192,0
13775.0,1,1049.66,455,2010-04-28 12:15:00,2010-04-28 12:15:00,63,United Kingdom,590,1,1049.66,1049.66,455,1
13776.0,2,623.98,2,2010-10-07 16:07:00,2010-10-07 16:11:00,1,United Kingdom,428,2,623.98,311.99,2,1
13777.0,61,56478.42,26742,2009-12-02 09:47:00,2011-12-09 12:25:00,44,United Kingdom,0,61,56478.42,925.875737704918,26742,0
13778.0,4,1124.49,511,2010-05-23 13:34:00,2011-08-28 15:25:00,33,United Kingdom,103,4,1124.49,281.1225,511,0
13779.0,1,161.13,53,2010-07-12 11:24:00,2010-07-12 11:24:00,27,United Kingdom,515,1,161.13,161.13,53,1
13780.0,3,735.82,481,2010-10-28 19:51:00,2011-12-02 13:49:00,90,United Kingdom,7,3,735.82,245.2733333333333,481,0
13781.0,3,778.83,300,2009-12-18 15:46:00,2011-04-03 12:08:00,56,United Kingdom,250,3,778.83,259.61,300,1
13782.0,13,1793.72,649,2009-12-06 12:52:00,2011-11-27 11:54:00,187,United Kingdom,12,13,1793.72,137.97846153846154,649,0
13783.0,4,1542.09,3437,2010-02-04 13:47:00,2010-08-09 09:23:00,4,United Kingdom,487,4,1542.09,385.5225,3437,1
13784.0,14,2910.23,2827,2010-09-15 12:27:00,2011-11-30 09:33:00,13,United Kingdom,9,14,2910.23,207.87357142857144,2827,0
13785.0,4,542.49,151,2010-09-05 16:01:00,2010-10-07 09:25:00,26,United Kingdom,428,4,542.49,135.6225,151,1
13786.0,6,3358.94,1652,2009-12-03 15:32:00,2010-12-07 13:53:00,80,United Kingdom,367,6,3358.94,559.8233333333334,1652,1
13787.0,6,1222.5,998,2010-01-14 10:13:00,2011-09-25 12:06:00,71,United Kingdom,75,6,1222.5,203.75,998,0
13788.0,1,3.75,1,2010-07-22 15:50:00,2010-07-22 15:50:00,1,United Kingdom,505,1,3.75,3.75,1,1
13789.0,1,239.46,258,2010-11-16 15:31:00,2010-11-16 15:31:00,18,United Kingdom,388,1,239.46,239.46,258,1
13790.0,1,348.8,748,2011-12-05 15:48:00,2011-12-05 15:48:00,45,United Kingdom,4,1,348.8,348.8,748,0
13791.0,2,1516.0,1200,2011-06-24 16:38:00,2011-08-04 11:44:00,7,United Kingdom,127,2,1516.0,758.0,1200,0
13792.0,3,383.95,156,2010-10-13 11:05:00,2011-10-04 14:31:00,23,United Kingdom,66,3,383.95,127.98333333333332,156,0
13793.0,1,96.0,52,2010-03-03 08:25:00,2010-03-03 08:25:00,7,United Kingdom,646,1,96.0,96.0,52,1
13794.0,1,126.03,63,2010-06-11 12:30:00,2010-06-11 12:30:00,9,United Kingdom,546,1,126.03,126.03,63,1
13795.0,4,836.3,1250,2010-03-12 12:44:00,2010-11-16 17:25:00,23,United Kingdom,388,4,836.3,209.075,1250,1
13796.0,1,289.7,218,2010-07-28 14:45:00,2010-07-28 14:45:00,22,United Kingdom,499,1,289.7,289.7,218,1
13797.0,3,1179.45,573,2010-03-02 12:17:00,2010-09-29 10:34:00,71,United Kingdom,436,3,1179.45,393.15,573,1
13798.0,110,75836.87,48347,2009-12-08 16:21:00,2011-12-08 15:51:00,168,United Kingdom,1,110,75836.87,689.4260909090908,48347,0
13799.0,9,2803.57,1539,2010-03-05 16:39:00,2011-08-15 12:07:00,64,United Kingdom,116,9,2803.57,311.5077777777778,1539,0
13800.0,3,1679.56,891,2009-12-03 10:03:00,2011-02-03 12:27:00,73,United Kingdom,309,3,1679.56,559.8533333333334,891,1
13801.0,1,324.8,168,2011-10-04 10:15:00,2011-10-04 10:15:00,23,United Kingdom,66,1,324.8,324.8,168,0
13802.0,19,26259.11,14129,2010-02-16 10:11:00,2011-07-24 10:54:00,212,United Kingdom,138,19,26259.11,1382.0584210526315,14129,0
13803.0,3,1338.91,831,2010-03-31 10:00:00,2011-03-29 12:57:00,73,United Kingdom,255,3,1338.91,446.3033333333333,831,1
13804.0,9,3208.52,1833,2010-09-29 10:26:00,2011-11-09 12:32:00,149,United Kingdom,30,9,3208.52,356.5022222222222,1833,0
13805.0,2,924.6,1900,2011-08-02 15:29:00,2011-10-18 14:50:00,10,United Kingdom,52,2,924.6,462.3,1900,0
13806.0,1,256.38,56,2011-10-07 11:43:00,2011-10-07 11:43:00,10,United Kingdom,63,1,256.38,256.38,56,0
13807.0,3,534.8,152,2009-12-04 12:41:00,2010-12-07 15:48:00,24,United Kingdom,367,3,534.8,178.26666666666665,152,1
13808.0,5,1747.66,782,2011-09-04 12:07:00,2011-12-04 12:18:00,70,United Kingdom,5,5,1747.66,349.53200000000004,782,0
13809.0,3,679.7,281,2010-09-05 11:42:00,2011-02-07 13:15:00,23,Cyprus,305,3,679.7,226.5666666666667,281,1
13810.0,3,1499.01,312,2011-10-14 12:57:00,2011-11-11 08:33:00,32,Germany,28,3,1499.01,499.67,312,0
13811.0,3,814.5,68,2011-04-14 18:40:00,2011-06-09 09:54:00,7,Germany,183,3,814.5,271.5,68,1
13812.0,3,539.0,333,2011-08-26 12:54:00,2011-10-28 14:27:00,33,Germany,42,3,539.0,179.66666666666666,333,0
13813.0,8,2765.47,1292,2009-12-06 10:16:00,2011-10-31 10:38:00,84,Germany,39,8,2765.47,345.68375,1292,0
13814.0,3,2257.32,1214,2010-06-30 14:12:00,2011-09-08 13:48:00,56,Germany,92,3,2257.32,752.44,1214,0
13815.0,8,7475.74,5381,2010-02-12 10:26:00,2011-11-17 14:19:00,203,Germany,22,8,7475.74,934.4675,5381,0
13816.0,2,571.6700000000001,269,2011-10-06 14:37:00,2011-11-16 08:38:00,25,Germany,23,2,571.6700000000001,285.83500000000004,269,0
13817.0,2,382.98,211,2010-12-23 11:46:00,2011-11-10 17:49:00,20,Germany,29,2,382.98,191.49,211,0
13818.0,1,61.28,60,2010-10-06 12:35:00,2010-10-06 12:35:00,5,United Kingdom,429,1,61.28,61.28,60,1
13819.0,6,2642.35,2309,2009-12-01 16:18:00,2011-02-11 10:38:00,47,United Kingdom,301,6,2642.35,440.39166666666665,2309,1
13820.0,3,660.65,287,2010-01-28 12:26:00,2010-10-17 13:46:00,68,United Kingdom,418,3,660.65,220.21666666666667,287,1
13821.0,6,1410.73,483,2010-01-04 13:36:00,2011-07-18 09:49:00,158,United Kingdom,144,6,1410.73,235.12166666666667,483,0
13822.0,2,632.0,611,2011-10-30 15:55:00,2011-12-04 12:13:00,90,United Kingdom,5,2,632.0,316.0,611,0
13823.0,7,3403.4500000000003,1564,2009-12-15 14:34:00,2011-11-21 10:22:00,108,United Kingdom,18,7,3403.4500000000003,486.2071428571429,1564,0
13824.0,12,3314.76,1442,2010-03-12 15:17:00,2011-11-07 12:41:00,59,United Kingdom,32,12,3314.76,276.23,1442,0
13825.0,2,255.59,182,2009-12-09 14:30:00,2010-03-28 11:02:00,38,United Kingdom,621,2,255.59,127.795,182,1
13826.0,1,189.5,82,2011-06-16 13:48:00,2011-06-16 13:48:00,10,United Kingdom,176,1,189.5,189.5,82,0
13827.0,3,412.05,141,2011-07-19 15:38:00,2011-10-13 12:38:00,83,United Kingdom,57,3,412.05,137.35,141,0
13828.0,1,209.49,311,2011-11-17 16:02:00,2011-11-17 16:02:00,15,United Kingdom,22,1,209.49,209.49,311,0
13829.0,1,102.0,12,2010-10-14 18:19:00,2010-10-14 18:19:00,1,United Kingdom,421,1,102.0,102.0,12,1
13830.0,1,156.85000000000002,47,2010-05-07 12:24:00,2010-05-07 12:24:00,11,United Kingdom,581,1,156.85000000000002,156.85000000000002,47,1
13831.0,18,7023.58,2557,2009-12-10 14:50:00,2011-11-23 15:41:00,121,United Kingdom,16,18,7023.58,390.19888888888886,2557,0
13832.0,2,613.6899999999999,422,2010-10-13 14:41:00,2011-11-20 15:36:00,54,United Kingdom,19,2,613.6899999999999,306.845,422,0
13833.0,2,701.36,244,2010-10-31 14:11:00,2011-07-03 13:27:00,43,United Kingdom,159,2,701.36,350.68,244,0
13834.0,2,324.19,221,2010-02-08 12:52:00,2010-05-12 10:27:00,15,United Kingdom,576,2,324.19,162.095,221,1
13835.0,7,1095.27,520,2010-03-04 08:26:00,2011-11-14 15:37:00,60,United Kingdom,25,7,1095.27,156.46714285714285,520,0
13836.0,2,620.37,273,2010-10-21 13:27:00,2010-11-05 13:31:00,29,United Kingdom,399,2,620.37,310.185,273,1
13837.0,2,271.24,183,2011-01-26 12:15:00,2011-05-12 12:10:00,17,United Kingdom,211,2,271.24,135.62,183,1
13838.0,10,1966.09,794,2010-05-09 11:40:00,2011-12-04 11:00:00,328,United Kingdom,5,10,1966.09,196.609,794,0
13839.0,1,139.95000000000002,25,2010-08-10 13:52:00,2010-08-10 13:52:00,7,United Kingdom,486,1,139.95000000000002,139.95000000000002,25,1
13840.0,1,651.4,358,2010-10-19 13:34:00,2010-10-19 13:34:00,40,United Kingdom,416,1,651.4,651.4,358,1
13841.0,1,85.0,100,2011-04-01 12:10:00,2011-04-01 12:10:00,1,United Kingdom,252,1,85.0,85.0,100,1
13842.0,18,5629.91,2879,2010-02-16 15:54:00,2011-10-12 10:51:00,214,United Kingdom,58,18,5629.91,312.7727777777778,2879,0
13843.0,1,319.75,145,2010-11-23 17:48:00,2010-11-23 17:48:00,18,United Kingdom,381,1,319.75,319.75,145,1
13844.0,1,361.62,196,2011-11-28 13:21:00,2011-11-28 13:21:00,20,United Kingdom,11,1,361.62,361.62,196,0
13845.0,1,312.98,182,2011-10-06 08:25:00,2011-10-06 08:25:00,9,United Kingdom,64,1,312.98,312.98,182,0
13846.0,4,1307.79,705,2010-11-05 09:47:00,2011-11-15 12:07:00,81,United Kingdom,24,4,1307.79,326.9475,705,0
13847.0,1,310.72,96,2009-12-20 10:41:00,2009-12-20 10:41:00,19,United Kingdom,719,1,310.72,310.72,96,1
13848.0,8,3335.0,10200,2009-12-09 16:17:00,2011-09-08 12:58:00,3,United Kingdom,92,8,3335.0,416.875,10200,0
13849.0,5,3469.3,1883,2010-03-25 12:03:00,2011-10-19 10:59:00,189,United Kingdom,51,5,3469.3,693.86,1883,0
13850.0,1,1595.48,944,2011-08-02 14:04:00,2011-08-02 14:04:00,93,United Kingdom,129,1,1595.48,1595.48,944,0
13851.0,8,4606.46,2525,2010-01-29 11:54:00,2011-09-05 12:36:00,111,United Kingdom,95,8,4606.46,575.8075,2525,0
13852.0,1,187.35,85,2010-04-08 09:06:00,2010-04-08 09:06:00,11,United Kingdom,610,1,187.35,187.35,85,1
13853.0,1,1090.14,312,2011-10-13 14:18:00,2011-10-13 14:18:00,23,United Kingdom,57,1,1090.14,1090.14,312,0
13854.0,39,12253.96,3710,2010-01-08 11:28:00,2011-12-01 09:06:00,61,United Kingdom,8,39,12253.96,314.2041025641025,3710,0
13855.0,4,1310.34,575,2009-12-08 16:56:00,2010-07-27 09:53:00,64,United Kingdom,500,4,1310.34,327.585,575,1
13856.0,11,1142.03,1105,2010-03-30 15:40:00,2011-06-24 10:03:00,33,United Kingdom,168,11,1142.03,103.82090909090908,1105,0
13857.0,6,1001.01,782,2010-05-17 14:21:00,2010-11-11 12:54:00,99,United Kingdom,393,6,1001.01,166.835,782,1
13858.0,1,216.17,75,2011-10-13 16:17:00,2011-10-13 16:17:00,11,United Kingdom,57,1,216.17,216.17,75,0
13859.0,2,515.86,167,2010-06-28 15:36:00,2011-01-17 16:14:00,34,United Kingdom,326,2,515.86,257.93,167,1
13860.0,5,1245.9,591,2011-09-14 09:27:00,2011-12-08 12:57:00,58,United Kingdom,1,5,1245.9,249.18,591,0
13861.0,2,273.26,225,2010-06-27 11:37:00,2010-10-06 14:20:00,21,United Kingdom,429,2,273.26,136.63,225,1
13862.0,9,2556.09,1927,2010-11-15 13:43:00,2011-11-21 16:24:00,113,United Kingdom,18,9,2556.09,284.01,1927,0
13863.0,4,1239.55,553,2010-04-25 13:09:00,2011-04-06 10:20:00,59,United Kingdom,247,4,1239.55,309.8875,553,1
13864.0,1,662.4000000000001,192,2010-11-18 12:50:00,2010-11-18 12:50:00,1,United Kingdom,386,1,662.4000000000001,662.4000000000001,192,1
13865.0,4,501.56,204,2011-02-23 12:04:00,2011-10-12 13:31:00,26,United Kingdom,58,4,501.56,125.39,204,0
13866.0,1,145.67000000000002,57,2011-09-26 14:54:00,2011-09-26 14:54:00,7,United Kingdom,74,1,145.67000000000002,145.67000000000002,57,0
13867.0,3,1015.29,513,2011-05-05 17:28:00,2011-11-08 15:48:00,51,United Kingdom,31,3,1015.29,338.43,513,0
13868.0,2,3192.54,1964,2011-11-01 12:45:00,2011-12-02 16:32:00,32,United Kingdom,7,2,3192.54,1596.27,1964,0
13869.0,10,8111.57,4358,2010-01-17 14:53:00,2011-08-08 13:53:00,502,United Kingdom,123,10,8111.57,811.1569999999999,4358,0
13870.0,15,5712.08,3449,2010-02-08 12:08:00,2011-12-07 13:23:00,159,United Kingdom,2,15,5712.08,380.80533333333335,3449,0
13871.0,17,7885.85,3502,2009-12-20 13:09:00,2011-11-17 10:49:00,183,United Kingdom,22,17,7885.85,463.8735294117647,3502,0
13872.0,3,919.57,339,2009-12-14 09:56:00,2010-06-30 15:35:00,51,United Kingdom,527,3,919.57,306.52333333333337,339,1
13873.0,8,1038.92,472,2010-03-03 12:31:00,2011-08-12 10:08:00,55,United Kingdom,119,8,1038.92,129.865,472,0
13874.0,7,2049.15,864,2010-02-04 18:39:00,2010-12-16 18:20:00,46,United Kingdom,358,7,2049.15,292.7357142857143,864,1
13875.0,14,4814.37,3072,2009-12-17 10:30:00,2011-10-17 09:36:00,159,United Kingdom,53,14,4814.37,343.88357142857143,3072,0
13876.0,1,122.7,36,2011-10-07 10:22:00,2011-10-07 10:22:00,7,United Kingdom,63,1,122.7,122.7,36,0
13877.0,3,449.68,478,2010-01-19 10:53:00,2011-09-14 15:49:00,23,United Kingdom,86,3,449.68,149.89333333333337,478,0
13878.0,4,2473.06,959,2010-04-14 13:50:00,2011-10-16 12:19:00,93,United Kingdom,54,4,2473.06,618.265,959,0
13879.0,1,395.5,204,2010-03-04 10:49:00,2010-03-04 10:49:00,25,United Kingdom,645,1,395.5,395.5,204,1
13880.0,17,4391.66,2589,2010-05-26 14:29:00,2011-11-18 13:44:00,148,United Kingdom,21,17,4391.66,258.33294117647057,2589,0
13881.0,43,45179.1,29760,2010-03-04 14:41:00,2011-12-06 12:50:00,182,United Kingdom,3,43,45179.1,1050.6767441860466,29760,0
13882.0,5,1191.13,953,2011-10-06 15:28:00,2011-12-07 11:16:00,54,United Kingdom,2,5,1191.13,238.22600000000003,953,0
13883.0,15,6560.02,3584,2009-12-08 17:26:00,2011-11-29 10:45:00,200,United Kingdom,10,15,6560.02,437.3346666666667,3584,0
13884.0,10,1888.48,797,2010-08-26 19:57:00,2011-12-02 16:30:00,108,United Kingdom,7,10,1888.48,188.848,797,0
13885.0,2,506.8,182,2011-05-23 08:52:00,2011-06-03 15:07:00,28,United Kingdom,189,2,506.8,253.4,182,1
13886.0,1,243.56,126,2011-09-29 13:17:00,2011-09-29 13:17:00,16,United Kingdom,71,1,243.56,243.56,126,0
13887.0,1,349.55,147,2011-05-19 17:22:00,2011-05-19 17:22:00,19,United Kingdom,204,1,349.55,349.55,147,1
13888.0,7,2169.05,903,2010-05-13 11:57:00,2011-08-12 10:13:00,124,United Kingdom,119,7,2169.05,309.86428571428576,903,0
13889.0,6,1991.23,979,2010-01-22 14:32:00,2011-09-08 09:13:00,57,United Kingdom,92,6,1991.23,331.87166666666667,979,0
13890.0,14,2927.38,1392,2009-12-06 15:15:00,2011-12-08 15:36:00,100,United Kingdom,1,14,2927.38,209.09857142857143,1392,0
13891.0,3,863.5600000000001,479,2010-05-06 16:02:00,2010-11-26 15:57:00,97,United Kingdom,378,3,863.5600000000001,287.8533333333333,479,1
13892.0,6,1267.65,3125,2010-05-13 10:32:00,2011-11-13 11:50:00,33,United Kingdom,26,6,1267.65,211.275,3125,0
13893.0,1,821.1,190,2011-02-15 11:30:00,2011-02-15 11:30:00,21,United Kingdom,297,1,821.1,821.1,190,1
13894.0,3,564.62,354,2011-02-02 12:54:00,2011-11-16 09:44:00,25,United Kingdom,23,3,564.62,188.20666666666668,354,0
13895.0,6,4008.52,2060,2009-12-03 13:09:00,2011-11-11 16:57:00,154,United Kingdom,28,6,4008.52,668.0866666666667,2060,0
13896.0,1,388.55,149,2010-03-24 08:55:00,2010-03-24 08:55:00,21,United Kingdom,625,1,388.55,388.55,149,1
13897.0,3,1160.72,820,2010-01-31 13:48:00,2011-10-20 14:30:00,58,United Kingdom,50,3,1160.72,386.9066666666667,820,0
13898.0,2,686.4,544,2010-10-24 15:42:00,2011-01-18 10:28:00,43,United Kingdom,325,2,686.4,343.2,544,1
13899.0,2,388.52,156,2011-03-10 09:30:00,2011-11-23 13:40:00,19,United Kingdom,16,2,388.52,194.26,156,0
13900.0,6,1610.59,938,2010-03-25 13:46:00,2011-06-09 19:26:00,80,United Kingdom,183,6,1610.59,268.4316666666667,938,1
13901.0,15,5676.34,3344,2010-01-05 09:29:00,2011-09-28 14:48:00,280,United Kingdom,72,15,5676.34,378.42266666666666,3344,0
13902.0,5,34095.26,220600,2009-12-15 10:02:00,2010-03-17 13:09:00,58,Denmark,632,5,34095.26,6819.052000000001,220600,1
13903.0,1,165.45000000000002,103,2010-11-04 17:44:00,2010-11-04 17:44:00,10,United Kingdom,400,1,165.45000000000002,165.45000000000002,103,1
13904.0,2,332.64,332,2011-02-18 11:18:00,2011-11-02 13:41:00,24,United Kingdom,37,2,332.64,166.32,332,0
13905.0,1,312.65,135,2009-12-07 11:41:00,2009-12-07 11:41:00,12,United Kingdom,732,1,312.65,312.65,135,1
13906.0,1,42.0,100,2010-10-26 15:00:00,2010-10-26 15:00:00,1,United Kingdom,409,1,42.0,42.0,100,1
13907.0,1,136.8,68,2010-01-17 12:22:00,2010-01-17 12:22:00,4,United Kingdom,691,1,136.8,136.8,68,1
13908.0,4,2369.55,1478,2011-03-08 12:04:00,2011-09-21 11:49:00,104,United Kingdom,79,4,2369.55,592.3875,1478,0
13909.0,2,286.6,302,2010-07-06 16:52:00,2010-10-12 17:22:00,35,United Kingdom,423,2,286.6,143.3,302,1
13911.0,20,4234.99,4487,2010-03-01 16:31:00,2011-10-13 15:43:00,178,United Kingdom,57,20,4234.99,211.7495,4487,0
13912.0,1,124.95,29,2010-10-12 08:43:00,2010-10-12 08:43:00,7,United Kingdom,423,1,124.95,124.95,29,1
13913.0,1,42.22,10,2010-07-21 10:11:00,2010-07-21 10:11:00,3,United Kingdom,506,1,42.22,42.22,10,1
13914.0,2,626.45,380,2011-11-03 16:28:00,2011-11-28 10:35:00,28,United Kingdom,11,2,626.45,313.225,380,0
13915.0,1,70.80000000000001,24,2010-11-10 15:17:00,2010-11-10 15:17:00,2,United Kingdom,394,1,70.80000000000001,70.80000000000001,24,1
13916.0,4,1275.81,673,2010-02-02 10:06:00,2010-09-02 10:04:00,72,United Kingdom,463,4,1275.81,318.9525,673,1
13917.0,2,272.04,228,2011-06-01 12:46:00,2011-10-21 09:56:00,16,United Kingdom,49,2,272.04,136.02,228,0
13918.0,2,1212.84,1140,2011-03-31 18:05:00,2011-10-21 12:25:00,30,United Kingdom,49,2,1212.84,606.42,1140,0
13919.0,4,1360.68,1133,2010-06-17 09:30:00,2011-10-11 14:24:00,65,Denmark,59,4,1360.68,340.17,1133,0
13920.0,4,1774.68,1772,2010-05-26 15:48:00,2010-10-04 12:37:00,81,United Kingdom,431,4,1774.68,443.67,1772,1
13921.0,4,730.7,210,2009-12-18 12:19:00,2010-11-02 16:32:00,36,United Kingdom,402,4,730.7,182.675,210,1
13922.0,3,865.2,467,2010-08-29 14:36:00,2010-12-23 10:38:00,30,United Kingdom,351,3,865.2,288.40000000000003,467,1
13923.0,1,351.13,185,2011-10-17 12:33:00,2011-10-17 12:33:00,20,United Kingdom,53,1,351.13,351.13,185,0
13924.0,6,1838.85,1575,2011-09-28 15:07:00,2011-12-08 09:39:00,90,United Kingdom,1,6,1838.85,306.475,1575,0
13925.0,4,678.25,331,2011-07-28 12:09:00,2011-09-08 12:47:00,28,United Kingdom,92,4,678.25,169.5625,331,0
13926.0,1,223.85,104,2011-11-16 13:16:00,2011-11-16 13:16:00,11,United Kingdom,23,1,223.85,223.85,104,0
13927.0,2,708.26,463,2010-09-28 16:12:00,2011-09-26 12:00:00,37,United Kingdom,74,2,708.26,354.13,463,0
13928.0,4,464.57,129,2011-07-29 15:59:00,2011-11-29 10:33:00,23,United Kingdom,10,4,464.57,116.1425,129,0
13929.0,11,3494.1,1566,2010-01-14 07:25:00,2011-06-23 15:26:00,38,United Kingdom,169,11,3494.1,317.6454545454545,1566,0
13930.0,2,337.34,274,2011-07-26 11:00:00,2011-10-13 09:45:00,15,United Kingdom,57,2,337.34,168.67,274,0
13931.0,11,5257.38,3488,2009-12-03 10:26:00,2011-09-05 10:12:00,205,United Kingdom,95,11,5257.38,477.9436363636364,3488,0
13932.0,1,307.4,72,2011-02-18 12:02:00,2011-02-18 12:02:00,16,United Kingdom,294,1,307.4,307.4,72,1
13933.0,2,608.7900000000001,205,2011-07-14 13:35:00,2011-08-22 14:03:00,23,United Kingdom,109,2,608.7900000000001,304.39500000000004,205,0
13934.0,1,922.1,390,2011-03-21 08:39:00,2011-03-21 08:39:00,31,United Kingdom,263,1,922.1,922.1,390,1
13935.0,3,6116.92,2252,2010-02-25 16:01:00,2010-04-22 11:21:00,67,United Kingdom,596,3,6116.92,2038.9733333333331,2252,1
13936.0,3,939.66,661,2010-10-21 14:21:00,2011-06-13 08:47:00,56,United Kingdom,179,3,939.66,313.22,661,0
13937.0,2,880.13,587,2010-11-02 12:37:00,2011-06-23 16:35:00,54,United Kingdom,169,2,880.13,440.065,587,0
13938.0,1,71.66,70,2011-11-04 14:37:00,2011-11-04 14:37:00,7,United Kingdom,35,1,71.66,71.66,70,0
13939.0,7,1560.96,1608,2010-04-06 12:43:00,2011-11-16 13:33:00,91,United Kingdom,23,7,1560.96,222.99428571428567,1608,0
13940.0,4,839.14,516,2011-07-18 16:05:00,2011-11-22 15:15:00,39,United Kingdom,17,4,839.14,209.785,516,0
13941.0,15,11122.3,5426,2009-12-16 16:10:00,2011-11-18 09:43:00,42,United Kingdom,21,15,11122.3,741.4866666666666,5426,0
13942.0,1,320.0,1000,2010-06-23 12:35:00,2010-06-23 12:35:00,1,United Kingdom,534,1,320.0,320.0,1000,1
13943.0,1,246.54,94,2010-05-11 11:30:00,2010-05-11 11:30:00,15,United Kingdom,577,1,246.54,246.54,94,1
13944.0,1,200.43,153,2010-02-24 15:02:00,2010-02-24 15:02:00,35,United Kingdom,653,1,200.43,200.43,153,1
13945.0,2,854.15,413,2010-08-17 09:59:00,2010-11-10 10:00:00,49,United Kingdom,394,2,854.15,427.075,413,1
13946.0,6,1876.23,2847,2009-12-04 11:07:00,2011-09-21 13:33:00,49,United Kingdom,79,6,1876.23,312.705,2847,0
13947.0,1,90.6,44,2011-10-05 14:42:00,2011-10-05 14:42:00,5,United Kingdom,65,1,90.6,90.6,44,0
13948.0,4,548.76,248,2009-12-04 12:14:00,2010-12-14 10:18:00,23,United Kingdom,360,4,548.76,137.19,248,1
13949.0,6,2427.32,2474,2011-09-06 11:55:00,2011-12-07 09:35:00,124,United Kingdom,2,6,2427.32,404.5533333333333,2474,0
13950.0,4,745.06,323,2011-04-07 11:29:00,2011-11-28 14:44:00,33,United Kingdom,11,4,745.06,186.265,323,0
13951.0,3,674.45,459,2011-02-18 15:21:00,2011-06-16 16:43:00,38,United Kingdom,176,3,674.45,224.8166666666667,459,0
13952.0,14,12823.521,5947,2009-12-16 09:41:00,2011-05-06 09:00:00,238,United Kingdom,217,14,12823.521,915.9657857142856,5947,1
13953.0,12,6640.68,5224,2009-12-11 12:58:00,2011-12-02 16:04:00,8,United Kingdom,7,12,6640.68,553.39,5224,0
13954.0,2,439.92,150,2011-09-30 10:52:00,2011-12-08 12:50:00,24,United Kingdom,1,2,439.92,219.96,150,0
13955.0,3,545.17,274,2010-11-29 17:35:00,2011-07-08 17:19:00,82,United Kingdom,154,3,545.17,181.72333333333333,274,0
13956.0,5,1026.42,491,2011-03-13 12:51:00,2011-12-04 13:20:00,123,United Kingdom,5,5,1026.42,205.284,491,0
13957.0,3,458.25,157,2010-02-19 10:32:00,2010-10-18 10:02:00,21,United Kingdom,417,3,458.25,152.75,157,1
13958.0,8,4709.2300000000005,2264,2009-12-05 13:12:00,2010-11-25 10:11:00,172,United Kingdom,379,8,4709.2300000000005,588.6537500000001,2264,1
13959.0,6,1076.18,700,2010-07-16 15:11:00,2011-09-21 15:06:00,120,United Kingdom,79,6,1076.18,179.36333333333334,700,0
13960.0,2,230.22,142,2011-09-29 12:39:00,2011-11-18 15:27:00,11,United Kingdom,21,2,230.22,115.11,142,0
13961.0,1,538.4,226,2010-11-12 14:40:00,2010-11-12 14:40:00,19,United Kingdom,392,1,538.4,538.4,226,1
13962.0,3,362.8,160,2010-09-30 10:35:00,2011-11-18 08:47:00,23,United Kingdom,21,3,362.8,120.93333333333334,160,0
13963.0,17,3011.87,2061,2010-04-21 16:20:00,2011-02-04 14:43:00,129,United Kingdom,308,17,3011.87,177.16882352941175,2061,1
13964.0,2,438.9,228,2010-10-05 12:38:00,2010-11-17 13:53:00,22,United Kingdom,387,2,438.9,219.45,228,1
13965.0,3,996.61,425,2010-01-05 15:21:00,2010-08-20 10:40:00,23,United Kingdom,476,3,996.61,332.2033333333333,425,1
13966.0,1,390.86,772,2010-09-30 13:08:00,2010-09-30 13:08:00,21,United Kingdom,435,1,390.86,390.86,772,1
13967.0,2,166.3,66,2010-11-08 13:24:00,2011-07-17 12:02:00,4,United Kingdom,145,2,166.3,83.15,66,0
13968.0,1,123.66,174,2010-10-12 13:22:00,2010-10-12 13:22:00,8,United Kingdom,423,1,123.66,123.66,174,1
13969.0,35,13365.87,6817,2010-03-25 13:15:00,2011-12-02 15:11:00,472,United Kingdom,7,35,13365.87,381.882,6817,0
13970.0,2,846.55,469,2010-09-28 11:53:00,2010-11-18 13:21:00,10,United Kingdom,386,2,846.55,423.275,469,1
13971.0,14,4667.57,3084,2010-01-26 09:51:00,2011-11-21 12:06:00,184,United Kingdom,18,14,4667.57,333.3978571428571,3084,0
13972.0,2,190.25,187,2011-05-22 11:34:00,2011-09-30 11:54:00,15,United Kingdom,70,2,190.25,95.125,187,0
13973.0,1,264.7,109,2011-02-25 15:21:00,2011-02-25 15:21:00,11,United Kingdom,287,1,264.7,264.7,109,1
13974.0,2,677.72,356,2010-05-06 17:55:00,2011-10-21 14:41:00,43,United Kingdom,49,2,677.72,338.86,356,0
13975.0,12,5358.84,3934,2010-02-02 13:13:00,2011-11-08 13:19:00,434,United Kingdom,31,12,5358.84,446.57,3934,0
13976.0,4,1192.36,452,2010-02-09 13:08:00,2011-05-17 09:13:00,49,United Kingdom,206,4,1192.36,298.09,452,1
13977.0,1,519.8100000000001,303,2010-10-24 14:08:00,2010-10-24 14:08:00,13,United Kingdom,411,1,519.8100000000001,519.8100000000001,303,1
13978.0,2,196.79,315,2011-10-25 15:04:00,2011-11-25 11:36:00,14,United Kingdom,14,2,196.79,98.395,315,0
13979.0,7,3416.23,2296,2009-12-03 10:02:00,2011-09-27 13:32:00,356,United Kingdom,73,7,3416.23,488.0328571428572,2296,0
13980.0,5,799.92,477,2010-02-21 14:18:00,2011-10-10 13:34:00,57,United Kingdom,60,5,799.92,159.98399999999998,477,0
13981.0,1,331.14,234,2010-10-20 10:03:00,2010-10-20 10:03:00,22,United Kingdom,415,1,331.14,331.14,234,1
13982.0,9,4445.59,2736,2010-01-20 14:04:00,2011-10-31 16:24:00,123,United Kingdom,39,9,4445.59,493.9544444444445,2736,0
13983.0,21,7108.45,4157,2009-12-09 13:53:00,2011-11-10 11:06:00,238,United Kingdom,29,21,7108.45,338.497619047619,4157,0
13984.0,12,2048.6,1421,2009-12-07 11:51:00,2011-11-13 12:38:00,53,United Kingdom,26,12,2048.6,170.71666666666667,1421,0
13985.0,22,10020.86,4936,2010-02-09 13:56:00,2011-12-05 17:06:00,149,United Kingdom,4,22,10020.86,455.4936363636364,4936,0
13986.0,1,320.46,430,2011-11-22 15:00:00,2011-11-22 15:00:00,12,United Kingdom,17,1,320.46,320.46,430,0
13987.0,2,682.54,492,2010-11-04 09:54:00,2010-11-25 10:20:00,46,United Kingdom,379,2,682.54,341.27,492,1
13988.0,8,4757.8,3385,2010-03-24 11:05:00,2011-11-20 10:15:00,218,United Kingdom,19,8,4757.8,594.725,3385,0
13989.0,5,2026.06,2207,2010-05-25 12:13:00,2011-10-05 09:47:00,61,United Kingdom,65,5,2026.06,405.212,2207,0
13990.0,1,311.3,190,2011-05-10 15:19:00,2011-05-10 15:19:00,16,United Kingdom,213,1,311.3,311.3,190,1
13991.0,6,855.97,998,2011-07-19 12:58:00,2011-11-27 16:18:00,58,United Kingdom,12,6,855.97,142.66166666666666,998,0
13992.0,3,219.5,154,2010-09-02 17:04:00,2011-11-09 15:23:00,10,United Kingdom,30,3,219.5,73.16666666666667,154,0
13993.0,19,6775.71,2135,2009-12-03 11:57:00,2011-10-28 09:06:00,110,United Kingdom,42,19,6775.71,356.6163157894737,2135,0
13994.0,6,2313.14,940,2011-07-14 18:28:00,2011-12-06 11:05:00,122,United Kingdom,3,6,2313.14,385.5233333333333,940,0
13995.0,14,3902.01,2359,2009-12-18 12:43:00,2011-11-24 14:22:00,146,United Kingdom,15,14,3902.01,278.71500000000003,2359,0
13996.0,2,895.76,613,2010-11-05 15:07:00,2010-11-18 16:27:00,29,United Kingdom,386,2,895.76,447.88,613,1
13997.0,3,382.31,146,2010-06-07 17:33:00,2010-07-08 18:06:00,36,United Kingdom,519,3,382.31,127.43666666666668,146,1
13998.0,3,566.7,204,2010-05-12 13:18:00,2010-09-19 10:20:00,30,United Kingdom,446,3,566.7,188.9,204,1
13999.0,29,9502.26,5043,2009-12-05 12:42:00,2011-11-29 13:40:00,174,United Kingdom,10,29,9502.26,327.6641379310345,5043,0
14000.0,5,2046.34,1838,2009-12-02 09:50:00,2011-05-12 16:50:00,28,United Kingdom,211,5,2046.34,409.268,1838,1
14001.0,9,4530.09,1873,2010-08-03 12:49:00,2011-10-25 10:31:00,60,United Kingdom,45,9,4530.09,503.34333333333336,1873,0
14002.0,2,529.73,877,2011-07-06 14:59:00,2011-07-28 15:55:00,47,United Kingdom,134,2,529.73,264.865,877,0
14003.0,1,209.41,149,2009-12-07 08:53:00,2009-12-07 08:53:00,16,United Kingdom,732,1,209.41,209.41,149,1
14004.0,11,6258.45,3425,2010-09-30 09:39:00,2011-10-27 14:40:00,127,United Kingdom,43,11,6258.45,568.9499999999999,3425,0
14005.0,5,2874.72,2478,2011-05-08 10:33:00,2011-11-30 12:41:00,53,United Kingdom,9,5,2874.72,574.944,2478,0
14006.0,7,2196.67,2181,2010-02-25 09:45:00,2011-08-16 09:39:00,55,United Kingdom,115,7,2196.67,313.81,2181,0
14007.0,1,79.48,16,2010-07-15 09:06:00,2010-07-15 09:06:00,5,United Kingdom,512,1,79.48,79.48,16,1
14008.0,1,509.04,326,2010-10-03 13:09:00,2010-10-03 13:09:00,32,United Kingdom,432,1,509.04,509.04,326,1
14009.0,3,1099.91,951,2010-09-03 12:08:00,2011-05-25 15:47:00,71,United Kingdom,198,3,1099.91,366.6366666666667,951,1
14010.0,2,445.15,177,2010-05-23 12:46:00,2010-05-23 13:00:00,20,United Kingdom,565,2,445.15,222.575,177,1
14011.0,2,457.82,644,2010-04-11 13:40:00,2010-08-16 15:31:00,32,United Kingdom,480,2,457.82,228.91,644,1
14012.0,1,328.8,160,2011-03-07 12:26:00,2011-03-07 12:26:00,11,United Kingdom,277,1,328.8,328.8,160,1
14013.0,5,1084.57,775,2010-03-26 10:02:00,2011-08-21 15:01:00,56,United Kingdom,110,5,1084.57,216.914,775,0
14014.0,3,1948.21,2004,2010-05-12 09:04:00,2011-09-23 13:18:00,76,United Kingdom,77,3,1948.21,649.4033333333333,2004,0
14015.0,1,917.34,378,2011-10-18 10:02:00,2011-10-18 10:02:00,20,United Kingdom,52,1,917.34,917.34,378,0
14016.0,11,11403.41,5722,2010-01-08 14:12:00,2011-07-01 11:29:00,354,EIRE,161,11,11403.41,1036.6736363636364,5722,0
14017.0,1,229.75,73,2010-05-17 14:52:00,2010-05-17 14:52:00,14,United Kingdom,571,1,229.75,229.75,73,1
14018.0,1,367.15,224,2010-03-04 14:23:00,2010-03-04 14:23:00,13,United Kingdom,645,1,367.15,367.15,224,1
14019.0,3,1421.61,1037,2011-07-24 15:39:00,2011-10-24 10:13:00,37,United Kingdom,46,3,1421.61,473.87,1037,0
14020.0,4,1249.01,648,2010-06-28 15:29:00,2011-11-23 09:22:00,63,United Kingdom,16,4,1249.01,312.2525,648,0
14021.0,7,1716.58,878,2010-04-26 11:22:00,2011-07-07 15:46:00,84,United Kingdom,155,7,1716.58,245.22571428571428,878,0
14022.0,2,792.15,681,2010-08-10 09:38:00,2011-04-28 14:39:00,45,United Kingdom,225,2,792.15,396.075,681,1
14023.0,2,584.07,345,2011-04-03 15:50:00,2011-12-02 13:58:00,30,United Kingdom,7,2,584.07,292.035,345,0
14024.0,3,645.74,238,2010-11-14 10:51:00,2011-08-10 11:30:00,33,United Kingdom,121,3,645.74,215.24666666666667,238,0
14025.0,8,4057.9,1914,2010-05-05 09:56:00,2010-09-01 10:11:00,60,United Kingdom,464,8,4057.9,507.2375,1914,1
14026.0,2,713.11,427,2010-03-24 14:10:00,2010-08-26 10:31:00,43,United Kingdom,470,2,713.11,356.555,427,1
14027.0,1,104.82,62,2011-10-10 09:01:00,2011-10-10 09:01:00,6,United Kingdom,60,1,104.82,104.82,62,0
14028.0,3,10396.5,7170,2010-06-07 12:02:00,2010-06-07 13:33:00,3,United Kingdom,550,3,10396.5,3465.5,7170,1
14029.0,2,467.66,198,2011-07-18 16:57:00,2011-10-07 14:46:00,15,United Kingdom,63,2,467.66,233.83,198,0
14030.0,20,8262.29,4350,2009-12-10 17:27:00,2011-11-21 16:48:00,591,United Kingdom,18,20,8262.29,413.1145,4350,0
14031.0,44,40999.17,14507,2009-12-03 15:35:00,2011-12-02 17:13:00,280,United Kingdom,7,44,40999.17,931.7993181818182,14507,0
14032.0,16,4850.27,3916,2009-12-14 12:02:00,2011-12-07 15:23:00,79,United Kingdom,2,16,4850.27,303.141875,3916,0
14033.0,1,109.44,576,2010-06-02 15:10:00,2010-06-02 15:10:00,1,United Kingdom,555,1,109.44,109.44,576,1
14034.0,3,651.8199999999999,423,2011-07-05 13:06:00,2011-11-17 14:02:00,82,United Kingdom,22,3,651.8199999999999,217.2733333333333,423,0
14035.0,9,2856.72,1419,2010-04-06 12:39:00,2011-11-11 10:03:00,70,United Kingdom,28,9,2856.72,317.4133333333333,1419,0
14036.0,1,626.65,268,2011-02-28 09:26:00,2011-02-28 09:26:00,38,United Kingdom,284,1,626.65,626.65,268,1
14037.0,6,836.95,590,2009-12-07 11:39:00,2011-06-16 13:57:00,96,United Kingdom,176,6,836.95,139.49166666666667,590,0
14038.0,5,3069.88,1708,2010-02-04 08:56:00,2011-09-22 13:37:00,99,United Kingdom,78,5,3069.88,613.976,1708,0
14039.0,2,267.28000000000003,192,2010-05-13 10:15:00,2011-11-06 13:48:00,10,United Kingdom,33,2,267.28000000000003,133.64,192,0
14040.0,35,12645.57,5044,2009-12-01 12:14:00,2011-10-30 12:42:00,335,United Kingdom,40,35,12645.57,361.302,5044,0
14041.0,1,141.41,94,2011-03-18 13:25:00,2011-03-18 13:25:00,21,United Kingdom,266,1,141.41,141.41,94,1
14042.0,1,431.98,180,2009-12-14 15:07:00,2009-12-14 15:07:00,21,United Kingdom,725,1,431.98,431.98,180,1
14043.0,2,304.25,153,2009-12-10 15:56:00,2010-08-05 18:18:00,37,United Kingdom,491,2,304.25,152.125,153,1
14044.0,10,3123.1,2126,2010-01-24 15:14:00,2011-11-13 12:05:00,533,United Kingdom,26,10,3123.1,312.31,2126,0
14045.0,16,11313.03,4587,2010-01-08 10:08:00,2011-08-22 15:27:00,16,United Kingdom,109,16,11313.03,707.064375,4587,0
14046.0,1,154.99,460,2011-02-28 14:48:00,2011-02-28 14:48:00,14,United Kingdom,284,1,154.99,154.99,460,1
14047.0,14,4255.03,1649,2010-02-01 10:05:00,2011-12-01 11:43:00,91,United Kingdom,8,14,4255.03,303.93071428571426,1649,0
14048.0,3,748.69,467,2010-11-22 14:08:00,2011-02-07 14:53:00,126,United Kingdom,305,3,748.69,249.56333333333336,467,1
14049.0,13,13239.03,8609,2010-04-01 14:52:00,2011-11-23 12:20:00,573,United Kingdom,16,13,13239.03,1018.3869230769232,8609,0
14050.0,2,746.36,689,2011-08-25 13:46:00,2011-11-08 10:00:00,49,United Kingdom,31,2,746.36,373.18,689,0
14051.0,37,22434.0,5947,2009-12-03 11:53:00,2011-12-09 10:20:00,82,United Kingdom,0,37,22434.0,606.3243243243244,5947,0
14052.0,2,480.81,187,2010-11-14 11:37:00,2011-11-20 12:30:00,115,United Kingdom,19,2,480.81,240.405,187,0
14053.0,4,572.3,490,2010-08-10 11:02:00,2011-08-07 14:27:00,3,United Kingdom,124,4,572.3,143.075,490,0
14054.0,1,92.46,62,2011-10-05 15:49:00,2011-10-05 15:49:00,6,United Kingdom,65,1,92.46,92.46,62,0
14055.0,3,1520.96,720,2009-12-16 15:11:00,2011-08-25 15:04:00,33,United Kingdom,106,3,1520.96,506.9866666666667,720,0
14056.0,23,8214.65,4273,2011-02-28 15:19:00,2011-12-08 13:36:00,320,United Kingdom,1,23,8214.65,357.1586956521739,4273,0
14057.0,22,8408.84,6485,2009-12-03 13:17:00,2011-11-16 10:32:00,244,United Kingdom,23,22,8408.84,382.22,6485,0
14058.0,2,469.19,211,2010-06-27 11:29:00,2010-09-03 09:31:00,23,United Kingdom,462,2,469.19,234.595,211,1
14059.0,1,183.6,128,2011-03-18 10:06:00,2011-03-18 10:06:00,8,United Kingdom,266,1,183.6,183.6,128,1
14060.0,30,9519.08,8119,2010-03-11 09:47:00,2011-12-05 12:29:00,100,United Kingdom,4,30,9519.08,317.30266666666665,8119,0
14061.0,3,917.43,133,2009-12-01 18:03:00,2010-07-20 17:22:00,17,United Kingdom,507,3,917.43,305.81,133,1
14062.0,24,25604.2,12799,2009-12-10 14:28:00,2011-11-30 10:04:00,141,United Kingdom,9,24,25604.2,1066.8416666666667,12799,0
14063.0,9,22710.2,3850,2009-12-08 13:46:00,2010-09-27 16:18:00,30,United Kingdom,438,9,22710.2,2523.355555555556,3850,1
14064.0,15,3332.42,3977,2010-01-21 13:22:00,2011-11-10 13:14:00,131,United Kingdom,29,15,3332.42,222.16133333333332,3977,0
14065.0,3,891.02,582,2010-10-04 12:03:00,2010-11-15 16:13:00,42,United Kingdom,389,3,891.02,297.00666666666666,582,1
14066.0,1,152.55,45,2011-03-18 12:21:00,2011-03-18 12:21:00,7,United Kingdom,266,1,152.55,152.55,45,1
14067.0,2,374.7,361,2011-09-04 12:00:00,2011-10-07 10:21:00,51,United Kingdom,63,2,374.7,187.35,361,0
14068.0,4,1528.37,513,2010-01-31 10:10:00,2011-01-23 16:02:00,93,United Kingdom,320,4,1528.37,382.0925,513,1
14069.0,2,230.06,59,2010-05-27 12:30:00,2010-07-13 12:12:00,37,United Kingdom,514,2,230.06,115.03,59,1
14070.0,1,326.55,86,2010-01-24 12:27:00,2010-01-24 12:27:00,40,United Kingdom,684,1,326.55,326.55,86,1
14071.0,8,1438.82,995,2011-03-20 11:33:00,2011-12-06 12:27:00,271,United Kingdom,3,8,1438.82,179.8525,995,0
14072.0,1,390.85,65,2010-02-11 12:31:00,2010-02-11 12:31:00,19,United Kingdom,666,1,390.85,390.85,65,1
14073.0,1,151.04,130,2011-11-07 15:49:00,2011-11-07 15:49:00,13,United Kingdom,32,1,151.04,151.04,130,0
14074.0,1,219.4,228,2010-03-26 13:55:00,2010-03-26 13:55:00,6,United Kingdom,623,1,219.4,219.4,228,1
14075.0,6,1734.87,1494,2010-06-16 14:47:00,2011-12-05 08:38:00,59,United Kingdom,4,6,1734.87,289.145,1494,0
14076.0,1,122.47,81,2011-08-02 15:19:00,2011-08-02 15:19:00,43,United Kingdom,129,1,122.47,122.47,81,0
14077.0,6,615.0799999999999,376,2010-11-09 16:01:00,2011-10-30 12:35:00,43,United Kingdom,40,6,615.0799999999999,102.51333333333332,376,0
14078.0,9,1692.63,618,2010-03-28 15:05:00,2011-08-30 12:16:00,107,United Kingdom,101,9,1692.63,188.07,618,0
14079.0,2,618.73,302,2010-01-26 17:19:00,2011-08-07 12:10:00,13,United Kingdom,124,2,618.73,309.365,302,0
14080.0,5,1115.68,268,2009-12-02 15:01:00,2011-11-07 11:09:00,74,United Kingdom,32,5,1115.68,223.136,268,0
14081.0,10,5370.1,3712,2009-12-10 18:27:00,2011-02-10 16:17:00,465,United Kingdom,302,10,5370.1,537.01,3712,1
14082.0,2,413.36,246,2010-11-12 11:47:00,2010-12-10 11:02:00,48,United Kingdom,364,2,413.36,206.68,246,1
14083.0,11,1407.26,966,2009-12-18 11:34:00,2011-12-05 13:14:00,169,United Kingdom,4,11,1407.26,127.93272727272728,966,0
14084.0,1,150.5,306,2010-07-15 14:36:00,2010-07-15 14:36:00,7,United Kingdom,512,1,150.5,150.5,306,1
14085.0,33,10104.97,6564,2009-12-08 13:41:00,2011-12-07 13:46:00,479,United Kingdom,2,33,10104.97,306.2112121212121,6564,0
14086.0,1,39.95,1,2010-09-03 10:52:00,2010-09-03 10:52:00,1,United Kingdom,462,1,39.95,39.95,1,1
14087.0,3,846.22,727,2009-12-04 15:27:00,2011-12-07 12:41:00,175,United Kingdom,2,3,846.22,282.0733333333333,727,0
14088.0,16,64036.8,15276,2010-10-14 19:46:00,2011-11-29 16:16:00,436,United Kingdom,10,16,64036.8,4002.3,15276,0
14089.0,1,161.0,134,2011-10-14 10:38:00,2011-10-14 10:38:00,13,United Kingdom,56,1,161.0,161.0,134,0
14090.0,1,76.32000000000001,72,2011-01-19 10:51:00,2011-01-19 10:51:00,1,United Kingdom,324,1,76.32000000000001,76.32000000000001,72,1
14091.0,2,9530.08,3316,2010-01-10 13:41:00,2010-02-23 15:17:00,13,United Kingdom,654,2,9530.08,4765.04,3316,1
14092.0,24,7229.45,3606,2009-12-16 16:24:00,2011-12-02 12:13:00,169,United Kingdom,7,24,7229.45,301.2270833333333,3606,0
14093.0,1,442.85,406,2011-11-27 16:27:00,2011-11-27 16:27:00,95,United Kingdom,12,1,442.85,442.85,406,0
14094.0,1,335.22,177,2010-09-26 11:58:00,2010-09-26 11:58:00,41,United Kingdom,439,1,335.22,335.22,177,1
14095.0,1,2.95,1,2009-12-17 12:49:00,2009-12-17 12:49:00,1,United Kingdom,722,1,2.95,2.95,1,1
14096.0,17,65164.79,16352,2011-08-30 10:49:00,2011-12-05 17:17:00,1119,United Kingdom,4,17,65164.79,3833.222941176471,16352,0
14097.0,2,422.86,352,2010-03-04 10:46:00,2010-08-15 14:20:00,39,United Kingdom,481,2,422.86,211.43,352,1
14098.0,1,147.35,104,2011-11-03 10:13:00,2011-11-03 10:13:00,21,United Kingdom,36,1,147.35,147.35,104,0
14099.0,20,5765.71,3670,2009-12-10 11:55:00,2011-11-23 13:53:00,273,United Kingdom,16,20,5765.71,288.2855,3670,0
14100.0,1,194.9,64,2011-07-25 11:01:00,2011-07-25 11:01:00,24,United Kingdom,137,1,194.9,194.9,64,0
14101.0,13,9961.93,10542,2010-03-28 13:36:00,2011-09-27 12:28:00,19,United Kingdom,73,13,9961.93,766.3023076923077,10542,0
14102.0,5,1360.28,961,2011-10-26 12:46:00,2011-12-04 15:38:00,35,United Kingdom,5,5,1360.28,272.056,961,0
14104.0,5,771.5799999999999,509,2010-05-28 16:11:00,2011-07-08 12:50:00,117,United Kingdom,154,5,771.5799999999999,154.31599999999997,509,0
14105.0,5,5988.83,3534,2009-12-18 16:57:00,2011-04-14 17:58:00,200,United Kingdom,239,5,5988.83,1197.766,3534,1
14106.0,1,214.8,24,2009-12-02 14:09:00,2009-12-02 14:09:00,1,United Kingdom,737,1,214.8,214.8,24,1
14107.0,11,4877.3,3489,2009-12-09 14:20:00,2011-10-19 12:12:00,102,United Kingdom,51,11,4877.3,443.39090909090913,3489,0
14108.0,4,1044.96,660,2009-12-01 18:07:00,2011-11-09 10:41:00,49,United Kingdom,30,4,1044.96,261.24,660,0
14109.0,1,144.2,88,2011-09-28 10:18:00,2011-09-28 10:18:00,9,United Kingdom,72,1,144.2,144.2,88,0
14110.0,33,12987.95,5825,2009-12-01 09:50:00,2011-12-06 12:26:00,177,United Kingdom,3,33,12987.95,393.57424242424247,5825,0
14111.0,4,692.85,458,2011-04-12 11:36:00,2011-11-25 13:44:00,10,United Kingdom,14,4,692.85,173.2125,458,0
14112.0,13,5834.59,3539,2010-02-23 14:16:00,2011-11-17 12:30:00,199,United Kingdom,22,13,5834.59,448.8146153846154,3539,0
14113.0,16,7092.610000000001,3439,2009-12-08 07:42:00,2011-12-06 12:18:00,76,United Kingdom,3,16,7092.610000000001,443.288125,3439,0
14114.0,7,1364.09,650,2010-04-12 11:07:00,2011-03-11 09:42:00,72,United Kingdom,273,7,1364.09,194.87,650,1
14115.0,2,622.6700000000001,509,2010-02-11 11:44:00,2010-07-26 12:36:00,22,United Kingdom,501,2,622.6700000000001,311.33500000000004,509,1
14116.0,5,1382.74,707,2011-08-10 12:44:00,2011-11-20 10:29:00,61,United Kingdom,19,5,1382.74,276.548,707,0
14117.0,1,90.0,72,2011-07-19 09:49:00,2011-07-19 09:49:00,3,United Kingdom,143,1,90.0,90.0,72,0
14118.0,1,458.45,97,2010-10-07 11:59:00,2010-10-07 11:59:00,15,United Kingdom,428,1,458.45,458.45,97,1
14119.0,2,183.37,177,2009-12-21 14:52:00,2010-11-29 10:33:00,11,United Kingdom,375,2,183.37,91.685,177,1
14121.0,4,2780.15,2082,2011-10-11 10:39:00,2011-12-06 12:19:00,148,United Kingdom,3,4,2780.15,695.0375,2082,0
14122.0,3,362.42,114,2009-12-02 14:22:00,2010-10-29 15:11:00,12,United Kingdom,406,3,362.42,120.80666666666669,114,1
14123.0,1,436.18,234,2009-12-06 15:35:00,2009-12-06 15:35:00,24,United Kingdom,733,1,436.18,436.18,234,1
14124.0,1,419.58,1618,2011-09-16 13:32:00,2011-09-16 13:32:00,4,United Kingdom,84,1,419.58,419.58,1618,0
14125.0,3,2740.43,1640,2011-09-22 15:40:00,2011-11-29 12:47:00,159,United Kingdom,10,3,2740.43,913.4766666666666,1640,0
14126.0,4,1172.46,887,2010-09-21 14:51:00,2011-12-02 11:45:00,37,United Kingdom,7,4,1172.46,293.115,887,0
14127.0,6,1900.08,828,2010-10-10 11:53:00,2011-08-09 10:49:00,96,United Kingdom,122,6,1900.08,316.68,828,0
14128.0,3,924.21,814,2010-06-06 14:05:00,2011-10-10 12:00:00,50,United Kingdom,60,3,924.21,308.07,814,0
14129.0,9,2591.34,1414,2010-05-09 14:54:00,2011-12-08 11:02:00,40,United Kingdom,1,9,2591.34,287.9266666666667,1414,0
14130.0,4,1882.67,1239,2009-12-11 16:33:00,2011-01-24 16:05:00,189,United Kingdom,319,4,1882.67,470.6675,1239,1
14131.0,1,187.87,118,2010-03-01 11:59:00,2010-03-01 11:59:00,45,United Kingdom,648,1,187.87,187.87,118,1
14132.0,11,3586.03,3368,2011-06-09 12:04:00,2011-12-07 13:35:00,100,United Kingdom,2,11,3586.03,326.00272727272727,3368,0
14133.0,4,911.14,398,2009-12-06 12:10:00,2011-08-02 11:34:00,33,United Kingdom,129,4,911.14,227.785,398,0
14134.0,15,11123.35,5814,2009-12-10 09:25:00,2010-11-22 12:26:00,130,United Kingdom,382,15,11123.35,741.5566666666667,5814,1
14135.0,24,9643.92,9355,2009-12-02 08:58:00,2011-12-08 11:38:00,138,United Kingdom,1,24,9643.92,401.83,9355,0
14136.0,5,1570.81,1148,2009-12-08 09:19:00,2010-11-04 11:53:00,86,United Kingdom,400,5,1570.81,314.162,1148,1
14137.0,1,332.7,462,2010-01-13 12:30:00,2010-01-13 12:30:00,11,United Kingdom,695,1,332.7,332.7,462,1
14138.0,2,982.38,610,2011-10-07 09:38:00,2011-12-08 12:44:00,40,United Kingdom,1,2,982.38,491.19,610,0
14139.0,4,1086.8,1049,2010-06-15 09:17:00,2011-10-24 13:34:00,48,United Kingdom,46,4,1086.8,271.7,1049,0
14140.0,2,935.05,811,2011-11-08 11:20:00,2011-12-06 09:05:00,60,United Kingdom,3,2,935.05,467.525,811,0
14141.0,4,915.13,355,2011-08-26 14:40:00,2011-12-07 09:53:00,27,United Kingdom,2,4,915.13,228.7825,355,0
14142.0,2,983.15,831,2010-03-03 15:13:00,2010-12-01 16:33:00,42,United Kingdom,373,2,983.15,491.575,831,1
14143.0,1,115.8,30,2011-07-29 09:48:00,2011-07-29 09:48:00,7,United Kingdom,133,1,115.8,115.8,30,0
14144.0,1,30.6,12,2010-08-10 15:17:00,2010-08-10 15:17:00,1,United Kingdom,486,1,30.6,30.6,12,1
14145.0,7,7600.05,1655,2010-04-08 09:47:00,2011-10-24 12:10:00,11,United Kingdom,46,7,7600.05,1085.7214285714283,1655,0
14146.0,12,9450.3,5780,2010-01-13 16:04:00,2011-12-01 10:18:00,337,United Kingdom,8,12,9450.3,787.525,5780,0
14147.0,9,2590.2,995,2010-03-09 13:43:00,2011-09-22 18:10:00,24,United Kingdom,78,9,2590.2,287.79999999999995,995,0
14148.0,2,466.29,223,2010-10-21 14:08:00,2011-04-20 12:02:00,15,United Kingdom,233,2,466.29,233.145,223,1
14149.0,1,446.62,218,2011-05-03 09:44:00,2011-05-03 09:44:00,28,United Kingdom,220,1,446.62,446.62,218,1
14150.0,2,658.64,496,2010-12-15 10:04:00,2011-11-04 10:05:00,23,United Kingdom,35,2,658.64,329.32,496,0
14151.0,2,679.45,405,2009-12-23 10:54:00,2010-02-04 15:35:00,44,United Kingdom,673,2,679.45,339.725,405,1
14152.0,7,1997.34,1844,2010-02-18 13:57:00,2011-09-25 12:54:00,104,United Kingdom,75,7,1997.34,285.3342857142857,1844,0
14153.0,1,233.4,312,2010-08-13 14:35:00,2010-08-13 14:35:00,17,United Kingdom,483,1,233.4,233.4,312,1
14154.0,8,6460.7,3222,2010-01-13 12:47:00,2011-04-14 16:26:00,236,United Kingdom,239,8,6460.7,807.5875,3222,1
14155.0,1,118.75,25,2011-03-18 14:13:00,2011-03-18 14:13:00,6,United Kingdom,266,1,118.75,118.75,25,1
14156.0,156,313946.37,165992,2009-12-01 12:30:00,2011-11-30 10:54:00,1446,EIRE,9,156,313946.37,2012.4767307692307,165992,0
14157.0,5,1002.78,540,2010-03-03 16:49:00,2011-11-20 11:32:00,75,United Kingdom,19,5,1002.78,200.556,540,0
14158.0,1,507.66,781,2011-10-30 15:08:00,2011-10-30 15:08:00,41,United Kingdom,40,1,507.66,507.66,781,0
14159.0,20,7938.01,6593,2009-12-03 12:31:00,2011-11-20 12:36:00,706,United Kingdom,19,20,7938.01,396.9005,6593,0
14160.0,7,8421.47,4661,2010-01-10 12:06:00,2010-04-08 14:30:00,80,United Kingdom,610,7,8421.47,1203.0671428571427,4661,1
14161.0,7,3318.88,1623,2009-12-13 11:46:00,2011-05-08 11:41:00,202,United Kingdom,215,7,3318.88,474.1257142857143,1623,1
14162.0,2,289.36,142,2011-02-20 12:32:00,2011-06-19 11:36:00,25,United Kingdom,173,2,289.36,144.68,142,0
14163.0,5,2594.62,950,2010-09-03 17:15:00,2011-09-13 15:18:00,42,United Kingdom,87,5,2594.62,518.924,950,0
14164.0,2,1631.77,1033,2011-09-20 12:18:00,2011-09-30 12:24:00,28,United Kingdom,70,2,1631.77,815.885,1033,0
14165.0,1,122.54,54,2011-03-09 12:39:00,2011-03-09 12:39:00,23,United Kingdom,275,1,122.54,122.54,54,1
14166.0,2,256.85,84,2010-03-23 15:10:00,2010-07-22 19:42:00,39,United Kingdom,505,2,256.85,128.425,84,1
14167.0,8,1296.49,350,2010-01-27 16:07:00,2011-10-31 14:29:00,48,United Kingdom,39,8,1296.49,162.06125,350,0
14168.0,2,370.45,147,2010-05-24 12:28:00,2010-10-15 10:49:00,11,United Kingdom,420,2,370.45,185.225,147,1
14169.0,2,624.4300000000001,208,2010-09-21 13:39:00,2010-10-05 08:45:00,50,United Kingdom,430,2,624.4300000000001,312.21500000000003,208,1
14170.0,3,597.33,290,2010-11-09 14:06:00,2010-11-29 13:10:00,123,United Kingdom,375,3,597.33,199.11,290,1
14171.0,2,498.79,211,2009-12-09 13:50:00,2011-09-02 16:43:00,61,United Kingdom,98,2,498.79,249.395,211,0
14172.0,3,402.72,88,2010-03-07 10:58:00,2010-04-13 13:26:00,38,United Kingdom,605,3,402.72,134.24,88,1
14173.0,6,586.0,194,2009-12-09 12:46:00,2011-11-29 11:54:00,30,United Kingdom,10,6,586.0,97.66666666666669,194,0
14174.0,1,134.46,94,2011-11-06 13:17:00,2011-11-06 13:17:00,26,United Kingdom,33,1,134.46,134.46,94,0
14175.0,8,7678.88,3009,2010-03-22 10:43:00,2011-10-11 11:55:00,237,United Kingdom,59,8,7678.88,959.86,3009,0
14176.0,5,916.01,326,2010-11-23 13:21:00,2011-02-15 13:12:00,33,United Kingdom,297,5,916.01,183.202,326,1
14177.0,13,2229.34,1048,2010-02-26 11:59:00,2011-09-14 15:11:00,141,United Kingdom,86,13,2229.34,171.48769230769233,1048,0
14178.0,7,1620.93,1505,2011-06-10 12:51:00,2011-12-01 12:01:00,191,United Kingdom,8,7,1620.93,231.5614285714286,1505,0
14179.0,2,719.78,330,2011-10-18 14:00:00,2011-10-30 12:07:00,135,United Kingdom,40,2,719.78,359.89,330,0
14180.0,33,6319.25,878,2010-06-09 14:56:00,2011-11-29 10:56:00,125,United Kingdom,10,33,6319.25,191.49242424242425,878,0
14181.0,2,310.55,122,2010-05-26 12:32:00,2010-10-25 08:27:00,48,United Kingdom,410,2,310.55,155.275,122,1
14182.0,4,678.77,174,2010-04-22 15:36:00,2010-09-22 11:45:00,42,United Kingdom,443,4,678.77,169.6925,174,1
14183.0,2,286.29,61,2010-08-15 15:36:00,2010-10-24 14:45:00,27,United Kingdom,411,2,286.29,143.145,61,1
14184.0,1,452.89,127,2011-10-04 12:43:00,2011-10-04 12:43:00,24,United Kingdom,66,1,452.89,452.89,127,0
14185.0,1,197.65,6,2011-01-12 13:52:00,2011-01-12 13:52:00,3,United Kingdom,331,1,197.65,197.65,6,1
14186.0,5,1550.63,1550,2010-03-05 11:17:00,2010-10-08 13:30:00,75,United Kingdom,427,5,1550.63,310.12600000000003,1550,1
14187.0,1,123.5,50,2010-08-23 12:06:00,2010-08-23 12:06:00,8,United Kingdom,473,1,123.5,123.5,50,1
14188.0,6,2054.36,1162,2011-02-02 13:46:00,2011-11-09 12:45:00,34,United Kingdom,30,6,2054.36,342.3933333333334,1162,0
14189.0,16,5814.39,4646,2010-11-16 09:28:00,2011-12-07 15:55:00,199,United Kingdom,2,16,5814.39,363.399375,4646,0
14190.0,1,79.9,2,2010-02-11 14:27:00,2010-02-11 14:27:00,1,United Kingdom,666,1,79.9,79.9,2,1
14191.0,15,4817.66,3724,2009-12-11 10:48:00,2011-12-08 09:23:00,147,United Kingdom,1,15,4817.66,321.1773333333333,3724,0
14192.0,1,293.74,218,2010-11-16 17:44:00,2010-11-16 17:44:00,14,United Kingdom,388,1,293.74,293.74,218,1
14193.0,3,1210.19,653,2010-11-08 12:31:00,2011-10-03 09:34:00,49,United Kingdom,67,3,1210.19,403.3966666666667,653,0
14194.0,36,18670.59,10037,2010-01-06 12:16:00,2011-12-05 10:38:00,432,United Kingdom,4,36,18670.59,518.6275,10037,0
14195.0,6,2615.6,2144,2010-03-15 17:12:00,2011-05-22 10:29:00,10,United Kingdom,201,6,2615.6,435.9333333333333,2144,1
14196.0,1,335.52,142,2011-08-25 10:25:00,2011-08-25 10:25:00,6,United Kingdom,106,1,335.52,335.52,142,0
14197.0,1,390.05,143,2010-10-25 10:01:00,2010-10-25 10:01:00,20,United Kingdom,410,1,390.05,390.05,143,1
14198.0,9,1569.73,623,2010-01-05 10:07:00,2011-11-21 16:35:00,58,United Kingdom,18,9,1569.73,174.41444444444446,623,0
14199.0,4,1091.7,254,2010-06-27 12:13:00,2011-05-05 13:44:00,15,United Kingdom,218,4,1091.7,272.925,254,1
14200.0,1,379.2,140,2010-04-01 13:01:00,2010-04-01 13:01:00,21,United Kingdom,617,1,379.2,379.2,140,1
14201.0,10,1193.54,806,2010-04-30 13:00:00,2011-10-10 13:27:00,47,United Kingdom,60,10,1193.54,119.354,806,0
14202.0,3,847.76,166,2010-03-25 10:36:00,2010-11-23 17:13:00,27,United Kingdom,381,3,847.76,282.58666666666664,166,1
14203.0,1,339.34,80,2010-11-07 13:35:00,2010-11-07 13:35:00,16,United Kingdom,397,1,339.34,339.34,80,1
14204.0,4,1062.96,492,2009-12-02 13:26:00,2011-12-07 13:38:00,186,United Kingdom,2,4,1062.96,265.74,492,0
14205.0,9,2414.2,1342,2010-03-07 12:20:00,2011-11-23 10:55:00,79,United Kingdom,16,9,2414.2,268.2444444444444,1342,0
14206.0,3,1185.01,930,2010-11-02 11:37:00,2011-04-14 16:38:00,62,United Kingdom,239,3,1185.01,395.0033333333333,930,1
14207.0,1,157.8,36,2010-01-21 09:33:00,2010-01-21 09:33:00,2,United Kingdom,687,1,157.8,157.8,36,1
14208.0,2,567.05,529,2010-06-06 13:11:00,2011-09-06 12:48:00,34,United Kingdom,94,2,567.05,283.525,529,0
14209.0,15,4993.27,1739,2010-01-22 10:28:00,2011-11-29 10:18:00,133,United Kingdom,10,15,4993.27,332.8846666666667,1739,0
14210.0,16,5861.52,2604,2010-01-06 10:17:00,2011-08-26 12:36:00,143,United Kingdom,105,16,5861.52,366.345,2604,0
14211.0,18,4402.29,2575,2009-12-09 12:48:00,2011-10-17 13:23:00,155,United Kingdom,53,18,4402.29,244.57166666666663,2575,0
14212.0,2,2190.14,2046,2010-09-20 11:48:00,2011-09-11 12:45:00,18,United Kingdom,89,2,2190.14,1095.07,2046,0
14213.0,1,1192.2,244,2010-10-31 10:37:00,2010-10-31 10:37:00,5,United Kingdom,404,1,1192.2,1192.2,244,1
14214.0,5,1004.38,751,2011-03-07 12:26:00,2011-11-09 10:31:00,64,United Kingdom,30,5,1004.38,200.876,751,0
14215.0,9,3416.33,2285,2009-12-08 09:35:00,2011-11-28 12:19:00,167,United Kingdom,11,9,3416.33,379.59222222222223,2285,0
14216.0,5,2150.04,712,2010-10-21 15:07:00,2011-12-06 14:56:00,65,United Kingdom,3,5,2150.04,430.008,712,0
14217.0,23,3416.89,1256,2010-06-30 12:54:00,2011-12-08 11:53:00,122,United Kingdom,1,23,3416.89,148.5604347826087,1256,0
14218.0,1,169.48000000000002,160,2011-10-28 10:00:00,2011-10-28 10:00:00,12,United Kingdom,42,1,169.48000000000002,169.48000000000002,160,0
14219.0,3,633.83,363,2010-08-03 14:42:00,2011-12-05 16:23:00,39,United Kingdom,4,3,633.83,211.27666666666667,363,0
14220.0,4,1515.0,468,2010-05-19 13:26:00,2011-04-06 13:23:00,26,United Kingdom,247,4,1515.0,378.75,468,1
14221.0,17,6517.49,3808,2010-04-06 14:10:00,2011-10-28 13:42:00,166,United Kingdom,42,17,6517.49,383.3817647058824,3808,0
14222.0,1,683.17,607,2011-06-15 16:42:00,2011-06-15 16:42:00,41,United Kingdom,177,1,683.17,683.17,607,0
14223.0,3,991.13,585,2011-03-20 16:02:00,2011-09-08 13:38:00,50,United Kingdom,92,3,991.13,330.37666666666667,585,0
14224.0,9,1897.9,863,2010-06-13 13:46:00,2011-08-21 13:24:00,189,United Kingdom,110,9,1897.9,210.8777777777778,863,0
14225.0,4,2037.02,1168,2010-01-12 15:02:00,2010-10-01 10:32:00,70,United Kingdom,434,4,2037.02,509.255,1168,1
14226.0,6,3002.53,1726,2010-09-24 14:32:00,2011-11-11 11:34:00,89,United Kingdom,28,6,3002.53,500.4216666666667,1726,0
14227.0,15,6368.71,4048,2010-02-08 09:38:00,2011-11-13 15:48:00,246,United Kingdom,26,15,6368.71,424.5806666666667,4048,0
14228.0,3,745.5,260,2010-06-11 12:29:00,2010-09-28 09:45:00,38,United Kingdom,437,3,745.5,248.5,260,1
14229.0,7,2594.04,934,2010-08-25 11:47:00,2011-10-19 10:04:00,41,United Kingdom,51,7,2594.04,370.57714285714286,934,0
14230.0,3,979.8,246,2010-06-09 13:56:00,2010-09-30 09:07:00,27,United Kingdom,435,3,979.8,326.6,246,1
14231.0,4,1235.62,610,2010-09-15 09:52:00,2011-06-09 11:05:00,66,United Kingdom,183,4,1235.62,308.905,610,1
14232.0,5,2048.07,1941,2011-03-20 12:44:00,2011-10-28 11:09:00,81,United Kingdom,42,5,2048.07,409.614,1941,0
14233.0,7,2904.27,1261,2010-03-05 16:35:00,2011-10-21 15:54:00,42,United Kingdom,49,7,2904.27,414.8957142857143,1261,0
14234.0,4,775.46,963,2011-10-13 13:58:00,2011-11-17 17:53:00,122,United Kingdom,22,4,775.46,193.865,963,0
14235.0,9,4717.99,3014,2010-03-30 13:36:00,2011-09-25 14:37:00,107,United Kingdom,75,9,4717.99,524.2211111111111,3014,0
14236.0,5,1744.64,812,2010-07-22 14:27:00,2011-09-20 09:13:00,39,United Kingdom,80,5,1744.64,348.928,812,0
14237.0,2,632.14,276,2010-04-28 10:04:00,2010-12-01 13:20:00,26,United Kingdom,373,2,632.14,316.07,276,1
14238.0,3,434.23,189,2009-12-05 10:58:00,2011-01-17 14:40:00,13,United Kingdom,326,3,434.23,144.74333333333334,189,1
14239.0,21,4263.17,1729,2009-12-05 12:36:00,2011-10-27 14:40:00,97,United Kingdom,43,21,4263.17,203.00809523809525,1729,0
14240.0,3,1247.49,655,2010-10-12 12:48:00,2011-11-09 13:45:00,46,United Kingdom,30,3,1247.49,415.83,655,0
14241.0,2,333.70000000000005,242,2010-01-12 15:11:00,2011-06-09 11:46:00,12,United Kingdom,183,2,333.70000000000005,166.85000000000002,242,1
14242.0,2,280.55,123,2011-01-18 08:53:00,2011-04-19 11:46:00,13,United Kingdom,234,2,280.55,140.275,123,1
14243.0,17,7431.05,3687,2010-08-20 13:41:00,2011-12-01 11:12:00,235,United Kingdom,8,17,7431.05,437.1205882352941,3687,0
14244.0,1,366.42,814,2010-02-17 11:40:00,2010-02-17 11:40:00,16,United Kingdom,660,1,366.42,366.42,814,1
14245.0,2,1693.45,976,2011-03-21 10:41:00,2011-05-04 08:40:00,107,United Kingdom,219,2,1693.45,846.725,976,1
14246.0,3,1474.06,804,2011-04-08 08:25:00,2011-08-21 11:50:00,57,United Kingdom,110,3,1474.06,491.3533333333333,804,0
14247.0,5,772.66,382,2010-06-06 15:07:00,2011-03-06 15:21:00,82,United Kingdom,278,5,772.66,154.53199999999998,382,1
14248.0,3,1032.95,692,2010-07-12 14:27:00,2011-01-25 14:45:00,41,United Kingdom,318,3,1032.95,344.31666666666666,692,1
14249.0,12,5625.461,2487,2010-01-29 14:21:00,2010-10-25 12:34:00,178,United Kingdom,410,12,5625.461,468.7884166666667,2487,1
14250.0,3,1904.05,1200,2011-09-11 13:44:00,2011-12-02 14:30:00,94,United Kingdom,7,3,1904.05,634.6833333333333,1200,0
14251.0,5,2879.7000000000003,1674,2011-10-13 12:46:00,2011-12-08 08:32:00,37,United Kingdom,1,5,2879.7000000000003,575.94,1674,0
14252.0,1,350.99,111,2010-11-23 13:36:00,2010-11-23 13:36:00,10,United Kingdom,381,1,350.99,350.99,111,1
14253.0,2,363.4,88,2010-03-26 15:08:00,2010-08-03 14:55:00,11,United Kingdom,493,2,363.4,181.7,88,1
14254.0,1,601.03,263,2010-10-03 11:52:00,2010-10-03 11:52:00,23,United Kingdom,432,1,601.03,601.03,263,1
14255.0,1,1000.63,1,2010-06-11 15:54:00,2010-06-11 15:54:00,1,United Kingdom,546,1,1000.63,1000.63,1,1
14256.0,5,2473.99,1171,2010-01-14 10:35:00,2011-03-24 13:17:00,100,United Kingdom,260,5,2473.99,494.798,1171,1
14257.0,9,5954.45,3332,2010-03-01 15:36:00,2011-10-06 16:54:00,167,United Kingdom,64,9,5954.45,661.6055555555555,3332,0
14258.0,25,32051.34,17488,2009-12-04 08:36:00,2011-11-30 15:27:00,97,United Kingdom,9,25,32051.34,1282.0536,17488,0
14259.0,1,120.0,68,2011-07-21 10:44:00,2011-07-21 10:44:00,5,United Kingdom,141,1,120.0,120.0,68,0
14260.0,3,824.28,544,2010-06-09 11:23:00,2010-08-25 14:55:00,50,United Kingdom,471,3,824.28,274.76,544,1
14261.0,2,1163.45,406,2011-09-22 10:47:00,2011-10-20 10:04:00,52,United Kingdom,50,2,1163.45,581.725,406,0
14262.0,8,2618.23,1645,2011-04-13 12:23:00,2011-12-01 14:17:00,87,United Kingdom,8,8,2618.23,327.27875,1645,0
14263.0,1,322.93,171,2010-10-12 14:09:00,2010-10-12 14:09:00,16,United Kingdom,423,1,322.93,322.93,171,1
14264.0,6,1517.36,553,2010-04-07 13:21:00,2011-07-08 10:20:00,59,United Kingdom,154,6,1517.36,252.8933333333333,553,0
14265.0,4,1373.35,715,2010-04-06 14:39:00,2011-08-22 13:32:00,74,Unspecified,109,4,1373.35,343.3375,715,0
14266.0,1,40.56,24,2010-10-07 13:32:00,2010-10-07 13:32:00,1,United Kingdom,428,1,40.56,40.56,24,1
14267.0,3,1516.24,530,2011-03-24 11:38:00,2011-06-30 10:09:00,25,United Kingdom,162,3,1516.24,505.41333333333336,530,0
14268.0,1,354.85,147,2010-08-26 10:45:00,2010-08-26 10:45:00,19,United Kingdom,470,1,354.85,354.85,147,1
14269.0,1,295.73,123,2010-09-26 12:53:00,2010-09-26 12:53:00,16,United Kingdom,439,1,295.73,295.73,123,1
14270.0,1,492.65,197,2011-01-12 09:33:00,2011-01-12 09:33:00,29,United Kingdom,331,1,492.65,492.65,197,1
14271.0,2,219.13,149,2010-10-26 17:01:00,2011-04-28 12:47:00,38,United Kingdom,225,2,219.13,109.565,149,1
14272.0,4,920.81,1097,2010-05-06 14:01:00,2011-09-27 10:08:00,62,United Kingdom,73,4,920.81,230.2025,1097,0
14273.0,4,559.97,264,2011-04-11 13:24:00,2011-10-19 13:20:00,22,United Kingdom,51,4,559.97,139.9925,264,0
14274.0,1,256.6,178,2010-01-22 12:51:00,2010-01-22 12:51:00,15,United Kingdom,686,1,256.6,256.6,178,1
14275.0,6,1189.38,538,2010-04-11 12:32:00,2010-11-09 09:06:00,14,United Kingdom,395,6,1189.38,198.23,538,1
14276.0,7,2102.68,1406,2010-02-17 13:10:00,2011-09-02 09:45:00,75,United Kingdom,98,7,2102.68,300.3828571428571,1406,0
14277.0,9,17225.81,89814,2009-12-13 15:43:00,2011-11-24 15:01:00,334,France,15,9,17225.81,1913.978888888889,89814,0
14278.0,1,205.83,131,2010-10-26 12:07:00,2010-10-26 12:07:00,13,United Kingdom,409,1,205.83,205.83,131,1
14279.0,2,191.86,46,2010-01-27 16:34:00,2010-07-07 08:42:00,3,United Kingdom,520,2,191.86,95.93,46,1
14280.0,1,134.04,52,2011-05-27 10:37:00,2011-05-27 10:37:00,8,United Kingdom,196,1,134.04,134.04,52,1
14281.0,1,245.15,45,2010-10-27 14:45:00,2010-10-27 14:45:00,7,United Kingdom,408,1,245.15,245.15,45,1
14282.0,25,7849.66,5478,2010-02-15 11:22:00,2011-12-06 17:04:00,100,United Kingdom,3,25,7849.66,313.9864,5478,0
14283.0,4,628.4399999999999,550,2010-05-19 12:22:00,2010-09-02 14:46:00,36,United Kingdom,463,4,628.4399999999999,157.11,550,1
14284.0,3,1299.65,510,2010-02-24 12:06:00,2011-11-09 08:11:00,59,United Kingdom,30,3,1299.65,433.2166666666667,510,0
14285.0,8,3284.42,954,2009-12-08 14:13:00,2011-11-18 14:50:00,48,United Kingdom,21,8,3284.42,410.5525,954,0
14286.0,7,8479.76,8795,2009-12-04 08:40:00,2011-11-16 10:34:00,270,United Kingdom,23,7,8479.76,1211.3942857142858,8795,0
14287.0,3,176.63,261,2011-05-25 11:41:00,2011-12-01 13:25:00,9,United Kingdom,8,3,176.63,58.876666666666665,261,0
14288.0,1,426.6,188,2011-05-10 13:22:00,2011-05-10 13:22:00,16,United Kingdom,213,1,426.6,426.6,188,1
14289.0,6,911.26,292,2011-02-23 12:33:00,2011-12-01 11:44:00,33,United Kingdom,8,6,911.26,151.8766666666667,292,0
14290.0,8,4516.56,1600,2009-12-08 11:44:00,2011-11-28 14:02:00,120,United Kingdom,11,8,4516.56,564.57,1600,0
14291.0,23,7904.1,6146,2009-12-09 10:46:00,2011-12-08 10:26:00,241,United Kingdom,1,23,7904.1,343.6565217391304,6146,0
14292.0,16,9226.25,3429,2010-03-19 11:10:00,2011-12-02 11:50:00,120,United Kingdom,7,16,9226.25,576.640625,3429,0
14293.0,9,3267.9300000000003,1730,2009-12-10 10:57:00,2011-12-06 15:17:00,88,United Kingdom,3,9,3267.9300000000003,363.10333333333335,1730,0
14294.0,1,375.34,190,2010-10-28 16:25:00,2010-10-28 16:25:00,23,United Kingdom,407,1,375.34,375.34,190,1
14295.0,5,2362.91,1029,2009-12-08 09:49:00,2011-10-30 15:50:00,66,United Kingdom,40,5,2362.91,472.582,1029,0
14296.0,2,456.4,314,2010-05-14 14:34:00,2010-10-14 14:14:00,27,United Kingdom,421,2,456.4,228.2,314,1
14297.0,4,1305.33,865,2011-03-10 08:31:00,2011-11-22 09:06:00,48,United Kingdom,17,4,1305.33,326.3325,865,0
14298.0,82,91194.49,100272,2009-12-11 13:49:00,2011-12-01 13:12:00,1370,United Kingdom,8,82,91194.49,1112.1279268292683,100272,0
14299.0,27,14499.49,8228,2009-12-02 10:58:00,2011-12-01 16:05:00,164,United Kingdom,8,27,14499.49,537.0181481481482,8228,0
14300.0,1,43.2,32,2011-11-21 08:57:00,2011-11-21 08:57:00,3,United Kingdom,18,1,43.2,43.2,32,0
14301.0,4,1992.18,1686,2010-02-11 13:07:00,2011-08-14 15:33:00,37,United Kingdom,117,4,1992.18,498.045,1686,0
14302.0,3,742.9000000000001,298,2009-12-02 08:16:00,2010-10-05 08:10:00,25,United Kingdom,430,3,742.9000000000001,247.63333333333333,298,1
14303.0,2,277.94,218,2010-10-01 10:31:00,2010-10-28 15:37:00,21,United Kingdom,407,2,277.94,138.97,218,1
14304.0,3,1725.01,775,2010-05-18 10:50:00,2011-05-01 11:50:00,69,United Kingdom,222,3,1725.01,575.0033333333333,775,1
14305.0,3,1858.96,1089,2011-07-27 14:14:00,2011-09-29 15:29:00,96,United Kingdom,71,3,1858.96,619.6533333333333,1089,0
14306.0,6,3151.4,2065,2010-01-31 13:42:00,2011-10-19 13:23:00,43,United Kingdom,51,6,3151.4,525.2333333333333,2065,0
14307.0,10,5071.03,3374,2009-12-07 13:06:00,2011-09-12 09:38:00,205,United Kingdom,88,10,5071.03,507.103,3374,0
14308.0,2,1147.02,2,2010-06-08 16:39:00,2010-06-08 16:48:00,1,United Kingdom,549,2,1147.02,573.51,2,1
14309.0,11,3780.81,2583,2010-06-07 10:24:00,2011-12-01 13:33:00,125,United Kingdom,8,11,3780.81,343.71,2583,0
14310.0,1,492.1,230,2010-10-03 12:34:00,2010-10-03 12:34:00,22,United Kingdom,432,1,492.1,492.1,230,1
14311.0,2,516.45,235,2010-05-21 10:28:00,2011-04-11 10:14:00,31,United Kingdom,242,2,516.45,258.225,235,1
14312.0,11,3090.29,1904,2010-07-23 15:05:00,2011-10-24 09:46:00,148,United Kingdom,46,11,3090.29,280.93545454545455,1904,0
14314.0,2,229.8,332,2010-10-05 08:00:00,2011-08-25 10:39:00,10,United Kingdom,106,2,229.8,114.9,332,0
14315.0,8,3197.82,1344,2010-03-15 12:49:00,2011-10-26 12:06:00,83,United Kingdom,44,8,3197.82,399.7275,1344,0
14316.0,5,1370.34,4494,2010-03-19 15:18:00,2010-10-13 16:31:00,21,United Kingdom,422,5,1370.34,274.068,4494,1
14317.0,1,508.58,255,2011-10-06 10:44:00,2011-10-06 10:44:00,24,United Kingdom,64,1,508.58,508.58,255,0
14318.0,1,158.02,152,2010-09-05 15:32:00,2010-09-05 15:32:00,9,United Kingdom,460,1,158.02,158.02,152,1
14319.0,1,494.85,329,2010-10-11 13:38:00,2010-10-11 13:38:00,26,United Kingdom,424,1,494.85,494.85,329,1
14320.0,5,1346.75,713,2010-01-21 11:44:00,2011-05-17 09:24:00,68,United Kingdom,206,5,1346.75,269.35,713,1
14321.0,7,2218.06,3275,2010-08-23 12:56:00,2011-11-29 09:47:00,162,United Kingdom,10,7,2218.06,316.86571428571426,3275,0
14322.0,4,474.1,158,2010-02-18 08:49:00,2010-10-06 15:17:00,10,United Kingdom,429,4,474.1,118.525,158,1
14323.0,2,605.0600000000001,350,2011-04-15 11:44:00,2011-08-17 11:37:00,32,United Kingdom,114,2,605.0600000000001,302.53000000000003,350,0
14324.0,2,701.61,402,2010-01-15 13:31:00,2010-10-26 11:44:00,41,United Kingdom,409,2,701.61,350.805,402,1
14325.0,1,245.48,320,2010-05-19 09:20:00,2010-05-19 09:20:00,18,United Kingdom,569,1,245.48,245.48,320,1
14326.0,3,940.98,572,2010-06-25 12:10:00,2011-04-11 15:04:00,54,United Kingdom,242,3,940.98,313.66,572,1
14327.0,6,1894.93,1296,2010-01-08 14:04:00,2011-06-29 13:58:00,99,United Kingdom,163,6,1894.93,315.82166666666666,1296,0
14328.0,1,445.05,1,2010-09-27 16:01:00,2010-09-27 16:01:00,1,United Kingdom,438,1,445.05,445.05,1,1
14329.0,15,9927.22,5921,2009-12-16 15:31:00,2011-11-22 15:50:00,349,United Kingdom,17,15,9927.22,661.8146666666667,5921,0
14330.0,1,200.63,103,2010-03-26 09:10:00,2010-03-26 09:10:00,13,United Kingdom,623,1,200.63,200.63,103,1
14331.0,2,462.66,252,2011-07-27 15:14:00,2011-08-07 13:17:00,27,United Kingdom,124,2,462.66,231.33,252,0
14332.0,5,1943.51,893,2010-10-19 13:01:00,2011-11-17 11:54:00,47,United Kingdom,22,5,1943.51,388.702,893,0
14333.0,1,415.2,58,2011-10-03 10:38:00,2011-10-03 10:38:00,15,United Kingdom,67,1,415.2,415.2,58,0
14334.0,12,4318.48,2986,2010-05-20 10:04:00,2011-11-23 10:01:00,148,United Kingdom,16,12,4318.48,359.8733333333333,2986,0
14335.0,2,468.26,379,2011-09-04 13:07:00,2011-11-23 13:41:00,55,Germany,16,2,468.26,234.13,379,0
14336.0,4,1614.91,1759,2011-03-08 16:48:00,2011-11-23 11:40:00,77,United Kingdom,16,4,1614.91,403.7275,1759,0
14338.0,3,928.1,622,2010-06-21 10:32:00,2011-07-01 14:08:00,43,United Kingdom,161,3,928.1,309.3666666666667,622,0
14339.0,2,620.27,456,2010-10-07 08:50:00,2011-04-11 11:06:00,21,United Kingdom,242,2,620.27,310.135,456,1
14340.0,1,134.7,58,2011-05-05 09:44:00,2011-05-05 09:44:00,6,United Kingdom,218,1,134.7,134.7,58,1
14341.0,18,4467.32,2819,2009-12-01 12:20:00,2011-10-25 15:48:00,185,United Kingdom,45,18,4467.32,248.18444444444444,2819,0
14342.0,6,918.44,521,2010-08-24 13:03:00,2011-11-18 13:21:00,27,United Kingdom,21,6,918.44,153.07333333333335,521,0
14343.0,4,1088.91,631,2010-01-18 16:47:00,2010-10-14 13:05:00,193,United Kingdom,421,4,1088.91,272.2275,631,1
14344.0,20,3333.7000000000003,1669,2010-03-23 15:47:00,2011-08-04 13:51:00,140,United Kingdom,127,20,3333.7000000000003,166.685,1669,0
14345.0,1,108.98,50,2011-11-01 09:51:00,2011-11-01 09:51:00,6,United Kingdom,38,1,108.98,108.98,50,0
14346.0,5,2315.75,1878,2010-07-30 10:44:00,2011-08-11 09:47:00,123,United Kingdom,120,5,2315.75,463.15,1878,0
14347.0,1,82.6,48,2009-12-03 10:49:00,2009-12-03 10:49:00,6,United Kingdom,736,1,82.6,82.6,48,1
14348.0,1,409.57,183,2011-03-24 16:23:00,2011-03-24 16:23:00,18,United Kingdom,260,1,409.57,409.57,183,1
14349.0,1,133.5,86,2011-11-29 15:39:00,2011-11-29 15:39:00,31,United Kingdom,10,1,133.5,133.5,86,0
14350.0,3,972.03,543,2010-10-05 15:52:00,2011-03-10 14:14:00,55,United Kingdom,274,3,972.03,324.01,543,1
14351.0,1,51.0,12,2011-06-28 11:56:00,2011-06-28 11:56:00,1,United Kingdom,164,1,51.0,51.0,12,0
14352.0,4,1078.96,538,2011-03-11 14:58:00,2011-07-05 15:41:00,44,United Kingdom,157,4,1078.96,269.74,538,0
14353.0,3,376.5,344,2010-10-04 12:38:00,2011-05-08 16:06:00,18,United Kingdom,215,3,376.5,125.5,344,1
14354.0,2,163.62,210,2011-11-09 15:36:00,2011-12-04 11:32:00,9,United Kingdom,5,2,163.62,81.81,210,0
14355.0,3,1014.45,709,2010-03-22 15:08:00,2010-12-09 12:16:00,57,United Kingdom,365,3,1014.45,338.15000000000003,709,1
14356.0,2,701.23,277,2011-09-19 14:43:00,2011-09-21 09:18:00,33,United Kingdom,79,2,701.23,350.615,277,0
14357.0,1,225.77,148,2011-10-27 16:23:00,2011-10-27 16:23:00,39,United Kingdom,43,1,225.77,225.77,148,0
14358.0,2,400.06,338,2010-10-07 17:26:00,2010-11-15 15:51:00,21,United Kingdom,389,2,400.06,200.03,338,1
14359.0,3,912.18,371,2011-09-13 09:03:00,2011-11-20 13:17:00,44,United Kingdom,19,3,912.18,304.06,371,0
14360.0,4,2128.23,1151,2011-09-06 11:58:00,2011-11-08 09:12:00,104,United Kingdom,31,4,2128.23,532.0575,1151,0
14361.0,1,214.71,251,2010-05-10 12:29:00,2010-05-10 12:29:00,14,United Kingdom,578,1,214.71,214.71,251,1
14362.0,1,161.2,100,2011-11-17 15:08:00,2011-11-17 15:08:00,37,United Kingdom,22,1,161.2,161.2,100,0
14363.0,2,227.47000000000003,105,2010-09-14 14:39:00,2010-11-02 17:01:00,8,United Kingdom,402,2,227.47000000000003,113.735,105,1
14364.0,8,3717.35,1967,2011-05-12 12:56:00,2011-08-23 11:01:00,61,United Kingdom,108,8,3717.35,464.66875,1967,0
14365.0,2,634.68,557,2010-01-27 09:44:00,2010-11-10 09:52:00,50,United Kingdom,394,2,634.68,317.34,557,1
14366.0,1,136.0,16,2010-07-02 17:23:00,2010-07-02 17:23:00,1,United Kingdom,525,1,136.0,136.0,16,1
14367.0,16,9261.52,4438,2011-03-08 14:12:00,2011-12-01 13:19:00,270,United Kingdom,8,16,9261.52,578.845,4438,0
14368.0,1,155.0,36,2011-01-24 09:52:00,2011-01-24 09:52:00,8,United Kingdom,319,1,155.0,155.0,36,1
14369.0,2,469.13,255,2010-02-16 10:28:00,2010-03-07 15:47:00,24,United Kingdom,642,2,469.13,234.565,255,1
14370.0,6,1175.78,266,2010-02-01 08:35:00,2010-09-15 10:53:00,37,United Kingdom,450,6,1175.78,195.9633333333333,266,1
14371.0,1,100.5,34,2011-02-17 16:35:00,2011-02-17 16:35:00,4,United Kingdom,295,1,100.5,100.5,34,1
14372.0,2,860.08,378,2010-04-19 15:57:00,2010-09-22 16:17:00,36,United Kingdom,443,2,860.08,430.04,378,1
14373.0,1,76.55,17,2010-12-16 15:40:00,2010-12-16 15:40:00,4,United Kingdom,358,1,76.55,76.55,17,1
14374.0,1,108.0,20,2010-06-16 14:25:00,2010-06-16 14:25:00,7,United Kingdom,541,1,108.0,108.0,20,1
14375.0,3,1132.99,659,2010-06-16 14:34:00,2011-06-07 13:44:00,176,United Kingdom,185,3,1132.99,377.66333333333336,659,1
14376.0,1,215.46,50,2010-01-25 15:36:00,2010-01-25 15:36:00,17,United Kingdom,683,1,215.46,215.46,50,1
14377.0,2,617.05,219,2011-03-22 13:38:00,2011-06-01 13:32:00,11,United Kingdom,191,2,617.05,308.525,219,1
14378.0,1,131.25,57,2010-03-28 12:22:00,2010-03-28 12:22:00,9,United Kingdom,621,1,131.25,131.25,57,1
14379.0,4,1268.91,713,2010-08-16 15:31:00,2011-10-26 16:43:00,93,United Kingdom,44,4,1268.91,317.2275,713,0
14380.0,1,48.96,1,2010-01-26 17:11:00,2010-01-26 17:11:00,1,United Kingdom,682,1,48.96,48.96,1,1
14381.0,2,631.34,453,2010-09-14 16:15:00,2011-10-18 17:10:00,104,United Kingdom,52,2,631.34,315.67,453,0
14382.0,2,1246.8,1701,2010-11-14 16:32:00,2011-11-13 16:18:00,227,United Kingdom,26,2,1246.8,623.4,1701,0
14383.0,3,1247.69,817,2011-06-29 10:18:00,2011-11-01 15:53:00,49,United Kingdom,38,3,1247.69,415.8966666666667,817,0
14384.0,1,58.5,30,2010-07-27 09:53:00,2010-07-27 09:53:00,3,United Kingdom,500,1,58.5,58.5,30,1
14385.0,3,202.11,159,2011-11-16 11:55:00,2011-11-30 15:36:00,13,United Kingdom,9,3,202.11,67.37,159,0
14386.0,1,142.4,54,2011-02-16 09:45:00,2011-02-16 09:45:00,7,United Kingdom,296,1,142.4,142.4,54,1
14387.0,3,1770.56,819,2011-08-22 14:13:00,2011-11-07 12:29:00,125,United Kingdom,32,3,1770.56,590.1866666666666,819,0
14388.0,16,6701.0,4360,2010-01-20 11:54:00,2011-11-29 13:32:00,184,United Kingdom,10,16,6701.0,418.8125,4360,0
14389.0,5,1898.01,1388,2010-04-28 14:57:00,2011-10-05 15:17:00,48,United Kingdom,65,5,1898.01,379.602,1388,0
14390.0,13,6399.83,2910,2010-10-10 14:30:00,2011-11-29 13:49:00,197,United Kingdom,10,13,6399.83,492.2946153846154,2910,0
14391.0,1,135.6,168,2010-05-12 09:42:00,2010-05-12 09:42:00,14,United Kingdom,576,1,135.6,135.6,168,1
14392.0,1,266.4,114,2010-10-03 12:56:00,2010-10-03 12:56:00,14,United Kingdom,432,1,266.4,266.4,114,1
14393.0,1,67.95,13,2011-05-05 18:16:00,2011-05-05 18:16:00,5,United Kingdom,218,1,67.95,67.95,13,1
14394.0,1,93.8,58,2010-05-24 10:43:00,2010-05-24 10:43:00,6,United Kingdom,564,1,93.8,93.8,58,1
14395.0,20,8208.01,4072,2010-04-18 13:12:00,2011-12-07 14:34:00,320,United Kingdom,2,20,8208.01,410.4005,4072,0
14396.0,7,2121.93,1022,2009-12-02 14:21:00,2011-10-05 16:09:00,202,United Kingdom,65,7,2121.93,303.1328571428571,1022,0
14397.0,19,2612.96,1890,2011-05-10 12:25:00,2011-12-07 09:22:00,18,United Kingdom,2,19,2612.96,137.52421052631578,1890,0
14398.0,2,707.79,267,2010-06-30 11:57:00,2010-11-03 13:46:00,50,United Kingdom,401,2,707.79,353.895,267,1
14399.0,8,2113.16,968,2010-02-03 13:09:00,2010-11-10 13:23:00,119,United Kingdom,394,8,2113.16,264.145,968,1
14400.0,3,1732.47,1706,2010-03-18 12:11:00,2011-07-13 15:50:00,71,United Kingdom,149,3,1732.47,577.49,1706,0
14401.0,22,6795.9,6401,2009-12-14 13:22:00,2011-12-05 13:30:00,171,United Kingdom,4,22,6795.9,308.9045454545454,6401,0
14402.0,1,285.6,240,2010-02-25 13:20:00,2010-02-25 13:20:00,8,United Kingdom,652,1,285.6,285.6,240,1
14403.0,6,1880.51,737,2010-03-10 14:00:00,2011-08-01 12:57:00,20,United Kingdom,130,6,1880.51,313.4183333333333,737,0
14404.0,13,2899.11,1656,2009-12-20 14:40:00,2011-11-06 12:30:00,123,United Kingdom,33,13,2899.11,223.00846153846155,1656,0
14405.0,1,195.0,100,2010-11-18 11:40:00,2010-11-18 11:40:00,2,United Kingdom,386,1,195.0,195.0,100,1
14406.0,1,156.75,77,2011-08-12 16:54:00,2011-08-12 16:54:00,8,United Kingdom,119,1,156.75,156.75,77,0
14407.0,6,2157.73,1415,2011-03-08 11:59:00,2011-08-24 14:02:00,67,United Kingdom,107,6,2157.73,359.62166666666667,1415,0
14408.0,11,4109.77,2444,2009-12-07 12:18:00,2011-11-29 11:41:00,63,United Kingdom,10,11,4109.77,373.6154545454546,2444,0
14409.0,9,3756.09,2401,2010-05-21 16:45:00,2011-09-29 18:18:00,76,United Kingdom,71,9,3756.09,417.34333333333336,2401,0
14410.0,11,2651.14,1377,2010-09-28 15:46:00,2011-09-08 15:08:00,307,United Kingdom,92,11,2651.14,241.0127272727273,1377,0
14411.0,1,1063.0,196,2011-02-02 10:56:00,2011-02-02 10:56:00,14,United Kingdom,310,1,1063.0,1063.0,196,1
14412.0,3,1426.19,1428,2010-10-11 12:33:00,2011-10-28 10:45:00,75,United Kingdom,42,3,1426.19,475.3966666666667,1428,0
14413.0,4,770.37,280,2010-01-19 14:27:00,2010-12-12 13:37:00,93,United Kingdom,362,4,770.37,192.5925,280,1
14414.0,8,2399.33,2877,2010-11-30 10:12:00,2011-09-09 12:09:00,99,United Kingdom,91,8,2399.33,299.91625,2877,0
14415.0,23,12091.6,6304,2009-12-16 14:08:00,2011-12-08 14:38:00,445,United Kingdom,1,23,12091.6,525.7217391304348,6304,0
14416.0,2,490.22,326,2011-10-28 15:10:00,2011-11-17 15:22:00,13,United Kingdom,22,2,490.22,245.11,326,0
14417.0,1,604.2,567,2010-11-17 10:55:00,2010-11-17 10:55:00,106,United Kingdom,387,1,604.2,604.2,567,1
14418.0,3,1937.25,1711,2011-08-23 17:18:00,2011-12-06 11:39:00,114,United Kingdom,3,3,1937.25,645.75,1711,0
14419.0,7,1260.91,556,2010-11-22 11:09:00,2011-11-29 11:22:00,118,United Kingdom,10,7,1260.91,180.13000000000002,556,0
14420.0,4,1639.17,1120,2010-01-17 12:41:00,2011-09-01 18:07:00,85,United Kingdom,99,4,1639.17,409.7925,1120,0
14421.0,6,2469.37,1342,2010-01-17 11:30:00,2011-10-13 13:24:00,72,United Kingdom,57,6,2469.37,411.56166666666667,1342,0
14422.0,19,10271.52,6067,2009-12-17 12:12:00,2011-12-09 11:26:00,317,United Kingdom,0,19,10271.52,540.6063157894737,6067,0
14423.0,3,916.61,419,2010-01-14 11:49:00,2011-05-05 15:12:00,12,United Kingdom,218,3,916.61,305.5366666666667,419,1
14424.0,1,322.08,48,2011-11-22 11:48:00,2011-11-22 11:48:00,1,United Kingdom,17,1,322.08,322.08,48,0
14425.0,3,661.39,325,2009-12-02 11:31:00,2010-10-01 10:24:00,35,United Kingdom,434,3,661.39,220.4633333333333,325,1
14426.0,17,11727.94,7023,2010-03-04 14:36:00,2011-11-16 12:25:00,452,United Kingdom,23,17,11727.94,689.8788235294118,7023,0
14427.0,4,1263.52,538,2010-03-18 09:49:00,2011-10-20 14:23:00,43,United Kingdom,50,4,1263.52,315.88,538,0
14428.0,5,1244.83,436,2011-01-18 16:39:00,2011-12-02 13:17:00,108,United Kingdom,7,5,1244.83,248.966,436,0
14429.0,1,516.28,286,2010-11-01 10:08:00,2010-11-01 10:08:00,22,United Kingdom,403,1,516.28,516.28,286,1
14430.0,3,1220.9,446,2010-04-11 15:59:00,2010-07-16 11:35:00,29,United Kingdom,511,3,1220.9,406.9666666666667,446,1
14431.0,4,2614.2,1202,2010-01-21 10:49:00,2011-02-10 10:40:00,72,United Kingdom,302,4,2614.2,653.55,1202,1
14432.0,6,2255.51,2070,2011-09-11 14:09:00,2011-11-30 08:04:00,256,United Kingdom,9,6,2255.51,375.91833333333335,2070,0
14433.0,1,289.6,134,2010-08-31 12:35:00,2010-08-31 12:35:00,72,United Kingdom,465,1,289.6,289.6,134,1
14434.0,6,1372.8,368,2011-09-28 15:31:00,2011-11-18 08:56:00,3,United Kingdom,21,6,1372.8,228.8,368,0
14435.0,1,90.42,282,2010-07-26 12:33:00,2010-07-26 12:33:00,3,United Kingdom,501,1,90.42,90.42,282,1
14436.0,2,271.70000000000005,297,2010-06-04 11:32:00,2011-09-02 10:13:00,11,United Kingdom,98,2,271.70000000000005,135.85000000000002,297,0
14437.0,5,958.84,486,2010-05-05 12:20:00,2010-12-09 09:27:00,34,United Kingdom,365,5,958.84,191.768,486,1
14438.0,1,131.9,82,2011-02-06 14:56:00,2011-02-06 14:56:00,9,United Kingdom,306,1,131.9,131.9,82,1
14439.0,5,9443.04,2244,2010-01-21 14:01:00,2011-01-24 11:39:00,105,Greece,319,5,9443.04,1888.608,2244,1
14440.0,13,6638.7300000000005,1755,2009-12-02 12:13:00,2011-12-01 15:42:00,63,United Kingdom,8,13,6638.7300000000005,510.6715384615385,1755,0
14441.0,11,4611.6900000000005,1260,2010-01-18 10:40:00,2011-12-09 09:07:00,103,United Kingdom,0,11,4611.6900000000005,419.2445454545455,1260,0
14442.0,7,5367.02,1431,2010-01-18 12:59:00,2011-05-19 11:36:00,128,Channel Islands,204,7,5367.02,766.7171428571429,1431,1
14443.0,5,2386.47,1520,2010-11-25 14:18:00,2011-10-17 10:10:00,119,United Kingdom,53,5,2386.47,477.294,1520,0
14444.0,1,132.04,180,2010-09-09 18:56:00,2010-09-09 18:56:00,11,United Kingdom,456,1,132.04,132.04,180,1
14445.0,1,221.65,83,2010-09-10 11:09:00,2010-09-10 11:09:00,32,United Kingdom,455,1,221.65,221.65,83,1
14446.0,5,1241.31,1116,2010-11-18 12:08:00,2011-12-09 11:34:00,259,United Kingdom,0,5,1241.31,248.262,1116,0
14447.0,6,1711.73,913,2010-11-04 13:32:00,2011-11-21 08:28:00,81,United Kingdom,18,6,1711.73,285.28833333333336,913,0
14448.0,2,375.35,104,2010-12-10 17:26:00,2011-11-30 13:50:00,20,United Kingdom,9,2,375.35,187.675,104,0
14449.0,8,2482.8,1778,2010-09-29 13:15:00,2011-11-21 12:06:00,301,United Kingdom,18,8,2482.8,310.35,1778,0
14450.0,7,1128.44,522,2010-04-08 12:09:00,2011-06-12 10:46:00,47,United Kingdom,180,7,1128.44,161.2057142857143,522,0
14451.0,12,3308.77,1757,2010-01-17 10:35:00,2011-10-10 13:38:00,245,United Kingdom,60,12,3308.77,275.7308333333333,1757,0
14452.0,4,665.59,289,2010-07-06 13:13:00,2011-11-29 12:06:00,108,United Kingdom,10,4,665.59,166.3975,289,0
14453.0,1,119.93,49,2011-06-02 14:15:00,2011-06-02 14:15:00,22,United Kingdom,190,1,119.93,119.93,49,1
14454.0,5,977.3,400,2009-12-06 12:56:00,2010-11-28 13:26:00,93,United Kingdom,376,5,977.3,195.46,400,1
14455.0,4,628.21,719,2010-08-01 13:26:00,2010-10-03 15:48:00,65,United Kingdom,432,4,628.21,157.0525,719,1
14456.0,9,3062.4,2908,2011-07-20 13:06:00,2011-12-04 13:59:00,580,United Kingdom,5,9,3062.4,340.26666666666665,2908,0
14457.0,1,113.64,88,2011-02-02 09:39:00,2011-02-02 09:39:00,4,United Kingdom,310,1,113.64,113.64,88,1
14458.0,1,237.42,328,2010-11-24 12:43:00,2010-11-24 12:43:00,46,United Kingdom,380,1,237.42,237.42,328,1
14459.0,2,5375.741,2303,2010-02-26 13:26:00,2011-07-07 13:35:00,113,United Kingdom,155,2,5375.741,2687.8705,2303,0
14460.0,9,1093.5,1879,2009-12-15 19:06:00,2011-08-21 14:19:00,33,United Kingdom,110,9,1093.5,121.5,1879,0
14461.0,13,6713.5,3027,2010-01-18 12:48:00,2011-07-14 17:11:00,515,United Kingdom,148,13,6713.5,516.4230769230769,3027,0
14462.0,12,2270.01,1072,2010-10-03 14:13:00,2011-10-04 15:55:00,182,United Kingdom,66,12,2270.01,189.1675,1072,0
14463.0,4,786.5699999999999,210,2010-07-28 11:35:00,2011-09-02 15:20:00,7,United Kingdom,98,4,786.5699999999999,196.6425,210,0
14464.0,2,111.0,62,2010-03-22 15:20:00,2010-05-20 18:00:00,4,United Kingdom,568,2,111.0,55.5,62,1
14465.0,11,3946.03,2546,2010-01-07 15:03:00,2011-04-07 12:38:00,128,United Kingdom,246,11,3946.03,358.73,2546,1
14466.0,13,4646.9,2644,2009-12-13 15:44:00,2011-11-10 14:07:00,77,United Kingdom,29,13,4646.9,357.45384615384614,2644,0
14467.0,12,2220.99,1196,2009-12-02 12:44:00,2011-11-22 12:48:00,144,United Kingdom,17,12,2220.99,185.0825,1196,0
14468.0,1,204.24,164,2009-12-06 12:21:00,2009-12-06 12:21:00,12,United Kingdom,733,1,204.24,204.24,164,1
14469.0,4,2112.21,980,2010-01-29 11:12:00,2010-10-19 14:30:00,120,United Kingdom,416,4,2112.21,528.0525,980,1
14470.0,3,712.04,282,2010-10-05 12:39:00,2011-11-28 10:31:00,56,United Kingdom,11,3,712.04,237.34666666666664,282,0
14471.0,2,400.95,187,2009-12-07 12:26:00,2010-04-27 17:12:00,38,United Kingdom,591,2,400.95,200.475,187,1
14472.0,9,2228.22,1305,2010-01-19 13:09:00,2011-08-28 11:01:00,173,United Kingdom,103,9,2228.22,247.58,1305,0
14473.0,2,234.34000000000003,88,2011-03-02 13:56:00,2011-09-26 15:10:00,7,United Kingdom,74,2,234.34000000000003,117.17000000000002,88,0
14474.0,2,1278.08,453,2010-05-09 12:12:00,2011-10-24 13:26:00,122,United Kingdom,46,2,1278.08,639.04,453,0
14475.0,4,1151.15,541,2010-10-27 09:20:00,2011-09-29 10:46:00,40,United Kingdom,71,4,1151.15,287.7875,541,0
14476.0,1,215.7,132,2011-03-27 15:39:00,2011-03-27 15:39:00,17,United Kingdom,257,1,215.7,215.7,132,1
14477.0,7,1969.6,1120,2010-01-04 15:41:00,2011-11-20 11:11:00,7,United Kingdom,19,7,1969.6,281.37142857142857,1120,0
14478.0,4,1276.66,1226,2009-12-01 13:20:00,2010-11-22 15:29:00,59,United Kingdom,382,4,1276.66,319.165,1226,1
14479.0,4,1299.11,620,2009-12-06 13:48:00,2011-03-31 09:07:00,127,United Kingdom,253,4,1299.11,324.7775,620,1
14480.0,4,1299.52,670,2009-12-21 16:32:00,2011-11-28 16:35:00,52,United Kingdom,11,4,1299.52,324.88,670,0
14481.0,5,2311.49,1584,2010-01-31 12:43:00,2011-06-28 10:38:00,114,United Kingdom,164,5,2311.49,462.298,1584,0
14482.0,12,4357.91,2891,2010-08-26 14:13:00,2011-11-21 13:14:00,185,United Kingdom,18,12,4357.91,363.1591666666666,2891,0
14483.0,2,257.1,193,2009-12-03 10:16:00,2011-03-03 10:26:00,13,United Kingdom,281,2,257.1,128.55,193,1
14484.0,4,1070.98,744,2009-12-17 10:57:00,2011-10-20 14:11:00,47,United Kingdom,50,4,1070.98,267.745,744,0
14485.0,1,165.75,71,2011-11-01 12:25:00,2011-11-01 12:25:00,44,United Kingdom,38,1,165.75,165.75,71,0
14486.0,2,175.5,90,2010-06-04 10:30:00,2010-07-16 09:42:00,4,United Kingdom,511,2,175.5,87.75,90,1
14487.0,7,1453.61,837,2010-11-25 13:36:00,2011-11-13 12:17:00,129,United Kingdom,26,7,1453.61,207.6585714285714,837,0
14488.0,1,1064.28,799,2011-10-03 09:30:00,2011-10-03 09:30:00,46,United Kingdom,67,1,1064.28,1064.28,799,0
14489.0,4,1574.93,1011,2010-04-06 09:52:00,2011-05-16 14:51:00,65,United Kingdom,207,4,1574.93,393.7325,1011,1
14490.0,2,1273.47,933,2010-10-07 11:36:00,2010-10-29 15:04:00,72,United Kingdom,406,2,1273.47,636.735,933,1
14491.0,2,468.13,179,2010-12-02 12:10:00,2011-06-17 15:22:00,17,United Kingdom,175,2,468.13,234.065,179,0
14492.0,7,1921.91,751,2010-03-30 14:23:00,2010-10-05 13:21:00,70,United Kingdom,430,7,1921.91,274.55857142857144,751,1
14493.0,10,5130.15,3183,2010-03-08 08:33:00,2011-12-02 16:14:00,292,United Kingdom,7,10,5130.15,513.015,3183,0
14494.0,3,401.46,210,2009-12-08 13:25:00,2011-11-14 09:21:00,17,United Kingdom,25,3,401.46,133.82,210,0
14495.0,3,174.8,68,2010-02-18 08:49:00,2011-10-20 12:28:00,7,United Kingdom,50,3,174.8,58.26666666666667,68,0
14496.0,7,2668.23,991,2010-03-16 13:15:00,2011-02-01 09:01:00,64,United Kingdom,311,7,2668.23,381.1757142857143,991,1
14497.0,2,697.0600000000001,332,2010-02-04 09:59:00,2011-02-03 17:01:00,40,United Kingdom,309,2,697.0600000000001,348.53000000000003,332,1
14498.0,10,3911.27,2122,2010-06-07 16:05:00,2011-10-28 12:09:00,276,United Kingdom,42,10,3911.27,391.127,2122,0
14499.0,7,2138.9700000000003,1250,2010-08-27 11:57:00,2011-11-13 13:01:00,199,United Kingdom,26,7,2138.9700000000003,305.56714285714287,1250,0
14500.0,3,356.85,117,2011-06-03 10:08:00,2011-09-12 16:45:00,6,United Kingdom,88,3,356.85,118.95,117,0
14501.0,2,251.21,161,2011-01-24 10:43:00,2011-06-09 12:02:00,9,United Kingdom,183,2,251.21,125.605,161,1
14502.0,11,2470.67,1498,2011-01-30 15:52:00,2011-11-20 11:50:00,368,United Kingdom,19,11,2470.67,224.60636363636365,1498,0
14503.0,6,3543.26,2004,2011-06-14 10:00:00,2011-12-06 13:30:00,113,United Kingdom,3,6,3543.26,590.5433333333334,2004,0
14504.0,4,673.26,308,2011-03-06 14:38:00,2011-10-23 16:00:00,85,United Kingdom,47,4,673.26,168.315,308,0
14505.0,19,12001.84,5383,2009-12-09 14:48:00,2011-11-22 15:45:00,898,United Kingdom,17,19,12001.84,631.6757894736842,5383,0
14506.0,7,3290.67,1078,2010-04-19 08:27:00,2011-11-22 13:02:00,251,United Kingdom,17,7,3290.67,470.0957142857143,1078,0
14507.0,11,3284.43,1536,2009-12-10 17:04:00,2011-11-16 12:21:00,182,United Kingdom,23,11,3284.43,298.58454545454543,1536,0
14508.0,5,874.94,359,2010-06-17 13:02:00,2011-11-17 19:48:00,142,United Kingdom,22,5,874.94,174.988,359,0
14509.0,1,110.95,38,2010-06-23 13:21:00,2010-06-23 13:21:00,25,United Kingdom,534,1,110.95,110.95,38,1
14510.0,3,1007.28,821,2010-09-29 13:35:00,2010-11-29 12:46:00,67,United Kingdom,375,3,1007.28,335.76,821,1
14511.0,5,1314.81,784,2011-07-29 12:13:00,2011-11-28 17:05:00,53,United Kingdom,11,5,1314.81,262.962,784,0
14512.0,7,1223.47,742,2009-12-07 13:49:00,2011-06-05 12:39:00,55,United Kingdom,187,7,1223.47,174.78142857142856,742,1
14513.0,6,788.01,593,2010-05-20 17:57:00,2011-08-31 11:25:00,15,United Kingdom,100,6,788.01,131.335,593,0
14514.0,9,4598.9800000000005,2496,2009-12-13 13:21:00,2011-10-09 16:05:00,212,United Kingdom,61,9,4598.9800000000005,510.99777777777786,2496,0
14515.0,12,3749.26,1917,2010-06-07 12:37:00,2011-11-22 11:37:00,109,United Kingdom,17,12,3749.26,312.43833333333333,1917,0
14516.0,1,163.92,68,2010-07-11 14:07:00,2010-07-11 14:07:00,35,United Kingdom,516,1,163.92,163.92,68,1
14517.0,2,330.45,91,2011-07-21 11:42:00,2011-11-06 14:20:00,17,United Kingdom,33,2,330.45,165.225,91,0
14518.0,1,174.37,278,2011-10-06 14:43:00,2011-10-06 14:43:00,16,United Kingdom,64,1,174.37,174.37,278,0
14519.0,2,206.09,82,2009-12-11 10:40:00,2010-01-25 11:18:00,38,United Kingdom,683,2,206.09,103.045,82,1
14520.0,2,270.6,146,2011-02-22 09:15:00,2011-12-08 09:46:00,3,United Kingdom,1,2,270.6,135.3,146,0
14521.0,1,199.45,211,2010-08-05 16:35:00,2010-08-05 16:35:00,17,United Kingdom,491,1,199.45,199.45,211,1
14522.0,8,1758.62,968,2010-01-24 13:55:00,2011-11-15 13:24:00,34,United Kingdom,24,8,1758.62,219.8275,968,0
14523.0,1,241.09,251,2011-08-23 13:13:00,2011-08-23 13:13:00,12,United Kingdom,108,1,241.09,241.09,251,0
14524.0,13,2933.71,1176,2010-10-19 11:44:00,2011-11-08 12:29:00,250,United Kingdom,31,13,2933.71,225.67,1176,0
14525.0,17,8240.64,5235,2009-12-13 14:01:00,2011-11-20 11:37:00,340,United Kingdom,19,17,8240.64,484.7435294117647,5235,0
14526.0,1,262.4,179,2010-11-15 13:32:00,2010-11-15 13:32:00,41,United Kingdom,389,1,262.4,262.4,179,1
14527.0,122,27792.3,6762,2009-12-02 12:06:00,2011-12-07 12:19:00,607,United Kingdom,2,122,27792.3,227.805737704918,6762,0
14528.0,1,364.22,278,2011-11-02 17:09:00,2011-11-02 17:09:00,18,United Kingdom,37,1,364.22,364.22,278,0
14529.0,3,620.04,348,2011-08-21 14:10:00,2011-10-10 15:27:00,177,United Kingdom,60,3,620.04,206.68,348,0
14530.0,16,6197.4,3014,2010-01-21 11:25:00,2011-11-14 10:38:00,269,United Kingdom,25,16,6197.4,387.3375,3014,0
14531.0,1,376.34,260,2010-08-17 10:16:00,2010-08-17 10:16:00,29,United Kingdom,479,1,376.34,376.34,260,1
14532.0,11,3859.18,1115,2010-01-10 11:47:00,2011-04-17 13:05:00,209,United Kingdom,236,11,3859.18,350.83454545454543,1115,1
14533.0,11,3466.37,6038,2010-04-08 12:13:00,2011-11-15 12:05:00,74,United Kingdom,24,11,3466.37,315.12454545454545,6038,0
14534.0,26,6271.11,2856,2010-03-15 14:16:00,2011-12-07 12:19:00,437,United Kingdom,2,26,6271.11,241.19653846153844,2856,0
14535.0,9,6030.7300000000005,3240,2010-02-24 15:03:00,2011-10-10 15:39:00,589,United Kingdom,60,9,6030.7300000000005,670.0811111111111,3240,0
14536.0,1,171.8,40,2011-03-25 12:21:00,2011-03-25 12:21:00,18,United Kingdom,259,1,171.8,171.8,40,1
14537.0,2,641.4,228,2010-03-26 13:44:00,2011-10-13 10:54:00,23,United Kingdom,57,2,641.4,320.7,228,0
14538.0,5,1370.84,284,2010-01-25 15:42:00,2011-10-06 10:31:00,45,United Kingdom,64,5,1370.84,274.168,284,0
14539.0,2,537.48,428,2011-10-26 12:03:00,2011-11-24 09:50:00,31,United Kingdom,15,2,537.48,268.74,428,0
14540.0,11,3795.34,1619,2009-12-07 13:00:00,2011-11-30 10:15:00,197,United Kingdom,9,11,3795.34,345.0309090909091,1619,0
14541.0,14,2499.68,1129,2010-01-07 11:59:00,2011-10-12 10:08:00,99,United Kingdom,58,14,2499.68,178.54857142857142,1129,0
14542.0,1,103.25,19,2011-06-07 08:19:00,2011-06-07 08:19:00,5,United Kingdom,185,1,103.25,103.25,19,1
14543.0,39,14906.77,2697,2009-12-01 13:47:00,2011-11-11 12:45:00,106,United Kingdom,28,39,14906.77,382.22487179487183,2697,0
14544.0,3,2982.43,2438,2010-08-26 16:00:00,2011-11-15 15:06:00,148,United Kingdom,24,3,2982.43,994.1433333333332,2438,0
14545.0,1,349.25,236,2010-02-03 15:23:00,2010-02-03 15:23:00,23,United Kingdom,674,1,349.25,349.25,236,1
14546.0,11,5197.9,2696,2009-12-06 13:10:00,2011-12-04 13:00:00,410,United Kingdom,5,11,5197.9,472.5363636363636,2696,0
14547.0,8,4007.54,2668,2011-10-16 14:35:00,2011-12-06 11:06:00,198,United Kingdom,3,8,4007.54,500.9425,2668,0
14548.0,9,2627.49,1021,2009-12-06 14:00:00,2011-07-12 12:19:00,66,United Kingdom,150,9,2627.49,291.9433333333333,1021,0
14549.0,4,916.55,395,2009-12-02 14:06:00,2011-02-01 13:47:00,117,United Kingdom,311,4,916.55,229.1375,395,1
14550.0,4,1353.31,776,2010-08-13 12:05:00,2011-11-29 12:12:00,77,United Kingdom,10,4,1353.31,338.3275,776,0
14551.0,7,880.04,487,2010-01-27 12:06:00,2011-11-21 13:36:00,69,United Kingdom,18,7,880.04,125.72,487,0
14552.0,3,511.28,261,2010-04-26 13:44:00,2011-07-11 12:49:00,124,United Kingdom,151,3,511.28,170.42666666666665,261,0
14553.0,9,1841.54,1140,2010-07-18 12:07:00,2011-11-20 13:20:00,233,United Kingdom,19,9,1841.54,204.61555555555557,1140,0
14554.0,4,2381.04,1478,2011-10-18 13:04:00,2011-11-29 16:44:00,147,United Kingdom,10,4,2381.04,595.26,1478,0
14555.0,6,2315.63,850,2009-12-18 11:39:00,2011-10-13 16:24:00,94,United Kingdom,57,6,2315.63,385.9383333333333,850,0
14556.0,3,835.34,331,2010-01-20 11:49:00,2010-04-22 14:57:00,158,United Kingdom,596,3,835.34,278.44666666666666,331,1
14557.0,1,788.38,510,2011-09-15 15:48:00,2011-09-15 15:48:00,16,United Kingdom,85,1,788.38,788.38,510,0
14558.0,3,655.5,162,2009-12-08 10:41:00,2010-02-23 12:51:00,13,United Kingdom,654,3,655.5,218.5,162,1
14559.0,1,75.6,72,2010-11-14 16:05:00,2010-11-14 16:05:00,2,United Kingdom,390,1,75.6,75.6,72,1
14560.0,44,6114.03,4580,2009-12-02 10:15:00,2011-12-02 15:22:00,60,United Kingdom,7,44,6114.03,138.95522727272726,4580,0
14561.0,3,1080.76,1014,2011-06-08 13:26:00,2011-09-25 12:39:00,67,United Kingdom,75,3,1080.76,360.25333333333333,1014,0
14562.0,26,6729.400000000001,2604,2010-02-07 14:10:00,2011-12-06 11:05:00,245,United Kingdom,3,26,6729.400000000001,258.82307692307694,2604,0
14563.0,2,679.44,335,2010-04-26 12:51:00,2010-07-18 12:01:00,95,United Kingdom,509,2,679.44,339.72,335,1
14564.0,2,2605.62,1295,2009-12-04 09:27:00,2010-10-01 09:02:00,107,Channel Islands,434,2,2605.62,1302.81,1295,1
14565.0,5,3859.22,1940,2010-08-23 09:48:00,2011-09-05 09:07:00,139,United Kingdom,95,5,3859.22,771.8439999999999,1940,0
14566.0,4,4092.0,2400,2010-06-24 10:34:00,2011-08-21 11:05:00,9,Channel Islands,110,4,4092.0,1023.0,2400,0
14567.0,2,1530.36,412,2011-08-01 13:48:00,2011-10-14 10:21:00,33,United Kingdom,56,2,1530.36,765.18,412,0
14568.0,1,919.7,645,2010-09-30 17:15:00,2010-09-30 17:15:00,47,Channel Islands,435,1,919.7,919.7,645,1
14569.0,4,598.98,258,2010-04-15 11:49:00,2011-12-08 14:58:00,31,United Kingdom,1,4,598.98,149.745,258,0
14570.0,3,613.75,431,2010-09-22 13:07:00,2011-03-04 10:58:00,64,United Kingdom,280,3,613.75,204.58333333333331,431,1
14571.0,1,161.65,57,2010-10-10 15:06:00,2010-10-10 15:06:00,30,United Kingdom,425,1,161.65,161.65,57,1
14572.0,11,5615.18,2933,2010-03-28 13:47:00,2011-12-06 14:40:00,336,United Kingdom,3,11,5615.18,510.4709090909091,2933,0
14573.0,13,2621.42,835,2010-01-08 16:34:00,2011-06-13 11:15:00,183,United Kingdom,179,13,2621.42,201.64769230769232,835,0
14574.0,1,143.70000000000002,63,2009-12-07 12:42:00,2009-12-07 12:42:00,11,United Kingdom,732,1,143.70000000000002,143.70000000000002,63,1
14575.0,1,460.71,176,2010-08-08 14:51:00,2010-08-08 14:51:00,71,United Kingdom,488,1,460.71,460.71,176,1
14576.0,1,70.80000000000001,24,2010-12-02 17:51:00,2010-12-02 17:51:00,1,United Kingdom,372,1,70.80000000000001,70.80000000000001,24,1
14577.0,7,1374.25,573,2009-12-11 12:09:00,2011-11-27 12:47:00,104,United Kingdom,12,7,1374.25,196.32142857142856,573,0
14578.0,1,168.63,240,2011-12-06 17:18:00,2011-12-06 17:18:00,24,United Kingdom,3,1,168.63,168.63,240,0
14579.0,1,105.56,56,2010-10-03 14:36:00,2010-10-03 14:36:00,24,United Kingdom,432,1,105.56,105.56,56,1
14580.0,1,14.85,3,2010-07-09 15:20:00,2010-07-09 15:20:00,1,United Kingdom,518,1,14.85,14.85,3,1
14581.0,2,433.8,309,2010-06-13 15:48:00,2011-11-23 12:39:00,59,United Kingdom,16,2,433.8,216.9,309,0
14582.0,1,114.11,73,2011-10-30 11:56:00,2011-10-30 11:56:00,6,United Kingdom,40,1,114.11,114.11,73,0
14583.0,8,1781.03,1155,2010-03-28 15:16:00,2011-12-04 12:32:00,353,United Kingdom,5,8,1781.03,222.62875,1155,0
14584.0,8,1747.91,963,2010-02-17 14:01:00,2011-06-23 18:33:00,127,United Kingdom,169,8,1747.91,218.48875,963,0
14585.0,5,1143.27,630,2010-10-19 12:17:00,2011-10-20 14:33:00,88,United Kingdom,50,5,1143.27,228.654,630,0
14586.0,1,237.36,444,2011-03-08 10:04:00,2011-03-08 10:04:00,19,United Kingdom,276,1,237.36,237.36,444,1
14587.0,9,1601.14,761,2011-01-12 13:16:00,2011-11-21 11:34:00,170,United Kingdom,18,9,1601.14,177.9044444444445,761,0
14588.0,1,135.39,62,2010-05-10 15:08:00,2010-05-10 15:08:00,16,United Kingdom,578,1,135.39,135.39,62,1
14589.0,1,79.5,10,2010-12-03 11:42:00,2010-12-03 11:42:00,3,United Kingdom,371,1,79.5,79.5,10,1
14590.0,20,3006.62,904,2009-12-07 14:10:00,2010-10-11 12:06:00,124,United Kingdom,424,20,3006.62,150.331,904,1
14591.0,4,1447.14,1297,2011-05-10 14:09:00,2011-11-24 13:57:00,138,United Kingdom,15,4,1447.14,361.785,1297,0
14592.0,3,570.46,415,2011-10-06 18:08:00,2011-11-04 16:35:00,132,United Kingdom,35,3,570.46,190.1533333333333,415,0
14593.0,12,3712.01,1875,2009-12-09 12:57:00,2011-11-18 12:48:00,436,United Kingdom,21,12,3712.01,309.3341666666667,1875,0
14594.0,2,634.83,331,2010-12-01 13:54:00,2011-12-02 13:28:00,48,United Kingdom,7,2,634.83,317.415,331,0
14595.0,8,2164.45,1228,2010-01-20 13:59:00,2011-11-20 12:12:00,119,United Kingdom,19,8,2164.45,270.55625,1228,0
14596.0,1,229.47,79,2010-03-23 12:13:00,2010-03-23 12:13:00,50,United Kingdom,626,1,229.47,229.47,79,1
14597.0,6,2201.54,1447,2010-09-28 13:17:00,2011-11-28 13:13:00,79,United Kingdom,11,6,2201.54,366.92333333333335,1447,0
14598.0,2,384.04,354,2010-05-19 13:07:00,2011-10-26 13:19:00,83,United Kingdom,44,2,384.04,192.02,354,0
14599.0,2,474.54,295,2010-07-18 15:54:00,2010-11-14 14:49:00,77,United Kingdom,390,2,474.54,237.27,295,1
14600.0,2,865.1700000000001,487,2010-11-11 15:56:00,2011-02-07 09:48:00,53,United Kingdom,305,2,865.1700000000001,432.585,487,1
14601.0,1,213.96,168,2011-11-29 09:48:00,2011-11-29 09:48:00,7,United Kingdom,10,1,213.96,213.96,168,0
14602.0,1,205.36,80,2010-02-21 15:47:00,2010-02-21 15:47:00,31,United Kingdom,656,1,205.36,205.36,80,1
14603.0,1,660.0,400,2011-03-10 10:27:00,2011-03-10 10:27:00,2,United Kingdom,274,1,660.0,660.0,400,1
14604.0,1,143.86,88,2010-03-16 13:00:00,2010-03-16 13:00:00,20,United Kingdom,633,1,143.86,143.86,88,1
14605.0,4,937.16,424,2009-12-08 13:59:00,2010-11-30 14:07:00,88,United Kingdom,374,4,937.16,234.29,424,1
14606.0,192,30861.06,15635,2009-12-03 12:40:00,2011-12-08 19:28:00,1262,United Kingdom,1,192,30861.06,160.7346875,15635,0
14607.0,22,24137.63,15585,2009-12-15 11:25:00,2011-11-24 10:35:00,106,United Kingdom,15,22,24137.63,1097.165,15585,0
14608.0,11,3352.94,927,2009-12-06 12:34:00,2011-12-05 16:52:00,15,United Kingdom,4,11,3352.94,304.8127272727273,927,0
14609.0,10,1486.2,12720,2010-02-09 09:48:00,2011-09-28 12:54:00,6,United Kingdom,72,10,1486.2,148.62,12720,0
14610.0,2,24.35,15,2010-07-13 16:06:00,2010-11-09 10:58:00,10,United Kingdom,395,2,24.35,12.175,15,1
14611.0,2,604.3299999999999,582,2010-04-20 10:19:00,2010-09-22 09:19:00,37,United Kingdom,443,2,604.3299999999999,302.165,582,1
14612.0,1,877.7,134,2010-10-20 16:01:00,2010-10-20 16:01:00,14,United Kingdom,415,1,877.7,877.7,134,1
14613.0,1,76.32000000000001,72,2010-01-28 13:02:00,2010-01-28 13:02:00,1,United Kingdom,680,1,76.32000000000001,76.32000000000001,72,1
14614.0,1,295.13,189,2010-11-18 13:04:00,2010-11-18 13:04:00,19,United Kingdom,386,1,295.13,295.13,189,1
14615.0,5,951.76,495,2010-06-09 13:59:00,2010-11-10 13:36:00,40,United Kingdom,394,5,951.76,190.352,495,1
14616.0,5,527.78,170,2010-06-09 09:42:00,2011-04-11 09:54:00,3,United Kingdom,242,5,527.78,105.556,170,1
14617.0,2,190.47000000000003,81,2010-10-20 10:40:00,2010-11-02 11:41:00,7,United Kingdom,402,2,190.47000000000003,95.235,81,1
14618.0,7,1342.32,704,2010-06-11 10:11:00,2011-11-30 13:45:00,40,United Kingdom,9,7,1342.32,191.76,704,0
14619.0,2,1291.24,594,2010-06-16 14:41:00,2011-04-08 07:37:00,58,United Kingdom,245,2,1291.24,645.62,594,1
14620.0,2,412.78,214,2011-03-01 08:30:00,2011-05-18 11:58:00,26,United Kingdom,205,2,412.78,206.39,214,1
14621.0,9,3000.57,1706,2010-01-25 09:08:00,2011-12-08 16:22:00,134,United Kingdom,1,9,3000.57,333.3966666666667,1706,0
14622.0,1,320.58000000000004,146,2011-06-08 12:42:00,2011-06-08 12:42:00,21,United Kingdom,184,1,320.58000000000004,320.58000000000004,146,1
14623.0,10,2059.58,1059,2010-04-16 17:12:00,2011-11-07 13:56:00,193,United Kingdom,32,10,2059.58,205.958,1059,0
14624.0,6,814.07,645,2010-04-14 10:44:00,2011-10-13 13:44:00,39,United Kingdom,57,6,814.07,135.67833333333334,645,0
14625.0,11,4497.88,2155,2009-12-16 13:23:00,2011-05-27 15:32:00,167,United Kingdom,196,11,4497.88,408.89818181818185,2155,1
14626.0,11,5410.92,3135,2009-12-10 14:57:00,2011-11-16 10:37:00,181,United Kingdom,23,11,5410.92,491.9018181818182,3135,0
14627.0,1,462.75,284,2010-11-25 16:32:00,2010-11-25 16:32:00,29,United Kingdom,379,1,462.75,462.75,284,1
14628.0,5,1998.0,1147,2010-01-25 14:40:00,2011-09-09 14:58:00,65,United Kingdom,91,5,1998.0,399.6,1147,0
14629.0,2,959.01,380,2011-10-23 16:13:00,2011-12-05 16:55:00,133,United Kingdom,4,2,959.01,479.505,380,0
14630.0,1,338.65,111,2010-08-12 16:38:00,2010-08-12 16:38:00,21,United Kingdom,484,1,338.65,338.65,111,1
14631.0,6,2025.69,1407,2010-08-09 14:45:00,2011-10-20 11:17:00,65,United Kingdom,50,6,2025.69,337.615,1407,0
14632.0,1,114.56,96,2011-03-22 08:49:00,2011-03-22 08:49:00,8,United Kingdom,262,1,114.56,114.56,96,1
14633.0,1,344.90000000000003,96,2011-03-18 17:07:00,2011-03-18 17:07:00,20,United Kingdom,266,1,344.90000000000003,344.90000000000003,96,1
14634.0,4,2124.46,1906,2010-06-16 09:48:00,2010-09-28 10:40:00,105,United Kingdom,437,4,2124.46,531.115,1906,1
14635.0,1,215.22,118,2010-09-12 10:47:00,2010-09-12 10:47:00,15,United Kingdom,453,1,215.22,215.22,118,1
14636.0,2,609.85,241,2011-03-16 09:52:00,2011-11-03 16:12:00,27,United Kingdom,36,2,609.85,304.925,241,0
14637.0,1,106.68,100,2010-01-31 15:52:00,2010-01-31 15:52:00,7,United Kingdom,677,1,106.68,106.68,100,1
14638.0,1,443.6,166,2011-10-20 10:10:00,2011-10-20 10:10:00,16,United Kingdom,50,1,443.6,443.6,166,0
14639.0,9,4978.96,2410,2010-02-16 12:35:00,2011-10-18 15:06:00,203,United Kingdom,52,9,4978.96,553.2177777777778,2410,0
14640.0,10,3667.06,1651,2010-01-22 15:44:00,2011-11-15 13:07:00,165,United Kingdom,24,10,3667.06,366.706,1651,0
14641.0,1,110.46,90,2011-11-18 10:42:00,2011-11-18 10:42:00,7,United Kingdom,21,1,110.46,110.46,90,0
14642.0,1,96.12,76,2011-10-12 11:08:00,2011-10-12 11:08:00,2,United Kingdom,58,1,96.12,96.12,76,0
14643.0,5,1679.89,1377,2009-12-11 11:52:00,2011-06-22 14:41:00,57,United Kingdom,170,5,1679.89,335.978,1377,0
14644.0,7,2247.72,770,2009-12-03 16:24:00,2011-10-03 08:30:00,50,United Kingdom,67,7,2247.72,321.1028571428571,770,0
14645.0,3,876.89,587,2010-03-15 11:33:00,2011-07-06 09:15:00,45,United Kingdom,156,3,876.89,292.2966666666667,587,0
14646.0,151,528602.52,367193,2009-12-02 16:52:00,2011-12-08 12:12:00,961,Netherlands,1,151,528602.52,3500.678940397351,367193,0
14647.0,2,519.97,180,2010-07-04 13:27:00,2011-05-22 13:40:00,42,United Kingdom,201,2,519.97,259.985,180,1
14648.0,15,4546.86,3326,2009-12-10 13:59:00,2010-10-19 13:12:00,286,United Kingdom,416,15,4546.86,303.124,3326,1
14649.0,9,3775.31,2464,2010-01-20 13:10:00,2011-12-05 12:30:00,374,United Kingdom,4,9,3775.31,419.4788888888889,2464,0
14650.0,1,62.5,22,2010-04-29 20:27:00,2010-04-29 20:27:00,4,United Kingdom,589,1,62.5,62.5,22,1
14651.0,9,2034.12,886,2010-03-18 11:39:00,2011-10-03 15:52:00,216,United Kingdom,67,9,2034.12,226.0133333333333,886,0
14652.0,1,114.18,53,2011-09-23 14:21:00,2011-09-23 14:21:00,29,United Kingdom,77,1,114.18,114.18,53,0
14653.0,12,3614.54,1976,2009-12-02 11:51:00,2011-12-08 13:45:00,271,United Kingdom,1,12,3614.54,301.21166666666664,1976,0
14654.0,1,246.86,273,2009-12-01 12:57:00,2009-12-01 12:57:00,27,United Kingdom,738,1,246.86,246.86,273,1
14655.0,7,3878.51,2341,2010-04-22 14:29:00,2011-12-01 16:28:00,72,United Kingdom,8,7,3878.51,554.0728571428572,2341,0
14656.0,5,814.65,318,2010-04-15 12:10:00,2011-06-23 13:51:00,148,United Kingdom,169,5,814.65,162.93,318,0
14657.0,6,1460.87,885,2010-09-30 19:57:00,2011-11-22 12:47:00,143,United Kingdom,17,6,1460.87,243.47833333333327,885,0
14658.0,2,247.15,47,2011-08-14 15:42:00,2011-12-04 15:35:00,27,United Kingdom,5,2,247.15,123.575,47,0
14659.0,9,2529.93,1195,2011-01-28 12:43:00,2011-12-01 12:17:00,147,United Kingdom,8,9,2529.93,281.1033333333333,1195,0
14660.0,2,285.74,228,2011-08-31 10:40:00,2011-09-14 11:34:00,24,United Kingdom,86,2,285.74,142.87,228,0
14661.0,1,107.95,35,2011-11-13 11:51:00,2011-11-13 11:51:00,4,United Kingdom,26,1,107.95,107.95,35,0
14662.0,7,1416.33,935,2009-12-03 16:47:00,2011-11-11 12:13:00,199,United Kingdom,28,7,1416.33,202.33285714285716,935,0
14663.0,2,490.6,397,2010-10-05 13:12:00,2010-10-05 13:21:00,60,United Kingdom,430,2,490.6,245.3,397,1
14664.0,2,637.89,466,2011-11-06 14:56:00,2011-11-20 10:59:00,78,United Kingdom,19,2,637.89,318.945,466,0
14665.0,7,2749.65,1144,2010-04-26 11:17:00,2011-10-10 09:14:00,94,United Kingdom,60,7,2749.65,392.8071428571429,1144,0
14666.0,1,195.25,161,2011-11-15 12:57:00,2011-11-15 12:57:00,14,United Kingdom,24,1,195.25,195.25,161,0
14667.0,54,21927.14,13010,2009-12-02 12:38:00,2011-11-29 11:30:00,578,United Kingdom,10,54,21927.14,406.0581481481481,13010,0
14668.0,1,111.63,49,2010-09-20 15:03:00,2010-09-20 15:03:00,10,United Kingdom,445,1,111.63,111.63,49,1
14669.0,7,3243.93,2054,2009-12-02 13:06:00,2011-04-12 11:43:00,334,United Kingdom,241,7,3243.93,463.4185714285714,2054,1
14670.0,3,602.0,434,2009-12-07 13:59:00,2011-03-04 14:13:00,159,United Kingdom,280,3,602.0,200.66666666666663,434,1
14671.0,2,1127.45,571,2010-05-20 18:21:00,2010-06-08 13:39:00,48,United Kingdom,549,2,1127.45,563.725,571,1
14672.0,4,1113.14,646,2010-01-28 11:33:00,2011-04-19 10:19:00,93,United Kingdom,234,4,1113.14,278.285,646,1
14673.0,7,3410.81,2035,2010-10-26 10:14:00,2011-12-06 14:31:00,86,United Kingdom,3,7,3410.81,487.2585714285714,2035,0
14674.0,1,173.66,103,2010-07-18 14:25:00,2010-07-18 14:25:00,14,United Kingdom,509,1,173.66,173.66,103,1
14675.0,2,1066.9,726,2010-11-16 12:22:00,2011-11-23 12:58:00,196,United Kingdom,16,2,1066.9,533.45,726,0
14676.0,12,8356.79,8792,2010-03-10 09:30:00,2011-11-08 13:29:00,77,United Kingdom,31,12,8356.79,696.3991666666667,8792,0
14677.0,1,184.91,139,2010-04-26 09:48:00,2010-04-26 09:48:00,14,United Kingdom,592,1,184.91,184.91,139,1
14678.0,1,403.39,179,2010-05-09 14:32:00,2010-05-09 14:32:00,24,United Kingdom,579,1,403.39,403.39,179,1
14679.0,3,1289.44,794,2009-12-08 17:13:00,2010-11-23 11:51:00,49,United Kingdom,381,3,1289.44,429.8133333333333,794,1
14680.0,58,57412.77,27364,2009-12-04 12:36:00,2011-11-14 16:59:00,222,United Kingdom,25,58,57412.77,989.875344827586,27364,0
14681.0,6,875.1500000000001,172,2010-02-24 08:54:00,2011-09-29 15:52:00,19,United Kingdom,71,6,875.1500000000001,145.85833333333335,172,0
14682.0,6,1514.81,949,2010-02-05 14:47:00,2011-06-05 12:12:00,79,United Kingdom,187,6,1514.81,252.46833333333333,949,1
14683.0,1,146.56,386,2010-04-30 17:18:00,2010-04-30 17:18:00,21,United Kingdom,588,1,146.56,146.56,386,1
14684.0,6,1468.55,1039,2010-11-14 14:07:00,2011-11-14 11:33:00,272,United Kingdom,25,6,1468.55,244.75833333333333,1039,0
14685.0,8,4619.79,2012,2009-12-13 11:32:00,2010-05-12 13:08:00,109,United Kingdom,576,8,4619.79,577.47375,2012,1
14686.0,5,885.83,475,2010-02-18 18:29:00,2010-10-21 18:31:00,185,United Kingdom,414,5,885.83,177.166,475,1
14687.0,3,1402.06,850,2010-06-06 10:36:00,2011-08-25 11:59:00,34,United Kingdom,106,3,1402.06,467.3533333333333,850,0
14688.0,28,7713.57,5580,2010-09-09 12:35:00,2011-12-02 12:26:00,197,United Kingdom,7,28,7713.57,275.48464285714283,5580,0
14689.0,1,112.8,76,2011-05-15 11:22:00,2011-05-15 11:22:00,13,United Kingdom,208,1,112.8,112.8,76,1
14690.0,4,794.33,344,2010-10-25 12:20:00,2011-10-26 15:39:00,69,United Kingdom,44,4,794.33,198.5825,344,0
14691.0,5,2114.33,707,2011-05-11 09:55:00,2011-11-09 12:30:00,50,United Kingdom,30,5,2114.33,422.866,707,0
14692.0,12,1745.09,905,2010-04-01 14:04:00,2011-07-25 15:08:00,101,United Kingdom,137,12,1745.09,145.42416666666665,905,0
14693.0,7,1165.36,388,2010-07-02 08:28:00,2011-03-20 12:50:00,43,United Kingdom,264,7,1165.36,166.48,388,1
14694.0,1,244.31,193,2010-04-01 19:46:00,2010-04-01 19:46:00,15,United Kingdom,617,1,244.31,244.31,193,1
14695.0,3,1620.07,678,2009-12-07 11:05:00,2010-07-08 14:18:00,76,United Kingdom,519,3,1620.07,540.0233333333333,678,1
14696.0,8,2767.9,2151,2010-10-14 11:43:00,2011-12-05 13:43:00,137,United Kingdom,4,8,2767.9,345.9875,2151,0
14697.0,2,188.61,181,2011-05-05 15:29:00,2011-05-05 15:39:00,22,United Kingdom,218,2,188.61,94.305,181,1
14698.0,5,1250.76,615,2011-10-19 12:54:00,2011-12-08 12:26:00,148,United Kingdom,1,5,1250.76,250.152,615,0
14699.0,4,702.6,484,2010-07-02 12:04:00,2011-05-09 14:54:00,45,United Kingdom,214,4,702.6,175.65,484,1
14700.0,5,3116.26,1634,2010-08-11 12:19:00,2011-11-07 14:40:00,111,United Kingdom,32,5,3116.26,623.2520000000001,1634,0
14701.0,15,4562.09,1782,2010-01-24 12:15:00,2011-11-29 12:38:00,455,United Kingdom,10,15,4562.09,304.1393333333333,1782,0
14702.0,29,6754.22,3073,2009-12-10 20:22:00,2011-12-08 19:29:00,338,United Kingdom,1,29,6754.22,232.90413793103448,3073,0
14703.0,1,318.17,183,2011-11-25 09:23:00,2011-11-25 09:23:00,22,United Kingdom,14,1,318.17,318.17,183,0
14704.0,11,1813.57,1209,2010-03-25 17:21:00,2011-11-28 12:51:00,319,United Kingdom,11,11,1813.57,164.87,1209,0
14705.0,1,179.0,100,2011-05-25 12:39:00,2011-05-25 12:39:00,1,United Kingdom,198,1,179.0,179.0,100,1
14706.0,1,390.69,263,2010-03-31 11:09:00,2010-03-31 11:09:00,25,United Kingdom,618,1,390.69,390.69,263,1
14707.0,2,139.2,96,2010-05-12 11:07:00,2010-09-30 11:37:00,1,United Kingdom,435,2,139.2,69.6,96,1
14708.0,5,2212.28,1509,2010-09-10 10:26:00,2011-12-07 08:21:00,27,United Kingdom,2,5,2212.28,442.456,1509,0
14709.0,25,8886.33,4141,2009-12-05 15:26:00,2011-11-24 15:41:00,105,United Kingdom,15,25,8886.33,355.4532,4141,0
14710.0,13,1922.59,1151,2009-12-03 17:12:00,2011-11-25 14:53:00,310,United Kingdom,14,13,1922.59,147.89153846153846,1151,0
14711.0,11,2868.8,978,2011-03-22 13:32:00,2011-11-29 14:58:00,221,United Kingdom,10,11,2868.8,260.8,978,0
14712.0,4,1328.0700000000002,411,2010-10-17 14:49:00,2011-11-10 12:59:00,24,United Kingdom,29,4,1328.0700000000002,332.01750000000004,411,0
14713.0,21,5418.87,3456,2009-12-03 19:22:00,2011-11-30 16:26:00,222,United Kingdom,9,21,5418.87,258.0414285714286,3456,0
14714.0,4,906.24,642,2010-01-21 11:51:00,2011-11-15 13:07:00,64,United Kingdom,24,4,906.24,226.56,642,0
14715.0,8,1840.45,1034,2010-01-19 12:18:00,2011-11-15 12:10:00,102,United Kingdom,24,8,1840.45,230.05625,1034,0
14716.0,3,565.45,752,2010-09-21 12:07:00,2011-10-27 17:29:00,85,United Kingdom,43,3,565.45,188.48333333333332,752,0
14717.0,1,81.3,32,2009-12-06 13:05:00,2009-12-06 13:05:00,11,United Kingdom,733,1,81.3,81.3,32,1
14718.0,1,226.42,202,2010-10-25 13:07:00,2010-10-25 13:07:00,11,United Kingdom,410,1,226.42,226.42,202,1
14719.0,5,1602.13,1032,2011-04-04 14:17:00,2011-12-08 12:43:00,177,United Kingdom,1,5,1602.13,320.42600000000004,1032,0
14720.0,3,663.81,219,2011-08-05 12:06:00,2011-12-04 12:02:00,34,United Kingdom,5,3,663.81,221.27,219,0
14721.0,1,115.77,59,2010-11-25 13:08:00,2010-11-25 13:08:00,24,United Kingdom,379,1,115.77,115.77,59,1
14722.0,3,513.37,222,2010-08-10 13:28:00,2011-07-15 14:58:00,72,United Kingdom,147,3,513.37,171.1233333333333,222,0
14723.0,11,2093.06,1308,2009-12-04 11:22:00,2011-11-29 15:23:00,287,United Kingdom,10,11,2093.06,190.27818181818185,1308,0
14724.0,1,345.25,187,2010-04-28 13:26:00,2010-04-28 13:26:00,40,United Kingdom,590,1,345.25,345.25,187,1
14725.0,4,1315.24,1340,2010-06-23 11:34:00,2011-11-15 12:42:00,85,United Kingdom,24,4,1315.24,328.81,1340,0
14726.0,1,124.75,91,2010-02-23 12:35:00,2010-02-23 12:35:00,15,United Kingdom,654,1,124.75,124.75,91,1
14727.0,3,467.93,468,2010-06-11 13:23:00,2011-03-10 14:45:00,43,United Kingdom,274,3,467.93,155.97666666666666,468,1
14728.0,1,190.58,68,2010-10-22 15:57:00,2010-10-22 15:57:00,14,United Kingdom,413,1,190.58,190.58,68,1
14729.0,3,907.38,574,2010-03-24 13:30:00,2010-12-01 12:43:00,126,United Kingdom,373,3,907.38,302.46,574,1
14730.0,8,2005.06,1132,2011-03-08 12:49:00,2011-12-08 14:39:00,317,United Kingdom,1,8,2005.06,250.6325,1132,0
14731.0,3,380.02,256,2011-05-11 13:06:00,2011-10-23 15:54:00,38,United Kingdom,47,3,380.02,126.67333333333332,256,0
14732.0,19,5517.07,2273,2009-12-09 10:48:00,2011-12-01 14:34:00,162,United Kingdom,8,19,5517.07,290.3721052631579,2273,0
14733.0,15,16184.97,6491,2010-11-02 15:42:00,2011-11-23 15:39:00,140,United Kingdom,16,15,16184.97,1078.998,6491,0
14734.0,4,1056.42,378,2010-06-06 15:15:00,2010-10-10 12:04:00,48,United Kingdom,425,4,1056.42,264.105,378,1
14735.0,56,12240.16,4513,2009-12-04 11:32:00,2011-12-06 12:09:00,198,United Kingdom,3,56,12240.16,218.5742857142857,4513,0
14736.0,2,401.08,164,2010-08-11 15:13:00,2010-08-11 15:21:00,70,United Kingdom,485,2,401.08,200.54,164,1
14737.0,4,3554.17,1071,2010-11-04 11:29:00,2011-12-06 10:16:00,28,United Kingdom,3,4,3554.17,888.5425,1071,0
14738.0,9,1821.9,757,2009-12-07 10:21:00,2011-10-28 08:56:00,58,United Kingdom,42,9,1821.9,202.4333333333333,757,0
14739.0,25,12287.5,10172,2009-12-02 13:23:00,2011-12-05 16:54:00,129,United Kingdom,4,25,12287.5,491.5,10172,0
14740.0,11,4161.06,2081,2010-02-25 11:40:00,2011-05-26 18:17:00,173,United Kingdom,197,11,4161.06,378.27818181818185,2081,1
14741.0,7,1897.59,1120,2010-10-18 09:33:00,2011-11-28 08:48:00,48,United Kingdom,11,7,1897.59,271.0842857142857,1120,0
14742.0,1,579.85,374,2010-09-30 14:07:00,2010-09-30 14:07:00,34,United Kingdom,435,1,579.85,579.85,374,1
14743.0,1,50.48,40,2010-04-26 10:26:00,2010-04-26 10:26:00,3,United Kingdom,592,1,50.48,50.48,40,1
14744.0,14,3885.08,2547,2010-05-18 14:06:00,2011-11-23 12:51:00,57,United Kingdom,16,14,3885.08,277.5057142857143,2547,0
14745.0,12,2571.81,1977,2010-03-12 10:33:00,2011-08-19 10:05:00,74,United Kingdom,112,12,2571.81,214.3175,1977,0
14746.0,4,593.5,398,2010-10-12 11:06:00,2010-10-29 14:44:00,7,United Kingdom,406,4,593.5,148.375,398,1
14747.0,1,328.2,84,2011-04-04 14:09:00,2011-04-04 14:09:00,18,United Kingdom,249,1,328.2,328.2,84,1
14748.0,10,3152.32,2752,2010-03-04 17:08:00,2011-11-10 18:33:00,129,United Kingdom,29,10,3152.32,315.232,2752,0
14749.0,1,310.15,403,2010-08-17 12:36:00,2010-08-17 12:36:00,18,United Kingdom,479,1,310.15,310.15,403,1
14750.0,1,112.03,65,2009-12-03 17:57:00,2009-12-03 17:57:00,32,United Kingdom,736,1,112.03,112.03,65,1
14751.0,2,126.45,65,2009-12-13 14:08:00,2010-01-24 13:37:00,7,United Kingdom,684,2,126.45,63.225,65,1
14752.0,1,389.64,260,2011-10-27 11:55:00,2011-10-27 11:55:00,5,United Kingdom,43,1,389.64,389.64,260,0
14753.0,2,869.51,412,2010-09-05 11:04:00,2011-09-13 14:50:00,45,United Kingdom,87,2,869.51,434.755,412,0
14754.0,6,1550.48,1011,2010-01-18 11:04:00,2011-10-26 12:01:00,110,United Kingdom,44,6,1550.48,258.41333333333336,1011,0
14755.0,25,9972.55,4401,2009-12-03 16:51:00,2011-11-30 11:24:00,219,United Kingdom,9,25,9972.55,398.902,4401,0
14756.0,3,2653.76,1423,2010-10-11 11:50:00,2011-11-24 18:13:00,102,United Kingdom,15,3,2653.76,884.5866666666667,1423,0
14757.0,1,420.5,160,2011-09-25 14:36:00,2011-09-25 14:36:00,19,United Kingdom,75,1,420.5,420.5,160,0
14758.0,7,2864.97,840,2010-04-08 08:27:00,2011-07-18 08:21:00,91,United Kingdom,144,7,2864.97,409.2814285714285,840,0
14759.0,3,1625.97,569,2011-04-21 10:55:00,2011-12-05 12:03:00,92,United Kingdom,4,3,1625.97,541.99,569,0
14760.0,1,89.2,40,2011-02-15 16:27:00,2011-02-15 16:27:00,5,United Kingdom,297,1,89.2,89.2,40,1
14761.0,3,447.92,206,2010-09-21 14:22:00,2011-10-12 12:10:00,21,United Kingdom,58,3,447.92,149.30666666666667,206,0
14762.0,2,417.57,428,2010-03-23 15:36:00,2011-03-21 08:20:00,28,United Kingdom,263,2,417.57,208.785,428,1
14764.0,1,278.3,190,2011-10-24 11:54:00,2011-10-24 11:54:00,6,United Kingdom,46,1,278.3,278.3,190,0
14765.0,3,254.11,135,2011-06-16 19:49:00,2011-11-10 19:53:00,38,United Kingdom,29,3,254.11,84.70333333333333,135,0
14766.0,11,6556.13,4063,2010-06-06 11:11:00,2011-12-01 16:05:00,251,United Kingdom,8,11,6556.13,596.0118181818182,4063,0
14767.0,1,382.81,117,2010-08-22 14:54:00,2010-08-22 14:54:00,18,United Kingdom,474,1,382.81,382.81,117,1
14768.0,2,192.6,52,2011-08-04 13:25:00,2011-11-22 12:54:00,4,United Kingdom,17,2,192.6,96.3,52,0
14769.0,17,15771.88,11255,2009-12-16 09:17:00,2011-12-07 10:24:00,834,United Kingdom,2,17,15771.88,927.7576470588236,11255,0
14770.0,8,3637.64,1598,2010-02-25 18:58:00,2011-04-21 14:21:00,152,United Kingdom,232,8,3637.64,454.705,1598,1
14771.0,2,594.62,622,2009-12-03 09:44:00,2010-03-28 12:52:00,46,United Kingdom,621,2,594.62,297.31,622,1
14772.0,1,139.26,82,2011-08-19 15:04:00,2011-08-19 15:04:00,9,United Kingdom,112,1,139.26,139.26,82,0
14773.0,1,140.55,53,2010-04-26 10:29:00,2010-04-26 10:29:00,10,United Kingdom,592,1,140.55,140.55,53,1
14774.0,1,241.45,99,2010-06-29 12:26:00,2010-06-29 12:26:00,13,United Kingdom,528,1,241.45,241.45,99,1
14775.0,3,1418.46,1558,2010-12-02 16:38:00,2011-10-12 15:27:00,57,United Kingdom,58,3,1418.46,472.82,1558,0
14776.0,15,3708.3,4658,2010-09-19 14:12:00,2011-10-19 15:34:00,68,United Kingdom,51,15,3708.3,247.22,4658,0
14777.0,1,307.56,212,2010-11-01 12:50:00,2010-11-01 12:50:00,16,United Kingdom,403,1,307.56,307.56,212,1
14778.0,2,730.86,306,2011-02-04 11:43:00,2011-08-04 15:23:00,34,United Kingdom,127,2,730.86,365.43,306,0
14779.0,3,386.15,84,2011-01-20 12:04:00,2011-03-04 12:42:00,40,United Kingdom,280,3,386.15,128.71666666666667,84,1
14780.0,2,447.68,310,2011-09-21 15:15:00,2011-10-16 12:46:00,26,United Kingdom,54,2,447.68,223.84,310,0
14782.0,1,200.1,114,2011-01-24 11:12:00,2011-01-24 11:12:00,6,United Kingdom,319,1,200.1,200.1,114,1
14783.0,1,307.3,262,2010-02-18 16:16:00,2010-02-18 16:16:00,17,United Kingdom,659,1,307.3,307.3,262,1
14784.0,3,449.93,363,2010-11-15 09:49:00,2011-11-13 13:30:00,25,United Kingdom,26,3,449.93,149.97666666666666,363,0
14785.0,2,77.4,84,2011-11-24 13:40:00,2011-11-29 13:21:00,2,United Kingdom,10,2,77.4,38.7,84,0
14786.0,1,90.96,112,2010-06-07 13:42:00,2010-06-07 13:42:00,7,United Kingdom,550,1,90.96,90.96,112,1
14787.0,1,110.65,59,2010-08-25 14:38:00,2010-08-25 14:38:00,14,United Kingdom,471,1,110.65,110.65,59,1
14788.0,3,1156.32,719,2010-04-22 18:16:00,2011-12-02 17:06:00,53,United Kingdom,7,3,1156.32,385.44,719,0
14789.0,1,197.64,116,2011-11-11 08:59:00,2011-11-11 08:59:00,6,United Kingdom,28,1,197.64,197.64,116,0
14790.0,10,2526.62,2642,2009-12-11 14:37:00,2011-11-23 09:28:00,65,United Kingdom,16,10,2526.62,252.662,2642,0
14791.0,1,303.63,127,2010-04-12 10:24:00,2010-04-12 10:24:00,19,United Kingdom,606,1,303.63,303.63,127,1
14792.0,1,6.2,2,2011-10-07 09:19:00,2011-10-07 09:19:00,2,United Kingdom,63,1,6.2,6.2,2,0
14793.0,2,625.9,361,2010-06-22 16:54:00,2011-11-18 14:50:00,39,United Kingdom,21,2,625.9,312.95,361,0
14794.0,10,1953.9,783,2010-08-09 15:44:00,2011-12-07 10:11:00,85,United Kingdom,2,10,1953.9,195.39,783,0
14795.0,1,131.45000000000002,17,2011-06-26 13:04:00,2011-06-26 13:04:00,6,United Kingdom,166,1,131.45000000000002,131.45000000000002,17,0
14796.0,27,10889.64,7653,2009-12-14 15:06:00,2011-12-08 15:31:00,487,United Kingdom,1,27,10889.64,403.32,7653,0
14797.0,1,300.31,99,2010-07-20 14:07:00,2010-07-20 14:07:00,16,United Kingdom,507,1,300.31,300.31,99,1
14798.0,8,724.31,601,2010-03-01 08:38:00,2011-10-18 10:58:00,30,United Kingdom,52,8,724.31,90.53875,601,0
14799.0,2,338.15,495,2009-12-02 11:18:00,2011-10-19 16:16:00,20,United Kingdom,51,2,338.15,169.075,495,0
14800.0,17,7774.32,6967,2010-09-30 14:38:00,2011-10-23 12:46:00,337,United Kingdom,47,17,7774.32,457.3129411764706,6967,0
14801.0,1,193.14,175,2011-10-09 15:24:00,2011-10-09 15:24:00,56,United Kingdom,61,1,193.14,193.14,175,0
14802.0,2,1502.98,2,2010-09-27 16:32:00,2010-09-27 16:34:00,1,United Kingdom,438,2,1502.98,751.49,2,1
14803.0,3,845.55,370,2011-02-20 13:21:00,2011-06-30 13:58:00,35,United Kingdom,162,3,845.55,281.85,370,0
14804.0,1,353.27,121,2011-12-01 11:20:00,2011-12-01 11:20:00,12,United Kingdom,8,1,353.27,353.27,121,0
14805.0,7,1104.64,421,2010-03-28 12:34:00,2011-11-24 16:20:00,88,United Kingdom,15,7,1104.64,157.8057142857143,421,0
14806.0,2,303.43,423,2010-09-26 15:50:00,2011-09-25 15:32:00,17,United Kingdom,75,2,303.43,151.715,423,0
14807.0,2,519.29,247,2010-02-28 11:33:00,2010-11-14 12:47:00,37,United Kingdom,390,2,519.29,259.645,247,1
14808.0,8,2741.17,2147,2011-06-20 12:53:00,2011-10-31 12:21:00,176,United Kingdom,39,8,2741.17,342.64625,2147,0
14809.0,2,686.76,232,2010-03-28 15:42:00,2010-03-28 15:44:00,18,United Kingdom,621,2,686.76,343.38,232,1
14810.0,13,2537.02,1247,2010-10-06 13:12:00,2011-10-30 11:19:00,125,United Kingdom,40,13,2537.02,195.1553846153846,1247,0
14811.0,1,170.5,74,2010-11-17 13:09:00,2010-11-17 13:09:00,28,United Kingdom,387,1,170.5,170.5,74,1
14812.0,1,185.8,136,2010-04-20 12:13:00,2010-04-20 12:13:00,36,United Kingdom,598,1,185.8,185.8,136,1
14813.0,4,1090.87,474,2010-04-08 11:49:00,2010-12-05 11:57:00,110,United Kingdom,369,4,1090.87,272.7175,474,1
14814.0,1,160.46,96,2010-05-07 14:10:00,2010-05-07 14:10:00,28,United Kingdom,581,1,160.46,160.46,96,1
14815.0,2,778.5,744,2011-10-03 11:36:00,2011-11-03 11:36:00,53,United Kingdom,36,2,778.5,389.25,744,0
14816.0,1,271.85,5,2011-05-26 13:16:00,2011-05-26 13:16:00,4,United Kingdom,197,1,271.85,271.85,5,1
14817.0,7,3959.86,2462,2010-03-22 12:10:00,2011-05-23 13:35:00,142,United Kingdom,200,7,3959.86,565.6942857142857,2462,1
14818.0,6,1170.41,546,2010-03-02 12:48:00,2011-09-27 11:01:00,87,United Kingdom,73,6,1170.41,195.06833333333336,546,0
14819.0,4,470.16,173,2009-12-21 15:54:00,2011-10-06 13:41:00,52,United Kingdom,64,4,470.16,117.54,173,0
14820.0,9,1274.76,724,2010-01-31 12:49:00,2011-11-18 15:41:00,51,United Kingdom,21,9,1274.76,141.64,724,0
14821.0,7,1286.45,485,2010-02-01 13:33:00,2010-12-08 08:43:00,65,United Kingdom,366,7,1286.45,183.77857142857144,485,1
14822.0,1,157.70000000000002,94,2010-08-11 12:52:00,2010-08-11 12:52:00,9,United Kingdom,485,1,157.70000000000002,157.70000000000002,94,1
14823.0,3,321.43,88,2011-05-29 12:48:00,2011-06-12 13:12:00,56,United Kingdom,180,3,321.43,107.14333333333332,88,0
14824.0,10,4022.91,1954,2010-03-12 13:07:00,2011-11-29 14:20:00,84,United Kingdom,10,10,4022.91,402.291,1954,0
14825.0,24,4925.08,2848,2010-04-06 14:14:00,2011-12-06 11:38:00,187,United Kingdom,3,24,4925.08,205.21166666666667,2848,0
14826.0,2,385.2,152,2010-01-13 13:08:00,2010-05-07 09:00:00,10,United Kingdom,581,2,385.2,192.6,152,1
14828.0,13,9839.46,9718,2009-12-07 11:19:00,2011-05-27 10:16:00,72,United Kingdom,196,13,9839.46,756.8815384615384,9718,1
14829.0,7,1692.84,1147,2010-09-29 13:14:00,2011-11-10 16:16:00,77,United Kingdom,29,7,1692.84,241.8342857142857,1147,0
14830.0,1,197.13,169,2011-10-17 14:29:00,2011-10-17 14:29:00,39,United Kingdom,53,1,197.13,197.13,169,0
14831.0,3,1676.57,885,2009-12-02 09:21:00,2010-01-28 14:31:00,67,United Kingdom,680,3,1676.57,558.8566666666667,885,1
14832.0,1,322.69,1,2010-03-19 15:14:00,2010-03-19 15:14:00,1,United Kingdom,630,1,322.69,322.69,1,1
14833.0,1,94.8,58,2010-07-29 10:06:00,2010-07-29 10:06:00,7,United Kingdom,498,1,94.8,94.8,58,1
14834.0,7,2206.16,872,2010-10-28 17:37:00,2011-11-22 10:30:00,55,United Kingdom,17,7,2206.16,315.1657142857143,872,0
14835.0,2,297.0,180,2010-04-01 19:34:00,2010-06-29 10:08:00,1,United Kingdom,528,2,297.0,148.5,180,1
14836.0,3,102.45,45,2011-11-09 13:26:00,2011-11-29 16:45:00,5,United Kingdom,10,3,102.45,34.15,45,0
14837.0,9,3460.32,3030,2010-01-24 10:20:00,2011-09-11 10:58:00,171,United Kingdom,89,9,3460.32,384.48,3030,0
14838.0,2,773.6700000000001,362,2009-12-03 09:52:00,2010-10-12 15:46:00,69,United Kingdom,423,2,773.6700000000001,386.835,362,1
14839.0,3,915.28,927,2010-01-04 16:29:00,2010-10-17 13:01:00,61,United Kingdom,418,3,915.28,305.0933333333333,927,1
14840.0,2,362.71,179,2010-06-18 15:42:00,2011-03-17 12:00:00,20,United Kingdom,267,2,362.71,181.355,179,1
14841.0,14,7163.0,4164,2009-12-02 16:49:00,2011-10-17 15:03:00,196,United Kingdom,53,14,7163.0,511.6428571428572,4164,0
14842.0,4,2824.69,1166,2011-02-04 15:32:00,2011-10-27 12:37:00,128,United Kingdom,43,4,2824.69,706.1725,1166,0
14843.0,1,211.8,132,2010-09-29 12:39:00,2010-09-29 12:39:00,9,United Kingdom,436,1,211.8,211.8,132,1
14844.0,10,6702.43,4369,2010-04-12 12:50:00,2011-10-07 10:41:00,158,United Kingdom,63,10,6702.43,670.243,4369,0
14845.0,1,150.0,600,2010-04-19 10:19:00,2010-04-19 10:19:00,1,United Kingdom,599,1,150.0,150.0,600,1
14846.0,1,437.4,193,2010-10-08 17:07:00,2010-10-08 17:07:00,12,United Kingdom,427,1,437.4,437.4,193,1
14847.0,3,1348.95,533,2010-05-24 12:29:00,2011-07-14 10:52:00,56,United Kingdom,148,3,1348.95,449.65,533,0
14848.0,1,310.56,260,2010-10-31 12:22:00,2010-10-31 12:22:00,11,United Kingdom,404,1,310.56,310.56,260,1
14849.0,43,15763.45,12026,2010-01-10 11:40:00,2011-11-18 10:58:00,279,United Kingdom,21,43,15763.45,366.5918604651162,12026,0
14850.0,7,1794.01,1408,2010-05-20 13:28:00,2011-02-01 11:21:00,129,United Kingdom,311,7,1794.01,256.28714285714284,1408,1
14851.0,3,829.4100000000001,631,2010-03-19 11:52:00,2011-11-16 14:20:00,38,United Kingdom,23,3,829.4100000000001,276.47,631,0
14852.0,18,6147.18,4371,2010-03-05 14:51:00,2011-10-12 13:20:00,152,United Kingdom,58,18,6147.18,341.51,4371,0
14853.0,5,1376.87,345,2010-04-13 09:26:00,2011-11-15 16:56:00,26,United Kingdom,24,5,1376.87,275.374,345,0
14854.0,11,4322.86,2999,2010-01-22 09:48:00,2011-09-22 17:00:00,170,United Kingdom,78,11,4322.86,392.9872727272727,2999,0
14855.0,7,6520.3,3510,2010-04-08 10:30:00,2011-08-12 14:02:00,168,United Kingdom,119,7,6520.3,931.4714285714286,3510,0
14856.0,3,1311.38,714,2011-10-14 09:35:00,2011-11-03 14:53:00,65,United Kingdom,36,3,1311.38,437.1266666666667,714,0
14857.0,7,3651.851,2081,2010-03-15 11:00:00,2011-10-11 09:23:00,170,United Kingdom,59,7,3651.851,521.693,2081,0
14858.0,1,180.75,105,2010-07-22 10:51:00,2010-07-22 10:51:00,11,United Kingdom,505,1,180.75,180.75,105,1
14859.0,5,1705.64,888,2010-06-03 10:26:00,2011-11-27 11:18:00,51,United Kingdom,12,5,1705.64,341.12800000000004,888,0
14860.0,1,170.32,232,2011-11-20 14:17:00,2011-11-20 14:17:00,11,United Kingdom,19,1,170.32,170.32,232,0
14861.0,10,1380.73,1076,2009-12-08 12:12:00,2011-10-18 12:54:00,62,United Kingdom,52,10,1380.73,138.073,1076,0
14862.0,2,841.1999999999999,772,2011-07-14 11:20:00,2011-11-14 10:01:00,47,United Kingdom,25,2,841.1999999999999,420.6,772,0
14863.0,1,266.76,132,2011-11-10 15:04:00,2011-11-10 15:04:00,11,United Kingdom,29,1,266.76,266.76,132,0
14865.0,4,129.72,300,2009-12-01 16:05:00,2011-12-02 16:25:00,4,United Kingdom,7,4,129.72,32.43,300,0
14866.0,19,20850.22,9233,2010-08-26 11:54:00,2011-11-29 11:45:00,40,United Kingdom,10,19,20850.22,1097.38,9233,0
14867.0,16,2952.06,996,2009-12-05 15:47:00,2011-06-07 11:39:00,67,United Kingdom,185,16,2952.06,184.50375,996,1
14868.0,12,4184.01,2230,2010-10-15 14:52:00,2011-12-06 14:49:00,132,United Kingdom,3,12,4184.01,348.6675,2230,0
14869.0,6,2804.24,2138,2009-12-16 11:43:00,2011-12-01 12:36:00,187,United Kingdom,8,6,2804.24,467.3733333333333,2138,0
14870.0,6,1838.95,483,2010-01-25 09:05:00,2011-03-23 10:51:00,43,United Kingdom,261,6,1838.95,306.4916666666667,483,1
14871.0,9,1258.97,454,2009-12-01 11:57:00,2011-12-06 13:42:00,123,United Kingdom,3,9,1258.97,139.88555555555556,454,0
14872.0,3,816.6,662,2010-03-16 14:41:00,2010-08-13 12:34:00,34,United Kingdom,483,3,816.6,272.2,662,1
14873.0,2,854.13,311,2010-03-16 10:51:00,2011-05-13 13:52:00,48,United Kingdom,210,2,854.13,427.065,311,1
14874.0,1,116.18,148,2010-06-22 14:58:00,2010-06-22 14:58:00,6,United Kingdom,535,1,116.18,116.18,148,1
14875.0,3,2862.4,1332,2010-09-24 10:28:00,2011-08-24 12:20:00,88,United Kingdom,107,3,2862.4,954.1333333333332,1332,0
14876.0,2,256.7,162,2010-05-27 13:49:00,2010-07-06 14:57:00,12,United Kingdom,521,2,256.7,128.35,162,1
14877.0,2,437.0,171,2010-03-07 12:25:00,2010-10-17 13:09:00,57,United Kingdom,418,2,437.0,218.5,171,1
14878.0,25,4105.24,2432,2010-02-21 11:14:00,2011-11-27 11:15:00,159,United Kingdom,12,25,4105.24,164.2096,2432,0
14879.0,1,185.06,104,2010-01-24 11:35:00,2010-01-24 11:35:00,27,United Kingdom,684,1,185.06,185.06,104,1
14880.0,3,706.19,373,2011-02-24 12:27:00,2011-09-23 13:42:00,45,United Kingdom,77,3,706.19,235.39666666666668,373,0
14881.0,1,255.4,316,2011-11-20 11:06:00,2011-11-20 11:06:00,17,United Kingdom,19,1,255.4,255.4,316,0
14882.0,14,3628.15,1640,2010-03-30 15:02:00,2011-11-13 12:47:00,32,United Kingdom,26,14,3628.15,259.1535714285714,1640,0
14883.0,6,761.59,790,2011-05-12 09:49:00,2011-11-21 10:23:00,39,United Kingdom,18,6,761.59,126.93166666666669,790,0
14884.0,1,120.6,72,2010-02-08 12:56:00,2010-02-08 12:56:00,8,United Kingdom,669,1,120.6,120.6,72,1
14885.0,3,1598.12,1308,2010-08-31 10:11:00,2011-07-31 12:05:00,24,United Kingdom,131,3,1598.12,532.7066666666666,1308,0
14886.0,1,364.8,160,2011-04-01 08:56:00,2011-04-01 08:56:00,18,United Kingdom,252,1,364.8,364.8,160,1
14887.0,1,1862.0,1100,2011-09-21 15:32:00,2011-09-21 15:32:00,6,United Kingdom,79,1,1862.0,1862.0,1100,0
14888.0,1,369.2,184,2011-05-16 14:58:00,2011-05-16 14:58:00,20,United Kingdom,207,1,369.2,369.2,184,1
14889.0,1,135.9,90,2011-01-07 15:19:00,2011-01-07 15:19:00,10,United Kingdom,336,1,135.9,135.9,90,1
14890.0,3,817.25,636,2010-02-18 09:00:00,2011-03-31 11:57:00,55,United Kingdom,253,3,817.25,272.4166666666667,636,1
14891.0,4,1106.73,788,2010-09-29 12:41:00,2011-07-14 18:08:00,55,United Kingdom,148,4,1106.73,276.6825,788,0
14892.0,1,202.35,79,2010-01-18 08:58:00,2010-01-18 08:58:00,13,United Kingdom,690,1,202.35,202.35,79,1
14893.0,3,1809.61,1047,2010-04-01 09:03:00,2011-11-30 12:31:00,98,United Kingdom,9,3,1809.61,603.2033333333333,1047,0
14894.0,3,1492.81,603,2009-12-02 10:42:00,2011-09-15 13:51:00,39,United Kingdom,85,3,1492.81,497.6033333333333,603,0
14895.0,38,25119.54,10714,2009-12-10 14:22:00,2011-12-02 09:23:00,441,United Kingdom,7,38,25119.54,661.0405263157895,10714,0
14896.0,8,2092.42,1117,2009-12-06 12:42:00,2011-05-19 10:20:00,150,United Kingdom,204,8,2092.42,261.5525,1117,1
14897.0,8,3140.54,1162,2009-12-15 17:05:00,2011-12-02 10:32:00,94,United Kingdom,7,8,3140.54,392.5675,1162,0
14898.0,14,3507.81,2247,2009-12-03 16:40:00,2011-11-16 14:54:00,185,United Kingdom,23,14,3507.81,250.55785714285716,2247,0
14899.0,1,1384.88,586,2010-11-09 15:20:00,2010-11-09 15:20:00,126,United Kingdom,395,1,1384.88,1384.88,586,1
14900.0,1,13.919999999999998,48,2010-07-05 15:09:00,2010-07-05 15:09:00,1,United Kingdom,522,1,13.919999999999998,13.919999999999998,48,1
14901.0,12,2289.65,1053,2010-07-29 11:11:00,2011-11-28 17:09:00,103,United Kingdom,11,12,2289.65,190.80416666666667,1053,0
14902.0,3,1035.62,716,2010-06-04 12:35:00,2011-11-14 10:34:00,51,United Kingdom,25,3,1035.62,345.20666666666665,716,0
14903.0,5,2810.63,1536,2011-03-06 11:50:00,2011-11-18 16:07:00,227,United Kingdom,21,5,2810.63,562.126,1536,0
14904.0,4,1640.64,2549,2010-10-08 12:48:00,2011-12-07 12:55:00,127,United Kingdom,2,4,1640.64,410.16,2549,0
14905.0,8,1971.39,1009,2009-12-03 14:36:00,2011-07-05 12:41:00,45,United Kingdom,157,8,1971.39,246.42375,1009,0
14906.0,1,68.44,1,2010-09-20 16:30:00,2010-09-20 16:30:00,1,United Kingdom,445,1,68.44,68.44,1,1
14907.0,16,6165.79,2817,2010-04-16 13:40:00,2011-12-06 14:14:00,153,United Kingdom,3,16,6165.79,385.361875,2817,0
14908.0,2,381.9,182,2010-09-02 16:39:00,2011-09-26 12:56:00,14,United Kingdom,74,2,381.9,190.95,182,0
14909.0,3,1404.68,888,2010-02-14 15:47:00,2010-09-28 16:56:00,61,United Kingdom,437,3,1404.68,468.2266666666667,888,1
14910.0,4,434.35,238,2011-10-16 11:06:00,2011-12-07 10:06:00,25,United Kingdom,2,4,434.35,108.5875,238,0
14911.0,398,295972.63,149987,2009-12-01 11:41:00,2011-12-08 15:54:00,2550,EIRE,1,398,295972.63,743.6498241206031,149987,0
14912.0,6,1889.25,1819,2010-01-26 16:29:00,2011-11-23 09:20:00,44,Italy,16,6,1889.25,314.875,1819,0
14913.0,8,4073.13,3955,2010-08-11 08:40:00,2011-11-04 08:29:00,176,United Kingdom,35,8,4073.13,509.14125,3955,0
14915.0,11,1811.25,707,2009-12-03 10:17:00,2011-09-09 13:34:00,65,United Kingdom,91,11,1811.25,164.6590909090909,707,0
14916.0,8,3042.95,2415,2010-04-01 10:57:00,2011-09-30 09:20:00,113,United Kingdom,70,8,3042.95,380.36875,2415,0
14917.0,2,1123.75,891,2010-04-22 09:44:00,2010-04-22 11:28:00,29,United Kingdom,596,2,1123.75,561.875,891,1
14918.0,9,5955.81,2551,2010-04-08 11:18:00,2011-08-16 11:50:00,79,United Kingdom,115,9,5955.81,661.7566666666667,2551,0
14919.0,1,359.35,129,2010-06-18 13:06:00,2010-06-18 13:06:00,13,United Kingdom,539,1,359.35,359.35,129,1
14920.0,3,1607.17,886,2010-05-23 15:25:00,2011-05-11 10:32:00,90,United Kingdom,212,3,1607.17,535.7233333333334,886,1
14921.0,2,1316.07,953,2011-05-22 12:51:00,2011-11-09 13:17:00,78,United Kingdom,30,2,1316.07,658.035,953,0
14922.0,2,843.74,376,2010-07-20 09:45:00,2010-11-11 11:14:00,49,United Kingdom,393,2,843.74,421.87,376,1
14923.0,1,749.1,418,2011-10-20 11:51:00,2011-10-20 11:51:00,44,United Kingdom,50,1,749.1,749.1,418,0
14924.0,3,931.01,312,2010-03-10 12:51:00,2011-04-08 09:25:00,30,United Kingdom,245,3,931.01,310.33666666666664,312,1
14926.0,2,359.4,204,2010-04-20 09:59:00,2010-11-23 07:13:00,2,United Kingdom,381,2,359.4,179.7,204,1
14927.0,1,308.2,196,2010-11-08 12:30:00,2010-11-08 12:30:00,20,United Kingdom,396,1,308.2,308.2,196,1
14928.0,1,223.91000000000005,268,2010-03-22 09:14:00,2010-03-22 09:14:00,21,United Kingdom,627,1,223.91000000000005,223.91000000000005,268,1
14929.0,2,836.69,487,2010-10-14 12:22:00,2011-11-07 17:21:00,34,United Kingdom,32,2,836.69,418.345,487,0
14930.0,6,5246.63,2199,2010-04-12 11:22:00,2011-08-23 10:31:00,213,Channel Islands,108,6,5246.63,874.4383333333334,2199,0
14931.0,5,1257.68,417,2011-04-13 09:32:00,2011-12-05 10:19:00,30,Channel Islands,4,5,1257.68,251.536,417,0
14932.0,2,1029.66,337,2010-11-19 09:16:00,2010-12-09 11:48:00,29,Channel Islands,365,2,1029.66,514.83,337,1
14933.0,4,1770.0,600,2010-09-21 17:29:00,2010-09-22 10:47:00,1,Channel Islands,443,4,1770.0,442.5,600,1
14934.0,5,3503.5,2100,2010-09-24 12:08:00,2011-09-19 10:10:00,115,Channel Islands,81,5,3503.5,700.7,2100,0
14935.0,2,2849.83,1931,2010-03-30 11:48:00,2011-02-15 14:44:00,25,Channel Islands,297,2,2849.83,1424.915,1931,1
14936.0,12,12410.81,6274,2010-05-05 12:26:00,2011-11-06 10:30:00,267,Channel Islands,33,12,12410.81,1034.2341666666666,6274,0
14937.0,3,1621.88,484,2011-08-01 14:16:00,2011-10-14 12:29:00,33,Channel Islands,56,3,1621.88,540.6266666666667,484,0
14938.0,2,2322.43,1369,2010-05-26 13:35:00,2010-05-26 13:38:00,71,Channel Islands,562,2,2322.43,1161.215,1369,1
14940.0,2,531.49,384,2009-12-06 15:46:00,2010-10-18 10:47:00,32,United Kingdom,417,2,531.49,265.745,384,1
14941.0,1,182.1,80,2010-05-10 11:30:00,2010-05-10 11:30:00,7,United Kingdom,578,1,182.1,182.1,80,1
14942.0,4,746.56,354,2009-12-10 10:32:00,2010-11-03 10:51:00,12,United Kingdom,401,4,746.56,186.64,354,1
14943.0,1,107.62,46,2010-02-14 16:04:00,2010-02-14 16:04:00,5,United Kingdom,663,1,107.62,107.62,46,1
14944.0,19,9784.67,4864,2010-02-17 08:47:00,2011-11-10 09:10:00,184,United Kingdom,29,19,9784.67,514.9826315789473,4864,0
14945.0,1,179.4,156,2010-10-22 11:26:00,2010-10-22 11:26:00,11,United Kingdom,413,1,179.4,179.4,156,1
14946.0,1,100.9,22,2011-11-25 13:33:00,2011-11-25 13:33:00,3,United Kingdom,14,1,100.9,100.9,22,0
14947.0,6,1049.79,416,2010-03-25 11:29:00,2011-09-28 15:48:00,47,United Kingdom,72,6,1049.79,174.965,416,0
14948.0,6,1101.97,673,2011-05-04 14:52:00,2011-11-16 17:16:00,56,United Kingdom,23,6,1101.97,183.66166666666663,673,0
14949.0,4,515.0,250,2009-12-18 15:28:00,2010-08-27 15:38:00,16,United Kingdom,469,4,515.0,128.75,250,1
14950.0,1,371.2,136,2011-11-20 13:48:00,2011-11-20 13:48:00,19,United Kingdom,19,1,371.2,371.2,136,0
14951.0,1,311.69,311,2011-09-21 15:15:00,2011-09-21 15:15:00,20,United Kingdom,79,1,311.69,311.69,311,0
14952.0,32,17629.35,6977,2009-12-03 15:34:00,2011-10-11 10:33:00,240,United Kingdom,59,32,17629.35,550.9171875,6977,0
14953.0,4,1013.77,1028,2010-09-30 12:16:00,2011-11-14 14:59:00,202,United Kingdom,25,4,1013.77,253.4425,1028,0
14954.0,2,503.44,219,2010-01-05 16:38:00,2011-11-27 14:30:00,111,United Kingdom,12,2,503.44,251.72,219,0
14955.0,1,163.77,74,2009-12-07 11:35:00,2009-12-07 11:35:00,30,United Kingdom,732,1,163.77,163.77,74,1
14956.0,1,1325.0,2500,2010-10-14 16:40:00,2010-10-14 16:40:00,4,United Kingdom,421,1,1325.0,1325.0,2500,1
14957.0,2,333.29,105,2010-03-05 10:50:00,2011-03-31 17:59:00,27,United Kingdom,253,2,333.29,166.645,105,1
14958.0,6,957.94,249,2009-12-03 16:02:00,2011-07-15 14:20:00,52,United Kingdom,147,6,957.94,159.65666666666667,249,0
14959.0,4,695.42,494,2011-02-16 13:00:00,2011-10-06 18:23:00,37,United Kingdom,64,4,695.42,173.855,494,0
14960.0,2,221.27,221,2011-06-21 13:38:00,2011-12-01 12:54:00,23,United Kingdom,8,2,221.27,110.635,221,0
14961.0,22,16410.15,8372,2009-12-04 11:32:00,2011-11-29 09:42:00,328,United Kingdom,10,22,16410.15,745.9159090909092,8372,0
14962.0,4,366.91,123,2010-05-04 14:57:00,2011-03-14 09:42:00,14,United Kingdom,270,4,366.91,91.7275,123,1
14963.0,12,3164.48,2317,2010-07-02 12:43:00,2011-11-30 12:16:00,304,United Kingdom,9,12,3164.48,263.70666666666665,2317,0
14964.0,1,206.21,143,2011-04-06 14:13:00,2011-04-06 14:13:00,13,United Kingdom,247,1,206.21,206.21,143,1
14965.0,2,599.0,365,2011-09-04 13:15:00,2011-09-04 13:20:00,80,United Kingdom,96,2,599.0,299.5,365,0
14966.0,6,1115.84,1098,2009-12-15 13:48:00,2011-11-25 12:20:00,125,United Kingdom,14,6,1115.84,185.97333333333333,1098,0
14967.0,6,1982.61,652,2009-12-03 14:07:00,2011-10-21 11:06:00,22,United Kingdom,49,6,1982.61,330.435,652,0
14968.0,2,504.99,258,2010-09-07 13:28:00,2011-11-09 13:58:00,83,United Kingdom,30,2,504.99,252.495,258,0
14969.0,1,906.23,665,2010-01-05 12:43:00,2010-01-05 12:43:00,13,United Kingdom,703,1,906.23,906.23,665,1
14970.0,12,4919.35,982,2010-02-14 13:37:00,2011-10-02 13:44:00,71,United Kingdom,68,12,4919.35,409.9458333333334,982,0
14971.0,3,1116.57,644,2011-10-27 13:33:00,2011-11-04 17:07:00,144,United Kingdom,35,3,1116.57,372.19,644,0
14972.0,2,145.07,40,2010-11-23 16:17:00,2011-08-03 14:54:00,20,United Kingdom,128,2,145.07,72.535,40,0
14973.0,3,1314.45,369,2011-04-28 12:22:00,2011-08-24 15:51:00,29,United Kingdom,107,3,1314.45,438.15,369,0
14974.0,1,114.39,44,2011-11-02 13:01:00,2011-11-02 13:01:00,17,United Kingdom,37,1,114.39,114.39,44,0
14975.0,2,472.39,507,2010-10-14 14:11:00,2011-10-13 14:08:00,25,United Kingdom,57,2,472.39,236.195,507,0
14976.0,7,790.86,234,2011-01-17 11:09:00,2011-10-13 16:37:00,47,United Kingdom,57,7,790.86,112.98,234,0
14977.0,1,31.93,17,2009-12-14 10:37:00,2009-12-14 10:37:00,4,United Kingdom,725,1,31.93,31.93,17,1
14978.0,10,3142.14,740,2010-04-28 10:50:00,2011-09-28 13:07:00,175,United Kingdom,72,10,3142.14,314.214,740,0
14979.0,1,439.46,213,2009-12-04 12:54:00,2009-12-04 12:54:00,42,United Kingdom,735,1,439.46,439.46,213,1
14980.0,1,150.68,79,2009-12-02 14:09:00,2009-12-02 14:09:00,24,United Kingdom,737,1,150.68,150.68,79,1
14981.0,2,372.92,241,2010-10-12 11:04:00,2011-04-07 13:45:00,20,United Kingdom,246,2,372.92,186.46,241,1
14982.0,1,237.78,125,2010-05-16 15:52:00,2010-05-16 15:52:00,39,United Kingdom,572,1,237.78,237.78,125,1
14983.0,1,183.2,90,2010-01-19 17:32:00,2010-01-19 17:32:00,30,United Kingdom,689,1,183.2,183.2,90,1
14984.0,6,1271.41,350,2010-01-11 13:22:00,2011-11-20 14:28:00,48,United Kingdom,19,6,1271.41,211.90166666666667,350,0
14985.0,2,296.75,260,2010-12-16 19:51:00,2011-05-25 14:29:00,78,United Kingdom,198,2,296.75,148.375,260,1
14986.0,2,566.9,342,2010-01-24 15:54:00,2010-11-28 15:25:00,87,United Kingdom,376,2,566.9,283.45,342,1
14987.0,8,1713.85,671,2009-12-02 14:56:00,2011-11-24 09:59:00,4,United Kingdom,15,8,1713.85,214.23125,671,0
14988.0,7,2066.6,1276,2010-04-16 13:34:00,2011-05-12 12:05:00,171,United Kingdom,211,7,2066.6,295.2285714285714,1276,1
14989.0,1,342.4,200,2010-02-16 10:40:00,2010-02-16 10:40:00,18,United Kingdom,661,1,342.4,342.4,200,1
14990.0,2,305.42,130,2009-12-09 13:31:00,2010-04-06 13:54:00,41,United Kingdom,612,2,305.42,152.71,130,1
14991.0,1,314.67,191,2010-10-05 13:01:00,2010-10-05 13:01:00,21,United Kingdom,430,1,314.67,314.67,191,1
14992.0,1,210.5,145,2010-09-23 17:48:00,2010-09-23 17:48:00,27,United Kingdom,442,1,210.5,210.5,145,1
14993.0,1,36.13,21,2010-05-25 12:47:00,2010-05-25 12:47:00,9,United Kingdom,563,1,36.13,36.13,21,1
14994.0,5,960.63,577,2010-03-26 14:16:00,2010-11-22 12:59:00,233,United Kingdom,382,5,960.63,192.126,577,1
14995.0,2,233.23,103,2011-03-04 13:14:00,2011-11-01 11:39:00,53,United Kingdom,38,2,233.23,116.615,103,0
14996.0,2,442.29,404,2010-08-15 13:41:00,2010-08-15 13:44:00,37,United Kingdom,481,2,442.29,221.145,404,1
14997.0,4,776.5999999999999,1408,2010-02-22 12:11:00,2011-10-24 13:28:00,36,United Kingdom,46,4,776.5999999999999,194.15,1408,0
14998.0,4,770.73,367,2010-04-13 16:07:00,2011-06-22 17:30:00,111,United Kingdom,170,4,770.73,192.6825,367,0
14999.0,1,129.48000000000002,88,2010-04-26 10:47:00,2010-04-26 10:47:00,9,United Kingdom,592,1,129.48000000000002,129.48000000000002,88,1
15000.0,1,490.52,218,2011-10-23 11:42:00,2011-10-23 11:42:00,76,United Kingdom,47,1,490.52,490.52,218,0
15001.0,2,230.86,81,2010-11-10 13:31:00,2010-11-10 13:51:00,44,United Kingdom,394,2,230.86,115.43,81,1
15002.0,9,4817.28,2518,2010-01-12 11:40:00,2011-08-16 10:44:00,220,United Kingdom,115,9,4817.28,535.2533333333333,2518,0
15003.0,6,1060.7,547,2010-01-26 13:04:00,2010-08-23 15:44:00,253,United Kingdom,473,6,1060.7,176.78333333333333,547,1
15004.0,1,1246.32,630,2011-07-15 14:05:00,2011-07-15 14:05:00,154,United Kingdom,147,1,1246.32,1246.32,630,0
15005.0,56,14106.2,8856,2009-12-01 14:19:00,2011-11-24 12:25:00,591,United Kingdom,15,56,14106.2,251.89642857142857,8856,0
15006.0,2,825.14,416,2010-09-12 13:03:00,2011-10-19 15:08:00,165,United Kingdom,51,2,825.14,412.57,416,0
15007.0,1,156.91,69,2011-07-03 16:00:00,2011-07-03 16:00:00,12,United Kingdom,159,1,156.91,156.91,69,0
15008.0,2,360.0,1500,2010-03-12 11:13:00,2010-08-16 13:09:00,6,United Kingdom,480,2,360.0,180.0,1500,1
15009.0,3,1261.78,642,2011-11-14 17:40:00,2011-11-27 13:35:00,148,United Kingdom,12,3,1261.78,420.5933333333333,642,0
15010.0,1,308.94,184,2011-11-04 12:42:00,2011-11-04 12:42:00,20,United Kingdom,35,1,308.94,308.94,184,0
15011.0,2,416.6,289,2010-10-19 12:05:00,2010-11-09 11:10:00,17,United Kingdom,395,2,416.6,208.3,289,1
15012.0,3,860.62,479,2010-05-12 11:49:00,2011-10-17 12:22:00,165,United Kingdom,53,3,860.62,286.87333333333333,479,0
15013.0,10,1641.3,1747,2010-01-31 12:15:00,2010-08-09 12:05:00,177,United Kingdom,487,10,1641.3,164.13,1747,1
15014.0,2,260.17,151,2011-06-16 19:40:00,2011-10-27 20:07:00,29,United Kingdom,43,2,260.17,130.085,151,0
15015.0,13,2365.02,1593,2009-12-14 14:46:00,2010-07-26 13:50:00,158,United Kingdom,501,13,2365.02,181.92461538461535,1593,1
15016.0,5,630.3,247,2010-06-14 13:06:00,2011-06-20 12:06:00,93,United Kingdom,172,5,630.3,126.06,247,0
15017.0,1,125.58,63,2011-11-06 10:33:00,2011-11-06 10:33:00,20,United Kingdom,33,1,125.58,125.58,63,0
15018.0,3,607.46,210,2010-12-07 10:47:00,2011-11-01 12:47:00,30,United Kingdom,38,3,607.46,202.48666666666668,210,0
15019.0,1,266.0,159,2011-03-18 12:35:00,2011-03-18 12:35:00,64,United Kingdom,266,1,266.0,266.0,159,1
15020.0,1,203.42,112,2010-11-25 13:29:00,2010-11-25 13:29:00,27,United Kingdom,379,1,203.42,203.42,112,1
15021.0,12,2783.83,1217,2010-07-29 16:35:00,2011-12-01 11:53:00,355,United Kingdom,8,12,2783.83,231.9858333333333,1217,0
15022.0,5,1186.09,656,2010-01-31 16:02:00,2011-11-28 12:35:00,115,United Kingdom,11,5,1186.09,237.218,656,0
15023.0,20,12170.68,5052,2010-02-03 15:45:00,2011-12-06 17:23:00,486,United Kingdom,3,20,12170.68,608.534,5052,0
15024.0,16,4075.51,2201,2010-10-11 16:14:00,2011-11-30 12:06:00,168,United Kingdom,9,16,4075.51,254.719375,2201,0
15025.0,2,1013.09,515,2010-05-20 13:28:00,2011-11-06 15:20:00,132,United Kingdom,33,2,1013.09,506.545,515,0
15026.0,5,1061.61,673,2010-09-17 13:52:00,2011-09-20 13:52:00,109,United Kingdom,80,5,1061.61,212.322,673,0
15027.0,10,3195.6,2782,2010-03-25 14:39:00,2011-11-09 10:16:00,69,United Kingdom,30,10,3195.6,319.56,2782,0
15028.0,6,1157.71,796,2010-11-10 14:32:00,2011-12-01 14:06:00,65,United Kingdom,8,6,1157.71,192.95166666666668,796,0
15029.0,1,365.1,234,2010-03-30 12:16:00,2010-03-30 12:16:00,10,United Kingdom,619,1,365.1,365.1,234,1
15030.0,8,1979.91,1225,2010-03-04 17:10:00,2011-09-29 10:50:00,25,United Kingdom,71,8,1979.91,247.48875,1225,0
15031.0,14,3156.58,1615,2009-12-08 13:38:00,2011-12-05 14:19:00,237,United Kingdom,4,14,3156.58,225.47,1615,0
15032.0,8,13780.65,8259,2009-12-10 15:27:00,2011-03-28 15:03:00,39,United Kingdom,256,8,13780.65,1722.58125,8259,1
15033.0,10,2586.67,1695,2011-01-14 13:28:00,2011-12-05 12:40:00,315,United Kingdom,4,10,2586.67,258.66700000000003,1695,0
15034.0,14,8313.4,4788,2010-05-11 13:30:00,2011-11-24 12:11:00,416,United Kingdom,15,14,8313.4,593.8142857142857,4788,0
15035.0,1,252.73,245,2011-09-11 11:08:00,2011-09-11 11:08:00,26,United Kingdom,89,1,252.73,252.73,245,0
15036.0,3,465.55,327,2011-06-13 12:19:00,2011-09-28 15:42:00,107,United Kingdom,72,3,465.55,155.18333333333334,327,0
15037.0,2,402.51,301,2010-11-28 12:14:00,2010-11-28 13:05:00,40,United Kingdom,376,2,402.51,201.255,301,1
15038.0,9,1309.86,441,2010-10-10 14:35:00,2011-10-12 11:33:00,190,United Kingdom,58,9,1309.86,145.54,441,0
15039.0,93,40031.43,18183,2009-12-10 11:39:00,2011-11-30 11:31:00,562,United Kingdom,9,93,40031.43,430.4454838709677,18183,0
15040.0,1,7.49,1,2010-06-16 11:40:00,2010-06-16 11:40:00,1,United Kingdom,541,1,7.49,7.49,1,1
15041.0,2,294.02,197,2010-09-21 13:16:00,2011-06-22 16:16:00,98,United Kingdom,170,2,294.02,147.01,197,0
15042.0,2,315.45,238,2010-04-23 14:01:00,2011-05-24 16:25:00,9,United Kingdom,199,2,315.45,157.725,238,1
15043.0,6,2873.8,1031,2010-06-24 15:50:00,2011-11-08 14:26:00,39,United Kingdom,31,6,2873.8,478.9666666666667,1031,0
15044.0,35,16204.33,5279,2009-12-16 15:13:00,2011-11-20 13:20:00,344,United Kingdom,19,35,16204.33,462.98085714285713,5279,0
15045.0,2,735.66,114,2011-03-27 11:44:00,2011-07-11 11:33:00,11,United Kingdom,151,2,735.66,367.83,114,0
15046.0,25,7812.389999999999,4701,2010-01-14 14:29:00,2011-11-30 15:50:00,248,United Kingdom,9,25,7812.389999999999,312.4956,4701,0
15047.0,1,343.62,222,2011-03-15 10:49:00,2011-03-15 10:49:00,22,United Kingdom,269,1,343.62,343.62,222,1
15048.0,4,482.75,227,2010-12-06 12:15:00,2011-10-05 14:55:00,86,United Kingdom,65,4,482.75,120.6875,227,0
15049.0,1,121.17000000000002,63,2011-03-11 12:13:00,2011-03-11 12:13:00,3,United Kingdom,273,1,121.17000000000002,121.17000000000002,63,1
15050.0,5,4193.79,2628,2010-08-16 12:00:00,2011-11-14 16:17:00,116,United Kingdom,25,5,4193.79,838.758,2628,0
15051.0,9,3935.16,3053,2009-12-01 13:29:00,2011-11-16 15:38:00,226,United Kingdom,23,9,3935.16,437.24,3053,0
15052.0,1,215.78,82,2011-01-24 15:52:00,2011-01-24 15:52:00,27,United Kingdom,319,1,215.78,215.78,82,1
15053.0,3,697.79,986,2011-03-03 12:06:00,2011-12-05 12:08:00,49,United Kingdom,4,3,697.79,232.59666666666664,986,0
15054.0,2,302.1,198,2011-10-30 14:33:00,2011-11-27 15:02:00,105,United Kingdom,12,2,302.1,151.05,198,0
15055.0,3,560.07,230,2009-12-16 15:48:00,2010-08-22 11:06:00,77,United Kingdom,474,3,560.07,186.69000000000003,230,1
15056.0,1,133.45,81,2010-07-07 15:58:00,2010-07-07 15:58:00,6,United Kingdom,520,1,133.45,133.45,81,1
15057.0,5,3255.96,1394,2009-12-05 15:27:00,2011-03-09 15:17:00,62,United Kingdom,275,5,3255.96,651.192,1394,1
15058.0,16,3410.03,1660,2010-02-24 14:07:00,2011-11-14 14:57:00,232,United Kingdom,25,16,3410.03,213.126875,1660,0
15059.0,19,3523.57,1617,2009-12-06 12:17:00,2011-10-30 11:35:00,308,United Kingdom,40,19,3523.57,185.45105263157896,1617,0
15060.0,4,303.09,263,2011-11-30 14:03:00,2011-12-01 13:47:00,81,United Kingdom,8,4,303.09,75.7725,263,0
15061.0,127,137818.52,80711,2009-12-01 12:18:00,2011-12-06 12:06:00,131,United Kingdom,3,127,137818.52,1085.1851968503936,80711,0
15062.0,8,2585.62,1872,2010-04-08 15:41:00,2011-09-29 16:51:00,98,United Kingdom,71,8,2585.62,323.2025,1872,0
15063.0,1,370.8,56,2011-05-10 13:25:00,2011-05-10 13:25:00,5,United Kingdom,213,1,370.8,370.8,56,1
15064.0,4,1254.41,810,2009-12-22 16:17:00,2010-10-25 14:32:00,75,United Kingdom,410,4,1254.41,313.6025,810,1
15065.0,5,3326.86,1446,2010-10-25 09:13:00,2011-11-02 09:45:00,156,United Kingdom,37,5,3326.86,665.3720000000001,1446,0
15066.0,1,893.59,317,2011-10-17 13:25:00,2011-10-17 13:25:00,42,United Kingdom,53,1,893.59,893.59,317,0
15067.0,5,3877.88,2163,2010-04-11 15:54:00,2011-09-22 13:20:00,170,United Kingdom,78,5,3877.88,775.576,2163,0
15068.0,4,1176.85,835,2010-03-28 13:18:00,2011-10-24 14:47:00,178,United Kingdom,46,4,1176.85,294.2125,835,0
15069.0,1,1109.53,520,2011-06-13 14:16:00,2011-06-13 14:16:00,70,United Kingdom,179,1,1109.53,1109.53,520,0
15070.0,3,843.25,375,2009-12-15 13:49:00,2010-12-02 11:23:00,26,United Kingdom,372,3,843.25,281.0833333333333,375,1
15071.0,4,1455.56,416,2010-05-18 12:45:00,2011-09-07 11:43:00,41,United Kingdom,93,4,1455.56,363.89,416,0
15072.0,1,187.52,164,2010-08-17 15:46:00,2010-08-17 15:46:00,13,United Kingdom,479,1,187.52,187.52,164,1
15073.0,8,2788.02,1410,2010-01-27 08:48:00,2011-11-30 10:44:00,115,United Kingdom,9,8,2788.02,348.5025,1410,0
15074.0,3,1566.33,1063,2010-08-29 11:47:00,2011-08-26 14:45:00,63,United Kingdom,105,3,1566.33,522.11,1063,0
15075.0,1,773.03,447,2011-09-23 12:27:00,2011-09-23 12:27:00,27,United Kingdom,77,1,773.03,773.03,447,0
15076.0,3,1447.74,866,2010-07-05 14:11:00,2011-06-20 08:23:00,68,United Kingdom,172,3,1447.74,482.58,866,0
15077.0,2,2428.08,528,2009-12-09 17:10:00,2010-08-02 11:13:00,28,United Kingdom,494,2,2428.08,1214.04,528,1
15078.0,53,17761.88,8990,2009-12-04 12:03:00,2011-12-02 15:41:00,118,United Kingdom,7,53,17761.88,335.12981132075475,8990,0
15079.0,11,3767.35,1504,2009-12-08 11:22:00,2011-05-11 12:45:00,119,United Kingdom,212,11,3767.35,342.48636363636365,1504,1
15080.0,2,546.25,287,2010-07-26 10:03:00,2010-10-08 11:52:00,31,United Kingdom,427,2,546.25,273.125,287,1
15081.0,12,1965.72,806,2010-06-22 10:25:00,2011-11-17 17:08:00,75,United Kingdom,22,12,1965.72,163.81,806,0
15082.0,1,93.35,43,2010-02-09 10:23:00,2010-02-09 10:23:00,6,United Kingdom,668,1,93.35,93.35,43,1
15083.0,1,88.2,38,2011-03-28 12:18:00,2011-03-28 12:18:00,5,United Kingdom,256,1,88.2,88.2,38,1
15084.0,2,965.2,600,2010-03-04 10:45:00,2010-11-25 11:58:00,31,United Kingdom,379,2,965.2,482.6,600,1
15085.0,1,347.54,169,2009-12-10 11:47:00,2009-12-10 11:47:00,9,United Kingdom,729,1,347.54,347.54,169,1
15086.0,2,218.53,95,2010-03-24 13:56:00,2010-05-24 12:27:00,10,United Kingdom,564,2,218.53,109.265,95,1
15087.0,1,306.94,470,2011-03-03 10:34:00,2011-03-03 10:34:00,15,United Kingdom,281,1,306.94,306.94,470,1
15088.0,2,1160.07,460,2011-10-03 14:05:00,2011-11-18 13:14:00,53,United Kingdom,21,2,1160.07,580.035,460,0
15089.0,6,2420.84,1359,2011-08-03 14:14:00,2011-11-29 16:31:00,139,United Kingdom,10,6,2420.84,403.47333333333336,1359,0
15090.0,1,381.32,208,2011-02-04 14:03:00,2011-02-04 14:03:00,23,United Kingdom,308,1,381.32,381.32,208,1
15091.0,3,1046.61,582,2010-02-03 11:46:00,2011-10-03 12:47:00,55,United Kingdom,67,3,1046.61,348.86999999999995,582,0
15092.0,3,776.46,230,2010-09-03 12:33:00,2011-05-08 14:10:00,39,United Kingdom,215,3,776.46,258.82,230,1
15093.0,23,14326.11,11657,2009-12-08 12:46:00,2011-11-21 13:09:00,104,United Kingdom,18,23,14326.11,622.8743478260869,11657,0
15094.0,2,83.0,28,2010-03-05 12:56:00,2010-09-02 16:55:00,4,United Kingdom,463,2,83.0,41.5,28,1
15095.0,10,3141.64,2233,2010-01-21 09:37:00,2011-08-28 12:01:00,90,United Kingdom,103,10,3141.64,314.164,2233,0
15096.0,1,219.39,120,2011-10-28 10:27:00,2011-10-28 10:27:00,11,United Kingdom,42,1,219.39,219.39,120,0
15097.0,3,908.35,424,2010-05-05 14:22:00,2011-12-05 14:03:00,59,United Kingdom,4,3,908.35,302.78333333333336,424,0
15098.0,3,39916.5,121,2011-06-10 15:22:00,2011-06-10 15:33:00,1,United Kingdom,182,3,39916.5,13305.5,121,1
15099.0,1,410.48,343,2011-09-16 13:13:00,2011-09-16 13:13:00,23,United Kingdom,84,1,410.48,410.48,343,0
15100.0,7,2894.7,334,2010-01-07 14:33:00,2011-01-10 10:35:00,11,United Kingdom,333,7,2894.7,413.5285714285714,334,1
15101.0,6,1477.94,676,2010-04-28 15:00:00,2011-12-01 10:18:00,52,United Kingdom,8,6,1477.94,246.32333333333332,676,0
15102.0,2,554.67,339,2010-06-11 10:16:00,2010-06-27 12:16:00,26,United Kingdom,530,2,554.67,277.335,339,1
15103.0,2,703.36,329,2011-09-14 13:54:00,2011-11-08 14:53:00,35,United Kingdom,31,2,703.36,351.68,329,0
15104.0,2,1027.44,637,2011-03-02 14:16:00,2011-05-27 12:29:00,66,United Kingdom,196,2,1027.44,513.72,637,1
15105.0,9,3094.91,1747,2010-03-23 12:18:00,2011-11-21 16:54:00,129,United Kingdom,18,9,3094.91,343.87888888888887,1747,0
15106.0,5,1422.52,1181,2011-03-15 12:52:00,2011-11-22 09:16:00,90,United Kingdom,17,5,1422.52,284.504,1181,0
15107.0,9,940.35,356,2010-09-14 10:47:00,2011-02-01 14:46:00,32,United Kingdom,311,9,940.35,104.48333333333332,356,1
15108.0,4,1300.25,499,2011-04-26 10:54:00,2011-07-21 10:24:00,50,European Community,141,4,1300.25,325.0625,499,0
15109.0,3,983.1,258,2009-12-04 12:33:00,2011-04-08 09:58:00,46,United Kingdom,245,3,983.1,327.7,258,1
15110.0,6,1505.85,337,2010-08-11 15:49:00,2011-11-16 11:16:00,23,United Kingdom,23,6,1505.85,250.975,337,0
15111.0,5,2730.87,1164,2010-04-26 13:12:00,2011-11-10 16:58:00,109,United Kingdom,29,5,2730.87,546.174,1164,0
15112.0,1,209.4,72,2010-04-07 14:17:00,2010-04-07 14:17:00,7,United Kingdom,611,1,209.4,209.4,72,1
15113.0,3,3609.33,2386,2011-10-16 15:27:00,2011-11-30 08:23:00,77,United Kingdom,9,3,3609.33,1203.11,2386,0
15114.0,12,3400.12,3532,2010-10-14 16:44:00,2011-11-09 15:05:00,151,United Kingdom,30,12,3400.12,283.3433333333333,3532,0
15115.0,2,531.85,245,2009-12-07 11:20:00,2011-11-21 14:59:00,35,United Kingdom,18,2,531.85,265.925,245,0
15116.0,4,1352.75,648,2011-05-19 08:50:00,2011-11-22 12:25:00,37,United Kingdom,17,4,1352.75,338.1875,648,0
15117.0,8,2485.9700000000003,3093,2010-03-15 13:39:00,2011-11-25 08:12:00,89,United Kingdom,14,8,2485.9700000000003,310.74625000000003,3093,0
15118.0,1,244.8,1440,2011-07-28 14:54:00,2011-07-28 14:54:00,1,United Kingdom,134,1,244.8,244.8,1440,0
15119.0,1,266.4,88,2011-04-08 09:08:00,2011-04-08 09:08:00,14,United Kingdom,245,1,266.4,266.4,88,1
15120.0,1,358.82,296,2011-07-29 09:48:00,2011-07-29 09:48:00,21,United Kingdom,133,1,358.82,358.82,296,0
15121.0,2,457.72,199,2011-02-24 12:41:00,2011-10-20 14:51:00,28,United Kingdom,50,2,457.72,228.86,199,0
15122.0,11,4497.47,2045,2010-03-30 14:05:00,2011-08-17 16:48:00,155,United Kingdom,114,11,4497.47,408.8609090909091,2045,0
15123.0,5,4656.17,2524,2010-03-16 09:49:00,2011-12-02 13:12:00,149,United Kingdom,7,5,4656.17,931.234,2524,0
15124.0,4,450.82,462,2010-02-26 10:49:00,2011-11-17 10:09:00,30,United Kingdom,22,4,450.82,112.705,462,0
15125.0,24,17024.87,8433,2010-03-31 13:29:00,2011-11-14 13:57:00,151,United Kingdom,25,24,17024.87,709.3695833333333,8433,0
15126.0,2,449.49,273,2010-01-21 17:09:00,2010-06-21 12:31:00,25,United Kingdom,536,2,449.49,224.745,273,1
15127.0,2,711.5,464,2010-07-08 10:07:00,2011-10-05 10:30:00,27,United Kingdom,65,2,711.5,355.75,464,0
15128.0,5,1783.68,1583,2010-10-05 16:46:00,2011-10-10 13:54:00,87,United Kingdom,60,5,1783.68,356.736,1583,0
15129.0,23,6860.18,4002,2010-04-08 17:15:00,2011-10-20 14:40:00,86,United Kingdom,50,23,6860.18,298.2686956521739,4002,0
15130.0,1,330.11,197,2011-06-23 10:15:00,2011-06-23 10:15:00,22,United Kingdom,169,1,330.11,330.11,197,0
15131.0,1,80.28,88,2010-11-10 12:07:00,2010-11-10 12:07:00,7,United Kingdom,394,1,80.28,80.28,88,1
15132.0,5,977.93,679,2011-03-22 12:02:00,2011-11-21 17:10:00,49,United Kingdom,18,5,977.93,195.586,679,0
15133.0,5,1806.9,960,2010-07-07 12:31:00,2011-08-04 10:44:00,45,United Kingdom,127,5,1806.9,361.38,960,0
15134.0,10,1596.29,1057,2010-10-13 12:44:00,2011-11-25 08:55:00,47,United Kingdom,14,10,1596.29,159.629,1057,0
15135.0,2,305.68,84,2010-06-01 13:33:00,2011-04-14 19:16:00,17,United Kingdom,239,2,305.68,152.84,84,1
15136.0,4,1286.7,776,2011-09-04 16:05:00,2011-12-07 12:26:00,61,United Kingdom,2,4,1286.7,321.675,776,0
15137.0,2,823.4,596,2010-01-28 15:45:00,2010-07-07 09:41:00,34,United Kingdom,520,2,823.4,411.7,596,1
15138.0,1,502.52,300,2010-11-11 09:16:00,2010-11-11 09:16:00,31,United Kingdom,393,1,502.52,502.52,300,1
15139.0,2,178.96,208,2011-01-07 12:44:00,2011-04-14 11:39:00,13,United Kingdom,239,2,178.96,89.48,208,1
15140.0,8,3243.69,2010,2010-09-23 13:07:00,2011-10-18 14:07:00,103,United Kingdom,52,8,3243.69,405.46125,2010,0
15141.0,7,1388.47,1197,2010-03-28 15:58:00,2010-09-08 11:33:00,44,United Kingdom,457,7,1388.47,198.35285714285715,1197,1
15142.0,6,2619.92,2155,2010-07-27 09:05:00,2011-10-24 12:51:00,115,United Kingdom,46,6,2619.92,436.65333333333336,2155,0
15143.0,2,563.63,320,2010-10-03 13:58:00,2011-04-28 12:03:00,27,United Kingdom,225,2,563.63,281.815,320,1
15144.0,29,12160.31,5251,2009-12-13 11:35:00,2011-12-01 15:12:00,199,United Kingdom,8,29,12160.31,419.3210344827586,5251,0
15145.0,4,1194.73,756,2011-04-05 15:20:00,2011-12-05 17:21:00,54,United Kingdom,4,4,1194.73,298.6825,756,0
15146.0,2,1327.16,1473,2011-02-21 13:07:00,2011-06-28 12:09:00,90,United Kingdom,164,2,1327.16,663.58,1473,0
15147.0,1,623.5,366,2011-04-13 15:57:00,2011-04-13 15:57:00,28,United Kingdom,240,1,623.5,623.5,366,1
15148.0,1,301.29,187,2011-11-29 08:21:00,2011-11-29 08:21:00,20,United Kingdom,10,1,301.29,301.29,187,0
15149.0,5,1554.61,380,2010-02-28 11:13:00,2011-07-29 10:58:00,62,United Kingdom,133,5,1554.61,310.922,380,0
15150.0,13,9001.08,6183,2010-06-14 12:01:00,2011-11-22 12:52:00,495,United Kingdom,17,13,9001.08,692.3907692307693,6183,0
15151.0,2,2085.61,795,2010-07-18 12:19:00,2010-10-12 16:37:00,56,United Kingdom,423,2,2085.61,1042.805,795,1
15152.0,14,5263.83,2994,2010-01-07 15:15:00,2011-11-30 12:32:00,214,United Kingdom,9,14,5263.83,375.98785714285714,2994,0
15153.0,1,329.25,198,2011-11-08 17:09:00,2011-11-08 17:09:00,22,United Kingdom,31,1,329.25,329.25,198,0
15154.0,3,1388.41,349,2010-08-18 17:41:00,2011-09-25 16:05:00,166,United Kingdom,75,3,1388.41,462.8033333333333,349,0
15155.0,1,383.97,192,2010-11-21 12:59:00,2010-11-21 12:59:00,24,United Kingdom,383,1,383.97,383.97,192,1
15156.0,3,961.49,597,2011-11-06 12:41:00,2011-12-08 18:22:00,51,United Kingdom,1,3,961.49,320.49666666666667,597,0
15157.0,5,2654.11,3466,2009-12-10 14:44:00,2011-12-06 11:28:00,152,United Kingdom,3,5,2654.11,530.822,3466,0
15158.0,2,606.02,219,2010-11-03 13:46:00,2011-10-25 13:53:00,11,United Kingdom,45,2,606.02,303.01,219,0
15159.0,34,22116.73,13512,2010-10-04 09:31:00,2011-12-08 12:05:00,413,United Kingdom,1,34,22116.73,650.4920588235294,13512,0
15160.0,4,589.27,307,2010-10-14 15:26:00,2010-12-17 14:15:00,17,United Kingdom,357,4,589.27,147.3175,307,1
15161.0,1,119.92,144,2010-11-16 16:08:00,2010-11-16 16:08:00,33,United Kingdom,388,1,119.92,119.92,144,1
15162.0,1,312.9,74,2009-12-08 13:14:00,2009-12-08 13:14:00,12,United Kingdom,731,1,312.9,312.9,74,1
15163.0,2,304.47,186,2011-05-31 15:22:00,2011-11-21 13:10:00,29,United Kingdom,18,2,304.47,152.235,186,0
15164.0,9,2068.92,931,2010-01-18 13:34:00,2011-10-02 12:05:00,243,United Kingdom,68,9,2068.92,229.88,931,0
15165.0,1,975.5,320,2010-12-01 14:03:00,2010-12-01 14:03:00,27,United Kingdom,373,1,975.5,975.5,320,1
15166.0,1,167.16,140,2010-08-29 12:31:00,2010-08-29 12:31:00,12,United Kingdom,467,1,167.16,167.16,140,1
15167.0,5,1659.67,872,2010-02-04 14:13:00,2011-01-23 12:41:00,262,United Kingdom,320,5,1659.67,331.934,872,1
15168.0,1,106.56,52,2011-11-14 11:26:00,2011-11-14 11:26:00,5,United Kingdom,25,1,106.56,106.56,52,0
15169.0,2,569.22,356,2009-12-13 11:16:00,2010-11-22 13:04:00,58,United Kingdom,382,2,569.22,284.61,356,1
15170.0,1,81.15,33,2010-10-29 10:34:00,2010-10-29 10:34:00,4,United Kingdom,406,1,81.15,81.15,33,1
15171.0,1,1289.5,290,2011-01-12 15:36:00,2011-01-12 15:36:00,5,United Kingdom,331,1,1289.5,1289.5,290,1
15172.0,5,1624.05,1611,2011-04-17 11:56:00,2011-12-01 11:51:00,106,United Kingdom,8,5,1624.05,324.81,1611,0
15173.0,7,1494.6,840,2010-04-01 12:26:00,2010-11-24 10:21:00,68,United Kingdom,380,7,1494.6,213.5142857142857,840,1
15174.0,2,481.46,382,2010-10-25 09:40:00,2011-01-21 09:06:00,34,United Kingdom,322,2,481.46,240.73,382,1
15175.0,1,224.14,454,2011-09-29 11:31:00,2011-09-29 11:31:00,23,United Kingdom,71,1,224.14,224.14,454,0
15176.0,1,988.04,448,2010-02-10 10:36:00,2010-02-10 10:36:00,52,United Kingdom,667,1,988.04,988.04,448,1
15177.0,1,948.93,485,2010-10-10 12:48:00,2010-10-10 12:48:00,26,United Kingdom,425,1,948.93,948.93,485,1
15178.0,1,40.5,30,2011-03-24 15:12:00,2011-03-24 15:12:00,3,United Kingdom,260,1,40.5,40.5,30,1
15179.0,13,7491.92,5416,2009-12-03 12:27:00,2011-11-21 12:53:00,225,United Kingdom,18,13,7491.92,576.3015384615385,5416,0
15180.0,3,904.43,690,2010-04-29 15:27:00,2010-12-07 14:57:00,46,United Kingdom,367,3,904.43,301.47666666666663,690,1
15181.0,5,1200.2,688,2009-12-08 19:02:00,2011-10-04 13:58:00,15,United Kingdom,66,5,1200.2,240.04,688,0
15182.0,11,2998.952,1186,2010-02-21 12:03:00,2011-07-08 13:37:00,78,United Kingdom,154,11,2998.952,272.632,1186,0
15183.0,3,639.93,297,2010-05-04 11:31:00,2010-06-10 10:43:00,33,United Kingdom,547,3,639.93,213.31,297,1
15184.0,4,689.95,486,2009-12-16 12:06:00,2011-11-10 13:41:00,72,United Kingdom,29,4,689.95,172.4875,486,0
15185.0,1,310.62,666,2011-09-30 14:06:00,2011-09-30 14:06:00,21,United Kingdom,70,1,310.62,310.62,666,0
15186.0,5,1403.2,716,2010-01-12 10:14:00,2011-11-25 14:58:00,29,United Kingdom,14,5,1403.2,280.64,716,0
15187.0,16,4777.18,1887,2011-05-11 13:49:00,2011-12-08 11:56:00,61,United Kingdom,1,16,4777.18,298.57375,1887,0
15188.0,1,310.43,233,2009-12-14 13:30:00,2009-12-14 13:30:00,23,United Kingdom,725,1,310.43,310.43,233,1
15189.0,46,17524.38,6902,2010-07-18 13:37:00,2011-12-08 13:22:00,90,United Kingdom,1,46,17524.38,380.96478260869566,6902,0
15190.0,1,834.4399999999999,790,2010-10-01 13:09:00,2010-10-01 13:09:00,40,United Kingdom,434,1,834.4399999999999,834.4399999999999,790,1
15191.0,3,588.05,287,2010-01-20 12:35:00,2010-09-02 15:37:00,33,United Kingdom,463,3,588.05,196.01666666666665,287,1
15192.0,5,1981.39,1644,2010-01-29 10:13:00,2011-08-12 11:41:00,56,United Kingdom,119,5,1981.39,396.278,1644,0
15193.0,1,499.32,144,2011-10-10 08:23:00,2011-10-10 08:23:00,19,United Kingdom,60,1,499.32,499.32,144,0
15194.0,28,12427.69,9169,2009-12-03 10:37:00,2011-12-06 15:10:00,274,United Kingdom,3,28,12427.69,443.84607142857146,9169,0
15195.0,1,3861.0,1404,2011-12-07 12:20:00,2011-12-07 12:20:00,1,United Kingdom,2,1,3861.0,3861.0,1404,0
15196.0,2,316.25,131,2009-12-13 11:14:00,2010-10-03 10:50:00,34,United Kingdom,432,2,316.25,158.125,131,1
15197.0,6,1877.51,1058,2009-12-11 12:56:00,2011-11-29 10:00:00,44,United Kingdom,10,6,1877.51,312.9183333333333,1058,0
15198.0,5,571.35,327,2010-01-19 10:01:00,2011-09-08 14:42:00,28,United Kingdom,92,5,571.35,114.27,327,0
15199.0,10,3122.4,894,2010-05-13 10:14:00,2011-10-11 15:12:00,17,United Kingdom,59,10,3122.4,312.24,894,0
15200.0,1,549.05,195,2010-08-02 09:38:00,2010-08-02 09:38:00,30,United Kingdom,494,1,549.05,549.05,195,1
15201.0,7,1842.95,1660,2010-04-07 14:50:00,2011-09-13 14:53:00,44,United Kingdom,87,7,1842.95,263.2785714285714,1660,0
15202.0,3,6001.49,3,2010-10-15 12:39:00,2010-10-15 13:05:00,1,United Kingdom,420,3,6001.49,2000.496666666667,3,1
15203.0,15,4400.18,4182,2009-12-08 18:06:00,2011-11-14 08:16:00,150,United Kingdom,25,15,4400.18,293.3453333333334,4182,0
15204.0,1,316.58,258,2010-12-17 13:49:00,2010-12-17 13:49:00,9,United Kingdom,357,1,316.58,316.58,258,1
15205.0,2,653.24,378,2011-08-04 16:07:00,2011-09-15 19:36:00,37,United Kingdom,85,2,653.24,326.62,378,0
15206.0,4,420.3,162,2011-03-09 08:59:00,2011-11-29 13:41:00,3,United Kingdom,10,4,420.3,105.075,162,0
15207.0,3,683.9200000000001,428,2010-06-10 17:29:00,2010-10-19 13:29:00,19,United Kingdom,416,3,683.9200000000001,227.97333333333336,428,1
15208.0,6,970.52,356,2010-10-12 12:17:00,2011-12-08 17:24:00,27,United Kingdom,1,6,970.52,161.75333333333333,356,0
15209.0,1,178.98000000000002,94,2009-12-09 17:26:00,2009-12-09 17:26:00,13,United Kingdom,730,1,178.98000000000002,178.98000000000002,94,1
15210.0,3,1176.19,841,2010-05-13 14:42:00,2011-04-28 16:11:00,66,United Kingdom,225,3,1176.19,392.0633333333333,841,1
15211.0,2,1277.48,357,2010-12-09 16:08:00,2011-10-10 13:31:00,52,United Kingdom,60,2,1277.48,638.74,357,0
15212.0,2,208.28,84,2010-11-28 10:45:00,2011-04-12 13:45:00,7,United Kingdom,241,2,208.28,104.14,84,1
15213.0,2,328.35,272,2011-01-14 11:05:00,2011-01-25 12:21:00,22,United Kingdom,318,2,328.35,164.175,272,1
15214.0,8,1661.44,1254,2011-04-11 09:46:00,2011-12-08 12:07:00,109,United Kingdom,1,8,1661.44,207.68,1254,0
15215.0,7,2422.43,776,2010-04-06 11:21:00,2011-10-24 11:41:00,85,United Kingdom,46,7,2422.43,346.06142857142856,776,0
15216.0,2,486.09,217,2010-03-31 09:52:00,2011-09-13 11:41:00,24,United Kingdom,87,2,486.09,243.045,217,0
15217.0,1,426.24,190,2010-05-25 13:51:00,2010-05-25 13:51:00,28,United Kingdom,563,1,426.24,426.24,190,1
15218.0,22,11516.57,6553,2010-01-26 11:33:00,2011-11-29 11:48:00,139,United Kingdom,10,22,11516.57,523.4804545454546,6553,0
15219.0,2,685.45,271,2010-03-01 11:33:00,2011-06-16 16:57:00,26,United Kingdom,176,2,685.45,342.725,271,0
15220.0,6,1778.96,1393,2011-03-04 10:24:00,2011-10-19 12:39:00,110,United Kingdom,51,6,1778.96,296.49333333333334,1393,0
15221.0,4,2465.4500000000003,287,2010-03-12 10:40:00,2010-12-08 13:08:00,21,United Kingdom,366,4,2465.4500000000003,616.3625000000001,287,1
15222.0,11,3550.91,4458,2009-12-16 13:49:00,2011-01-25 08:03:00,98,United Kingdom,318,11,3550.91,322.81,4458,1
15223.0,5,1417.95,385,2009-12-05 11:19:00,2011-04-28 11:31:00,26,United Kingdom,225,5,1417.95,283.59000000000003,385,1
15224.0,5,871.36,443,2010-01-15 16:14:00,2010-12-16 15:02:00,24,United Kingdom,358,5,871.36,174.272,443,1
15225.0,1,409.4,226,2011-04-19 14:51:00,2011-04-19 14:51:00,23,United Kingdom,234,1,409.4,409.4,226,1
15226.0,1,154.41,71,2011-02-02 11:41:00,2011-02-02 11:41:00,8,United Kingdom,310,1,154.41,154.41,71,1
15227.0,9,2488.49,1217,2010-03-16 08:23:00,2011-11-03 11:59:00,86,United Kingdom,36,9,2488.49,276.49888888888887,1217,0
15228.0,6,5580.27,3375,2010-07-28 10:21:00,2011-10-04 13:56:00,184,United Kingdom,66,6,5580.27,930.045,3375,0
15229.0,1,160.5,114,2010-05-02 13:50:00,2010-05-02 13:50:00,9,United Kingdom,586,1,160.5,160.5,114,1
15230.0,2,429.6,351,2011-04-13 11:04:00,2011-04-14 14:39:00,23,United Kingdom,239,2,429.6,214.8,351,1
15231.0,1,250.26,190,2010-03-28 15:12:00,2010-03-28 15:12:00,14,United Kingdom,621,1,250.26,250.26,190,1
15232.0,2,612.06,686,2011-07-22 12:21:00,2011-08-18 16:27:00,26,United Kingdom,113,2,612.06,306.03,686,0
15233.0,1,59.400000000000006,12,2010-11-03 13:36:00,2010-11-03 13:36:00,1,United Kingdom,401,1,59.400000000000006,59.400000000000006,12,1
15234.0,1,197.0,196,2011-03-08 08:53:00,2011-03-08 08:53:00,14,United Kingdom,276,1,197.0,197.0,196,1
15235.0,16,2937.81,1735,2010-11-16 12:48:00,2011-05-06 09:44:00,161,United Kingdom,217,16,2937.81,183.613125,1735,1
15236.0,1,321.05,269,2011-02-14 10:52:00,2011-02-14 10:52:00,15,United Kingdom,298,1,321.05,321.05,269,1
15237.0,4,1412.32,1071,2011-04-26 15:04:00,2011-12-08 09:46:00,94,United Kingdom,1,4,1412.32,353.08,1071,0
15238.0,3,1071.99,692,2011-06-08 16:00:00,2011-11-10 14:28:00,49,United Kingdom,29,3,1071.99,357.33,692,0
15239.0,2,780.59,594,2011-09-22 09:53:00,2011-11-29 14:14:00,48,United Kingdom,10,2,780.59,390.295,594,0
15240.0,12,4459.98,3214,2009-12-05 14:57:00,2011-10-26 09:50:00,134,United Kingdom,44,12,4459.98,371.665,3214,0
15241.0,11,3050.16,3328,2010-02-23 13:59:00,2011-10-04 09:05:00,120,United Kingdom,66,11,3050.16,277.2872727272727,3328,0
15242.0,1,302.04,196,2010-10-13 15:33:00,2010-10-13 15:33:00,4,United Kingdom,422,1,302.04,302.04,196,1
15243.0,2,927.28,543,2010-09-30 17:28:00,2011-09-26 14:12:00,56,United Kingdom,74,2,927.28,463.64,543,0
15244.0,3,912.08,472,2010-02-11 14:48:00,2011-10-05 13:19:00,44,United Kingdom,65,3,912.08,304.0266666666667,472,0
15245.0,8,4610.84,3021,2010-04-23 14:23:00,2011-07-28 18:56:00,72,United Kingdom,134,8,4610.84,576.355,3021,0
15246.0,3,780.4,359,2010-06-02 11:28:00,2011-04-15 14:45:00,45,United Kingdom,238,3,780.4,260.1333333333333,359,1
15247.0,3,976.06,514,2010-06-20 14:08:00,2011-08-09 12:52:00,13,United Kingdom,122,3,976.06,325.3533333333333,514,0
15248.0,3,1893.93,1065,2010-06-23 14:34:00,2010-10-24 13:09:00,103,United Kingdom,411,3,1893.93,631.3100000000001,1065,1
15249.0,18,9266.0,4980,2010-03-26 14:51:00,2011-11-08 11:45:00,304,United Kingdom,31,18,9266.0,514.7777777777778,4980,0
15250.0,1,60.0,48,2010-03-09 07:35:00,2010-03-09 07:35:00,3,United Kingdom,640,1,60.0,60.0,48,1
15251.0,21,20324.54,12108,2010-01-29 12:42:00,2011-11-30 15:02:00,183,United Kingdom,9,21,20324.54,967.835238095238,12108,0
15252.0,5,2103.41,1430,2010-04-07 10:24:00,2011-11-03 13:30:00,106,United Kingdom,36,5,2103.41,420.682,1430,0
15253.0,8,2055.09,1588,2010-05-02 11:17:00,2011-11-23 16:22:00,102,United Kingdom,16,8,2055.09,256.88625,1588,0
15254.0,3,1088.35,711,2010-05-28 10:08:00,2011-08-04 15:04:00,64,United Kingdom,127,3,1088.35,362.7833333333333,711,0
15255.0,9,3729.42,2226,2009-12-03 09:10:00,2011-10-04 12:43:00,137,United Kingdom,66,9,3729.42,414.38,2226,0
15256.0,2,170.4,92,2010-05-27 11:41:00,2011-07-14 11:47:00,6,United Kingdom,148,2,170.4,85.2,92,0
15257.0,2,685.9,71,2010-10-21 14:03:00,2011-03-01 12:58:00,11,United Kingdom,283,2,685.9,342.95,71,1
15258.0,2,623.16,142,2011-05-06 14:16:00,2011-06-24 12:30:00,32,United Kingdom,168,2,623.16,311.58,142,0
15259.0,4,1182.38,631,2010-01-26 09:41:00,2010-07-15 08:47:00,50,United Kingdom,512,4,1182.38,295.595,631,1
15260.0,25,9188.23,4722,2009-12-06 11:45:00,2011-08-31 13:55:00,186,United Kingdom,100,25,9188.23,367.5292,4722,0
15261.0,4,1508.0,806,2010-10-01 11:59:00,2011-07-27 15:20:00,87,United Kingdom,135,4,1508.0,377.0,806,0
15262.0,3,418.82,218,2010-08-08 15:55:00,2011-01-20 12:16:00,22,United Kingdom,323,3,418.82,139.60666666666663,218,1
15263.0,1,156.51,89,2011-08-25 10:26:00,2011-08-25 10:26:00,12,United Kingdom,106,1,156.51,156.51,89,0
15264.0,2,848.4,443,2010-06-27 13:29:00,2011-10-06 13:49:00,52,United Kingdom,64,2,848.4,424.2,443,0
15265.0,4,3345.64,1570,2009-12-01 17:08:00,2011-07-11 14:46:00,179,United Kingdom,151,4,3345.64,836.41,1570,0
15266.0,5,852.21,236,2010-01-07 12:19:00,2011-01-05 13:40:00,38,United Kingdom,338,5,852.21,170.442,236,1
15267.0,5,1717.36,944,2011-06-10 10:24:00,2011-11-17 15:59:00,8,United Kingdom,22,5,1717.36,343.472,944,0
15268.0,3,961.9,428,2010-04-13 11:27:00,2010-08-18 10:33:00,21,United Kingdom,478,3,961.9,320.6333333333333,428,1
15269.0,3,1225.36,372,2010-11-14 12:58:00,2011-11-16 09:32:00,33,United Kingdom,23,3,1225.36,408.4533333333333,372,0
15270.0,21,8524.86,4010,2009-12-17 15:02:00,2011-11-24 09:24:00,66,United Kingdom,15,21,8524.86,405.9457142857143,4010,0
15271.0,24,4709.54,2524,2010-08-05 14:57:00,2011-12-02 14:11:00,369,United Kingdom,7,24,4709.54,196.2308333333333,2524,0
15272.0,6,2085.48,687,2010-02-14 13:39:00,2011-10-13 12:59:00,257,United Kingdom,57,6,2085.48,347.58,687,0
15273.0,1,228.96,216,2010-04-19 11:31:00,2010-04-19 11:31:00,1,United Kingdom,599,1,228.96,228.96,216,1
15274.0,2,716.57,619,2011-11-21 14:17:00,2011-12-05 16:57:00,44,United Kingdom,4,2,716.57,358.285,619,0
15275.0,1,615.14,498,2011-11-02 11:20:00,2011-11-02 11:20:00,41,United Kingdom,37,1,615.14,615.14,498,0
15276.0,4,649.53,331,2010-10-01 12:24:00,2011-10-04 16:39:00,160,United Kingdom,66,4,649.53,162.3825,331,0
15277.0,2,476.34,373,2010-10-10 16:02:00,2011-10-24 10:08:00,23,United Kingdom,46,2,476.34,238.17,373,0
15278.0,4,496.16,458,2010-02-12 14:53:00,2010-05-27 10:03:00,29,United Kingdom,561,4,496.16,124.04,458,1
15279.0,5,1580.54,802,2010-02-02 10:15:00,2010-12-20 10:48:00,74,United Kingdom,354,5,1580.54,316.108,802,1
15280.0,3,406.22,513,2010-05-17 14:17:00,2011-06-20 17:14:00,48,United Kingdom,172,3,406.22,135.40666666666667,513,0
15281.0,16,8543.57,5233,2010-10-08 12:14:00,2011-10-12 09:10:00,427,United Kingdom,58,16,8543.57,533.973125,5233,0
15282.0,1,348.59,395,2010-05-18 16:27:00,2010-05-18 16:27:00,27,United Kingdom,570,1,348.59,348.59,395,1
15283.0,3,148.33,27,2010-07-09 15:46:00,2010-11-14 14:54:00,9,United Kingdom,390,3,148.33,49.443333333333335,27,1
15284.0,1,24.75,5,2010-07-27 13:25:00,2010-07-27 13:25:00,1,United Kingdom,500,1,24.75,24.75,5,1
15285.0,1,94.92,120,2010-10-28 09:46:00,2010-10-28 09:46:00,6,United Kingdom,407,1,94.92,94.92,120,1
15286.0,1,240.55,55,2011-10-21 11:08:00,2011-10-21 11:08:00,3,United Kingdom,49,1,240.55,240.55,55,0
15287.0,5,856.03,1010,2009-12-02 12:13:00,2011-11-17 15:34:00,23,United Kingdom,22,5,856.03,171.206,1010,0
15288.0,10,3883.13,1404,2010-02-12 15:27:00,2011-10-27 16:58:00,128,United Kingdom,43,10,3883.13,388.313,1404,0
15289.0,5,1593.09,1627,2010-03-28 11:45:00,2011-11-10 13:49:00,67,United Kingdom,29,5,1593.09,318.618,1627,0
15290.0,26,10496.28,6567,2010-02-24 10:15:00,2011-12-05 11:39:00,106,United Kingdom,4,26,10496.28,403.70307692307694,6567,0
15291.0,40,13846.56,5017,2009-12-03 11:09:00,2011-11-14 11:02:00,116,United Kingdom,25,40,13846.56,346.164,5017,0
15292.0,1,180.94,56,2011-05-22 15:00:00,2011-05-22 15:00:00,24,United Kingdom,201,1,180.94,180.94,56,1
15293.0,1,247.5,178,2010-02-12 11:54:00,2010-02-12 11:54:00,19,United Kingdom,665,1,247.5,247.5,178,1
15294.0,1,233.35,97,2010-10-25 11:45:00,2010-10-25 11:45:00,15,United Kingdom,410,1,233.35,233.35,97,1
15295.0,1,217.24,151,2010-02-23 13:03:00,2010-02-23 13:03:00,50,United Kingdom,654,1,217.24,217.24,151,1
15296.0,12,10342.83,5464,2010-01-21 13:48:00,2011-10-20 11:47:00,342,United Kingdom,50,12,10342.83,861.9025,5464,0
15297.0,3,641.94,292,2011-10-07 09:42:00,2011-11-29 16:32:00,30,United Kingdom,10,3,641.94,213.98,292,0
15298.0,23,9459.37,6286,2009-12-08 17:04:00,2011-12-07 17:17:00,199,United Kingdom,2,23,9459.37,411.2769565217392,6286,0
15299.0,10,7991.54,5453,2010-01-12 11:34:00,2011-10-03 14:19:00,9,United Kingdom,67,10,7991.54,799.154,5453,0
15300.0,1,496.44,292,2011-10-06 17:08:00,2011-10-06 17:08:00,28,United Kingdom,64,1,496.44,496.44,292,0
15301.0,17,7603.44,4290,2010-09-15 15:41:00,2011-10-20 09:57:00,231,United Kingdom,50,17,7603.44,447.2611764705882,4290,0
15302.0,1,308.0,102,2009-12-09 13:11:00,2009-12-09 13:11:00,15,United Kingdom,730,1,308.0,308.0,102,1
15303.0,3,1224.18,514,2010-01-25 09:42:00,2011-02-22 13:59:00,63,United Kingdom,290,3,1224.18,408.06,514,1
15304.0,9,919.55,133,2010-10-14 10:24:00,2011-10-10 10:23:00,8,United Kingdom,60,9,919.55,102.17222222222222,133,0
15305.0,1,93.6,40,2010-06-02 13:50:00,2010-06-02 13:50:00,5,United Kingdom,555,1,93.6,93.6,40,1
15306.0,9,3484.73,3074,2010-02-18 17:12:00,2011-10-06 12:56:00,123,United Kingdom,64,9,3484.73,387.1922222222222,3074,0
15307.0,1,205.3,37,2011-09-05 11:38:00,2011-09-05 11:38:00,12,United Kingdom,95,1,205.3,205.3,37,0
15308.0,1,310.47,175,2011-03-10 13:08:00,2011-03-10 13:08:00,19,United Kingdom,274,1,310.47,310.47,175,1
15309.0,4,797.96,440,2009-12-04 13:01:00,2010-04-08 11:11:00,49,United Kingdom,610,4,797.96,199.49,440,1
15310.0,1,1634.64,1476,2010-08-18 11:38:00,2010-08-18 11:38:00,45,United Kingdom,478,1,1634.64,1634.64,1476,1
15311.0,208,116771.16,71010,2009-12-01 11:21:00,2011-12-09 12:00:00,864,United Kingdom,0,208,116771.16,561.3998076923077,71010,0
15312.0,12,2930.19,1693,2009-12-16 09:23:00,2011-09-25 13:10:00,118,United Kingdom,75,12,2930.19,244.1825,1693,0
15313.0,1,52.0,25,2011-08-21 16:02:00,2011-08-21 16:02:00,1,United Kingdom,110,1,52.0,52.0,25,0
15314.0,3,820.4499999999999,750,2010-10-07 15:41:00,2011-05-24 14:39:00,49,United Kingdom,199,3,820.4499999999999,273.4833333333333,750,1
15315.0,2,570.5,862,2011-08-15 15:17:00,2011-10-06 12:51:00,35,United Kingdom,64,2,570.5,285.25,862,0
15316.0,1,165.0,100,2011-01-17 11:34:00,2011-01-17 11:34:00,1,United Kingdom,326,1,165.0,165.0,100,1
15317.0,1,129.75,45,2010-01-31 15:55:00,2010-01-31 15:55:00,5,United Kingdom,677,1,129.75,129.75,45,1
15318.0,1,312.62,642,2011-12-06 11:30:00,2011-12-06 11:30:00,33,United Kingdom,3,1,312.62,312.62,642,0
15319.0,1,204.5,175,2011-03-01 12:48:00,2011-03-01 12:48:00,16,United Kingdom,283,1,204.5,204.5,175,1
15320.0,1,267.13,326,2011-10-26 13:27:00,2011-10-26 13:27:00,36,United Kingdom,44,1,267.13,267.13,326,0
15321.0,12,6709.7300000000005,3653,2010-02-03 09:47:00,2011-09-30 09:40:00,242,United Kingdom,70,12,6709.7300000000005,559.1441666666667,3653,0
15322.0,2,1390.86,971,2010-08-20 13:10:00,2011-09-15 09:34:00,76,United Kingdom,85,2,1390.86,695.43,971,0
15323.0,3,434.6,188,2010-02-16 09:21:00,2010-05-26 10:01:00,29,United Kingdom,562,3,434.6,144.86666666666667,188,1
15324.0,1,140.22000000000003,74,2010-01-07 14:37:00,2010-01-07 14:37:00,8,United Kingdom,701,1,140.22000000000003,140.22000000000003,74,1
15325.0,8,1602.01,1383,2010-02-16 13:30:00,2011-08-28 11:55:00,164,United Kingdom,103,8,1602.01,200.25125,1383,0
15326.0,5,1700.52,1351,2009-12-01 13:19:00,2011-01-10 11:38:00,94,United Kingdom,333,5,1700.52,340.104,1351,1
15327.0,1,208.75,116,2011-10-18 11:55:00,2011-10-18 11:55:00,10,United Kingdom,52,1,208.75,208.75,116,0
15328.0,1,107.24,88,2010-10-28 09:05:00,2010-10-28 09:05:00,8,United Kingdom,407,1,107.24,107.24,88,1
15329.0,11,2984.33,1219,2009-12-14 12:18:00,2011-10-31 15:36:00,98,United Kingdom,39,11,2984.33,271.3027272727273,1219,0
15330.0,2,714.96,1312,2011-10-10 12:30:00,2011-11-07 17:50:00,10,United Kingdom,32,2,714.96,357.48,1312,0
15331.0,3,767.91,701,2010-04-09 14:26:00,2010-07-28 09:42:00,41,United Kingdom,499,3,767.91,255.97,701,1
15332.0,6,6553.74,2958,2010-07-14 13:01:00,2010-12-08 14:43:00,113,Lithuania,366,6,6553.74,1092.29,2958,1
15333.0,1,1028.56,344,2011-05-15 13:27:00,2011-05-15 13:27:00,16,United Kingdom,208,1,1028.56,1028.56,344,1
15334.0,3,351.67,274,2011-06-19 13:51:00,2011-07-06 11:22:00,67,United Kingdom,156,3,351.67,117.22333333333334,274,0
15335.0,1,173.97,80,2011-10-17 12:50:00,2011-10-17 12:50:00,34,United Kingdom,53,1,173.97,173.97,80,0
15336.0,1,240.5,84,2010-11-03 12:39:00,2010-11-03 12:39:00,15,United Kingdom,401,1,240.5,240.5,84,1
15337.0,1,373.02,200,2010-10-24 15:29:00,2010-10-24 15:29:00,21,United Kingdom,411,1,373.02,373.02,200,1
15338.0,1,283.43,150,2010-01-31 14:25:00,2010-01-31 14:25:00,56,United Kingdom,677,1,283.43,283.43,150,1
15339.0,7,1827.84,1143,2010-02-08 13:38:00,2011-10-04 12:51:00,162,United Kingdom,66,7,1827.84,261.12,1143,0
15340.0,1,105.5,76,2010-05-27 10:27:00,2010-05-27 10:27:00,7,United Kingdom,561,1,105.5,105.5,76,1
15341.0,2,2402.7200000000003,1008,2010-09-16 16:41:00,2011-09-20 09:40:00,22,United Kingdom,80,2,2402.7200000000003,1201.36,1008,0
15342.0,1,406.09,283,2011-08-02 10:19:00,2011-08-02 10:19:00,24,United Kingdom,129,1,406.09,406.09,283,0
15343.0,1,364.5,84,2011-09-13 13:55:00,2011-09-13 13:55:00,21,United Kingdom,87,1,364.5,364.5,84,0
15344.0,3,563.94,116,2011-09-26 14:48:00,2011-12-09 10:45:00,21,United Kingdom,0,3,563.94,187.98,116,0
15345.0,1,393.54,81,2011-10-25 11:28:00,2011-10-25 11:28:00,20,United Kingdom,45,1,393.54,393.54,81,0
15346.0,3,596.12,260,2010-10-04 15:11:00,2011-01-11 11:18:00,36,United Kingdom,332,3,596.12,198.70666666666668,260,1
15347.0,4,1363.6,672,2010-09-28 12:50:00,2010-12-08 15:25:00,29,United Kingdom,366,4,1363.6,340.9,672,1
15348.0,1,158.04,84,2011-09-28 13:17:00,2011-09-28 13:17:00,9,United Kingdom,72,1,158.04,158.04,84,0
15349.0,2,473.81,327,2011-06-05 15:46:00,2011-07-04 16:06:00,65,United Kingdom,158,2,473.81,236.905,327,0
15350.0,2,663.25,323,2010-11-21 15:14:00,2010-12-01 13:33:00,26,United Kingdom,373,2,663.25,331.625,323,1
15351.0,10,3738.29,1491,2010-10-03 12:18:00,2011-11-27 12:52:00,201,United Kingdom,12,10,3738.29,373.829,1491,0
15352.0,1,114.95,43,2010-06-09 11:28:00,2010-06-09 11:28:00,34,United Kingdom,548,1,114.95,114.95,43,1
15353.0,7,3175.95,1551,2009-12-02 11:33:00,2011-03-30 12:15:00,274,United Kingdom,254,7,3175.95,453.70714285714286,1551,1
15354.0,3,284.4,3,2010-04-15 16:17:00,2010-04-15 16:24:00,1,United Kingdom,603,3,284.4,94.8,3,1
15355.0,2,277.05,45,2011-10-17 15:22:00,2011-11-10 13:44:00,9,United Kingdom,29,2,277.05,138.525,45,0
15356.0,13,3464.95,2015,2010-10-13 13:12:00,2011-11-08 13:11:00,290,United Kingdom,31,13,3464.95,266.5346153846154,2015,0
15358.0,42,17050.41,15378,2009-12-07 12:19:00,2011-12-05 09:04:00,359,United Kingdom,4,42,17050.41,405.9621428571429,15378,0
15359.0,8,181.35,145,2010-01-15 11:30:00,2010-02-15 10:47:00,10,United Kingdom,662,8,181.35,22.66875,145,1
15360.0,1,427.93,223,2011-10-31 09:35:00,2011-10-31 09:35:00,13,United Kingdom,39,1,427.93,427.93,223,0
15361.0,4,689.07,373,2010-06-14 13:27:00,2010-12-13 09:52:00,10,United Kingdom,361,4,689.07,172.2675,373,1
15362.0,2,613.08,368,2009-12-01 09:08:00,2010-09-17 10:37:00,38,United Kingdom,448,2,613.08,306.54,368,1
15363.0,2,1004.11,527,2010-08-04 08:41:00,2010-12-02 12:28:00,32,United Kingdom,372,2,1004.11,502.055,527,1
15364.0,2,913.19,493,2011-03-30 13:39:00,2011-09-05 09:46:00,29,United Kingdom,95,2,913.19,456.595,493,0
15365.0,13,4557.13,2131,2010-02-04 16:43:00,2011-11-14 08:29:00,126,United Kingdom,25,13,4557.13,350.54846153846154,2131,0
15366.0,7,2389.08,2447,2010-02-26 10:10:00,2011-09-25 15:01:00,86,United Kingdom,75,7,2389.08,341.29714285714283,2447,0
15367.0,11,5081.33,2944,2009-12-10 14:20:00,2011-10-13 14:13:00,214,United Kingdom,57,11,5081.33,461.9390909090909,2944,0
15368.0,2,722.74,406,2010-11-10 15:52:00,2011-11-18 14:42:00,8,United Kingdom,21,2,722.74,361.37,406,0
15369.0,11,6251.26,3288,2009-12-08 07:43:00,2010-08-04 13:54:00,44,United Kingdom,492,11,6251.26,568.2963636363637,3288,1
15370.0,8,3739.01,1397,2010-10-25 12:08:00,2011-10-30 10:58:00,90,United Kingdom,40,8,3739.01,467.37625,1397,0
15371.0,1,59.400000000000006,12,2010-02-15 13:14:00,2010-02-15 13:14:00,1,United Kingdom,662,1,59.400000000000006,59.400000000000006,12,1
15372.0,8,6017.06,6410,2010-02-14 11:24:00,2011-07-25 16:39:00,45,United Kingdom,137,8,6017.06,752.1325,6410,0
15373.0,17,3421.39,769,2010-05-02 11:57:00,2011-12-01 15:05:00,107,United Kingdom,8,17,3421.39,201.25823529411764,769,0
15374.0,2,307.32,290,2010-03-25 12:03:00,2011-08-03 09:59:00,8,United Kingdom,128,2,307.32,153.66,290,0
15375.0,1,60.96,84,2010-01-18 15:38:00,2010-01-18 15:38:00,6,United Kingdom,690,1,60.96,60.96,84,1
15376.0,3,1233.36,619,2011-05-01 13:45:00,2011-10-30 15:04:00,100,United Kingdom,40,3,1233.36,411.12,619,0
15377.0,4,1211.75,253,2010-10-20 11:42:00,2010-11-22 08:55:00,15,United Kingdom,382,4,1211.75,302.9375,253,1
15378.0,2,246.5,130,2010-07-26 08:47:00,2010-09-03 11:30:00,8,United Kingdom,462,2,246.5,123.25,130,1
15379.0,8,4877.84,3000,2010-11-04 11:59:00,2011-06-23 13:13:00,177,United Kingdom,169,8,4877.84,609.73,3000,0
15380.0,11,3479.0600000000004,1032,2009-12-01 13:50:00,2011-12-01 12:13:00,27,United Kingdom,8,11,3479.0600000000004,316.27818181818185,1032,0
15381.0,5,1890.57,802,2010-05-05 14:35:00,2011-05-10 11:55:00,20,United Kingdom,213,5,1890.57,378.114,802,1
15382.0,12,13733.55,9178,2009-12-04 14:13:00,2011-11-25 10:58:00,315,United Kingdom,14,12,13733.55,1144.4625,9178,0
15384.0,4,2027.79,1767,2010-04-26 12:38:00,2011-06-23 10:57:00,83,United Kingdom,169,4,2027.79,506.9475,1767,0
15385.0,3,942.08,428,2010-01-31 13:02:00,2011-10-30 15:11:00,18,United Kingdom,40,3,942.08,314.0266666666667,428,0
15386.0,1,394.14,446,2011-06-06 13:47:00,2011-06-06 13:47:00,31,United Kingdom,186,1,394.14,394.14,446,1
15387.0,1,468.65,335,2010-08-04 16:05:00,2010-08-04 16:05:00,20,United Kingdom,492,1,468.65,468.65,335,1
15388.0,1,140.54,88,2011-03-14 13:53:00,2011-03-14 13:53:00,10,Canada,270,1,140.54,140.54,88,1
15389.0,5,2733.8,3940,2010-01-27 12:44:00,2011-06-20 16:18:00,2,United Kingdom,172,5,2733.8,546.76,3940,0
15390.0,2,1216.66,894,2010-10-26 17:23:00,2010-11-08 15:19:00,77,Canada,396,2,1216.66,608.33,894,1
15391.0,1,289.87,109,2010-05-04 15:04:00,2010-05-04 15:04:00,12,United Kingdom,584,1,289.87,289.87,109,1
15392.0,7,2911.62,2144,2010-10-04 12:50:00,2011-12-05 11:01:00,100,United Kingdom,4,7,2911.62,415.9457142857143,2144,0
15393.0,5,891.34,378,2009-12-15 17:56:00,2011-11-23 16:48:00,37,United Kingdom,16,5,891.34,178.268,378,0
15394.0,11,5286.8,2372,2009-12-15 19:05:00,2011-11-30 11:49:00,129,United Kingdom,9,11,5286.8,480.6181818181818,2372,0
15395.0,1,107.45,17,2011-01-18 12:40:00,2011-01-18 12:40:00,7,United Kingdom,325,1,107.45,107.45,17,1
15396.0,2,796.38,278,2010-05-05 09:04:00,2011-08-19 10:56:00,16,United Kingdom,112,2,796.38,398.19,278,0
15397.0,1,94.0,20,2011-02-23 09:25:00,2011-02-23 09:25:00,6,United Kingdom,289,1,94.0,94.0,20,1
15398.0,2,1345.53,769,2011-09-22 14:56:00,2011-11-23 16:47:00,60,United Kingdom,16,2,1345.53,672.765,769,0
15399.0,3,815.77,611,2011-09-21 15:57:00,2011-12-08 13:04:00,45,United Kingdom,1,3,815.77,271.92333333333335,611,0
15400.0,8,1302.3,662,2010-05-28 08:33:00,2011-09-08 13:57:00,16,United Kingdom,92,8,1302.3,162.7875,662,0
15401.0,2,216.95,93,2010-05-20 10:56:00,2010-09-13 13:42:00,14,United Kingdom,452,2,216.95,108.475,93,1
15402.0,6,1830.54,2034,2010-04-27 12:12:00,2011-07-14 12:17:00,79,United Kingdom,148,6,1830.54,305.09,2034,0
15403.0,2,170.88,492,2009-12-09 12:45:00,2010-08-05 12:21:00,6,United Kingdom,491,2,170.88,85.44,492,1
15404.0,1,257.06,334,2010-11-29 11:03:00,2010-11-29 11:03:00,16,United Kingdom,375,1,257.06,257.06,334,1
15405.0,2,659.84,348,2010-05-12 15:56:00,2011-06-03 14:44:00,29,United Kingdom,189,2,659.84,329.92,348,1
15406.0,4,975.87,547,2010-09-12 13:06:00,2011-11-08 13:22:00,108,United Kingdom,31,4,975.87,243.9675,547,0
15407.0,4,1056.44,558,2011-02-07 13:18:00,2011-11-06 11:55:00,142,United Kingdom,33,4,1056.44,264.11,558,0
15408.0,1,267.18,106,2011-03-20 15:02:00,2011-03-20 15:02:00,34,United Kingdom,264,1,267.18,267.18,106,1
15409.0,1,131.25,59,2009-12-18 15:35:00,2009-12-18 15:35:00,9,United Kingdom,721,1,131.25,131.25,59,1
15410.0,10,4685.72,1902,2010-04-19 08:57:00,2011-09-16 14:47:00,80,United Kingdom,84,10,4685.72,468.572,1902,0
15411.0,4,1358.88,530,2011-06-10 12:30:00,2011-11-13 15:19:00,86,United Kingdom,26,4,1358.88,339.72,530,0
15412.0,1,190.53,108,2011-06-21 15:24:00,2011-06-21 15:24:00,10,United Kingdom,171,1,190.53,190.53,108,0
15413.0,5,6798.72,2694,2009-12-01 10:18:00,2010-01-17 11:33:00,20,United Kingdom,691,5,6798.72,1359.744,2694,1
15414.0,3,774.9000000000001,443,2011-04-11 13:45:00,2011-11-30 09:50:00,37,United Kingdom,9,3,774.9000000000001,258.3,443,0
15415.0,1,572.8100000000001,575,2011-01-30 14:13:00,2011-01-30 14:13:00,46,United Kingdom,313,1,572.8100000000001,572.8100000000001,575,1
15416.0,7,4572.82,2420,2010-02-01 11:55:00,2011-10-06 09:38:00,189,United Kingdom,64,7,4572.82,653.26,2420,0
15417.0,1,508.8,284,2011-09-15 15:26:00,2011-09-15 15:26:00,28,United Kingdom,85,1,508.8,508.8,284,0
15418.0,2,452.32,266,2010-05-02 11:31:00,2010-10-10 13:38:00,64,United Kingdom,425,2,452.32,226.16,266,1
15419.0,1,135.86,230,2011-11-15 09:23:00,2011-11-15 09:23:00,8,United Kingdom,24,1,135.86,135.86,230,0
15420.0,6,743.0,844,2009-12-05 13:29:00,2010-10-01 15:46:00,52,United Kingdom,434,6,743.0,123.83333333333331,844,1
15421.0,10,3805.34,1927,2009-12-07 15:10:00,2011-10-12 09:20:00,170,United Kingdom,58,10,3805.34,380.534,1927,0
15422.0,7,1619.97,710,2010-02-07 11:52:00,2011-01-20 16:17:00,80,United Kingdom,323,7,1619.97,231.42428571428573,710,1
15423.0,3,266.89,198,2010-03-28 13:42:00,2011-11-01 14:01:00,13,United Kingdom,38,3,266.89,88.96333333333332,198,0
15424.0,3,597.78,873,2010-09-02 17:17:00,2011-03-30 13:02:00,33,United Kingdom,254,3,597.78,199.26,873,1
15425.0,4,1944.57,1042,2010-02-14 12:36:00,2010-11-04 18:13:00,114,United Kingdom,400,4,1944.57,486.1425,1042,1
15426.0,9,2615.39,1220,2010-05-02 15:10:00,2011-11-20 15:36:00,327,United Kingdom,19,9,2615.39,290.5988888888889,1220,0
15427.0,3,1483.14,1013,2011-10-23 14:47:00,2011-11-06 14:29:00,233,United Kingdom,33,3,1483.14,494.38000000000005,1013,0
15428.0,4,762.75,347,2009-12-17 17:46:00,2011-11-24 16:54:00,39,United Kingdom,15,4,762.75,190.6875,347,0
15429.0,2,397.35,380,2011-09-25 13:42:00,2011-11-13 12:28:00,77,United Kingdom,26,2,397.35,198.675,380,0
15430.0,2,954.75,309,2010-06-29 15:04:00,2010-08-29 10:42:00,36,United Kingdom,467,2,954.75,477.375,309,1
15431.0,1,153.24,84,2010-07-25 12:44:00,2010-07-25 12:44:00,2,United Kingdom,502,1,153.24,153.24,84,1
15432.0,2,320.76,92,2010-06-16 14:34:00,2011-11-16 16:30:00,16,United Kingdom,23,2,320.76,160.38,92,0
15433.0,2,533.3,534,2011-03-17 14:12:00,2011-05-10 10:45:00,40,United Kingdom,213,2,533.3,266.65,534,1
15434.0,11,2567.06,1423,2010-01-24 15:35:00,2011-12-01 13:33:00,82,United Kingdom,8,11,2567.06,233.3690909090909,1423,0
15435.0,1,149.29,54,2011-11-17 16:39:00,2011-11-17 16:39:00,29,United Kingdom,22,1,149.29,149.29,54,0
15436.0,3,1122.53,613,2011-04-19 16:52:00,2011-11-27 16:05:00,243,United Kingdom,12,3,1122.53,374.1766666666667,613,0
15437.0,2,393.45,177,2010-03-09 10:45:00,2011-03-22 13:11:00,56,United Kingdom,262,2,393.45,196.725,177,1
15438.0,1,156.57999999999998,59,2011-07-31 14:19:00,2011-07-31 14:19:00,25,United Kingdom,131,1,156.57999999999998,156.57999999999998,59,0
15439.0,4,1269.05,572,2010-02-24 12:05:00,2010-10-31 10:38:00,49,United Kingdom,404,4,1269.05,317.2625,572,1
15440.0,3,383.68,197,2011-05-15 11:30:00,2011-10-16 12:16:00,50,United Kingdom,54,3,383.68,127.89333333333332,197,0
15441.0,3,1254.21,587,2009-12-09 14:55:00,2010-11-08 15:50:00,45,United Kingdom,396,3,1254.21,418.07,587,1
15442.0,1,594.0,120,2011-04-05 12:24:00,2011-04-05 12:24:00,2,United Kingdom,248,1,594.0,594.0,120,1
15443.0,14,5175.93,2735,2010-03-07 12:10:00,2011-12-08 10:40:00,408,United Kingdom,1,14,5175.93,369.7092857142857,2735,0
15444.0,2,1418.26,764,2011-10-30 16:12:00,2011-11-30 17:37:00,191,United Kingdom,9,2,1418.26,709.13,764,0
15445.0,2,284.5,118,2010-04-28 15:00:00,2011-03-20 15:06:00,12,United Kingdom,264,2,284.5,142.25,118,1
15446.0,3,406.95,267,2009-12-13 13:53:00,2010-11-28 11:59:00,90,United Kingdom,376,3,406.95,135.65,267,1
15447.0,5,492.88,228,2010-03-24 14:40:00,2011-01-13 11:26:00,27,United Kingdom,330,5,492.88,98.576,228,1
15448.0,2,788.81,487,2010-02-03 13:29:00,2011-01-31 10:42:00,49,United Kingdom,312,2,788.81,394.405,487,1
15449.0,3,974.52,812,2011-03-23 10:43:00,2011-11-13 15:02:00,47,United Kingdom,26,3,974.52,324.84,812,0
15450.0,1,429.84,376,2011-11-09 17:11:00,2011-11-09 17:11:00,30,United Kingdom,30,1,429.84,429.84,376,0
15451.0,2,233.21,79,2010-04-19 14:08:00,2010-10-01 13:40:00,56,United Kingdom,434,2,233.21,116.605,79,1
15452.0,6,1799.11,1091,2010-07-16 14:23:00,2011-11-10 12:13:00,158,United Kingdom,29,6,1799.11,299.85166666666663,1091,0
15453.0,7,1388.37,845,2011-06-05 12:37:00,2011-12-08 10:59:00,169,United Kingdom,1,7,1388.37,198.3385714285714,845,0
15454.0,2,307.69,148,2010-03-31 13:15:00,2010-12-12 14:21:00,35,United Kingdom,362,2,307.69,153.845,148,1
15455.0,1,38.25,3,2010-04-21 12:43:00,2010-04-21 12:43:00,2,United Kingdom,597,1,38.25,38.25,3,1
15456.0,10,2119.27,2826,2009-12-08 12:54:00,2011-03-01 13:51:00,128,United Kingdom,283,10,2119.27,211.927,2826,1
15457.0,1,237.07,132,2011-03-22 15:31:00,2011-03-22 15:31:00,56,United Kingdom,262,1,237.07,237.07,132,1
15458.0,2,370.44,300,2010-11-02 19:50:00,2011-11-14 13:08:00,13,United Kingdom,25,2,370.44,185.22,300,0
15459.0,2,202.83,121,2010-07-30 14:31:00,2010-10-18 15:25:00,6,United Kingdom,417,2,202.83,101.415,121,1
15460.0,1,216.76,109,2010-12-20 16:08:00,2010-12-20 16:08:00,53,United Kingdom,354,1,216.76,216.76,109,1
15461.0,2,429.7,230,2010-03-18 12:40:00,2010-09-05 12:31:00,1,United Kingdom,460,2,429.7,214.85,230,1
15462.0,4,737.05,495,2010-09-20 10:23:00,2011-09-06 13:11:00,32,United Kingdom,94,4,737.05,184.2625,495,0
15463.0,1,126.14,106,2011-11-10 12:57:00,2011-11-10 12:57:00,7,United Kingdom,29,1,126.14,126.14,106,0
15464.0,1,1048.85,350,2011-01-05 15:56:00,2011-01-05 15:56:00,155,United Kingdom,338,1,1048.85,1048.85,350,1
15465.0,32,12655.65,2769,2009-12-10 09:42:00,2011-11-20 10:11:00,94,United Kingdom,19,32,12655.65,395.4890625,2769,0
15466.0,4,1571.01,944,2009-12-03 12:28:00,2011-09-15 14:08:00,211,United Kingdom,85,4,1571.01,392.7525,944,0
15467.0,3,524.88,310,2011-07-10 14:42:00,2011-11-30 14:17:00,41,United Kingdom,9,3,524.88,174.96,310,0
15468.0,3,1430.48,1400,2010-11-12 09:39:00,2011-10-19 13:49:00,80,United Kingdom,51,3,1430.48,476.82666666666665,1400,0
15469.0,3,874.25,287,2010-09-27 10:09:00,2011-10-20 16:21:00,38,United Kingdom,50,3,874.25,291.4166666666667,287,0
15470.0,1,63.42,232,2010-05-13 09:35:00,2010-05-13 09:35:00,4,United Kingdom,575,1,63.42,63.42,232,1
15471.0,3,1316.56,683,2010-06-07 12:17:00,2011-12-07 14:12:00,122,United Kingdom,2,3,1316.56,438.8533333333333,683,0
15472.0,1,371.56,251,2011-08-18 15:17:00,2011-08-18 15:17:00,76,United Kingdom,113,1,371.56,371.56,251,0
15473.0,8,2046.0,776,2010-09-21 09:14:00,2011-11-25 15:15:00,5,United Kingdom,14,8,2046.0,255.75,776,0
15474.0,1,163.1,56,2010-04-23 11:14:00,2010-04-23 11:14:00,19,United Kingdom,595,1,163.1,163.1,56,1
15475.0,1,454.11,319,2011-09-23 15:20:00,2011-09-23 15:20:00,29,United Kingdom,77,1,454.11,454.11,319,0
15476.0,4,2209.98,1174,2010-09-23 14:00:00,2010-11-24 15:17:00,67,United Kingdom,380,4,2209.98,552.495,1174,1
15477.0,1,368.4,216,2010-02-28 10:37:00,2010-02-28 10:37:00,2,United Kingdom,649,1,368.4,368.4,216,1
15478.0,3,2024.98,904,2010-05-13 18:49:00,2011-10-30 14:19:00,53,United Kingdom,40,3,2024.98,674.9933333333333,904,0
15479.0,1,147.4,38,2009-12-06 15:08:00,2009-12-06 15:08:00,9,United Kingdom,733,1,147.4,147.4,38,1
15480.0,5,6279.0,1852,2010-02-01 14:52:00,2011-08-15 14:32:00,199,Malta,116,5,6279.0,1255.8,1852,0
15481.0,1,1993.34,1450,2010-11-03 14:52:00,2010-11-03 14:52:00,38,Norway,401,1,1993.34,1993.34,1450,1
15482.0,19,14592.56,6532,2009-12-02 16:59:00,2011-11-24 10:46:00,74,United Kingdom,15,19,14592.56,768.0294736842105,6532,0
15483.0,10,862.2,944,2010-01-24 15:42:00,2011-07-01 13:07:00,216,United Kingdom,161,10,862.2,86.22,944,0
15484.0,6,4656.0,4076,2009-12-05 15:18:00,2011-12-08 15:03:00,180,United Kingdom,1,6,4656.0,776.0,4076,0
15485.0,7,5771.51,2594,2009-12-01 17:31:00,2011-11-09 14:31:00,80,United Kingdom,30,7,5771.51,824.5014285714286,2594,0
15486.0,1,102.0,40,2010-06-30 13:15:00,2010-06-30 13:15:00,1,United Kingdom,527,1,102.0,102.0,40,1
15487.0,1,231.32,144,2010-01-29 12:07:00,2010-01-29 12:07:00,14,United Kingdom,679,1,231.32,231.32,144,1
15488.0,5,431.92,251,2010-05-05 13:03:00,2011-09-08 10:11:00,10,United Kingdom,92,5,431.92,86.384,251,0
15489.0,8,2419.61,1264,2010-01-15 16:58:00,2011-11-17 08:53:00,75,United Kingdom,22,8,2419.61,302.45125,1264,0
15490.0,1,217.6,85,2010-10-05 13:11:00,2010-10-05 13:11:00,22,United Kingdom,430,1,217.6,217.6,85,1
15491.0,6,3100.09,1646,2011-04-18 10:04:00,2011-09-05 15:56:00,108,United Kingdom,95,6,3100.09,516.6816666666667,1646,0
15492.0,2,659.4599999999999,483,2011-09-26 14:02:00,2011-11-11 14:53:00,32,United Kingdom,28,2,659.4599999999999,329.73,483,0
15493.0,9,4314.9800000000005,1260,2010-02-23 11:14:00,2011-11-07 12:04:00,289,United Kingdom,32,9,4314.9800000000005,479.4422222222223,1260,0
15494.0,5,3780.05,3097,2009-12-10 20:16:00,2011-11-18 14:51:00,307,United Kingdom,21,5,3780.05,756.01,3097,0
15495.0,1,246.5,194,2010-11-25 13:46:00,2010-11-25 13:46:00,20,United Kingdom,379,1,246.5,246.5,194,1
15496.0,1,146.14,98,2010-03-18 13:16:00,2010-03-18 13:16:00,22,United Kingdom,631,1,146.14,146.14,98,1
15497.0,9,8657.39,2937,2009-12-18 15:08:00,2011-11-22 11:51:00,66,United Kingdom,17,9,8657.39,961.9322222222222,2937,0
15498.0,44,26039.58,12622,2009-12-16 17:27:00,2011-12-07 12:48:00,597,United Kingdom,2,44,26039.58,591.8086363636364,12622,0
15499.0,1,161.6,60,2009-12-16 12:17:00,2009-12-16 12:17:00,40,United Kingdom,723,1,161.6,161.6,60,1
15500.0,4,1131.56,572,2011-09-19 13:47:00,2011-12-01 13:47:00,64,United Kingdom,8,4,1131.56,282.89,572,0
15501.0,2,402.5,206,2010-10-20 12:47:00,2010-10-31 11:15:00,64,United Kingdom,404,2,402.5,201.25,206,1
15502.0,14,13993.47,5861,2010-06-03 11:12:00,2011-11-24 12:48:00,231,United Kingdom,15,14,13993.47,999.5335714285712,5861,0
15503.0,2,267.15,136,2009-12-13 11:34:00,2010-12-12 10:57:00,112,United Kingdom,362,2,267.15,133.575,136,1
15504.0,4,423.85,148,2010-02-12 12:34:00,2011-09-19 13:45:00,42,United Kingdom,81,4,423.85,105.9625,148,0
15505.0,5,3610.96,2390,2011-07-07 13:33:00,2011-10-18 07:56:00,90,United Kingdom,52,5,3610.96,722.192,2390,0
15506.0,6,2040.03,1647,2010-08-19 12:38:00,2011-11-17 12:11:00,180,United Kingdom,22,6,2040.03,340.005,1647,0
15507.0,1,492.36,162,2011-06-21 11:19:00,2011-06-21 11:19:00,41,United Kingdom,171,1,492.36,492.36,162,0
15508.0,6,1000.27,440,2011-04-18 15:31:00,2011-06-03 15:43:00,78,United Kingdom,189,6,1000.27,166.71166666666667,440,1
15509.0,1,166.51,72,2010-11-24 14:48:00,2010-11-24 14:48:00,26,United Kingdom,380,1,166.51,166.51,72,1
15510.0,1,250.0,2,2011-01-13 12:10:00,2011-01-13 12:10:00,1,United Kingdom,330,1,250.0,250.0,2,1
15511.0,5,909.23,271,2011-09-15 15:05:00,2011-11-28 09:43:00,117,United Kingdom,11,5,909.23,181.846,271,0
15512.0,4,331.58,235,2010-02-01 13:23:00,2011-07-07 10:20:00,29,United Kingdom,155,4,331.58,82.895,235,0
15513.0,35,27750.55,10831,2010-01-13 14:59:00,2011-11-06 14:36:00,278,United Kingdom,33,35,27750.55,792.8728571428571,10831,0
15514.0,18,6598.55,4246,2009-12-04 16:37:00,2011-11-27 14:40:00,171,United Kingdom,12,18,6598.55,366.5861111111111,4246,0
15515.0,1,171.81,131,2010-11-17 13:39:00,2010-11-17 13:39:00,7,United Kingdom,387,1,171.81,171.81,131,1
15516.0,3,62.43,27,2011-10-24 11:33:00,2011-10-26 10:51:00,15,United Kingdom,44,3,62.43,20.81,27,0
15517.0,1,267.03,293,2011-04-20 14:02:00,2011-04-20 14:02:00,27,United Kingdom,233,1,267.03,267.03,293,1
15518.0,15,4218.94,2823,2009-12-20 12:21:00,2011-10-06 13:05:00,250,United Kingdom,64,15,4218.94,281.26266666666663,2823,0
15519.0,2,344.61,116,2010-09-19 13:57:00,2010-11-21 14:35:00,34,United Kingdom,383,2,344.61,172.305,116,1
15520.0,1,343.5,314,2011-12-08 10:58:00,2011-12-08 10:58:00,18,United Kingdom,1,1,343.5,343.5,314,0
15521.0,16,7106.69,4516,2010-01-05 10:19:00,2011-10-30 13:42:00,186,United Kingdom,40,16,7106.69,444.168125,4516,0
15522.0,2,398.84,573,2011-09-13 12:26:00,2011-11-07 11:26:00,47,United Kingdom,32,2,398.84,199.42,573,0
15523.0,16,17359.99,15873,2009-12-02 15:16:00,2011-09-16 16:29:00,65,United Kingdom,84,16,17359.99,1084.999375,15873,0
15524.0,2,591.4,28,2010-04-12 09:19:00,2011-11-15 12:09:00,9,United Kingdom,24,2,591.4,295.7,28,0
15525.0,4,1295.7,680,2010-11-22 12:10:00,2011-12-07 14:43:00,152,United Kingdom,2,4,1295.7,323.925,680,0
15526.0,2,148.44,24,2011-11-06 15:01:00,2011-11-06 15:04:00,4,United Kingdom,33,2,148.44,74.22,24,0
15527.0,23,5575.64,2222,2009-12-15 17:31:00,2011-11-21 12:17:00,226,United Kingdom,18,23,5575.64,242.41913043478263,2222,0
15528.0,1,229.33,123,2011-03-30 16:14:00,2011-03-30 16:14:00,26,United Kingdom,254,1,229.33,229.33,123,1
15529.0,12,5111.95,4488,2010-11-10 14:26:00,2011-11-17 11:29:00,451,United Kingdom,22,12,5111.95,425.9958333333333,4488,0
15530.0,5,1813.72,1340,2010-07-15 11:10:00,2011-11-18 12:25:00,111,United Kingdom,21,5,1813.72,362.744,1340,0
15531.0,2,2007.44,1105,2011-11-09 17:47:00,2011-12-01 18:43:00,196,United Kingdom,8,2,2007.44,1003.72,1105,0
15532.0,10,3771.9,1349,2010-06-08 14:52:00,2011-11-14 14:51:00,417,United Kingdom,25,10,3771.9,377.19,1349,0
15533.0,3,807.57,289,2011-09-11 15:41:00,2011-11-20 15:35:00,73,United Kingdom,19,3,807.57,269.19,289,0
15534.0,1,162.25,63,2009-12-14 12:48:00,2009-12-14 12:48:00,8,United Kingdom,725,1,162.25,162.25,63,1
15535.0,6,1087.82,323,2010-09-16 20:04:00,2011-06-19 16:02:00,88,United Kingdom,173,6,1087.82,181.3033333333333,323,0
15536.0,1,259.09,242,2010-10-26 16:31:00,2010-10-26 16:31:00,16,United Kingdom,409,1,259.09,259.09,242,1
15537.0,1,110.92,29,2011-06-29 13:10:00,2011-06-29 13:10:00,24,United Kingdom,163,1,110.92,110.92,29,0
15538.0,6,3358.4,1016,2010-02-14 12:38:00,2010-06-20 10:49:00,3,United Kingdom,537,6,3358.4,559.7333333333333,1016,1
15539.0,1,538.46,410,2011-12-02 13:36:00,2011-12-02 13:36:00,41,United Kingdom,7,1,538.46,538.46,410,0
15540.0,2,460.68,444,2010-11-29 11:10:00,2011-11-28 13:51:00,31,United Kingdom,11,2,460.68,230.34,444,0
15541.0,1,85.13000000000001,49,2011-08-17 14:58:00,2011-08-17 14:58:00,29,United Kingdom,114,1,85.13000000000001,85.13000000000001,49,0
15542.0,3,918.45,469,2009-12-02 11:53:00,2010-07-15 13:32:00,212,United Kingdom,512,3,918.45,306.15000000000003,469,1
15543.0,2,242.84,169,2010-09-06 11:28:00,2011-02-24 15:26:00,50,United Kingdom,288,2,242.84,121.42,169,1
15544.0,20,8162.43,7019,2010-01-28 14:39:00,2011-11-30 16:43:00,175,United Kingdom,9,20,8162.43,408.1215,7019,0
15545.0,2,428.05,238,2010-12-03 17:28:00,2011-10-16 13:24:00,78,United Kingdom,54,2,428.05,214.025,238,0
15546.0,2,1079.1,198,2010-04-12 11:45:00,2010-04-12 11:51:00,6,United Kingdom,606,2,1079.1,539.55,198,1
15547.0,26,10154.39,7362,2009-12-06 13:40:00,2011-12-02 12:52:00,652,United Kingdom,7,26,10154.39,390.55346153846153,7362,0
15548.0,1,158.09,64,2010-04-23 12:20:00,2010-04-23 12:20:00,23,United Kingdom,595,1,158.09,158.09,64,1
15549.0,8,2345.96,940,2010-01-11 13:16:00,2011-09-23 16:22:00,139,United Kingdom,77,8,2345.96,293.245,940,0
15550.0,12,2218.8,1144,2009-12-03 15:15:00,2011-12-05 15:38:00,166,United Kingdom,4,12,2218.8,184.9,1144,0
15551.0,7,1710.08,814,2010-06-07 15:05:00,2011-11-03 12:37:00,117,United Kingdom,36,7,1710.08,244.2971428571429,814,0
15552.0,2,252.52,166,2010-03-26 16:17:00,2011-05-06 14:47:00,29,United Kingdom,217,2,252.52,126.26,166,1
15553.0,1,437.23,451,2011-10-10 14:02:00,2011-10-10 14:02:00,51,United Kingdom,60,1,437.23,437.23,451,0
15554.0,1,217.2,74,2011-03-07 09:00:00,2011-03-07 09:00:00,14,United Kingdom,277,1,217.2,217.2,74,1
15555.0,36,12112.35,9037,2009-12-06 11:58:00,2011-11-27 16:19:00,667,United Kingdom,12,36,12112.35,336.45416666666665,9037,0
15556.0,1,279.77,236,2011-11-15 16:08:00,2011-11-15 16:08:00,31,United Kingdom,24,1,279.77,279.77,236,0
15557.0,1,473.65,219,2011-11-11 12:46:00,2011-11-11 12:46:00,16,United Kingdom,28,1,473.65,473.65,219,0
15558.0,1,214.13,86,2010-03-10 15:25:00,2010-03-10 15:25:00,23,United Kingdom,639,1,214.13,214.13,86,1
15559.0,1,1109.4,526,2010-05-20 14:06:00,2010-05-20 14:06:00,62,United Kingdom,568,1,1109.4,1109.4,526,1
15560.0,2,153.52,72,2010-11-07 10:14:00,2010-11-07 10:15:00,10,United Kingdom,397,2,153.52,76.76,72,1
15561.0,8,1934.39,1334,2010-02-14 12:22:00,2011-11-28 11:07:00,65,United Kingdom,11,8,1934.39,241.79875,1334,0
15562.0,3,673.3800000000001,561,2009-12-13 15:17:00,2010-12-23 09:55:00,32,United Kingdom,351,3,673.3800000000001,224.46000000000004,561,1
15563.0,7,2867.0,3019,2010-01-28 11:36:00,2011-11-17 14:50:00,179,United Kingdom,22,7,2867.0,409.57142857142856,3019,0
15564.0,2,70.74000000000001,42,2010-02-01 15:58:00,2010-09-02 15:52:00,4,United Kingdom,463,2,70.74000000000001,35.370000000000005,42,1
15565.0,2,173.16,60,2011-09-30 10:44:00,2011-10-20 14:33:00,8,United Kingdom,50,2,173.16,86.58,60,0
15566.0,2,227.87,153,2009-12-15 14:53:00,2010-11-12 12:11:00,9,United Kingdom,392,2,227.87,113.935,153,1
15567.0,1,186.01,223,2011-11-21 10:48:00,2011-11-21 10:48:00,7,United Kingdom,18,1,186.01,186.01,223,0
15568.0,3,758.29,461,2011-09-27 14:37:00,2011-12-07 11:27:00,27,United Kingdom,2,3,758.29,252.7633333333333,461,0
15569.0,10,3586.35,1736,2010-02-28 10:55:00,2011-08-28 10:15:00,123,United Kingdom,103,10,3586.35,358.635,1736,0
15570.0,25,9311.04,4279,2010-03-28 14:04:00,2011-12-02 14:47:00,442,United Kingdom,7,25,9311.04,372.4416000000001,4279,0
15571.0,14,4051.63,2506,2009-12-06 12:10:00,2011-11-28 10:02:00,442,United Kingdom,11,14,4051.63,289.40214285714285,2506,0
15572.0,10,4068.67,2148,2010-04-14 14:38:00,2011-12-05 10:09:00,259,United Kingdom,4,10,4068.67,406.867,2148,0
15573.0,5,1207.18,780,2009-12-10 14:19:00,2011-11-08 11:38:00,181,United Kingdom,31,5,1207.18,241.436,780,0
15574.0,6,1518.7,949,2010-09-01 14:37:00,2011-06-15 12:01:00,191,United Kingdom,177,6,1518.7,253.11666666666667,949,0
15575.0,1,30.1,6,2010-03-30 12:50:00,2010-03-30 12:50:00,3,United Kingdom,619,1,30.1,30.1,6,1
15576.0,1,940.67,404,2011-11-02 12:03:00,2011-11-02 12:03:00,43,United Kingdom,37,1,940.67,940.67,404,0
15577.0,5,397.98,121,2009-12-13 16:17:00,2011-07-11 17:03:00,58,United Kingdom,151,5,397.98,79.596,121,0
15578.0,1,127.1,52,2011-06-30 13:03:00,2011-06-30 13:03:00,13,United Kingdom,162,1,127.1,127.1,52,0
15579.0,5,1302.5,723,2010-10-03 14:37:00,2011-10-02 12:45:00,140,United Kingdom,68,5,1302.5,260.5,723,0
15580.0,8,1381.19,959,2010-02-07 11:21:00,2010-11-28 11:00:00,150,United Kingdom,376,8,1381.19,172.64875,959,1
15581.0,38,7794.59,3146,2009-12-02 12:19:00,2011-08-11 09:38:00,542,United Kingdom,120,38,7794.59,205.12078947368423,3146,0
15582.0,3,682.9100000000001,453,2011-05-03 13:36:00,2011-11-15 09:55:00,39,United Kingdom,24,3,682.9100000000001,227.63666666666668,453,0
15583.0,1,107.86,63,2010-11-28 15:04:00,2010-11-28 15:04:00,37,United Kingdom,376,1,107.86,107.86,63,1
15584.0,6,1277.5,487,2010-02-07 12:16:00,2011-11-16 10:55:00,174,United Kingdom,23,6,1277.5,212.91666666666663,487,0
15585.0,1,455.3,320,2011-06-16 08:38:00,2011-06-16 08:38:00,31,United Kingdom,176,1,455.3,455.3,320,0
15586.0,3,1139.1,1338,2010-01-08 10:02:00,2010-04-26 11:00:00,30,United Kingdom,592,3,1139.1,379.7,1338,1
15587.0,7,1522.0800000000002,528,2010-08-05 08:44:00,2011-10-20 13:37:00,3,United Kingdom,50,7,1522.0800000000002,217.44000000000003,528,0
15588.0,1,579.6,96,2010-01-31 12:19:00,2010-01-31 12:19:00,4,United Kingdom,677,1,579.6,579.6,96,1
15589.0,3,478.53,243,2011-02-02 10:46:00,2011-03-29 09:54:00,28,United Kingdom,255,3,478.53,159.51,243,1
15590.0,5,1496.6,832,2010-04-12 10:09:00,2010-11-22 14:49:00,75,United Kingdom,382,5,1496.6,299.32,832,1
15591.0,3,217.9,58,2010-02-04 09:20:00,2010-05-06 09:23:00,6,United Kingdom,582,3,217.9,72.63333333333334,58,1
15592.0,1,388.58,354,2011-10-24 08:59:00,2011-10-24 08:59:00,24,United Kingdom,46,1,388.58,388.58,354,0
15593.0,1,199.8,60,2011-09-30 11:46:00,2011-09-30 11:46:00,5,United Kingdom,70,1,199.8,199.8,60,0
15594.0,5,1771.78,983,2011-04-19 10:08:00,2011-11-24 08:53:00,85,United Kingdom,15,5,1771.78,354.356,983,0
15595.0,1,357.6,144,2010-08-09 12:27:00,2010-08-09 12:27:00,4,United Kingdom,487,1,357.6,357.6,144,1
15596.0,9,3130.04,1376,2010-07-28 11:46:00,2011-08-31 10:55:00,82,United Kingdom,100,9,3130.04,347.78222222222223,1376,0
15597.0,2,563.37,393,2010-05-13 13:10:00,2011-11-04 13:26:00,35,United Kingdom,35,2,563.37,281.685,393,0
15598.0,2,548.02,404,2010-10-08 09:20:00,2011-10-17 16:04:00,32,United Kingdom,53,2,548.02,274.01,404,0
15599.0,3,1250.06,1098,2010-09-20 10:15:00,2011-11-13 11:44:00,77,United Kingdom,26,3,1250.06,416.68666666666667,1098,0
15600.0,4,1199.31,657,2010-04-25 11:50:00,2010-10-07 14:30:00,55,United Kingdom,428,4,1199.31,299.8275,657,1
15601.0,30,14960.12,11061,2009-12-01 14:53:00,2011-11-28 15:15:00,310,United Kingdom,11,30,14960.12,498.6706666666667,11061,0
15602.0,16,3230.51,2349,2009-12-02 09:35:00,2011-12-01 14:14:00,62,United Kingdom,8,16,3230.51,201.906875,2349,0
15603.0,2,88.48,128,2010-03-01 16:02:00,2011-09-22 10:04:00,4,United Kingdom,78,2,88.48,44.24,128,0
15604.0,1,216.39,159,2011-10-18 14:47:00,2011-10-18 14:47:00,17,United Kingdom,52,1,216.39,216.39,159,0
15605.0,9,1936.8,712,2010-01-14 14:03:00,2011-11-03 14:17:00,80,United Kingdom,36,9,1936.8,215.2,712,0
15606.0,17,5230.99,1615,2010-03-02 14:48:00,2011-10-09 15:47:00,84,United Kingdom,61,17,5230.99,307.70529411764704,1615,0
15607.0,9,1708.97,1470,2010-01-08 12:16:00,2011-01-07 12:44:00,95,United Kingdom,336,9,1708.97,189.8855555555556,1470,1
15608.0,5,1785.98,1262,2010-10-20 10:10:00,2011-11-11 13:20:00,93,United Kingdom,28,5,1785.98,357.196,1262,0
15609.0,1,298.48,148,2011-06-08 13:00:00,2011-06-08 13:00:00,16,United Kingdom,184,1,298.48,298.48,148,1
15610.0,1,112.46,66,2011-10-19 10:36:00,2011-10-19 10:36:00,6,United Kingdom,51,1,112.46,112.46,66,0
15611.0,26,2997.28,747,2010-01-25 14:50:00,2011-11-30 12:36:00,43,United Kingdom,9,26,2997.28,115.28,747,0
15612.0,2,195.15,52,2011-10-09 12:49:00,2011-11-03 14:52:00,4,United Kingdom,36,2,195.15,97.575,52,0
15613.0,1,433.72,700,2010-04-08 12:51:00,2010-04-08 12:51:00,27,United Kingdom,610,1,433.72,433.72,700,1
15614.0,4,3147.36,1632,2010-03-23 11:13:00,2010-09-28 10:46:00,73,United Kingdom,437,4,3147.36,786.84,1632,1
15615.0,47,21373.97,12090,2009-12-02 15:28:00,2011-11-29 14:42:00,292,United Kingdom,10,47,21373.97,454.7653191489362,12090,0
15616.0,1,317.11,137,2010-09-27 13:10:00,2010-09-27 13:10:00,13,United Kingdom,438,1,317.11,317.11,137,1
15617.0,3,828.5500000000001,485,2010-07-20 13:16:00,2010-11-08 16:07:00,41,United Kingdom,396,3,828.5500000000001,276.18333333333334,485,1
15618.0,4,776.851,454,2011-07-26 10:13:00,2011-11-07 08:34:00,39,United Kingdom,32,4,776.851,194.21275,454,0
15619.0,1,336.40000000000003,136,2011-11-29 08:14:00,2011-11-29 08:14:00,3,United Kingdom,10,1,336.40000000000003,336.40000000000003,136,0
15620.0,4,1942.36,1249,2010-10-26 11:32:00,2011-10-14 12:41:00,114,United Kingdom,56,4,1942.36,485.59,1249,0
15621.0,4,1293.03,501,2011-11-18 11:49:00,2011-12-05 14:01:00,11,United Kingdom,4,4,1293.03,323.2575,501,0
15622.0,17,7852.61,4091,2010-03-04 10:29:00,2011-10-27 16:44:00,331,United Kingdom,43,17,7852.61,461.9182352941176,4091,0
15623.0,8,2437.05,1087,2009-12-10 14:46:00,2011-07-21 17:26:00,91,United Kingdom,141,8,2437.05,304.63125,1087,0
15624.0,4,588.13,357,2011-03-28 13:32:00,2011-08-15 11:38:00,26,United Kingdom,116,4,588.13,147.0325,357,0
15625.0,9,3236.4,3020,2010-06-15 15:23:00,2011-08-28 10:21:00,106,United Kingdom,103,9,3236.4,359.6,3020,0
15626.0,3,1067.52,1138,2010-10-14 17:16:00,2011-09-26 10:03:00,73,United Kingdom,74,3,1067.52,355.84,1138,0
15627.0,2,566.9,344,2010-07-05 11:56:00,2010-09-08 14:14:00,23,United Kingdom,457,2,566.9,283.45,344,1
15628.0,17,5652.26,3819,2009-12-13 13:39:00,2011-12-05 10:24:00,136,United Kingdom,4,17,5652.26,332.4858823529412,3819,0
15629.0,4,2240.9,1518,2010-06-25 11:39:00,2010-09-15 13:46:00,39,United Kingdom,450,4,2240.9,560.225,1518,1
15630.0,3,1481.4,987,2010-03-05 14:30:00,2011-10-25 15:36:00,76,United Kingdom,45,3,1481.4,493.8,987,0
15631.0,1,596.67,525,2010-03-07 14:52:00,2010-03-07 14:52:00,39,United Kingdom,642,1,596.67,596.67,525,1
15632.0,8,3285.31,2109,2011-03-10 08:29:00,2011-11-24 09:51:00,107,United Kingdom,15,8,3285.31,410.66375,2109,0
15633.0,13,4352.46,2058,2009-12-08 17:51:00,2010-07-18 13:54:00,77,United Kingdom,509,13,4352.46,334.8046153846154,2058,1
15634.0,2,554.65,227,2010-11-21 15:30:00,2011-11-22 16:28:00,34,United Kingdom,17,2,554.65,277.325,227,0
15635.0,1,100.35,5,2010-11-09 08:58:00,2010-11-09 08:58:00,2,United Kingdom,395,1,100.35,100.35,5,1
15636.0,4,1444.58,560,2010-05-19 11:37:00,2011-09-11 11:17:00,39,United Kingdom,89,4,1444.58,361.145,560,0
15637.0,5,797.59,651,2009-12-15 17:54:00,2011-10-18 08:28:00,37,United Kingdom,52,5,797.59,159.518,651,0
15638.0,6,2265.2,1134,2010-04-08 14:37:00,2010-11-26 11:52:00,20,United Kingdom,378,6,2265.2,377.5333333333333,1134,1
15639.0,3,1065.08,849,2010-04-13 13:11:00,2011-07-28 14:30:00,61,United Kingdom,134,3,1065.08,355.02666666666664,849,0
15640.0,29,23957.58,12390,2009-12-14 16:36:00,2011-12-05 14:35:00,303,United Kingdom,4,29,23957.58,826.1234482758621,12390,0
15641.0,12,5345.55,4422,2009-12-06 15:31:00,2011-08-26 14:04:00,249,United Kingdom,105,12,5345.55,445.4625,4422,0
15642.0,1,105.78000000000002,270,2009-12-10 11:51:00,2009-12-10 11:51:00,6,United Kingdom,729,1,105.78000000000002,105.78000000000002,270,1
15643.0,3,664.0,246,2011-03-02 14:34:00,2011-06-01 07:38:00,31,United Kingdom,191,3,664.0,221.33333333333331,246,1
15644.0,4,813.0,557,2011-03-23 15:37:00,2011-06-26 14:54:00,166,United Kingdom,166,4,813.0,203.25,557,0
15645.0,3,1055.17,396,2010-10-10 12:51:00,2011-11-21 11:55:00,59,United Kingdom,18,3,1055.17,351.72333333333336,396,0
15646.0,5,974.61,1051,2010-10-25 13:06:00,2011-07-05 09:53:00,65,United Kingdom,157,5,974.61,194.922,1051,0
15647.0,1,169.0,124,2010-10-20 15:09:00,2010-10-20 15:09:00,11,United Kingdom,415,1,169.0,169.0,124,1
15648.0,2,657.35,221,2011-03-17 18:59:00,2011-05-19 15:53:00,23,United Kingdom,204,2,657.35,328.675,221,1
15649.0,4,2170.35,485,2010-11-17 16:22:00,2011-01-07 13:34:00,8,United Kingdom,336,4,2170.35,542.5875,485,1
15650.0,2,553.88,210,2010-03-21 11:46:00,2010-07-06 10:41:00,33,United Kingdom,521,2,553.88,276.94,210,1
15651.0,5,1259.06,871,2010-04-22 13:26:00,2011-11-03 08:41:00,52,United Kingdom,36,5,1259.06,251.812,871,0
15652.0,5,1420.34,659,2010-08-11 16:58:00,2011-09-09 14:22:00,93,United Kingdom,91,5,1420.34,284.068,659,0
15653.0,2,877.4399999999999,1200,2011-08-16 09:50:00,2011-09-08 10:49:00,4,United Kingdom,92,2,877.4399999999999,438.72,1200,0
15654.0,2,922.53,475,2011-11-13 15:15:00,2011-11-30 13:08:00,15,United Kingdom,9,2,922.53,461.265,475,0
15655.0,1,560.67,324,2011-04-10 15:25:00,2011-04-10 15:25:00,34,United Kingdom,243,1,560.67,560.67,324,1
15656.0,4,748.5,343,2011-02-28 15:32:00,2011-10-25 14:56:00,46,United Kingdom,45,4,748.5,187.125,343,0
15657.0,1,30.0,24,2011-11-17 12:19:00,2011-11-17 12:19:00,1,United Kingdom,22,1,30.0,30.0,24,0
15658.0,8,2423.4700000000003,691,2009-12-03 11:19:00,2011-06-02 15:22:00,79,United Kingdom,190,8,2423.4700000000003,302.93375000000003,691,1
15659.0,3,532.49,161,2010-02-24 13:32:00,2011-10-27 09:23:00,14,United Kingdom,43,3,532.49,177.49666666666667,161,0
15660.0,15,2812.99,1893,2010-02-05 16:01:00,2011-11-14 16:58:00,73,United Kingdom,25,15,2812.99,187.53266666666664,1893,0
15661.0,8,1215.95,779,2010-05-10 07:59:00,2011-01-26 13:56:00,27,United Kingdom,317,8,1215.95,151.99375,779,1
15662.0,2,283.73,145,2009-12-01 13:49:00,2010-02-16 16:47:00,12,United Kingdom,661,2,283.73,141.865,145,1
15663.0,1,138.14,106,2011-08-25 15:50:00,2011-08-25 15:50:00,9,United Kingdom,106,1,138.14,138.14,106,0
15664.0,4,1254.03,530,2010-02-28 12:50:00,2011-10-20 10:57:00,54,United Kingdom,50,4,1254.03,313.5075,530,0
15665.0,5,4015.12,2794,2010-03-14 15:07:00,2011-06-24 14:57:00,163,United Kingdom,168,5,4015.12,803.024,2794,0
15666.0,2,632.9399999999999,469,2010-08-01 15:41:00,2010-08-24 16:14:00,62,United Kingdom,472,2,632.9399999999999,316.47,469,1
15667.0,1,301.32,240,2011-10-31 10:56:00,2011-10-31 10:56:00,13,United Kingdom,39,1,301.32,301.32,240,0
15668.0,1,76.32000000000001,72,2011-05-06 10:39:00,2011-05-06 10:39:00,1,United Kingdom,217,1,76.32000000000001,76.32000000000001,72,1
15669.0,4,684.34,342,2011-03-21 09:13:00,2011-10-30 16:03:00,31,United Kingdom,40,4,684.34,171.085,342,0
15670.0,2,325.2,132,2010-06-01 15:34:00,2011-02-16 10:50:00,19,United Kingdom,296,2,325.2,162.6,132,1
15671.0,7,2657.13,1699,2011-03-14 09:37:00,2011-11-21 12:43:00,52,United Kingdom,18,7,2657.13,379.59,1699,0
15672.0,1,45.3,10,2009-12-14 16:52:00,2009-12-14 16:52:00,3,United Kingdom,725,1,45.3,45.3,10,1
15673.0,9,6414.79,3361,2010-02-22 14:28:00,2011-09-12 16:12:00,177,United Kingdom,88,9,6414.79,712.7544444444444,3361,0
15674.0,13,6948.2300000000005,3648,2009-12-08 17:08:00,2011-09-27 15:17:00,262,United Kingdom,73,13,6948.2300000000005,534.4792307692308,3648,0
15675.0,4,542.04,624,2010-10-31 14:14:00,2011-09-19 13:48:00,32,United Kingdom,81,4,542.04,135.51,624,0
15676.0,3,3435.76,2252,2011-03-01 10:19:00,2011-11-21 12:40:00,191,United Kingdom,18,3,3435.76,1145.253333333333,2252,0
15677.0,3,1305.63,675,2010-09-02 12:08:00,2011-10-21 15:36:00,63,United Kingdom,49,3,1305.63,435.21,675,0
15678.0,3,1893.89,1067,2010-07-05 12:49:00,2011-10-18 09:25:00,77,United Kingdom,52,3,1893.89,631.2966666666667,1067,0
15679.0,4,781.28,1170,2011-06-10 08:24:00,2011-11-15 16:19:00,98,United Kingdom,24,4,781.28,195.32,1170,0
15680.0,10,4507.58,3074,2009-12-02 12:15:00,2011-11-30 13:46:00,155,United Kingdom,9,10,4507.58,450.758,3074,0
15681.0,14,2989.7,1392,2010-05-24 14:18:00,2011-11-14 16:30:00,48,United Kingdom,25,14,2989.7,213.55,1392,0
15682.0,2,318.24,222,2010-01-21 14:37:00,2010-04-19 15:30:00,25,United Kingdom,599,2,318.24,159.12,222,1
15683.0,2,524.54,332,2010-08-23 12:01:00,2011-08-14 12:56:00,25,United Kingdom,117,2,524.54,262.27,332,0
15684.0,3,173.95,77,2009-12-04 16:13:00,2010-06-10 18:51:00,9,United Kingdom,547,3,173.95,57.98333333333333,77,1
15685.0,1,55.98,36,2010-09-15 13:43:00,2010-09-15 13:43:00,17,United Kingdom,450,1,55.98,55.98,36,1
15686.0,1,90.0,72,2010-10-15 13:50:00,2010-10-15 13:50:00,1,United Kingdom,420,1,90.0,90.0,72,1
15687.0,9,2993.1,1310,2011-01-13 15:13:00,2011-12-01 08:33:00,119,United Kingdom,8,9,2993.1,332.56666666666666,1310,0
15688.0,1,190.57,95,2010-10-17 12:06:00,2010-10-17 12:06:00,26,United Kingdom,418,1,190.57,190.57,95,1
15689.0,3,521.03,207,2010-04-01 09:53:00,2011-08-12 09:37:00,20,United Kingdom,119,3,521.03,173.67666666666665,207,0
15690.0,2,239.76,408,2011-08-31 11:40:00,2011-12-05 15:59:00,19,United Kingdom,4,2,239.76,119.88,408,0
15691.0,4,571.3,212,2009-12-06 16:01:00,2011-04-01 15:13:00,12,United Kingdom,252,4,571.3,142.825,212,1
15692.0,1,191.04,138,2011-11-11 14:12:00,2011-11-11 14:12:00,12,United Kingdom,28,1,191.04,191.04,138,0
15693.0,1,37.5,30,2010-02-18 14:37:00,2010-02-18 14:37:00,1,United Kingdom,659,1,37.5,37.5,30,1
15694.0,24,10810.81,2658,2009-12-07 15:43:00,2011-12-09 09:44:00,55,United Kingdom,0,24,10810.81,450.4504166666666,2658,0
15695.0,4,1131.04,484,2010-01-27 10:56:00,2011-03-18 08:32:00,55,United Kingdom,266,4,1131.04,282.76,484,1
15696.0,13,3906.57,1399,2010-01-24 14:36:00,2011-11-06 14:02:00,163,United Kingdom,33,13,3906.57,300.5053846153846,1399,0
15697.0,1,246.75,127,2010-01-19 09:10:00,2010-01-19 09:10:00,14,United Kingdom,689,1,246.75,246.75,127,1
15698.0,1,46.2,60,2010-03-25 17:38:00,2010-03-25 17:38:00,2,United Kingdom,624,1,46.2,46.2,60,1
15699.0,1,309.65,113,2011-11-22 08:26:00,2011-11-22 08:26:00,18,United Kingdom,17,1,309.65,309.65,113,0
15700.0,2,696.68,357,2011-06-19 15:36:00,2011-06-20 16:53:00,85,United Kingdom,172,2,696.68,348.34,357,0
15701.0,4,1542.14,923,2011-08-21 12:36:00,2011-12-07 14:39:00,193,United Kingdom,2,4,1542.14,385.535,923,0
15702.0,2,140.39,103,2010-01-26 17:23:00,2010-08-20 14:50:00,30,Nigeria,476,2,140.39,70.195,103,1
15703.0,1,211.5,66,2011-03-20 10:51:00,2011-03-20 10:51:00,5,United Kingdom,264,1,211.5,211.5,66,1
15704.0,6,3817.96,1723,2010-05-05 14:51:00,2011-07-22 13:35:00,129,United Kingdom,140,6,3817.96,636.3266666666667,1723,0
15705.0,1,143.1,62,2011-05-22 15:37:00,2011-05-22 15:37:00,6,United Kingdom,201,1,143.1,143.1,62,1
15706.0,4,1060.56,321,2011-08-15 14:32:00,2011-10-07 10:09:00,50,United Kingdom,63,4,1060.56,265.14,321,0
15707.0,4,945.58,605,2011-09-14 14:19:00,2011-11-04 14:35:00,126,United Kingdom,35,4,945.58,236.395,605,0
15708.0,9,4378.72,1675,2010-10-10 11:33:00,2011-10-30 10:54:00,135,United Kingdom,40,9,4378.72,486.5244444444445,1675,0
15709.0,2,327.85,169,2010-04-29 18:31:00,2011-03-01 10:38:00,26,United Kingdom,283,2,327.85,163.925,169,1
15710.0,1,898.87,641,2010-10-18 17:05:00,2010-10-18 17:05:00,110,United Kingdom,417,1,898.87,898.87,641,1
15711.0,2,420.25,199,2010-01-24 12:13:00,2010-06-01 12:14:00,25,United Kingdom,556,2,420.25,210.125,199,1
15712.0,12,3472.4100000000003,1277,2009-12-01 11:17:00,2011-11-30 14:09:00,86,United Kingdom,9,12,3472.4100000000003,289.3675,1277,0
15713.0,4,1010.79,510,2009-12-16 09:41:00,2011-07-19 13:34:00,48,United Kingdom,143,4,1010.79,252.6975,510,0
15714.0,5,784.8100000000001,362,2010-06-02 12:08:00,2011-11-28 11:26:00,45,United Kingdom,11,5,784.8100000000001,156.96200000000002,362,0
15715.0,5,658.02,246,2010-03-30 12:17:00,2010-06-02 09:56:00,33,United Kingdom,555,5,658.02,131.60399999999998,246,1
15716.0,11,3056.81,1821,2009-12-07 12:42:00,2011-07-17 11:59:00,188,United Kingdom,145,11,3056.81,277.89181818181817,1821,0
15717.0,5,607.0,224,2010-04-26 10:41:00,2011-04-19 13:21:00,17,United Kingdom,234,5,607.0,121.4,224,1
15718.0,1,293.79,95,2010-06-17 16:20:00,2010-06-17 16:20:00,18,United Kingdom,540,1,293.79,293.79,95,1
15719.0,31,10223.06,5368,2009-12-01 12:47:00,2011-11-07 12:29:00,449,United Kingdom,32,31,10223.06,329.77612903225804,5368,0
15720.0,2,741.92,329,2010-06-07 15:40:00,2011-11-15 14:48:00,152,United Kingdom,24,2,741.92,370.96,329,0
15721.0,1,507.08,409,2011-11-28 12:14:00,2011-11-28 12:14:00,80,United Kingdom,11,1,507.08,507.08,409,0
15722.0,11,5258.1,2283,2010-03-09 15:05:00,2011-11-04 11:43:00,91,United Kingdom,35,11,5258.1,478.00909090909096,2283,0
15723.0,4,947.65,444,2010-05-14 12:55:00,2010-12-10 11:12:00,108,United Kingdom,364,4,947.65,236.9125,444,1
15724.0,3,310.85,117,2010-11-04 10:22:00,2011-05-22 14:40:00,17,United Kingdom,201,3,310.85,103.61666666666667,117,1
15725.0,1,415.25,221,2011-11-24 14:51:00,2011-11-24 14:51:00,32,United Kingdom,15,1,415.25,415.25,221,0
15726.0,1,321.91,123,2010-11-14 16:12:00,2010-11-14 16:12:00,23,United Kingdom,390,1,321.91,321.91,123,1
15727.0,15,9445.51,5942,2010-01-24 12:12:00,2011-11-23 12:36:00,426,United Kingdom,16,15,9445.51,629.7006666666667,5942,0
15728.0,2,544.6,132,2010-09-21 14:46:00,2010-11-25 10:39:00,10,United Kingdom,379,2,544.6,272.3,132,1
15729.0,3,192.55,47,2010-11-01 13:44:00,2011-05-11 12:36:00,10,United Kingdom,212,3,192.55,64.18333333333334,47,1
15730.0,5,1726.58,1061,2010-10-04 14:15:00,2011-10-05 12:31:00,102,United Kingdom,65,5,1726.58,345.316,1061,0
15731.0,1,125.3,122,2010-06-04 10:10:00,2010-06-04 10:10:00,8,United Kingdom,553,1,125.3,125.3,122,1
15732.0,10,1682.07,1361,2010-02-04 10:10:00,2011-05-11 14:24:00,53,United Kingdom,212,10,1682.07,168.207,1361,1
15733.0,1,162.3,62,2011-03-02 09:05:00,2011-03-02 09:05:00,10,United Kingdom,282,1,162.3,162.3,62,1
15734.0,4,2263.3,516,2010-06-10 14:25:00,2011-08-17 10:50:00,36,United Kingdom,114,4,2263.3,565.825,516,0
15735.0,1,327.68,206,2010-10-14 13:38:00,2010-10-14 13:38:00,19,United Kingdom,421,1,327.68,327.68,206,1
15736.0,2,1815.72,1268,2010-09-30 14:19:00,2010-09-30 14:20:00,95,United Kingdom,435,2,1815.72,907.86,1268,1
15737.0,8,1205.12,599,2011-04-11 10:01:00,2011-11-25 11:21:00,60,United Kingdom,14,8,1205.12,150.64,599,0
15738.0,41,13372.97,9285,2009-12-10 15:52:00,2011-11-21 08:26:00,70,United Kingdom,18,41,13372.97,326.17,9285,0
15739.0,1,449.12,472,2011-10-04 13:42:00,2011-10-04 13:42:00,8,United Kingdom,66,1,449.12,449.12,472,0
15740.0,1,154.88,152,2011-10-21 14:29:00,2011-10-21 14:29:00,9,United Kingdom,49,1,154.88,154.88,152,0
15741.0,2,208.62,70,2010-03-31 11:55:00,2010-09-07 16:21:00,11,United Kingdom,458,2,208.62,104.31,70,1
15742.0,1,156.87,51,2010-03-30 15:25:00,2010-03-30 15:25:00,41,United Kingdom,619,1,156.87,156.87,51,1
15743.0,4,784.46,216,2011-06-08 10:14:00,2011-11-23 17:19:00,59,United Kingdom,16,4,784.46,196.115,216,0
15744.0,1,34.8,120,2011-09-23 09:52:00,2011-09-23 09:52:00,3,United Kingdom,77,1,34.8,34.8,120,0
15745.0,4,1094.59,421,2011-04-17 13:04:00,2011-11-20 13:45:00,57,United Kingdom,19,4,1094.59,273.6475,421,0
15746.0,1,196.88,178,2011-07-28 15:21:00,2011-07-28 15:21:00,28,United Kingdom,134,1,196.88,196.88,178,0
15747.0,9,2562.61,1370,2010-01-18 11:21:00,2011-11-27 12:26:00,116,United Kingdom,12,9,2562.61,284.7344444444445,1370,0
15748.0,3,614.7600000000001,262,2010-09-16 16:52:00,2011-10-30 12:51:00,34,United Kingdom,40,3,614.7600000000001,204.92000000000004,262,0
15749.0,3,44534.3,18028,2011-01-11 12:55:00,2011-04-18 13:20:00,5,United Kingdom,235,3,44534.3,14844.766666666668,18028,1
15750.0,18,6797.191,4593,2009-12-01 17:19:00,2011-12-07 12:34:00,389,United Kingdom,2,18,6797.191,377.6217222222222,4593,0
15751.0,11,1380.44,443,2009-12-06 13:08:00,2010-09-05 12:44:00,90,United Kingdom,460,11,1380.44,125.49454545454546,443,1
15752.0,9,4207.54,2967,2010-09-08 11:56:00,2011-10-31 11:37:00,359,United Kingdom,39,9,4207.54,467.50444444444446,2967,0
15753.0,1,79.2,144,2011-02-08 12:41:00,2011-02-08 12:41:00,1,United Kingdom,304,1,79.2,79.2,144,1
15754.0,9,3037.61,1762,2010-02-22 13:31:00,2011-10-19 14:40:00,114,United Kingdom,51,9,3037.61,337.51222222222225,1762,0
15755.0,17,5993.12,4034,2009-12-04 08:24:00,2011-11-29 14:57:00,281,United Kingdom,10,17,5993.12,352.53647058823526,4034,0
15756.0,4,532.96,242,2011-04-04 14:00:00,2011-10-09 13:30:00,160,United Kingdom,61,4,532.96,133.24,242,0
15757.0,6,2940.36,1757,2010-06-10 13:47:00,2011-10-05 12:14:00,162,United Kingdom,65,6,2940.36,490.06,1757,0
15758.0,1,205.25,47,2011-11-15 10:48:00,2011-11-15 10:48:00,9,United Kingdom,24,1,205.25,205.25,47,0
15759.0,7,830.9300000000001,523,2009-12-02 10:08:00,2011-05-05 15:13:00,10,United Kingdom,218,7,830.9300000000001,118.70428571428572,523,1
15760.0,2,13916.34,2,2010-03-19 11:35:00,2010-03-19 11:45:00,1,Norway,630,2,13916.34,6958.17,2,1
15761.0,1,143.05,31,2010-09-23 09:33:00,2010-09-23 09:33:00,5,United Kingdom,442,1,143.05,143.05,31,1
15762.0,2,583.75,251,2011-09-23 15:17:00,2011-10-05 16:15:00,37,United Kingdom,65,2,583.75,291.875,251,0
15763.0,2,1086.92,271,2011-09-23 12:10:00,2011-11-08 09:44:00,58,United Kingdom,31,2,1086.92,543.46,271,0
15764.0,8,4503.08,2945,2010-08-18 13:58:00,2011-09-12 17:58:00,187,United Kingdom,88,8,4503.08,562.885,2945,0
15765.0,1,370.63,335,2010-02-11 10:25:00,2010-02-11 10:25:00,25,United Kingdom,666,1,370.63,370.63,335,1
15766.0,3,831.06,334,2010-01-26 15:55:00,2011-10-06 17:03:00,21,United Kingdom,64,3,831.06,277.02,334,0
15768.0,34,15601.09,4259,2009-12-03 12:10:00,2011-08-16 10:48:00,437,United Kingdom,115,34,15601.09,458.8555882352941,4259,0
15769.0,46,88704.32,49104,2009-12-11 09:58:00,2011-12-02 13:52:00,26,United Kingdom,7,46,88704.32,1928.354782608696,49104,0
15770.0,1,321.45,67,2010-04-06 11:47:00,2010-04-06 11:47:00,18,United Kingdom,612,1,321.45,321.45,67,1
15771.0,3,1006.54,512,2010-01-15 12:14:00,2010-04-14 13:56:00,26,United Kingdom,604,3,1006.54,335.5133333333333,512,1
15772.0,1,280.88,110,2010-10-17 13:33:00,2010-10-17 13:33:00,16,United Kingdom,418,1,280.88,280.88,110,1
15773.0,2,774.52,410,2010-10-26 15:27:00,2011-12-04 12:48:00,46,United Kingdom,5,2,774.52,387.26,410,0
15774.0,6,1329.94,473,2010-02-21 12:57:00,2011-10-02 12:04:00,88,United Kingdom,68,6,1329.94,221.65666666666667,473,0
15775.0,2,150.5,260,2010-03-18 07:32:00,2011-04-08 12:56:00,9,United Kingdom,245,2,150.5,75.25,260,1
15776.0,1,241.62,138,2011-07-29 13:46:00,2011-07-29 13:46:00,18,United Kingdom,133,1,241.62,241.62,138,0
15777.0,7,1762.61,599,2010-05-20 10:37:00,2011-04-12 16:43:00,29,United Kingdom,241,7,1762.61,251.80142857142852,599,1
15778.0,1,307.95,101,2010-10-04 15:10:00,2010-10-04 15:10:00,17,United Kingdom,431,1,307.95,307.95,101,1
15779.0,2,124.08,20,2010-06-25 15:55:00,2010-09-02 16:40:00,8,United Kingdom,463,2,124.08,62.04,20,1
15780.0,3,475.28,220,2010-12-17 11:43:00,2011-06-09 12:01:00,26,United Kingdom,183,3,475.28,158.42666666666665,220,1
15781.0,3,345.46,180,2011-02-07 09:15:00,2011-11-14 14:57:00,20,United Kingdom,25,3,345.46,115.15333333333332,180,0
15782.0,4,4014.1,1844,2010-10-05 15:43:00,2011-11-30 10:49:00,51,United Kingdom,9,4,4014.1,1003.525,1844,0
15783.0,1,246.3,212,2011-11-29 09:50:00,2011-11-29 09:50:00,14,United Kingdom,10,1,246.3,246.3,212,0
15784.0,2,848.3299999999999,381,2010-02-05 14:42:00,2010-08-29 10:38:00,33,United Kingdom,467,2,848.3299999999999,424.165,381,1
15785.0,16,5969.93,4479,2009-12-15 16:28:00,2011-11-07 11:33:00,102,United Kingdom,32,16,5969.93,373.120625,4479,0
15786.0,5,8514.82,5981,2010-06-21 10:13:00,2011-10-24 14:13:00,358,United Kingdom,46,5,8514.82,1702.964,5981,0
15787.0,3,948.05,540,2011-10-09 13:11:00,2011-11-13 14:55:00,156,United Kingdom,26,3,948.05,316.01666666666665,540,0
15788.0,1,221.83,115,2010-07-19 12:48:00,2010-07-19 12:48:00,14,United Kingdom,508,1,221.83,221.83,115,1
15789.0,6,1962.01,2499,2010-03-26 11:21:00,2010-12-16 14:35:00,110,United Kingdom,358,6,1962.01,327.00166666666667,2499,1
15790.0,1,220.85,114,2011-11-29 14:53:00,2011-11-29 14:53:00,34,United Kingdom,10,1,220.85,220.85,114,0
15791.0,5,3608.34,1970,2010-03-08 09:41:00,2011-10-27 10:14:00,121,United Kingdom,43,5,3608.34,721.668,1970,0
15792.0,2,933.84,606,2010-03-31 09:42:00,2010-11-05 08:21:00,57,United Kingdom,399,2,933.84,466.92,606,1
15793.0,8,2399.57,1685,2009-12-01 12:54:00,2011-11-25 09:31:00,12,United Kingdom,14,8,2399.57,299.94625,1685,0
15794.0,2,777.0,288,2009-12-02 15:10:00,2009-12-03 13:04:00,15,United Kingdom,736,2,777.0,388.5,288,1
15795.0,8,1979.87,1411,2010-01-18 11:31:00,2011-07-13 10:43:00,111,United Kingdom,149,8,1979.87,247.48375,1411,0
15796.0,17,5175.83,1735,2010-03-31 13:10:00,2011-12-08 19:55:00,138,United Kingdom,1,17,5175.83,304.4605882352941,1735,0
15797.0,6,2821.08,1281,2010-01-27 13:12:00,2011-08-18 17:04:00,12,United Kingdom,113,6,2821.08,470.18,1281,0
15798.0,3,1535.37,915,2010-01-27 11:55:00,2010-08-04 09:13:00,73,United Kingdom,492,3,1535.37,511.79,915,1
15799.0,4,1424.29,1342,2010-10-17 14:26:00,2011-09-25 12:46:00,143,United Kingdom,75,4,1424.29,356.0725,1342,0
15800.0,7,1242.58,588,2010-03-31 13:17:00,2011-08-24 14:23:00,198,United Kingdom,107,7,1242.58,177.51142857142855,588,0
15801.0,3,1063.95,570,2011-08-22 09:53:00,2011-10-24 13:52:00,61,United Kingdom,46,3,1063.95,354.65000000000003,570,0
15802.0,1,451.42,1,2011-07-20 11:38:00,2011-07-20 11:38:00,1,United Kingdom,142,1,451.42,451.42,1,0
15803.0,4,1929.66,1030,2010-02-01 16:29:00,2011-10-19 14:56:00,48,United Kingdom,51,4,1929.66,482.415,1030,0
15804.0,13,4206.39,2565,2011-05-25 10:12:00,2011-12-09 12:31:00,170,United Kingdom,0,13,4206.39,323.5684615384616,2565,0
15805.0,30,10189.23,6225,2009-12-10 12:57:00,2011-11-16 16:32:00,337,United Kingdom,23,30,10189.23,339.641,6225,0
15806.0,3,784.58,602,2011-03-08 09:24:00,2011-10-24 14:35:00,24,United Kingdom,46,3,784.58,261.5266666666667,602,0
15807.0,5,1817.52,1532,2010-02-11 15:32:00,2011-10-20 14:10:00,85,United Kingdom,50,5,1817.52,363.504,1532,0
15808.0,21,18409.93,7229,2009-12-01 16:30:00,2011-02-06 14:33:00,348,United Kingdom,306,21,18409.93,876.6633333333333,7229,1
15809.0,7,1274.44,700,2010-06-22 14:23:00,2011-11-03 16:40:00,51,United Kingdom,36,7,1274.44,182.06285714285715,700,0
15810.0,8,2999.04,1653,2010-02-04 18:18:00,2011-09-22 09:38:00,89,United Kingdom,78,8,2999.04,374.88,1653,0
15811.0,7,3890.52,1922,2010-11-16 16:46:00,2011-11-17 15:31:00,205,United Kingdom,22,7,3890.52,555.7885714285715,1922,0
15812.0,12,5201.47,3450,2009-12-15 13:40:00,2011-08-24 14:19:00,87,United Kingdom,107,12,5201.47,433.4558333333334,3450,0
15813.0,2,1303.91,603,2011-04-14 09:09:00,2011-05-16 08:13:00,40,United Kingdom,207,2,1303.91,651.955,603,1
15814.0,6,2634.44,1728,2010-04-15 14:31:00,2011-11-23 08:17:00,83,United Kingdom,16,6,2634.44,439.0733333333333,1728,0
15815.0,5,2100.6,1856,2011-03-25 08:43:00,2011-10-07 12:42:00,33,United Kingdom,63,5,2100.6,420.12,1856,0
15816.0,2,144.14999999999998,54,2010-06-15 12:54:00,2010-06-15 13:36:00,11,United Kingdom,542,2,144.14999999999998,72.07499999999999,54,1
15817.0,3,2766.4,1596,2010-06-14 13:31:00,2010-10-15 11:07:00,133,United Kingdom,420,3,2766.4,922.1333333333332,1596,1
15818.0,1,340.5,284,2010-04-30 12:58:00,2010-04-30 12:58:00,11,United Kingdom,588,1,340.5,340.5,284,1
15819.0,10,3934.79,2928,2010-03-18 11:08:00,2011-10-21 14:50:00,182,United Kingdom,49,10,3934.79,393.479,2928,0
15820.0,1,206.98,128,2011-01-24 12:00:00,2011-01-24 12:00:00,17,United Kingdom,319,1,206.98,206.98,128,1
15821.0,2,570.96,202,2011-10-09 13:28:00,2011-10-26 15:48:00,57,United Kingdom,44,2,570.96,285.48,202,0
15822.0,6,1840.06,950,2009-12-06 15:12:00,2011-12-06 14:50:00,46,United Kingdom,3,6,1840.06,306.6766666666667,950,0
15823.0,3,3897.17,1775,2009-12-08 15:12:00,2010-12-02 15:08:00,155,United Kingdom,372,3,3897.17,1299.0566666666666,1775,1
15824.0,2,890.94,478,2010-06-25 15:10:00,2010-09-12 13:20:00,24,United Kingdom,453,2,890.94,445.47,478,1
15825.0,1,532.94,220,2011-06-20 13:27:00,2011-06-20 13:27:00,20,United Kingdom,172,1,532.94,532.94,220,0
15826.0,4,2598.28,1824,2010-05-20 17:00:00,2011-10-14 16:05:00,100,United Kingdom,56,4,2598.28,649.57,1824,0
15827.0,28,3794.07,1824,2010-01-08 11:25:00,2011-09-27 15:35:00,124,United Kingdom,73,28,3794.07,135.5025,1824,0
15828.0,1,1108.82,367,2010-11-29 16:41:00,2010-11-29 16:41:00,74,United Kingdom,375,1,1108.82,1108.82,367,1
15829.0,2,636.14,996,2011-07-22 10:23:00,2011-09-01 16:45:00,44,United Kingdom,99,2,636.14,318.07,996,0
15830.0,1,576.0,415,2011-11-02 10:40:00,2011-11-02 10:40:00,39,United Kingdom,37,1,576.0,576.0,415,0
15831.0,3,801.76,1105,2011-01-19 14:52:00,2011-10-12 13:14:00,63,United Kingdom,58,3,801.76,267.25333333333333,1105,0
15832.0,1,836.79,465,2011-03-30 15:29:00,2011-03-30 15:29:00,54,United Kingdom,254,1,836.79,836.79,465,1
15833.0,1,80.4,24,2009-12-02 11:59:00,2009-12-02 11:59:00,5,United Kingdom,737,1,80.4,80.4,24,1
15834.0,7,3772.99,1819,2010-10-11 14:05:00,2011-09-30 14:41:00,333,United Kingdom,70,7,3772.99,538.9985714285714,1819,0
15835.0,4,954.09,439,2011-01-13 10:35:00,2011-10-26 15:47:00,47,United Kingdom,44,4,954.09,238.5225,439,0
15836.0,1,137.37,26,2011-10-20 17:13:00,2011-10-20 17:13:00,10,United Kingdom,50,1,137.37,137.37,26,0
15837.0,2,777.01,405,2010-08-11 10:16:00,2011-10-06 09:01:00,52,United Kingdom,64,2,777.01,388.505,405,0
15838.0,34,74163.0,64664,2009-12-15 09:51:00,2011-11-28 14:00:00,61,United Kingdom,11,34,74163.0,2181.264705882353,64664,0
15839.0,3,1048.49,675,2011-07-14 16:35:00,2011-11-06 13:54:00,56,United Kingdom,33,3,1048.49,349.49666666666667,675,0
15840.0,2,355.56,396,2011-06-20 11:42:00,2011-10-12 09:08:00,26,United Kingdom,58,2,355.56,177.78,396,0
15841.0,9,2742.41,2391,2009-12-10 08:29:00,2011-09-28 12:15:00,60,United Kingdom,72,9,2742.41,304.7122222222222,2391,0
15842.0,2,548.8,296,2010-06-30 09:06:00,2010-11-11 14:08:00,24,United Kingdom,393,2,548.8,274.4,296,1
15843.0,1,118.95000000000002,27,2011-02-09 10:19:00,2011-02-09 10:19:00,8,United Kingdom,303,1,118.95000000000002,118.95000000000002,27,1
15844.0,1,130.73999999999998,134,2011-10-24 15:19:00,2011-10-24 15:19:00,11,United Kingdom,46,1,130.73999999999998,130.73999999999998,134,0
15845.0,11,4426.28,2128,2010-01-26 14:44:00,2011-11-22 09:42:00,129,United Kingdom,17,11,4426.28,402.3890909090909,2128,0
15846.0,1,107.01,79,2010-11-19 14:40:00,2010-11-19 14:40:00,27,United Kingdom,385,1,107.01,107.01,79,1
15847.0,5,822.57,643,2010-03-08 08:47:00,2011-11-01 14:41:00,39,United Kingdom,38,5,822.57,164.514,643,0
15848.0,1,139.94,46,2010-03-28 10:54:00,2010-03-28 10:54:00,34,United Kingdom,621,1,139.94,139.94,46,1
15850.0,6,1058.72,1379,2009-12-13 13:27:00,2011-11-20 14:14:00,269,United Kingdom,19,6,1058.72,176.45333333333335,1379,0
15851.0,1,109.73,67,2010-07-01 12:34:00,2010-07-01 12:34:00,8,United Kingdom,526,1,109.73,109.73,67,1
15852.0,3,257.26,60,2010-07-01 10:16:00,2011-06-06 11:22:00,31,United Kingdom,186,3,257.26,85.75333333333333,60,1
15853.0,1,110.8,135,2011-10-19 10:38:00,2011-10-19 10:38:00,29,United Kingdom,51,1,110.8,110.8,135,0
15854.0,21,5583.81,1704,2009-12-10 12:08:00,2011-12-05 13:39:00,168,United Kingdom,4,21,5583.81,265.8957142857143,1704,0
15855.0,6,1052.72,712,2010-08-20 17:15:00,2011-07-26 10:20:00,72,United Kingdom,136,6,1052.72,175.45333333333335,712,0
15856.0,52,34220.340000000004,20432,2009-12-03 14:02:00,2011-12-05 17:09:00,384,United Kingdom,4,52,34220.340000000004,658.0834615384616,20432,0
15857.0,2,570.48,584,2010-10-05 16:43:00,2011-11-21 12:18:00,21,United Kingdom,18,2,570.48,285.24,584,0
15858.0,13,3960.37,2919,2009-12-10 11:42:00,2011-11-24 12:48:00,273,United Kingdom,15,13,3960.37,304.64384615384614,2919,0
15859.0,1,438.46,174,2010-10-03 12:52:00,2010-10-03 12:52:00,22,United Kingdom,432,1,438.46,438.46,174,1
15860.0,17,2505.21,1342,2009-12-06 12:31:00,2011-10-30 11:25:00,249,United Kingdom,40,17,2505.21,147.36529411764707,1342,0
15861.0,12,4401.79,3860,2010-01-28 19:41:00,2011-11-27 15:59:00,452,United Kingdom,12,12,4401.79,366.8158333333333,3860,0
15862.0,13,2928.29,1680,2009-12-17 11:33:00,2011-12-01 13:28:00,417,United Kingdom,8,13,2928.29,225.2530769230769,1680,0
15863.0,5,358.7,164,2009-12-17 10:20:00,2011-11-14 12:49:00,74,United Kingdom,25,5,358.7,71.74,164,0
15864.0,7,2180.76,1486,2010-11-23 15:02:00,2011-11-17 13:32:00,18,United Kingdom,22,7,2180.76,311.5371428571429,1486,0
15865.0,5,2248.92,1147,2010-01-05 13:58:00,2011-10-30 12:43:00,119,United Kingdom,40,5,2248.92,449.784,1147,0
15866.0,1,230.53,126,2011-08-30 14:09:00,2011-08-30 14:09:00,43,United Kingdom,101,1,230.53,230.53,126,0
15867.0,31,9063.95,5139,2009-12-14 15:16:00,2011-12-04 13:32:00,547,United Kingdom,5,31,9063.95,292.3854838709678,5139,0
15868.0,1,94.53,57,2010-05-05 14:11:00,2010-05-05 14:11:00,4,United Kingdom,583,1,94.53,94.53,57,1
15869.0,3,323.66,274,2010-03-23 16:50:00,2011-03-07 17:23:00,29,United Kingdom,277,3,323.66,107.88666666666668,274,1
15870.0,4,862.61,508,2010-09-19 16:22:00,2011-11-07 10:58:00,127,United Kingdom,32,4,862.61,215.6525,508,0
15871.0,1,33.099999999999994,5,2010-09-28 14:16:00,2010-09-28 14:16:00,5,United Kingdom,437,1,33.099999999999994,33.099999999999994,5,1
15872.0,4,795.68,506,2010-06-07 14:53:00,2011-11-25 11:55:00,164,United Kingdom,14,4,795.68,198.92,506,0
15873.0,4,313.92,1152,2010-07-27 11:58:00,2010-07-28 12:41:00,3,United Kingdom,499,4,313.92,78.48,1152,1
15874.0,21,11284.76,5102,2010-01-07 13:56:00,2011-10-07 12:31:00,262,United Kingdom,63,21,11284.76,537.3695238095238,5102,0
15875.0,1,111.72,76,2010-03-03 16:51:00,2010-03-03 16:51:00,18,United Kingdom,646,1,111.72,111.72,76,1
15876.0,2,1449.14,886,2010-09-17 15:26:00,2010-10-26 18:58:00,11,United Kingdom,409,2,1449.14,724.57,886,1
15877.0,2,493.28,371,2011-11-22 11:18:00,2011-12-08 11:53:00,122,United Kingdom,1,2,493.28,246.64,371,0
15878.0,2,330.77,243,2009-12-06 12:28:00,2010-05-27 12:17:00,47,United Kingdom,561,2,330.77,165.385,243,1
15879.0,4,1157.3,643,2009-12-17 19:54:00,2010-10-31 16:21:00,171,United Kingdom,404,4,1157.3,289.325,643,1
15880.0,1,686.5600000000001,422,2010-12-05 13:00:00,2010-12-05 13:00:00,95,United Kingdom,369,1,686.5600000000001,686.5600000000001,422,1
15881.0,5,501.39,260,2010-12-10 13:32:00,2011-01-31 16:59:00,26,United Kingdom,312,5,501.39,100.278,260,1
15882.0,8,1495.98,814,2009-12-10 15:33:00,2011-05-25 11:35:00,49,United Kingdom,198,8,1495.98,186.9975,814,1
15883.0,2,396.48,223,2011-11-06 14:50:00,2011-12-07 17:05:00,42,United Kingdom,2,2,396.48,198.24,223,0
15884.0,2,249.7,158,2009-12-03 18:23:00,2010-10-03 15:55:00,14,United Kingdom,432,2,249.7,124.85,158,1
15885.0,15,1951.82,622,2010-01-21 12:47:00,2011-09-08 10:43:00,83,United Kingdom,92,15,1951.82,130.12133333333333,622,0
15886.0,4,1052.87,667,2010-04-20 15:03:00,2011-10-10 14:25:00,58,United Kingdom,60,4,1052.87,263.2175,667,0
15887.0,3,1027.15,605,2010-06-02 11:53:00,2010-10-29 08:36:00,27,United Kingdom,406,3,1027.15,342.3833333333334,605,1
15888.0,3,429.16,139,2010-07-01 11:51:00,2011-09-20 12:30:00,33,United Kingdom,80,3,429.16,143.05333333333334,139,0
15889.0,8,1806.28,989,2009-12-10 12:21:00,2011-07-06 11:10:00,256,United Kingdom,156,8,1806.28,225.785,989,0
15890.0,5,535.65,119,2010-04-14 08:43:00,2010-11-10 12:46:00,10,United Kingdom,394,5,535.65,107.13,119,1
15891.0,1,524.52,442,2011-04-27 12:35:00,2011-04-27 12:35:00,60,United Kingdom,226,1,524.52,524.52,442,1
15892.0,1,128.2,46,2010-02-08 16:23:00,2010-02-08 16:23:00,38,United Kingdom,669,1,128.2,128.2,46,1
15893.0,1,305.28000000000003,288,2010-08-15 11:12:00,2010-08-15 11:12:00,1,United Kingdom,481,1,305.28000000000003,305.28000000000003,288,1
15894.0,2,420.29,283,2010-12-05 14:06:00,2011-03-31 13:50:00,35,United Kingdom,253,2,420.29,210.145,283,1
15895.0,1,179.17,94,2011-07-13 10:27:00,2011-07-13 10:27:00,11,United Kingdom,149,1,179.17,179.17,94,0
15897.0,2,222.05,261,2011-05-29 13:32:00,2011-05-29 13:50:00,17,United Kingdom,194,2,222.05,111.025,261,1
15898.0,25,5596.31,2418,2009-12-11 16:11:00,2011-12-08 15:23:00,281,United Kingdom,1,25,5596.31,223.8524,2418,0
15899.0,1,112.5,78,2010-12-06 10:36:00,2010-12-06 10:36:00,4,United Kingdom,368,1,112.5,112.5,78,1
15900.0,4,900.4,661,2010-05-26 11:27:00,2011-11-16 12:19:00,100,United Kingdom,23,4,900.4,225.1,661,0
15901.0,7,703.22,702,2010-06-14 12:39:00,2011-11-23 12:43:00,145,United Kingdom,16,7,703.22,100.46,702,0
15902.0,1,145.01,124,2010-11-24 16:57:00,2010-11-24 16:57:00,18,United Kingdom,380,1,145.01,145.01,124,1
15903.0,12,8939.84,3926,2010-01-14 10:57:00,2011-11-30 08:08:00,58,United Kingdom,9,12,8939.84,744.9866666666667,3926,0
15904.0,1,164.68,84,2011-12-01 14:50:00,2011-12-01 14:50:00,30,United Kingdom,8,1,164.68,164.68,84,0
15905.0,1,114.69,82,2010-06-14 16:00:00,2010-06-14 16:00:00,22,United Kingdom,543,1,114.69,114.69,82,1
15906.0,10,2555.64,751,2010-09-15 12:17:00,2011-11-20 12:24:00,143,United Kingdom,19,10,2555.64,255.564,751,0
15907.0,3,967.45,509,2011-05-13 13:01:00,2011-12-06 12:21:00,175,United Kingdom,3,3,967.45,322.4833333333333,509,0
15908.0,2,764.57,174,2010-07-15 19:21:00,2010-08-06 11:56:00,37,United Kingdom,490,2,764.57,382.285,174,1
15909.0,1,191.94,98,2011-06-19 10:38:00,2011-06-19 10:38:00,7,United Kingdom,173,1,191.94,191.94,98,0
15910.0,15,2681.8,2171,2010-01-21 11:51:00,2011-12-09 10:51:00,394,United Kingdom,0,15,2681.8,178.7866666666667,2171,0
15911.0,8,1702.34,811,2009-12-09 13:26:00,2010-03-26 12:06:00,162,United Kingdom,623,8,1702.34,212.7925,811,1
15912.0,9,1074.7,759,2009-12-10 12:58:00,2011-06-14 14:29:00,83,United Kingdom,178,9,1074.7,119.41111111111113,759,0
15913.0,1,6.300000000000001,3,2010-06-23 16:31:00,2010-06-23 16:31:00,1,United Kingdom,534,1,6.300000000000001,6.300000000000001,3,1
15914.0,2,205.99,149,2010-11-26 16:09:00,2010-11-26 16:10:00,13,United Kingdom,378,2,205.99,102.995,149,1
15915.0,1,429.21,451,2010-11-03 11:13:00,2010-11-03 11:13:00,105,United Kingdom,401,1,429.21,429.21,451,1
15916.0,13,3427.17,1703,2009-12-10 16:21:00,2011-11-23 13:46:00,227,United Kingdom,16,13,3427.17,263.6284615384615,1703,0
15917.0,5,560.63,263,2009-12-02 14:55:00,2011-04-06 10:40:00,127,United Kingdom,247,5,560.63,112.126,263,1
15918.0,3,582.88,240,2010-03-18 11:40:00,2011-06-02 11:42:00,49,United Kingdom,190,3,582.88,194.2933333333333,240,1
15919.0,2,910.61,787,2010-12-06 11:26:00,2011-11-20 11:28:00,103,United Kingdom,19,2,910.61,455.305,787,0
15920.0,9,571.64,240,2009-12-14 13:09:00,2011-07-08 15:31:00,93,United Kingdom,154,9,571.64,63.51555555555555,240,0
15921.0,4,802.11,342,2010-03-09 11:03:00,2011-06-20 11:03:00,69,United Kingdom,172,4,802.11,200.5275,342,0
15922.0,1,739.0,276,2010-12-01 13:51:00,2010-12-01 13:51:00,11,United Kingdom,373,1,739.0,739.0,276,1
15923.0,1,254.16,244,2010-12-02 12:16:00,2010-12-02 12:16:00,21,United Kingdom,372,1,254.16,254.16,244,1
15924.0,1,102.82,103,2009-12-08 15:00:00,2009-12-08 15:00:00,14,United Kingdom,731,1,102.82,102.82,103,1
15925.0,1,207.15,93,2011-05-29 15:35:00,2011-05-29 15:35:00,12,United Kingdom,194,1,207.15,207.15,93,1
15926.0,1,134.44,155,2010-06-15 15:23:00,2010-06-15 15:23:00,7,United Kingdom,542,1,134.44,134.44,155,1
15927.0,1,123.39,69,2010-03-02 13:25:00,2010-03-02 13:25:00,13,United Kingdom,647,1,123.39,123.39,69,1
15928.0,1,293.53,164,2010-02-21 15:16:00,2010-02-21 15:16:00,11,United Kingdom,656,1,293.53,293.53,164,1
15929.0,1,594.0,120,2010-03-05 14:56:00,2010-03-05 14:56:00,1,United Kingdom,644,1,594.0,594.0,120,1
15930.0,1,426.63,139,2011-10-03 14:52:00,2011-10-03 14:52:00,21,United Kingdom,67,1,426.63,426.63,139,0
15931.0,1,239.9,118,2010-10-07 16:46:00,2010-10-07 16:46:00,14,United Kingdom,428,1,239.9,239.9,118,1
15932.0,8,2495.87,2325,2011-02-23 14:50:00,2011-12-05 17:13:00,93,United Kingdom,4,8,2495.87,311.98375,2325,0
15933.0,3,1107.46,885,2011-09-14 12:05:00,2011-11-18 13:14:00,63,United Kingdom,21,3,1107.46,369.15333333333336,885,0
15934.0,2,2190.66,2166,2010-10-06 12:08:00,2010-10-18 10:13:00,29,United Kingdom,417,2,2190.66,1095.33,2166,1
15935.0,2,416.86,115,2011-04-12 09:35:00,2011-04-14 13:27:00,12,United Kingdom,239,2,416.86,208.43,115,1
15936.0,2,282.79,211,2010-08-29 11:42:00,2010-11-25 16:39:00,16,United Kingdom,379,2,282.79,141.395,211,1
15937.0,1,145.35,73,2011-10-06 15:48:00,2011-10-06 15:48:00,7,United Kingdom,64,1,145.35,145.35,73,0
15938.0,9,734.81,449,2010-06-01 09:42:00,2011-08-19 12:56:00,27,United Kingdom,112,9,734.81,81.64555555555555,449,0
15939.0,16,9060.39,6260,2010-11-30 12:07:00,2011-09-11 11:30:00,52,United Kingdom,89,16,9060.39,566.274375,6260,0
15940.0,1,35.8,4,2011-02-01 16:18:00,2011-02-01 16:18:00,1,United Kingdom,311,1,35.8,35.8,4,1
15941.0,1,405.0,60,2010-03-12 14:45:00,2010-03-12 14:45:00,6,United Kingdom,637,1,405.0,405.0,60,1
15942.0,1,337.44,232,2011-07-29 09:01:00,2011-07-29 09:01:00,14,United Kingdom,133,1,337.44,337.44,232,0
15943.0,2,271.29,183,2010-01-31 11:04:00,2010-02-28 12:49:00,12,United Kingdom,649,2,271.29,135.645,183,1
15944.0,4,2164.24,859,2009-12-13 12:57:00,2011-03-08 10:33:00,25,United Kingdom,276,4,2164.24,541.06,859,1
15945.0,4,827.27,397,2009-12-01 13:47:00,2010-12-09 13:14:00,24,United Kingdom,365,4,827.27,206.8175,397,1
15946.0,3,2304.18,1614,2010-03-16 10:49:00,2010-07-25 12:18:00,25,United Kingdom,502,3,2304.18,768.06,1614,1
15947.0,1,1708.24,898,2011-09-18 10:46:00,2011-09-18 10:46:00,29,United Kingdom,82,1,1708.24,1708.24,898,0
15948.0,3,1509.09,852,2010-10-11 12:16:00,2011-12-01 15:32:00,63,United Kingdom,8,3,1509.09,503.03,852,0
15949.0,2,364.72,284,2011-09-29 17:34:00,2011-11-23 09:09:00,12,United Kingdom,16,2,364.72,182.36,284,0
15950.0,10,7180.71,3384,2010-01-26 11:39:00,2011-11-08 11:09:00,225,United Kingdom,31,10,7180.71,718.071,3384,0
15951.0,3,1013.17,420,2010-11-23 18:20:00,2011-12-01 08:34:00,44,United Kingdom,8,3,1013.17,337.7233333333333,420,0
15952.0,4,806.57,399,2011-04-28 12:55:00,2011-11-06 11:18:00,65,United Kingdom,33,4,806.57,201.6425,399,0
15953.0,18,3669.55,1852,2009-12-03 14:00:00,2011-11-24 15:32:00,102,United Kingdom,15,18,3669.55,203.8638888888889,1852,0
15954.0,1,190.75,119,2010-04-29 13:35:00,2010-04-29 13:35:00,20,United Kingdom,589,1,190.75,190.75,119,1
15955.0,22,8658.36,4213,2010-02-23 16:36:00,2011-11-15 14:15:00,222,United Kingdom,24,22,8658.36,393.5618181818182,4213,0
15956.0,2,617.6,278,2009-12-13 11:16:00,2010-06-06 13:06:00,18,United Kingdom,551,2,617.6,308.8,278,1
15957.0,3,930.1,458,2010-10-15 12:11:00,2011-11-08 12:14:00,121,United Kingdom,31,3,930.1,310.03333333333336,458,0
15958.0,4,492.99,164,2010-06-07 10:59:00,2011-09-26 13:41:00,50,United Kingdom,74,4,492.99,123.2475,164,0
15959.0,3,579.49,282,2010-01-26 16:19:00,2010-01-26 16:38:00,58,United Kingdom,682,3,579.49,193.16333333333333,282,1
15960.0,4,410.95,258,2010-09-30 15:50:00,2010-11-30 15:57:00,24,United Kingdom,374,4,410.95,102.7375,258,1
15961.0,1,451.29,154,2010-11-25 15:59:00,2010-11-25 15:59:00,42,United Kingdom,379,1,451.29,451.29,154,1
15962.0,1,295.83,235,2010-09-16 13:48:00,2010-09-16 13:48:00,43,United Kingdom,449,1,295.83,295.83,235,1
15963.0,2,470.76,298,2011-10-25 13:05:00,2011-11-20 11:33:00,26,United Kingdom,19,2,470.76,235.38,298,0
15964.0,1,272.96000000000004,94,2010-02-14 15:30:00,2010-02-14 15:30:00,20,United Kingdom,663,1,272.96000000000004,272.96000000000004,94,1
15965.0,13,3013.09,1433,2009-12-03 11:45:00,2011-11-22 16:44:00,202,United Kingdom,17,13,3013.09,231.77615384615385,1433,0
15966.0,1,426.53,275,2010-09-15 10:44:00,2010-09-15 10:44:00,27,United Kingdom,450,1,426.53,426.53,275,1
15967.0,12,3041.6,1204,2009-12-01 13:29:00,2011-11-16 15:41:00,316,United Kingdom,23,12,3041.6,253.46666666666667,1204,0
15968.0,1,418.05,253,2010-11-16 13:04:00,2010-11-16 13:04:00,70,United Kingdom,388,1,418.05,418.05,253,1
15969.0,5,1127.05,223,2010-07-05 13:10:00,2011-12-07 11:06:00,31,United Kingdom,2,5,1127.05,225.41,223,0
15970.0,2,1017.32,498,2010-04-20 11:30:00,2011-02-09 12:08:00,19,United Kingdom,303,2,1017.32,508.66,498,1
15971.0,18,5902.83,2251,2009-12-08 09:46:00,2011-11-22 12:50:00,12,United Kingdom,17,18,5902.83,327.935,2251,0
15972.0,5,1810.27,480,2010-04-18 14:06:00,2010-09-09 13:20:00,104,United Kingdom,456,5,1810.27,362.054,480,1
15973.0,3,988.44,301,2010-10-06 15:00:00,2010-12-08 11:42:00,8,United Kingdom,366,3,988.44,329.48,301,1
15974.0,7,3442.15,2262,2011-02-24 10:10:00,2011-10-31 13:13:00,141,United Kingdom,39,7,3442.15,491.7357142857143,2262,0
15975.0,1,371.01,243,2011-09-16 13:33:00,2011-09-16 13:33:00,24,United Kingdom,84,1,371.01,371.01,243,0
15976.0,6,1746.64,1078,2010-06-06 14:01:00,2011-06-27 13:00:00,265,United Kingdom,165,6,1746.64,291.1066666666667,1078,0
15977.0,2,1054.73,1016,2011-10-31 16:24:00,2011-11-22 13:29:00,48,United Kingdom,17,2,1054.73,527.365,1016,0
15978.0,3,3279.42,2444,2010-03-05 14:39:00,2011-09-23 15:21:00,107,United Kingdom,77,3,3279.42,1093.14,2444,0
15979.0,1,329.22,450,2010-04-16 11:35:00,2010-04-16 11:35:00,22,United Kingdom,602,1,329.22,329.22,450,1
15980.0,7,6593.68,4862,2010-06-01 14:40:00,2011-09-12 09:41:00,101,United Kingdom,88,7,6593.68,941.9542857142858,4862,0
15981.0,21,9362.77,4827,2010-03-29 10:07:00,2011-11-15 08:00:00,151,United Kingdom,24,21,9362.77,445.8461904761905,4827,0
15982.0,1,324.51,131,2010-04-13 15:47:00,2010-04-13 15:47:00,45,United Kingdom,605,1,324.51,324.51,131,1
15983.0,8,3958.82,2450,2009-12-06 12:52:00,2011-11-17 17:34:00,137,United Kingdom,22,8,3958.82,494.8525,2450,0
15984.0,30,8759.32,6084,2009-12-01 13:38:00,2011-12-07 12:16:00,458,United Kingdom,2,30,8759.32,291.9773333333333,6084,0
15985.0,7,2715.28,2750,2010-05-27 15:51:00,2011-08-08 16:31:00,50,United Kingdom,123,7,2715.28,387.8971428571429,2750,0
15986.0,2,354.42,368,2010-11-23 10:02:00,2011-11-09 15:17:00,25,United Kingdom,30,2,354.42,177.21,368,0
15987.0,8,1682.13,1715,2010-11-25 12:56:00,2011-11-27 15:38:00,143,United Kingdom,12,8,1682.13,210.26625,1715,0
15988.0,3,770.09,486,2010-02-21 11:36:00,2011-11-20 13:23:00,114,United Kingdom,19,3,770.09,256.69666666666666,486,0
15989.0,2,372.51,171,2009-12-02 15:51:00,2010-11-29 12:03:00,81,United Kingdom,375,2,372.51,186.255,171,1
15990.0,7,2010.05,1090,2010-02-28 12:30:00,2011-10-26 15:58:00,117,United Kingdom,44,7,2010.05,287.15,1090,0
15991.0,1,150.55,41,2010-06-23 15:50:00,2010-06-23 15:50:00,6,United Kingdom,534,1,150.55,150.55,41,1
15992.0,3,896.6,514,2010-09-12 11:52:00,2011-12-06 11:00:00,53,United Kingdom,3,3,896.6,298.8666666666667,514,0
15993.0,7,2797.57,2051,2011-10-26 16:21:00,2011-12-01 10:45:00,335,United Kingdom,8,7,2797.57,399.6528571428572,2051,0
15994.0,3,1202.18,469,2010-03-14 11:55:00,2011-10-16 12:28:00,93,United Kingdom,54,3,1202.18,400.7266666666667,469,0
15995.0,1,696.19,353,2010-10-21 13:57:00,2010-10-21 13:57:00,108,United Kingdom,414,1,696.19,696.19,353,1
15996.0,7,1686.9,747,2010-11-07 15:49:00,2011-09-12 15:14:00,140,United Kingdom,88,7,1686.9,240.9857142857143,747,0
15998.0,16,8308.34,5372,2009-12-01 11:45:00,2011-11-03 12:45:00,682,United Kingdom,36,16,8308.34,519.27125,5372,0
15999.0,1,20.4,24,2009-12-04 12:31:00,2009-12-04 12:31:00,1,United Kingdom,735,1,20.4,20.4,24,1
16000.0,3,12393.7,5110,2011-12-07 12:14:00,2011-12-07 12:17:00,9,United Kingdom,2,3,12393.7,4131.233333333334,5110,0
16001.0,1,583.39,337,2010-11-23 17:10:00,2010-11-23 17:10:00,29,United Kingdom,381,1,583.39,583.39,337,1
16002.0,1,169.21,70,2010-03-24 13:08:00,2010-03-24 13:08:00,42,United Kingdom,625,1,169.21,169.21,70,1
16003.0,10,5613.83,2210,2009-12-03 18:51:00,2011-11-10 09:57:00,146,United Kingdom,29,10,5613.83,561.383,2210,0
16004.0,5,2146.39,1076,2010-01-25 13:56:00,2010-08-22 11:48:00,63,United Kingdom,474,5,2146.39,429.278,1076,1
16005.0,10,2436.22,1310,2010-09-15 13:21:00,2011-11-27 13:47:00,315,United Kingdom,12,10,2436.22,243.622,1310,0
16006.0,2,347.17,211,2010-11-17 12:03:00,2011-05-12 13:12:00,75,United Kingdom,211,2,347.17,173.585,211,1
16007.0,7,3075.14,2643,2010-06-14 13:18:00,2011-10-23 11:05:00,337,United Kingdom,47,7,3075.14,439.3057142857143,2643,0
16008.0,15,5384.13,3273,2010-03-19 11:07:00,2011-11-16 10:32:00,63,United Kingdom,23,15,5384.13,358.942,3273,0
16009.0,4,992.71,378,2011-07-03 11:26:00,2011-11-17 16:51:00,68,United Kingdom,22,4,992.71,248.1775,378,0
16010.0,11,1724.06,931,2010-10-24 10:54:00,2011-04-08 10:14:00,122,United Kingdom,245,11,1724.06,156.73272727272726,931,1
16011.0,29,5880.46,3471,2009-12-01 12:02:00,2011-12-01 16:31:00,181,United Kingdom,8,29,5880.46,202.77448275862068,3471,0
16012.0,5,2989.79,1766,2010-06-28 11:39:00,2011-11-04 13:25:00,207,United Kingdom,35,5,2989.79,597.958,1766,0
16013.0,84,57446.44,25952,2009-12-08 10:24:00,2011-12-06 10:36:00,54,United Kingdom,3,84,57446.44,683.8861904761904,25952,0
16014.0,5,1130.27,478,2010-01-31 12:43:00,2011-11-02 12:04:00,219,United Kingdom,37,5,1130.27,226.054,478,0
16015.0,3,705.39,909,2011-10-21 12:56:00,2011-12-06 10:58:00,146,United Kingdom,3,3,705.39,235.13,909,0
16016.0,11,2533.94,1059,2010-11-02 13:27:00,2011-12-06 14:35:00,181,United Kingdom,3,11,2533.94,230.35818181818183,1059,0
16017.0,5,1553.83,640,2010-01-05 12:06:00,2011-10-23 12:56:00,99,United Kingdom,47,5,1553.83,310.766,640,0
16018.0,4,698.13,503,2009-12-07 13:57:00,2011-10-31 14:13:00,48,United Kingdom,39,4,698.13,174.5325,503,0
16019.0,27,17465.85,6976,2009-12-14 14:12:00,2011-10-24 11:51:00,256,United Kingdom,46,27,17465.85,646.8833333333333,6976,0
16020.0,3,851.01,487,2011-10-05 13:54:00,2011-11-23 11:18:00,42,United Kingdom,16,3,851.01,283.67,487,0
16021.0,2,532.25,297,2010-06-13 11:05:00,2010-11-09 14:48:00,117,United Kingdom,395,2,532.25,266.125,297,1
16022.0,1,628.28,261,2011-03-24 13:16:00,2011-03-24 13:16:00,68,United Kingdom,260,1,628.28,628.28,261,1
16023.0,3,719.81,358,2011-03-18 13:32:00,2011-10-24 16:34:00,90,United Kingdom,46,3,719.81,239.93666666666664,358,0
16024.0,3,484.2,505,2010-10-24 11:40:00,2011-11-27 13:26:00,78,United Kingdom,12,3,484.2,161.4,505,0
16025.0,1,439.66,338,2011-11-10 11:45:00,2011-11-10 11:45:00,28,United Kingdom,29,1,439.66,439.66,338,0
16026.0,1,236.09,243,2011-10-27 13:53:00,2011-10-27 13:53:00,30,United Kingdom,43,1,236.09,236.09,243,0
16027.0,15,2048.36,2099,2010-01-08 13:21:00,2011-09-09 10:47:00,20,United Kingdom,91,15,2048.36,136.55733333333333,2099,0
16028.0,1,82.2,18,2010-04-23 11:45:00,2010-04-23 11:45:00,5,United Kingdom,595,1,82.2,82.2,18,1
16029.0,107,122209.14,56486,2009-12-08 11:23:00,2011-11-01 10:27:00,57,United Kingdom,38,107,122209.14,1142.1414953271028,56486,0
16030.0,1,331.24,283,2011-02-03 11:28:00,2011-02-03 11:28:00,28,United Kingdom,309,1,331.24,331.24,283,1
16031.0,2,548.94,423,2011-04-06 14:23:00,2011-09-08 13:07:00,91,United Kingdom,92,2,548.94,274.47,423,0
16032.0,6,1970.45,1480,2010-07-04 13:31:00,2010-09-09 18:00:00,130,United Kingdom,456,6,1970.45,328.40833333333336,1480,1
16033.0,27,10836.13,4288,2010-08-11 16:44:00,2011-12-04 12:44:00,605,United Kingdom,5,27,10836.13,401.3381481481481,4288,0
16034.0,6,928.72,597,2010-10-26 13:00:00,2011-05-27 16:17:00,43,United Kingdom,196,6,928.72,154.78666666666666,597,1
16035.0,1,217.73,33,2010-05-28 15:09:00,2010-05-28 15:09:00,21,United Kingdom,560,1,217.73,217.73,33,1
16036.0,4,2556.84,1369,2010-03-29 14:47:00,2011-09-13 14:53:00,120,United Kingdom,87,4,2556.84,639.21,1369,0
16037.0,5,1509.34,766,2010-03-01 12:31:00,2011-03-15 09:13:00,62,United Kingdom,269,5,1509.34,301.868,766,1
16038.0,3,471.78,244,2011-05-22 11:29:00,2011-12-02 12:40:00,24,United Kingdom,7,3,471.78,157.26,244,0
16039.0,2,456.4,409,2010-03-21 15:17:00,2010-10-12 10:44:00,27,United Kingdom,423,2,456.4,228.2,409,1
16040.0,7,2416.9,1185,2010-04-09 10:12:00,2011-10-05 13:47:00,95,United Kingdom,65,7,2416.9,345.2714285714286,1185,0
16041.0,3,3166.4,1584,2011-07-21 16:27:00,2011-11-09 12:25:00,6,United Kingdom,30,3,3166.4,1055.4666666666667,1584,0
16042.0,8,2265.12,1442,2010-09-12 12:00:00,2011-11-17 17:50:00,88,United Kingdom,22,8,2265.12,283.14,1442,0
16043.0,8,1856.59,1011,2010-08-15 11:26:00,2011-11-02 12:50:00,56,United Kingdom,37,8,1856.59,232.07375,1011,0
16044.0,1,340.84000000000003,170,2010-09-30 18:12:00,2010-09-30 18:12:00,19,United Kingdom,435,1,340.84000000000003,340.84000000000003,170,1
16045.0,8,3434.9300000000003,2108,2010-07-29 12:50:00,2011-08-12 12:41:00,111,United Kingdom,119,8,3434.9300000000003,429.36625,2108,0
16046.0,1,235.78,248,2010-05-26 13:18:00,2010-05-26 13:18:00,22,United Kingdom,562,1,235.78,235.78,248,1
16047.0,1,107.14,1,2010-01-26 16:34:00,2010-01-26 16:34:00,1,EIRE,682,1,107.14,107.14,1,1
16048.0,4,1075.23,569,2010-06-08 12:36:00,2010-12-01 15:28:00,30,United Kingdom,373,4,1075.23,268.8075,569,1
16049.0,6,1899.68,1165,2010-07-11 13:53:00,2011-10-30 13:19:00,383,United Kingdom,40,6,1899.68,316.61333333333334,1165,0
16050.0,3,300.7,388,2010-11-03 15:55:00,2011-06-19 11:44:00,19,United Kingdom,173,3,300.7,100.23333333333332,388,0
16051.0,1,188.44,80,2010-01-27 09:38:00,2010-01-27 09:38:00,12,United Kingdom,681,1,188.44,188.44,80,1
16052.0,1,362.06,282,2011-10-16 15:13:00,2011-10-16 15:13:00,34,United Kingdom,54,1,362.06,362.06,282,0
16053.0,6,3634.84,3067,2010-04-08 11:11:00,2011-11-07 11:21:00,169,United Kingdom,32,6,3634.84,605.8066666666667,3067,0
16054.0,4,2111.88,791,2010-04-01 18:37:00,2011-07-17 13:08:00,109,United Kingdom,145,4,2111.88,527.97,791,0
16055.0,1,134.8,22,2011-05-03 09:26:00,2011-05-03 09:26:00,8,United Kingdom,220,1,134.8,134.8,22,1
16056.0,1,664.85,347,2011-10-25 15:19:00,2011-10-25 15:19:00,66,United Kingdom,45,1,664.85,664.85,347,0
16057.0,10,3854.85,1691,2010-01-07 17:11:00,2011-11-23 15:23:00,175,United Kingdom,16,10,3854.85,385.485,1691,0
16058.0,1,62.7,18,2010-10-29 16:48:00,2010-10-29 16:48:00,2,United Kingdom,406,1,62.7,62.7,18,1
16059.0,12,3217.77,1509,2010-05-19 13:04:00,2011-10-05 09:56:00,233,United Kingdom,65,12,3217.77,268.1475,1509,0
16060.0,3,541.95,243,2010-08-02 15:26:00,2010-11-04 12:10:00,22,United Kingdom,400,3,541.95,180.65,243,1
16061.0,1,89.65,19,2010-10-04 15:29:00,2010-10-04 15:29:00,3,United Kingdom,431,1,89.65,89.65,19,1
16062.0,8,2863.45,2035,2010-06-21 13:32:00,2011-11-30 12:15:00,134,United Kingdom,9,8,2863.45,357.93125,2035,0
16063.0,1,335.32,262,2011-03-24 14:55:00,2011-03-24 14:56:00,23,United Kingdom,260,1,335.32,335.32,262,1
16064.0,1,111.0,56,2009-12-14 16:11:00,2009-12-14 16:11:00,17,United Kingdom,725,1,111.0,111.0,56,1
16065.0,8,2382.62,1447,2010-09-02 13:27:00,2010-12-09 13:03:00,214,United Kingdom,365,8,2382.62,297.8275,1447,1
16066.0,5,1521.87,936,2011-08-07 14:33:00,2011-11-23 11:54:00,77,United Kingdom,16,5,1521.87,304.374,936,0
16067.0,3,3395.29,1279,2010-02-02 18:01:00,2010-05-26 12:33:00,60,United Kingdom,562,3,3395.29,1131.763333333333,1279,1
16068.0,1,122.93,52,2010-04-25 11:52:00,2010-04-25 11:52:00,34,United Kingdom,593,1,122.93,122.93,52,1
16069.0,1,457.7,138,2010-10-18 10:32:00,2010-10-18 10:32:00,25,United Kingdom,417,1,457.7,457.7,138,1
16070.0,2,852.15,457,2011-11-07 16:36:00,2011-11-17 15:50:00,32,United Kingdom,22,2,852.15,426.075,457,0
16071.0,4,1076.8,697,2010-02-22 14:48:00,2011-10-26 11:14:00,62,United Kingdom,44,4,1076.8,269.2,697,0
16072.0,4,4328.89,1611,2010-06-08 16:47:00,2011-02-24 14:32:00,414,United Kingdom,288,4,4328.89,1082.2225,1611,1
16073.0,1,122.4,48,2011-02-15 15:41:00,2011-02-15 15:41:00,1,United Kingdom,297,1,122.4,122.4,48,1
16074.0,1,265.25,39,2010-11-14 13:19:00,2010-11-14 13:19:00,23,United Kingdom,390,1,265.25,265.25,39,1
16075.0,2,736.9300000000001,271,2010-05-24 15:57:00,2010-07-25 11:31:00,41,United Kingdom,502,2,736.9300000000001,368.465,271,1
16076.0,10,2234.73,1435,2011-05-15 12:31:00,2011-12-06 14:59:00,71,United Kingdom,3,10,2234.73,223.473,1435,0
16077.0,1,2300.4,840,2010-03-24 10:42:00,2010-03-24 10:42:00,8,United Kingdom,625,1,2300.4,2300.4,840,1
16078.0,2,362.99,200,2010-02-08 13:29:00,2011-03-01 09:47:00,39,United Kingdom,283,2,362.99,181.495,200,1
16079.0,3,1352.0,864,2011-10-30 13:06:00,2011-11-23 12:48:00,18,United Kingdom,16,3,1352.0,450.6666666666667,864,0
16080.0,4,602.5600000000001,298,2010-09-15 14:19:00,2011-09-19 10:42:00,29,United Kingdom,81,4,602.5600000000001,150.64,298,0
16081.0,8,4460.18,2244,2010-02-03 12:46:00,2011-10-14 13:06:00,235,United Kingdom,56,8,4460.18,557.5225,2244,0
16082.0,1,106.75,39,2010-02-07 15:16:00,2010-02-07 15:16:00,16,United Kingdom,670,1,106.75,106.75,39,1
16083.0,4,2351.42,1514,2010-11-16 11:53:00,2011-08-31 10:47:00,61,United Kingdom,100,4,2351.42,587.855,1514,0
16084.0,1,436.18,216,2011-02-13 16:05:00,2011-02-13 16:05:00,38,United Kingdom,299,1,436.18,436.18,216,1
16085.0,12,2343.53,1384,2010-01-20 14:03:00,2011-11-16 13:24:00,259,United Kingdom,23,12,2343.53,195.29416666666668,1384,0
16086.0,10,2864.99,1526,2009-12-02 13:20:00,2011-10-11 13:09:00,66,United Kingdom,59,10,2864.99,286.499,1526,0
16087.0,5,1739.92,664,2010-01-19 12:30:00,2010-11-15 16:44:00,6,United Kingdom,389,5,1739.92,347.98400000000004,664,1
16088.0,2,1437.43,373,2010-04-27 10:56:00,2010-05-13 10:16:00,3,United Kingdom,575,2,1437.43,718.715,373,1
16089.0,2,271.44,122,2010-07-18 15:51:00,2010-11-18 13:51:00,42,United Kingdom,386,2,271.44,135.72,122,1
16090.0,1,205.91,65,2010-03-25 13:05:00,2010-03-25 13:05:00,18,United Kingdom,624,1,205.91,205.91,65,1
16091.0,2,315.06,154,2011-05-25 09:18:00,2011-07-08 08:45:00,16,United Kingdom,154,2,315.06,157.53,154,0
16092.0,6,1587.94,1188,2010-05-09 16:10:00,2011-08-17 10:46:00,60,United Kingdom,114,6,1587.94,264.6566666666667,1188,0
16093.0,1,17.0,20,2011-08-25 11:09:00,2011-08-25 11:09:00,1,United Kingdom,106,1,17.0,17.0,20,0
16094.0,11,3695.56,2020,2010-04-16 14:00:00,2011-11-28 12:45:00,101,United Kingdom,11,11,3695.56,335.96,2020,0
16095.0,1,447.05,265,2010-09-09 16:54:00,2010-09-09 16:54:00,30,United Kingdom,456,1,447.05,447.05,265,1
16096.0,4,1584.97,700,2010-03-04 15:44:00,2011-03-20 13:38:00,58,United Kingdom,264,4,1584.97,396.2425,700,1
16097.0,1,185.05,87,2011-04-13 13:47:00,2011-04-13 13:47:00,10,United Kingdom,240,1,185.05,185.05,87,1
16098.0,14,4448.1,2150,2009-12-15 09:40:00,2011-09-13 09:59:00,83,United Kingdom,87,14,4448.1,317.7214285714286,2150,0
16099.0,7,1573.2,960,2010-03-03 11:13:00,2011-10-20 13:13:00,44,United Kingdom,50,7,1573.2,224.7428571428572,960,0
16100.0,1,582.64,438,2010-09-03 11:39:00,2010-09-03 11:39:00,37,United Kingdom,462,1,582.64,582.64,438,1
16101.0,4,3229.16,1844,2010-05-27 12:50:00,2011-09-30 10:18:00,153,United Kingdom,70,4,3229.16,807.29,1844,0
16102.0,3,1842.14,942,2011-08-03 12:50:00,2011-10-28 13:19:00,41,United Kingdom,42,3,1842.14,614.0466666666667,942,0
16103.0,22,6191.71,2639,2010-01-08 12:08:00,2011-12-02 14:16:00,111,United Kingdom,7,22,6191.71,281.44136363636363,2639,0
16104.0,9,2778.61,1048,2009-12-06 10:41:00,2011-10-09 10:23:00,187,United Kingdom,61,9,2778.61,308.7344444444445,1048,0
16105.0,5,2386.19,2125,2010-04-14 13:27:00,2011-04-05 10:13:00,92,United Kingdom,248,5,2386.19,477.238,2125,1
16106.0,1,108.38,74,2011-10-05 10:37:00,2011-10-05 10:37:00,6,United Kingdom,65,1,108.38,108.38,74,0
16107.0,7,3204.1600000000003,1176,2011-06-09 18:42:00,2011-11-22 09:40:00,16,United Kingdom,17,7,3204.1600000000003,457.7371428571429,1176,0
16108.0,4,2235.92,1473,2010-03-18 14:14:00,2011-09-16 11:48:00,124,United Kingdom,84,4,2235.92,558.98,1473,0
16109.0,3,939.48,1092,2010-01-10 10:37:00,2011-05-05 09:17:00,30,United Kingdom,218,3,939.48,313.16,1092,1
16110.0,4,1819.27,902,2010-07-05 13:04:00,2011-10-25 14:35:00,343,United Kingdom,45,4,1819.27,454.8175,902,0
16111.0,1,562.48,236,2010-10-07 19:51:00,2010-10-07 19:51:00,72,United Kingdom,428,1,562.48,562.48,236,1
16112.0,4,195.74,574,2011-01-05 11:47:00,2011-07-19 14:28:00,15,United Kingdom,143,4,195.74,48.935,574,0
16113.0,1,161.38,176,2011-06-09 16:16:00,2011-06-09 16:16:00,30,United Kingdom,183,1,161.38,161.38,176,1
16114.0,1,135.75000000000003,43,2011-06-22 10:13:00,2011-06-22 10:13:00,8,United Kingdom,170,1,135.75000000000003,135.75000000000003,43,0
16115.0,12,2575.14,1601,2010-05-14 11:59:00,2011-11-30 11:32:00,230,United Kingdom,9,12,2575.14,214.595,1601,0
16116.0,1,612.78,248,2011-05-12 12:01:00,2011-05-12 12:01:00,34,United Kingdom,211,1,612.78,612.78,248,1
16117.0,3,654.4,321,2010-04-27 11:50:00,2011-06-03 11:42:00,64,United Kingdom,189,3,654.4,218.13333333333333,321,1
16118.0,1,4376.25,2851,2010-02-25 09:40:00,2010-02-25 09:40:00,41,United Kingdom,652,1,4376.25,4376.25,2851,1
16119.0,8,1720.81,811,2009-12-16 11:56:00,2011-12-01 15:11:00,37,United Kingdom,8,8,1720.81,215.10125,811,0
16120.0,6,3056.91,2205,2010-10-13 15:07:00,2011-10-11 14:22:00,84,United Kingdom,59,6,3056.91,509.485,2205,0
16121.0,5,1477.09,897,2010-05-23 10:52:00,2011-10-13 12:59:00,256,United Kingdom,57,5,1477.09,295.418,897,0
16122.0,6,1001.34,1398,2010-10-10 15:26:00,2011-09-27 15:34:00,28,United Kingdom,73,6,1001.34,166.89,1398,0
16123.0,1,307.78,170,2011-10-19 09:18:00,2011-10-19 09:18:00,16,United Kingdom,51,1,307.78,307.78,170,0
16124.0,4,1772.49,797,2009-12-07 10:33:00,2011-01-26 14:45:00,63,United Kingdom,317,4,1772.49,443.1225,797,1
16125.0,14,4587.65,1944,2009-12-14 15:38:00,2010-12-07 15:48:00,168,United Kingdom,367,14,4587.65,327.6892857142857,1944,1
16126.0,15,14646.8,6142,2009-12-02 13:34:00,2011-11-10 16:03:00,144,United Kingdom,29,15,14646.8,976.4533333333331,6142,0
16127.0,2,801.31,391,2009-12-13 12:19:00,2011-10-31 13:58:00,75,United Kingdom,39,2,801.31,400.655,391,0
16128.0,11,3801.05,2445,2010-07-16 16:30:00,2011-11-22 11:14:00,155,United Kingdom,17,11,3801.05,345.55,2445,0
16129.0,3,1396.05,1261,2010-07-20 12:32:00,2010-10-28 14:29:00,91,United Kingdom,407,3,1396.05,465.35,1261,1
16130.0,4,987.48,296,2010-04-01 13:58:00,2010-10-13 15:14:00,53,United Kingdom,422,4,987.48,246.87,296,1
16131.0,12,9957.42,4768,2009-12-02 10:09:00,2011-10-19 11:53:00,131,United Kingdom,51,12,9957.42,829.785,4768,0
16132.0,2,664.1999999999999,280,2010-03-22 10:25:00,2010-06-13 13:49:00,14,United Kingdom,544,2,664.1999999999999,332.1,280,1
16133.0,56,22992.26,13653,2010-03-31 12:21:00,2011-12-06 11:24:00,303,United Kingdom,3,56,22992.26,410.5760714285714,13653,0
16134.0,5,2145.34,1637,2010-06-17 09:48:00,2011-11-18 10:05:00,85,United Kingdom,21,5,2145.34,429.068,1637,0
16135.0,2,819.45,395,2010-05-05 09:35:00,2011-03-22 12:30:00,35,United Kingdom,262,2,819.45,409.725,395,1
16136.0,4,946.8,674,2010-02-14 12:49:00,2011-10-11 09:10:00,44,United Kingdom,59,4,946.8,236.7,674,0
16137.0,1,422.7,210,2010-01-28 15:04:00,2010-01-28 15:04:00,28,United Kingdom,680,1,422.7,422.7,210,1
16138.0,3,910.35,774,2010-04-28 09:51:00,2010-11-26 12:13:00,35,United Kingdom,378,3,910.35,303.45,774,1
16139.0,5,1111.15,602,2009-12-03 13:51:00,2011-11-21 08:37:00,47,United Kingdom,18,5,1111.15,222.23,602,0
16140.0,3,1557.6,1376,2010-09-24 12:03:00,2011-10-05 12:15:00,50,United Kingdom,65,3,1557.6,519.1999999999999,1376,0
16141.0,2,955.94,410,2010-10-18 14:12:00,2011-09-12 13:11:00,47,United Kingdom,88,2,955.94,477.97,410,0
16142.0,1,535.34,422,2011-04-04 10:16:00,2011-04-04 10:16:00,37,United Kingdom,249,1,535.34,535.34,422,1
16143.0,12,4910.83,2011,2009-12-10 09:44:00,2011-12-06 14:13:00,107,United Kingdom,3,12,4910.83,409.23583333333335,2011,0
16144.0,1,175.2,16,2011-04-07 10:09:00,2011-04-07 10:09:00,1,United Kingdom,246,1,175.2,175.2,16,1
16145.0,19,6805.4400000000005,5270,2010-05-04 13:31:00,2011-12-01 10:33:00,217,United Kingdom,8,19,6805.4400000000005,358.1810526315789,5270,0
16146.0,4,946.38,544,2010-09-17 10:46:00,2011-07-05 14:20:00,34,United Kingdom,157,4,946.38,236.595,544,0
16147.0,5,2398.91,1395,2010-02-05 12:26:00,2011-07-29 09:57:00,113,United Kingdom,133,5,2398.91,479.782,1395,0
16148.0,2,386.62,250,2010-09-29 10:12:00,2011-02-16 14:01:00,9,United Kingdom,296,2,386.62,193.31,250,1
16149.0,3,422.22,598,2010-10-06 15:54:00,2011-12-05 11:29:00,30,United Kingdom,4,3,422.22,140.74,598,0
16150.0,10,4395.59,2164,2009-12-17 15:33:00,2011-10-28 12:39:00,143,United Kingdom,42,10,4395.59,439.559,2164,0
16152.0,1,1829.04,642,2011-03-16 09:47:00,2011-03-16 09:47:00,29,United Kingdom,268,1,1829.04,1829.04,642,1
16153.0,11,5133.49,3693,2010-05-26 12:41:00,2011-10-21 10:50:00,161,United Kingdom,49,11,5133.49,466.6809090909091,3693,0
16155.0,5,796.9,495,2010-06-18 11:23:00,2010-11-23 12:03:00,45,United Kingdom,381,5,796.9,159.38,495,1
16156.0,20,6218.18,3240,2009-12-02 17:06:00,2011-12-01 12:42:00,199,United Kingdom,8,20,6218.18,310.909,3240,0
16157.0,3,656.69,347,2011-09-28 11:48:00,2011-11-24 11:41:00,12,United Kingdom,15,3,656.69,218.89666666666668,347,0
16158.0,9,628.32,182,2009-12-05 15:00:00,2010-07-05 13:55:00,29,United Kingdom,522,9,628.32,69.81333333333333,182,1
16159.0,4,1232.79,635,2009-12-03 11:51:00,2011-03-03 12:27:00,31,United Kingdom,281,4,1232.79,308.1975,635,1
16160.0,2,1025.44,1162,2011-09-15 10:53:00,2011-10-05 14:19:00,20,United Kingdom,65,2,1025.44,512.72,1162,0
16161.0,43,12831.8,6380,2010-02-08 11:06:00,2011-12-08 12:10:00,458,United Kingdom,1,43,12831.8,298.4139534883721,6380,0
16162.0,1,37.4,4,2011-04-01 15:03:00,2011-04-01 15:03:00,2,United Kingdom,252,1,37.4,37.4,4,1
16163.0,6,2849.58,768,2009-12-02 10:00:00,2011-04-21 15:15:00,59,United Kingdom,232,6,2849.58,474.93,768,1
16164.0,3,822.48,433,2011-10-28 09:12:00,2011-11-22 15:04:00,27,United Kingdom,17,3,822.48,274.16,433,0
16165.0,1,79.9,2,2010-07-22 14:17:00,2010-07-22 14:17:00,1,United Kingdom,505,1,79.9,79.9,2,1
16166.0,2,435.83,173,2010-01-17 14:16:00,2010-10-07 15:44:00,18,United Kingdom,428,2,435.83,217.915,173,1
16167.0,5,1386.12,1494,2009-12-01 10:46:00,2010-10-21 15:33:00,51,United Kingdom,414,5,1386.12,277.224,1494,1
16168.0,66,10636.47,5099,2009-12-03 12:38:00,2011-11-29 12:45:00,131,United Kingdom,10,66,10636.47,161.15863636363636,5099,0
16169.0,4,1822.97,1325,2011-09-25 11:33:00,2011-12-01 15:28:00,71,United Kingdom,8,4,1822.97,455.7425,1325,0
16170.0,20,6869.0,6056,2010-02-18 13:50:00,2011-10-20 08:21:00,254,United Kingdom,50,20,6869.0,343.45,6056,0
16171.0,1,73.2,24,2011-10-11 14:51:00,2011-10-11 14:51:00,3,United Kingdom,59,1,73.2,73.2,24,0
16172.0,8,1884.55,1419,2010-07-14 15:34:00,2011-09-05 13:22:00,81,United Kingdom,95,8,1884.55,235.56875,1419,0
16173.0,6,1418.32,575,2011-09-02 15:23:00,2011-11-24 10:53:00,70,United Kingdom,15,6,1418.32,236.38666666666663,575,0
16174.0,7,2246.75,1431,2010-04-15 15:12:00,2011-08-05 13:26:00,28,United Kingdom,126,7,2246.75,320.9642857142857,1431,0
16175.0,7,1836.44,932,2010-05-25 12:01:00,2011-09-06 14:32:00,59,United Kingdom,94,7,1836.44,262.34857142857146,932,0
16176.0,4,2052.69,952,2010-03-29 14:52:00,2010-10-14 13:54:00,53,United Kingdom,421,4,2052.69,513.1725,952,1
16177.0,8,2247.31,1021,2010-03-02 14:03:00,2011-10-20 12:57:00,79,United Kingdom,50,8,2247.31,280.91375,1021,0
16178.0,2,612.6,304,2010-11-03 14:46:00,2011-07-24 16:05:00,24,United Kingdom,138,2,612.6,306.3,304,0
16179.0,1,215.83,99,2011-10-10 09:41:00,2011-10-10 09:41:00,11,United Kingdom,60,1,215.83,215.83,99,0
16180.0,13,16249.87,9813,2010-06-23 13:19:00,2011-08-31 16:28:00,171,United Kingdom,100,13,16249.87,1249.99,9813,0
16181.0,1,305.54,152,2011-09-27 13:38:00,2011-09-27 13:38:00,11,United Kingdom,73,1,305.54,305.54,152,0
16182.0,9,9971.65,5887,2010-03-09 09:34:00,2011-09-28 13:23:00,20,United Kingdom,72,9,9971.65,1107.961111111111,5887,0
16183.0,4,1077.81,351,2010-10-28 14:43:00,2011-10-03 14:59:00,32,United Kingdom,67,4,1077.81,269.4525,351,0
16184.0,6,1158.79,561,2011-05-12 13:33:00,2011-10-06 17:43:00,26,United Kingdom,64,6,1158.79,193.13166666666663,561,0
16185.0,3,644.72,321,2010-05-24 11:04:00,2011-11-23 09:41:00,39,United Kingdom,16,3,644.72,214.90666666666667,321,0
16186.0,26,9026.11,6825,2009-12-09 15:36:00,2011-11-17 12:43:00,172,United Kingdom,22,26,9026.11,347.1580769230769,6825,0
16187.0,15,6911.4400000000005,5048,2011-02-28 13:34:00,2011-11-08 09:50:00,160,United Kingdom,31,15,6911.4400000000005,460.7626666666667,5048,0
16188.0,5,1087.66,838,2010-10-27 11:50:00,2011-10-26 12:19:00,72,United Kingdom,44,5,1087.66,217.532,838,0
16189.0,2,215.48,134,2011-09-15 15:21:00,2011-11-24 11:47:00,9,United Kingdom,15,2,215.48,107.74,134,0
16190.0,8,2723.55,1231,2009-12-14 11:59:00,2011-10-30 15:59:00,89,United Kingdom,40,8,2723.55,340.44375,1231,0
16191.0,24,15688.02,9360,2009-12-11 12:24:00,2011-12-07 11:26:00,113,United Kingdom,2,24,15688.02,653.6675,9360,0
16192.0,1,351.3,208,2009-12-04 12:28:00,2009-12-04 12:28:00,11,United Kingdom,735,1,351.3,351.3,208,1
16193.0,2,630.43,379,2010-10-25 10:25:00,2011-04-17 11:45:00,38,United Kingdom,236,2,630.43,315.215,379,1
16194.0,1,308.6,140,2010-11-29 13:28:00,2010-11-29 13:28:00,8,United Kingdom,375,1,308.6,308.6,140,1
16195.0,1,323.25,123,2009-12-16 14:09:00,2009-12-16 14:09:00,16,United Kingdom,723,1,323.25,323.25,123,1
16196.0,1,93.3,26,2010-08-08 11:40:00,2010-08-08 11:40:00,4,United Kingdom,488,1,93.3,93.3,26,1
16197.0,9,2016.71,1420,2009-12-16 11:44:00,2010-08-27 12:56:00,52,United Kingdom,469,9,2016.71,224.07888888888888,1420,1
16198.0,2,1030.0410000000002,384,2010-09-28 13:59:00,2011-09-25 14:58:00,31,United Kingdom,75,2,1030.0410000000002,515.0205000000001,384,0
16199.0,7,942.75,321,2010-03-18 18:47:00,2010-11-12 12:55:00,2,United Kingdom,392,7,942.75,134.67857142857142,321,1
16200.0,12,5643.45,3089,2009-12-02 15:04:00,2011-12-05 14:40:00,361,United Kingdom,4,12,5643.45,470.2875,3089,0
16201.0,5,2112.12,1421,2010-10-20 12:00:00,2011-12-06 16:02:00,86,United Kingdom,3,5,2112.12,422.424,1421,0
16202.0,9,2501.99,1307,2009-12-02 10:48:00,2010-12-14 10:43:00,105,United Kingdom,360,9,2501.99,277.99888888888887,1307,1
16203.0,6,1114.54,607,2010-07-23 13:09:00,2011-10-12 12:31:00,56,United Kingdom,58,6,1114.54,185.75666666666663,607,0
16204.0,3,944.24,686,2009-12-08 17:44:00,2011-11-16 13:40:00,86,United Kingdom,23,3,944.24,314.74666666666667,686,0
16205.0,7,1830.61,1455,2010-06-15 11:58:00,2011-11-09 09:32:00,147,United Kingdom,30,7,1830.61,261.5157142857143,1455,0
16206.0,13,2602.32,1384,2010-01-24 15:25:00,2011-10-16 10:41:00,187,United Kingdom,54,13,2602.32,200.1784615384616,1384,0
16207.0,1,394.38,140,2011-11-14 13:51:00,2011-11-14 13:51:00,19,United Kingdom,25,1,394.38,394.38,140,0
16208.0,10,3440.45,1541,2010-02-24 14:24:00,2011-10-26 11:36:00,180,United Kingdom,44,10,3440.45,344.045,1541,0
16209.0,9,4146.78,1895,2010-06-11 11:58:00,2011-09-12 11:58:00,51,United Kingdom,88,9,4146.78,460.7533333333333,1895,0
16210.0,35,38489.51,14263,2009-12-02 12:54:00,2011-12-08 12:36:00,145,United Kingdom,1,35,38489.51,1099.700285714286,14263,0
16211.0,3,1090.59,519,2010-09-27 15:24:00,2011-09-12 12:11:00,35,United Kingdom,88,3,1090.59,363.53,519,0
16212.0,4,1293.71,571,2010-02-07 15:26:00,2011-11-20 13:00:00,71,United Kingdom,19,4,1293.71,323.4275,571,0
16213.0,1,159.0,48,2011-09-22 10:03:00,2011-09-22 10:03:00,6,United Kingdom,78,1,159.0,159.0,48,0
16214.0,4,2038.25,1308,2010-09-30 13:57:00,2011-06-22 11:30:00,84,United Kingdom,170,4,2038.25,509.5625,1308,0
16215.0,1,242.35,104,2011-09-20 10:18:00,2011-09-20 10:18:00,14,United Kingdom,80,1,242.35,242.35,104,0
16216.0,1,914.93,254,2011-03-17 15:34:00,2011-03-17 15:34:00,37,United Kingdom,267,1,914.93,914.93,254,1
16217.0,2,304.25,91,2011-03-02 15:28:00,2011-04-18 13:31:00,13,United Kingdom,235,2,304.25,152.125,91,1
16218.0,13,4439.97,3237,2010-05-27 16:09:00,2011-11-10 09:59:00,82,United Kingdom,29,13,4439.97,341.53615384615387,3237,0
16219.0,1,40.8,48,2010-07-27 11:44:00,2010-07-27 11:44:00,1,United Kingdom,500,1,40.8,40.8,48,1
16221.0,9,2235.51,1515,2010-08-10 13:32:00,2011-11-03 11:43:00,177,United Kingdom,36,9,2235.51,248.39,1515,0
16222.0,2,1345.22,503,2009-12-18 14:31:00,2011-01-25 13:38:00,133,United Kingdom,318,2,1345.22,672.61,503,1
16223.0,2,1102.35,651,2010-11-09 12:07:00,2010-11-30 11:50:00,101,United Kingdom,374,2,1102.35,551.175,651,1
16224.0,5,1616.54,1555,2010-11-17 13:14:00,2011-10-13 17:51:00,107,United Kingdom,57,5,1616.54,323.308,1555,0
16225.0,15,2867.4100000000003,1285,2010-02-07 12:41:00,2011-10-26 08:30:00,189,United Kingdom,44,15,2867.4100000000003,191.16066666666669,1285,0
16226.0,5,672.1700000000001,521,2010-10-22 11:19:00,2011-05-20 14:41:00,23,United Kingdom,203,5,672.1700000000001,134.43400000000003,521,1
16227.0,3,1027.22,436,2010-06-22 13:28:00,2011-04-28 13:33:00,28,United Kingdom,225,3,1027.22,342.4066666666667,436,1
16228.0,3,890.8100000000001,561,2010-11-04 18:54:00,2010-11-19 14:20:00,45,United Kingdom,385,3,890.8100000000001,296.93666666666667,561,1
16229.0,6,2867.86,1292,2010-05-24 12:59:00,2011-09-13 17:16:00,144,United Kingdom,87,6,2867.86,477.9766666666667,1292,0
16230.0,2,542.03,365,2011-05-03 15:12:00,2011-06-03 10:06:00,32,United Kingdom,189,2,542.03,271.015,365,1
16231.0,4,1078.22,564,2010-04-21 12:06:00,2010-11-25 15:00:00,69,United Kingdom,379,4,1078.22,269.555,564,1
16232.0,7,2712.97,1849,2010-06-07 14:04:00,2011-10-27 12:16:00,60,United Kingdom,43,7,2712.97,387.5671428571428,1849,0
16233.0,9,1965.71,689,2009-12-02 13:23:00,2011-09-29 17:27:00,49,United Kingdom,71,9,1965.71,218.41222222222223,689,0
16234.0,3,333.18,170,2010-05-27 10:39:00,2010-08-20 14:33:00,13,United Kingdom,476,3,333.18,111.06,170,1
16235.0,9,2053.71,788,2010-08-26 12:10:00,2011-10-30 10:56:00,80,United Kingdom,40,9,2053.71,228.19,788,0
16236.0,1,432.2,184,2011-09-22 14:10:00,2011-09-22 14:10:00,20,United Kingdom,78,1,432.2,432.2,184,0
16237.0,1,136.65,57,2010-09-28 17:02:00,2010-09-28 17:02:00,7,United Kingdom,437,1,136.65,136.65,57,1
16238.0,1,63.66,85,2010-10-13 12:36:00,2010-10-13 12:36:00,6,United Kingdom,422,1,63.66,63.66,85,1
16239.0,6,1492.2,692,2010-09-02 19:17:00,2011-10-14 08:29:00,24,United Kingdom,56,6,1492.2,248.7,692,0
16240.0,2,3718.8,1641,2011-09-23 13:44:00,2011-11-15 14:30:00,126,United Kingdom,24,2,3718.8,1859.4,1641,0
16241.0,16,4329.31,2377,2010-10-25 13:40:00,2011-11-30 11:08:00,500,United Kingdom,9,16,4329.31,270.581875,2377,0
16242.0,14,7474.4,3955,2010-03-15 16:02:00,2011-12-01 15:12:00,348,United Kingdom,8,14,7474.4,533.8857142857142,3955,0
16243.0,2,409.1,110,2011-10-16 12:09:00,2011-11-06 12:32:00,49,United Kingdom,33,2,409.1,204.55,110,0
16244.0,2,2579.38,1474,2010-12-02 11:41:00,2011-05-12 10:18:00,88,United Kingdom,211,2,2579.38,1289.69,1474,1
16245.0,3,1413.66,1014,2011-03-28 09:30:00,2011-11-16 10:14:00,80,United Kingdom,23,3,1413.66,471.22,1014,0
16246.0,2,827.25,338,2010-02-08 12:32:00,2010-09-06 12:04:00,79,United Kingdom,459,2,827.25,413.625,338,1
16247.0,1,114.56,182,2011-06-22 14:23:00,2011-06-22 14:23:00,16,United Kingdom,170,1,114.56,114.56,182,0
16248.0,1,152.94,78,2011-10-09 11:32:00,2011-10-09 11:32:00,7,United Kingdom,61,1,152.94,152.94,78,0
16249.0,5,1800.07,950,2011-04-14 13:50:00,2011-10-18 10:07:00,67,United Kingdom,52,5,1800.07,360.014,950,0
16250.0,3,791.38,376,2010-11-18 10:43:00,2011-03-23 15:07:00,29,United Kingdom,261,3,791.38,263.7933333333333,376,1
16251.0,1,128.31,44,2010-07-15 14:55:00,2010-07-15 14:55:00,20,United Kingdom,512,1,128.31,128.31,44,1
16252.0,1,295.09000000000003,158,2010-11-22 11:57:00,2010-11-22 11:57:00,21,United Kingdom,382,1,295.09000000000003,295.09000000000003,158,1
16253.0,7,7310.15,6061,2009-12-08 17:24:00,2011-10-04 09:09:00,218,United Kingdom,66,7,7310.15,1044.3071428571427,6061,0
16254.0,3,985.14,549,2010-03-17 15:43:00,2010-11-26 13:22:00,65,United Kingdom,378,3,985.14,328.38,549,1
16255.0,15,4906.8,3050,2010-01-24 12:21:00,2011-11-23 12:40:00,231,United Kingdom,16,15,4906.8,327.12,3050,0
16256.0,3,1629.37,1590,2010-04-21 10:34:00,2011-03-18 12:18:00,27,United Kingdom,266,3,1629.37,543.1233333333333,1590,1
16257.0,1,46.95,2,2011-06-16 10:11:00,2011-06-16 10:11:00,2,United Kingdom,176,1,46.95,46.95,2,0
16258.0,15,11942.52,7200,2010-03-10 14:19:00,2011-10-25 13:30:00,253,United Kingdom,45,15,11942.52,796.168,7200,0
16259.0,3,361.94,162,2010-04-13 16:57:00,2010-10-25 14:27:00,75,United Kingdom,410,3,361.94,120.64666666666666,162,1
16260.0,1,1035.45,311,2011-10-20 09:40:00,2011-10-20 09:40:00,18,United Kingdom,50,1,1035.45,1035.45,311,0
16261.0,6,1059.45,459,2010-09-23 16:40:00,2011-11-22 17:23:00,118,United Kingdom,17,6,1059.45,176.57500000000002,459,0
16262.0,1,755.15,446,2010-11-26 13:22:00,2010-11-26 13:22:00,46,United Kingdom,378,1,755.15,755.15,446,1
16263.0,1,351.01,200,2010-10-12 14:52:00,2010-10-12 14:52:00,19,United Kingdom,423,1,351.01,351.01,200,1
16264.0,2,837.53,632,2010-09-19 16:14:00,2010-09-27 15:00:00,62,United Kingdom,438,2,837.53,418.765,632,1
16265.0,12,6935.17,3214,2010-10-28 15:18:00,2011-11-30 16:41:00,192,United Kingdom,9,12,6935.17,577.9308333333333,3214,0
16266.0,14,1757.95,791,2010-02-04 16:21:00,2011-09-27 12:08:00,73,United Kingdom,73,14,1757.95,125.56785714285716,791,0
16267.0,1,186.66,198,2010-04-27 14:10:00,2010-04-27 14:10:00,7,United Kingdom,591,1,186.66,186.66,198,1
16268.0,2,667.65,533,2011-09-29 18:30:00,2011-09-29 18:30:00,45,United Kingdom,71,2,667.65,333.825,533,0
16269.0,1,717.57,579,2010-09-28 11:50:00,2010-09-28 11:50:00,53,United Kingdom,437,1,717.57,717.57,579,1
16270.0,1,1141.24,688,2010-12-21 14:26:00,2010-12-21 14:26:00,54,United Kingdom,353,1,1141.24,1141.24,688,1
16271.0,10,3463.02,2399,2010-03-07 12:03:00,2011-12-07 12:45:00,176,United Kingdom,2,10,3463.02,346.302,2399,0
16272.0,1,411.7,224,2011-08-15 10:53:00,2011-08-15 10:54:00,25,United Kingdom,116,1,411.7,411.7,224,0
16273.0,2,336.04,46,2010-02-21 16:02:00,2010-03-01 13:24:00,15,United Kingdom,648,2,336.04,168.02,46,1
16274.0,1,715.9,310,2010-12-01 15:35:00,2010-12-01 15:35:00,64,United Kingdom,373,1,715.9,715.9,310,1
16275.0,3,2151.11,1268,2010-03-08 14:41:00,2011-05-27 12:41:00,105,United Kingdom,196,3,2151.11,717.0366666666667,1268,1
16276.0,3,2629.3900000000003,1467,2010-04-11 12:02:00,2011-06-16 09:34:00,20,United Kingdom,176,3,2629.3900000000003,876.4633333333335,1467,0
16277.0,1,188.69,33,2009-12-06 11:27:00,2009-12-06 11:27:00,23,United Kingdom,733,1,188.69,188.69,33,1
16278.0,3,1117.84,342,2010-07-28 15:40:00,2011-08-31 17:12:00,50,United Kingdom,100,3,1117.84,372.6133333333333,342,0
16279.0,9,5705.08,3691,2010-04-22 14:09:00,2011-11-18 15:00:00,243,United Kingdom,21,9,5705.08,633.8977777777777,3691,0
16280.0,1,238.05,101,2009-12-14 15:49:00,2009-12-14 15:49:00,16,United Kingdom,725,1,238.05,238.05,101,1
16281.0,3,3424.02,1570,2010-01-26 13:41:00,2011-09-28 14:57:00,27,United Kingdom,72,3,3424.02,1141.34,1570,0
16282.0,3,1307.58,790,2009-12-21 11:52:00,2011-01-04 11:42:00,31,United Kingdom,339,3,1307.58,435.86,790,1
16283.0,8,4403.82,2889,2010-02-28 14:12:00,2011-12-04 12:08:00,385,United Kingdom,5,8,4403.82,550.4775,2889,0
16284.0,3,1029.77,683,2010-11-11 13:27:00,2011-11-08 16:12:00,108,United Kingdom,31,3,1029.77,343.25666666666666,683,0
16285.0,1,176.9,60,2010-03-03 16:03:00,2010-03-03 16:03:00,31,United Kingdom,646,1,176.9,176.9,60,1
16286.0,2,328.95,101,2010-03-26 09:58:00,2010-08-19 14:48:00,17,United Kingdom,477,2,328.95,164.475,101,1
16287.0,5,1006.98,1426,2010-01-19 09:46:00,2011-06-23 09:08:00,18,United Kingdom,169,5,1006.98,201.396,1426,0
16288.0,1,129.85,19,2010-08-26 14:45:00,2010-08-26 14:45:00,7,United Kingdom,470,1,129.85,129.85,19,1
16289.0,1,136.31,97,2010-09-03 14:02:00,2010-09-03 14:02:00,21,United Kingdom,462,1,136.31,136.31,97,1
16290.0,4,2069.3,1001,2010-05-23 11:46:00,2010-09-01 11:52:00,85,United Kingdom,464,4,2069.3,517.325,1001,1
16291.0,1,117.72,1,2010-01-26 16:26:00,2010-01-26 16:26:00,1,Portugal,682,1,117.72,117.72,1,1
16292.0,5,1253.76,688,2010-04-14 13:29:00,2011-08-10 12:24:00,51,United Kingdom,121,5,1253.76,250.752,688,0
16293.0,15,4657.95,2022,2009-12-11 09:58:00,2011-11-18 09:58:00,168,United Kingdom,21,15,4657.95,310.53,2022,0
16294.0,1,126.05,54,2010-08-20 12:01:00,2010-08-20 12:01:00,8,United Kingdom,476,1,126.05,126.05,54,1
16295.0,4,1328.55,841,2011-10-06 10:45:00,2011-11-30 08:17:00,70,United Kingdom,9,4,1328.55,332.1375,841,0
16296.0,4,1313.67,645,2009-12-18 12:03:00,2010-03-23 13:11:00,56,United Kingdom,626,4,1313.67,328.4175,645,1
16297.0,1,301.9,206,2011-03-16 08:29:00,2011-03-16 08:29:00,20,United Kingdom,268,1,301.9,301.9,206,1
16298.0,7,1085.7,308,2010-09-23 15:23:00,2011-11-17 11:59:00,32,United Kingdom,22,7,1085.7,155.1,308,0
16299.0,1,193.65,107,2010-08-19 17:46:00,2010-08-19 17:46:00,12,United Kingdom,477,1,193.65,193.65,107,1
16300.0,3,1392.43,658,2010-02-02 11:40:00,2010-10-05 13:14:00,190,United Kingdom,430,3,1392.43,464.1433333333334,658,1
16301.0,1,107.33,41,2009-12-03 10:20:00,2009-12-03 10:20:00,6,United Kingdom,736,1,107.33,107.33,41,1
16302.0,1,233.22,158,2011-08-05 09:44:00,2011-08-05 09:44:00,11,United Kingdom,126,1,233.22,233.22,158,0
16303.0,7,7928.27,3859,2010-03-18 14:12:00,2011-11-14 10:49:00,156,United Kingdom,25,7,7928.27,1132.61,3859,0
16304.0,1,381.66,228,2010-01-14 08:30:00,2010-01-14 08:30:00,25,United Kingdom,694,1,381.66,381.66,228,1
16305.0,1,361.22,256,2011-07-24 12:18:00,2011-07-24 12:18:00,22,United Kingdom,138,1,361.22,361.22,256,0
16306.0,7,1192.82,742,2010-10-01 09:36:00,2011-05-10 12:12:00,55,United Kingdom,213,7,1192.82,170.40285714285713,742,1
16307.0,3,1194.92,1123,2010-05-11 14:40:00,2010-10-06 14:31:00,69,United Kingdom,429,3,1194.92,398.3066666666667,1123,1
16308.0,7,5120.0,16000,2009-12-15 15:48:00,2011-11-02 11:24:00,1,United Kingdom,37,7,5120.0,731.4285714285714,16000,0
16309.0,2,706.57,467,2011-04-13 11:46:00,2011-08-25 15:35:00,39,United Kingdom,106,2,706.57,353.285,467,0
16310.0,2,460.08,270,2010-03-07 15:41:00,2010-10-21 14:47:00,26,United Kingdom,414,2,460.08,230.04,270,1
16311.0,2,616.26,394,2011-10-21 13:13:00,2011-11-22 08:54:00,35,United Kingdom,17,2,616.26,308.13,394,0
16312.0,1,171.15,53,2010-10-03 14:15:00,2010-10-03 14:15:00,10,United Kingdom,432,1,171.15,171.15,53,1
16313.0,2,274.15000000000003,165,2011-10-21 09:04:00,2011-12-06 13:02:00,16,United Kingdom,3,2,274.15000000000003,137.07500000000002,165,0
16314.0,3,1491.4,636,2010-08-24 11:52:00,2010-11-15 12:06:00,58,United Kingdom,389,3,1491.4,497.1333333333334,636,1
16315.0,2,402.71,143,2010-06-21 13:53:00,2011-01-13 11:57:00,21,United Kingdom,330,2,402.71,201.355,143,1
16316.0,13,5744.91,3057,2010-08-03 14:38:00,2011-10-06 13:48:00,193,United Kingdom,64,13,5744.91,441.91615384615386,3057,0
16317.0,5,2192.51,1236,2010-05-04 10:17:00,2011-08-12 12:46:00,103,United Kingdom,119,5,2192.51,438.50200000000007,1236,0
16318.0,1,328.15,199,2011-11-04 13:05:00,2011-11-04 13:05:00,19,United Kingdom,35,1,328.15,328.15,199,0
16319.0,1,404.4,72,2011-05-06 11:27:00,2011-05-06 11:27:00,3,United Kingdom,217,1,404.4,404.4,72,1
16320.0,6,5628.99,3319,2010-01-27 13:29:00,2011-06-20 15:25:00,193,Unspecified,172,6,5628.99,938.165,3319,0
16321.0,7,604.5500000000001,259,2009-12-01 10:36:00,2011-09-28 14:55:00,15,Australia,72,7,604.5500000000001,86.36428571428573,259,0
16322.0,2,326.75,231,2011-11-03 14:33:00,2011-12-08 15:41:00,28,United Kingdom,1,2,326.75,163.375,231,0
16323.0,2,353.66,146,2010-05-11 09:48:00,2011-05-27 14:48:00,4,United Kingdom,196,2,353.66,176.83,146,1
16324.0,3,428.68,282,2011-06-15 14:26:00,2011-08-03 12:58:00,100,United Kingdom,128,3,428.68,142.89333333333337,282,0
16325.0,12,3597.5,2464,2009-12-04 13:21:00,2011-10-24 08:48:00,104,United Kingdom,46,12,3597.5,299.7916666666667,2464,0
16326.0,24,4826.99,1120,2010-01-28 13:23:00,2011-12-04 10:11:00,243,United Kingdom,5,24,4826.99,201.12458333333333,1120,0
16327.0,16,10731.34,8540,2009-12-14 13:06:00,2011-11-25 13:23:00,289,United Kingdom,14,16,10731.34,670.70875,8540,0
16328.0,1,310.83,141,2010-05-25 14:02:00,2010-05-25 14:02:00,16,United Kingdom,563,1,310.83,310.83,141,1
16329.0,4,1703.07,826,2009-12-01 11:34:00,2010-10-08 12:44:00,83,United Kingdom,427,4,1703.07,425.7675,826,1
16330.0,7,634.33,327,2010-02-15 12:36:00,2011-11-22 12:24:00,105,United Kingdom,17,7,634.33,90.61857142857144,327,0
16331.0,6,2037.7,756,2010-03-07 10:55:00,2010-10-03 13:47:00,33,United Kingdom,432,6,2037.7,339.6166666666667,756,1
16332.0,11,2010.41,1132,2010-04-29 13:41:00,2011-11-11 14:22:00,158,United Kingdom,28,11,2010.41,182.76454545454547,1132,0
16333.0,22,26626.8,32184,2011-02-03 10:50:00,2011-12-02 12:19:00,9,United Kingdom,7,22,26626.8,1210.3090909090909,32184,0
16334.0,1,277.48,211,2010-08-04 16:38:00,2010-08-04 16:38:00,54,United Kingdom,492,1,277.48,277.48,211,1
16335.0,7,2774.0,1016,2009-12-04 10:18:00,2010-06-06 11:35:00,193,United Kingdom,551,7,2774.0,396.2857142857143,1016,1
16336.0,4,3517.69,1473,2010-03-18 08:05:00,2010-10-15 12:32:00,64,United Kingdom,420,4,3517.69,879.4225,1473,1
16337.0,1,151.05,87,2011-11-03 10:03:00,2011-11-03 10:03:00,10,United Kingdom,36,1,151.05,151.05,87,0
16338.0,1,214.8,94,2011-07-05 13:56:00,2011-07-05 13:56:00,11,United Kingdom,157,1,214.8,214.8,94,0
16339.0,1,109.95,23,2011-02-28 13:41:00,2011-02-28 13:41:00,17,United Kingdom,284,1,109.95,109.95,23,1
16340.0,3,1526.06,1345,2010-06-06 13:26:00,2011-08-24 14:53:00,277,United Kingdom,107,3,1526.06,508.68666666666667,1345,0
16341.0,7,3850.79,3022,2010-04-09 10:30:00,2011-11-15 09:12:00,103,United Kingdom,24,7,3850.79,550.1128571428571,3022,0
16342.0,4,322.41,157,2011-06-13 10:10:00,2011-09-25 14:36:00,10,United Kingdom,75,4,322.41,80.6025,157,0
16343.0,3,687.0699999999999,422,2010-10-28 14:15:00,2011-11-23 17:45:00,54,United Kingdom,16,3,687.0699999999999,229.0233333333333,422,0
16344.0,4,842.42,706,2010-02-09 12:16:00,2011-07-04 15:50:00,43,United Kingdom,158,4,842.42,210.605,706,0
16345.0,2,1198.74,620,2010-08-13 17:13:00,2011-10-26 16:03:00,95,United Kingdom,44,2,1198.74,599.37,620,0
16346.0,1,224.51,289,2010-11-19 15:55:00,2010-11-19 15:55:00,15,United Kingdom,385,1,224.51,224.51,289,1
16347.0,11,3509.41,1750,2010-03-12 12:41:00,2011-11-28 13:14:00,209,United Kingdom,11,11,3509.41,319.0372727272727,1750,0
16348.0,8,1798.22,1178,2010-10-05 13:57:00,2011-11-07 15:44:00,180,United Kingdom,32,8,1798.22,224.7775,1178,0
16349.0,1,53.5,9,2011-02-22 12:40:00,2011-02-22 12:40:00,9,United Kingdom,290,1,53.5,53.5,9,1
16350.0,9,2253.89,1077,2010-10-07 16:33:00,2011-11-18 15:53:00,72,United Kingdom,21,9,2253.89,250.4322222222222,1077,0
16351.0,13,3330.03,2165,2009-12-04 16:12:00,2011-01-11 10:26:00,124,United Kingdom,332,13,3330.03,256.15615384615387,2165,1
16352.0,2,494.44,300,2011-11-02 08:44:00,2011-11-22 10:32:00,28,United Kingdom,17,2,494.44,247.22,300,0
16353.0,38,9999.46,3531,2009-12-07 13:55:00,2011-12-06 12:23:00,76,United Kingdom,3,38,9999.46,263.1436842105263,3531,0
16354.0,5,1129.51,599,2010-04-27 13:33:00,2011-10-07 14:28:00,116,United Kingdom,63,5,1129.51,225.902,599,0
16355.0,1,416.35,179,2010-11-29 14:21:00,2010-11-29 14:21:00,47,United Kingdom,375,1,416.35,416.35,179,1
16356.0,6,415.87,190,2010-06-06 11:26:00,2011-05-26 11:51:00,27,United Kingdom,197,6,415.87,69.31166666666667,190,1
16357.0,4,868.37,389,2010-11-23 18:52:00,2011-11-06 16:04:00,43,United Kingdom,33,4,868.37,217.0925,389,0
16358.0,5,2919.65,2065,2010-11-10 11:36:00,2011-12-08 15:09:00,118,United Kingdom,1,5,2919.65,583.9300000000001,2065,0
16359.0,16,2697.75,1764,2010-02-16 10:39:00,2011-12-02 17:04:00,78,United Kingdom,7,16,2697.75,168.609375,1764,0
16360.0,6,3512.53,2144,2011-09-12 13:50:00,2011-12-05 12:16:00,365,United Kingdom,4,6,3512.53,585.4216666666667,2144,0
16361.0,4,896.66,421,2011-09-29 13:13:00,2011-11-30 12:32:00,87,United Kingdom,9,4,896.66,224.165,421,0
16362.0,6,946.94,478,2010-09-28 09:24:00,2011-11-07 13:01:00,67,United Kingdom,32,6,946.94,157.82333333333335,478,0
16363.0,1,109.36,52,2011-10-17 14:14:00,2011-10-17 14:14:00,5,United Kingdom,53,1,109.36,109.36,52,0
16364.0,2,707.04,280,2011-07-25 14:35:00,2011-11-28 11:27:00,48,United Kingdom,11,2,707.04,353.52,280,0
16365.0,15,3307.2,1135,2009-12-11 12:41:00,2011-11-22 11:24:00,97,United Kingdom,17,15,3307.2,220.48,1135,0
16366.0,4,1548.13,882,2009-12-16 10:39:00,2011-11-21 08:19:00,74,United Kingdom,18,4,1548.13,387.0325,882,0
16367.0,3,1362.4,1117,2010-11-21 13:23:00,2011-11-02 13:13:00,196,United Kingdom,37,3,1362.4,454.1333333333334,1117,0
16368.0,3,640.21,317,2010-09-30 11:30:00,2011-12-07 13:12:00,74,United Kingdom,2,3,640.21,213.4033333333333,317,0
16369.0,7,2664.81,1594,2010-04-07 16:52:00,2011-11-21 16:25:00,115,United Kingdom,18,7,2664.81,380.6871428571429,1594,0
16370.0,4,1320.56,647,2011-04-28 16:40:00,2011-09-18 15:55:00,143,United Kingdom,82,4,1320.56,330.14,647,0
16371.0,1,157.2,108,2010-09-17 12:09:00,2010-09-17 12:09:00,11,United Kingdom,448,1,157.2,157.2,108,1
16372.0,5,1328.61,748,2010-04-11 15:20:00,2011-11-06 13:08:00,271,United Kingdom,33,5,1328.61,265.722,748,0
16373.0,2,309.49,119,2010-10-24 13:10:00,2010-11-22 15:50:00,25,United Kingdom,382,2,309.49,154.745,119,1
16374.0,5,1771.45,800,2010-04-30 13:10:00,2011-10-04 15:21:00,276,United Kingdom,66,5,1771.45,354.29,800,0
16375.0,2,104.0,74,2010-08-26 14:12:00,2010-08-26 14:25:00,11,United Kingdom,470,2,104.0,52.0,74,1
16376.0,2,987.01,694,2011-11-22 16:47:00,2011-12-01 11:38:00,104,United Kingdom,8,2,987.01,493.505,694,0
16377.0,2,1308.48,2928,2010-04-01 10:36:00,2011-03-17 15:41:00,6,United Kingdom,267,2,1308.48,654.24,2928,1
16378.0,3,362.95,267,2011-02-02 12:42:00,2011-04-06 15:07:00,22,United Kingdom,247,3,362.95,120.98333333333332,267,1
16379.0,4,2157.4,1410,2011-09-22 09:33:00,2011-12-05 15:38:00,87,United Kingdom,4,4,2157.4,539.35,1410,0
16380.0,1,1780.59,1524,2011-10-09 15:40:00,2011-10-09 15:40:00,28,United Kingdom,61,1,1780.59,1780.59,1524,0
16381.0,2,258.7,112,2010-10-17 13:06:00,2010-11-09 09:56:00,60,United Kingdom,395,2,258.7,129.35,112,1
16382.0,2,353.1,167,2010-06-07 12:42:00,2010-10-27 16:23:00,42,United Kingdom,408,2,353.1,176.55,167,1
16383.0,7,2974.84,1620,2010-02-04 13:18:00,2011-09-26 12:45:00,239,United Kingdom,74,7,2974.84,424.9771428571429,1620,0
16384.0,4,1358.95,861,2010-04-28 14:01:00,2011-09-11 11:19:00,80,United Kingdom,89,4,1358.95,339.7375,861,0
16385.0,5,1030.61,549,2010-03-18 12:45:00,2011-10-10 13:12:00,94,United Kingdom,60,5,1030.61,206.122,549,0
16386.0,3,1102.59,723,2010-11-17 11:19:00,2011-11-11 12:28:00,127,United Kingdom,28,3,1102.59,367.53,723,0
16387.0,5,918.55,457,2010-03-11 12:22:00,2011-01-21 11:34:00,68,United Kingdom,322,5,918.55,183.71,457,1
16388.0,1,186.05,83,2010-02-24 10:20:00,2010-02-24 10:20:00,13,United Kingdom,653,1,186.05,186.05,83,1
16389.0,4,1382.07,1242,2011-03-01 15:47:00,2011-10-17 14:41:00,33,United Kingdom,53,4,1382.07,345.5175,1242,0
16390.0,3,467.5,122,2010-01-29 15:25:00,2010-06-21 10:11:00,16,United Kingdom,536,3,467.5,155.83333333333334,122,1
16391.0,4,1103.61,748,2010-05-27 11:27:00,2010-11-04 12:27:00,261,United Kingdom,400,4,1103.61,275.9025,748,1
16392.0,3,763.05,609,2010-05-27 11:17:00,2011-03-15 12:11:00,125,United Kingdom,269,3,763.05,254.35,609,1
16393.0,23,5561.66,3132,2009-12-01 12:13:00,2011-12-07 12:51:00,313,United Kingdom,2,23,5561.66,241.81130434782608,3132,0
16394.0,5,1555.34,2604,2011-02-23 10:58:00,2011-10-14 09:48:00,61,United Kingdom,56,5,1555.34,311.068,2604,0
16395.0,14,3537.85,2919,2009-12-06 12:26:00,2011-10-10 12:50:00,416,United Kingdom,60,14,3537.85,252.70357142857145,2919,0
16396.0,1,137.8,80,2010-08-20 14:17:00,2010-08-20 14:17:00,8,United Kingdom,476,1,137.8,137.8,80,1
16397.0,1,127.88,50,2010-03-21 15:36:00,2010-03-21 15:36:00,9,United Kingdom,628,1,127.88,127.88,50,1
16398.0,2,1705.8,758,2011-03-31 09:38:00,2011-07-08 15:16:00,75,United Kingdom,154,2,1705.8,852.9,758,0
16399.0,3,641.82,456,2010-11-15 15:03:00,2011-11-20 16:12:00,97,United Kingdom,19,3,641.82,213.94000000000003,456,0
16400.0,9,3159.44,2159,2009-12-08 12:38:00,2011-09-06 12:27:00,214,United Kingdom,94,9,3159.44,351.0488888888889,2159,0
16401.0,23,6849.15,6035,2010-06-02 13:13:00,2011-12-08 18:15:00,110,United Kingdom,1,23,6849.15,297.7891304347826,6035,0
16402.0,2,511.4,254,2010-12-05 13:42:00,2011-03-20 12:25:00,55,United Kingdom,264,2,511.4,255.7,254,1
16403.0,1,177.5,114,2011-01-31 13:39:00,2011-01-31 13:39:00,10,United Kingdom,312,1,177.5,177.5,114,1
16404.0,1,443.05,157,2011-09-30 14:55:00,2011-09-30 14:55:00,23,United Kingdom,70,1,443.05,443.05,157,0
16405.0,2,167.25,187,2011-02-02 17:08:00,2011-02-10 15:24:00,3,United Kingdom,302,2,167.25,83.625,187,1
16406.0,3,552.68,271,2010-02-24 11:51:00,2011-11-21 11:57:00,135,United Kingdom,18,3,552.68,184.22666666666663,271,0
16407.0,14,2821.65,1484,2010-10-03 13:56:00,2011-11-27 11:05:00,120,United Kingdom,12,14,2821.65,201.54642857142855,1484,0
16408.0,1,231.93,227,2010-04-27 14:08:00,2010-04-27 14:08:00,45,United Kingdom,591,1,231.93,231.93,227,1
16409.0,12,5709.04,3706,2009-12-13 15:38:00,2011-11-03 16:45:00,335,United Kingdom,36,12,5709.04,475.7533333333333,3706,0
16410.0,1,130.32,348,2009-12-05 14:51:00,2009-12-05 14:51:00,5,United Kingdom,734,1,130.32,130.32,348,1
16411.0,4,910.19,543,2010-10-07 15:09:00,2011-11-20 13:23:00,139,United Kingdom,19,4,910.19,227.5475,543,0
16412.0,5,647.23,311,2010-02-04 13:46:00,2011-10-17 12:35:00,84,United Kingdom,53,5,647.23,129.446,311,0
16413.0,2,528.98,284,2010-11-29 12:49:00,2011-10-14 12:08:00,55,United Kingdom,56,2,528.98,264.49,284,0
16414.0,5,559.71,202,2010-01-14 10:21:00,2011-11-18 09:42:00,58,United Kingdom,21,5,559.71,111.942,202,0
16415.0,3,719.44,527,2010-02-01 12:30:00,2011-10-26 13:35:00,120,United Kingdom,44,3,719.44,239.81333333333336,527,0
16416.0,9,2972.88,2210,2010-02-23 12:00:00,2011-11-13 12:50:00,146,United Kingdom,26,9,2972.88,330.32,2210,0
16417.0,1,35.7,6,2010-08-04 09:08:00,2010-08-04 09:08:00,1,United Kingdom,492,1,35.7,35.7,6,1
16418.0,5,1101.94,580,2010-10-13 12:31:00,2011-10-26 12:39:00,121,United Kingdom,44,5,1101.94,220.388,580,0
16419.0,8,1487.42,721,2010-02-09 13:26:00,2011-08-19 12:33:00,62,United Kingdom,112,8,1487.42,185.9275,721,0
16420.0,1,75.0,120,2010-11-08 15:15:00,2010-11-08 15:15:00,2,United Kingdom,396,1,75.0,75.0,120,1
16421.0,3,526.27,123,2010-08-27 12:02:00,2010-11-28 13:31:00,35,United Kingdom,376,3,526.27,175.42333333333332,123,1
16422.0,109,63651.47,66369,2010-01-12 11:57:00,2011-11-22 14:00:00,111,United Kingdom,17,109,63651.47,583.9584403669725,66369,0
16423.0,1,346.12,230,2011-11-15 09:21:00,2011-11-15 09:21:00,18,United Kingdom,24,1,346.12,346.12,230,0
16424.0,2,443.06,212,2010-11-22 11:24:00,2011-06-01 13:40:00,10,United Kingdom,191,2,443.06,221.53,212,1
16425.0,1,302.7,199,2011-02-10 14:30:00,2011-02-10 14:30:00,21,United Kingdom,302,1,302.7,302.7,199,1
16426.0,10,1908.25,1243,2011-03-08 15:45:00,2011-12-07 14:01:00,211,United Kingdom,2,10,1908.25,190.825,1243,0
16427.0,2,241.06,156,2011-02-28 15:18:00,2011-03-21 17:10:00,8,United Kingdom,263,2,241.06,120.53,156,1
16428.0,3,660.28,595,2010-07-30 12:10:00,2010-10-22 12:22:00,121,United Kingdom,413,3,660.28,220.09333333333333,595,1
16429.0,1,284.55,9,2011-08-25 13:54:00,2011-08-25 13:54:00,2,United Kingdom,106,1,284.55,284.55,9,0
16430.0,7,1117.94,307,2010-01-27 12:45:00,2011-10-13 14:47:00,19,United Kingdom,57,7,1117.94,159.7057142857143,307,0
16431.0,3,642.81,453,2011-02-15 14:02:00,2011-05-10 14:09:00,51,United Kingdom,213,3,642.81,214.27,453,1
16432.0,1,287.4,276,2011-10-06 13:59:00,2011-10-06 13:59:00,8,United Kingdom,64,1,287.4,287.4,276,0
16433.0,2,384.52,214,2010-10-27 12:26:00,2011-11-11 14:09:00,33,United Kingdom,28,2,384.52,192.26,214,0
16434.0,12,2741.74,1338,2010-01-17 14:51:00,2011-11-10 14:28:00,126,United Kingdom,29,12,2741.74,228.47833333333327,1338,0
16435.0,3,1011.57,609,2010-07-13 13:29:00,2010-07-15 18:22:00,119,United Kingdom,512,3,1011.57,337.19,609,1
16436.0,3,329.34,239,2009-12-06 16:02:00,2010-02-09 13:19:00,37,United Kingdom,668,3,329.34,109.78,239,1
16437.0,2,301.25,197,2010-10-06 12:34:00,2010-11-23 16:59:00,17,United Kingdom,381,2,301.25,150.625,197,1
16438.0,5,798.35,463,2011-09-18 13:31:00,2011-12-04 10:51:00,74,United Kingdom,5,5,798.35,159.67000000000002,463,0
16439.0,1,310.70000000000005,74,2009-12-17 14:22:00,2009-12-17 14:22:00,9,United Kingdom,722,1,310.70000000000005,310.70000000000005,74,1
16440.0,6,3856.97,2108,2010-08-03 11:32:00,2011-12-02 12:02:00,202,United Kingdom,7,6,3856.97,642.8283333333333,2108,0
16441.0,5,1034.43,484,2010-03-22 18:00:00,2011-10-03 17:48:00,67,United Kingdom,67,5,1034.43,206.886,484,0
16442.0,5,899.47,583,2009-12-13 11:05:00,2011-12-08 11:43:00,226,United Kingdom,1,5,899.47,179.894,583,0
16443.0,1,162.24,96,2010-07-07 11:57:00,2010-07-07 11:57:00,1,United Kingdom,520,1,162.24,162.24,96,1
16444.0,17,3656.58,1959,2010-03-24 14:06:00,2011-10-24 13:50:00,217,United Kingdom,46,17,3656.58,215.0929411764706,1959,0
16445.0,4,602.73,299,2010-10-24 12:39:00,2011-11-06 12:32:00,143,United Kingdom,33,4,602.73,150.6825,299,0
16446.0,2,168472.5,80997,2011-05-18 09:52:00,2011-12-09 09:15:00,3,United Kingdom,0,2,168472.5,84236.25,80997,0
16447.0,3,775.14,323,2010-02-17 14:09:00,2011-07-27 12:45:00,59,United Kingdom,135,3,775.14,258.38,323,0
16448.0,2,367.87,179,2010-08-25 16:58:00,2011-05-25 16:28:00,45,United Kingdom,198,2,367.87,183.935,179,1
16449.0,2,707.69,367,2011-03-04 12:15:00,2011-05-26 10:25:00,40,United Kingdom,197,2,707.69,353.845,367,1
16450.0,3,1505.73,681,2010-02-21 15:46:00,2011-07-13 11:47:00,36,United Kingdom,149,3,1505.73,501.91,681,0
16451.0,3,1013.15,524,2009-12-04 15:11:00,2011-09-13 09:17:00,61,United Kingdom,87,3,1013.15,337.71666666666664,524,0
16452.0,2,332.17,199,2010-01-15 12:22:00,2010-03-19 12:39:00,14,United Kingdom,630,2,332.17,166.085,199,1
16453.0,2,251.71,139,2010-06-09 13:15:00,2010-06-27 12:46:00,15,United Kingdom,530,2,251.71,125.855,139,1
16454.0,4,30.950000000000003,9,2010-04-07 15:54:00,2011-10-26 11:40:00,4,United Kingdom,44,4,30.950000000000003,7.737500000000001,9,0
16455.0,11,4384.37,3103,2010-03-30 10:31:00,2011-10-07 12:17:00,111,United Kingdom,63,11,4384.37,398.5790909090909,3103,0
16456.0,13,6862.91,3725,2010-03-29 11:16:00,2011-09-01 13:50:00,226,United Kingdom,99,13,6862.91,527.9161538461539,3725,0
16457.0,1,208.36,140,2011-05-05 13:19:00,2011-05-05 13:19:00,9,United Kingdom,218,1,208.36,208.36,140,1
16458.0,30,5715.34,3406,2010-05-26 14:38:00,2011-12-07 09:34:00,91,United Kingdom,2,30,5715.34,190.5113333333333,3406,0
16459.0,1,71.78999999999999,59,2009-12-10 12:42:00,2009-12-10 12:42:00,5,United Kingdom,729,1,71.78999999999999,71.78999999999999,59,1
16460.0,3,814.72,879,2011-09-19 10:15:00,2011-11-11 13:46:00,128,United Kingdom,28,3,814.72,271.5733333333333,879,0
16461.0,3,1615.22,1039,2010-03-03 13:57:00,2011-06-15 12:07:00,223,United Kingdom,177,3,1615.22,538.4066666666666,1039,0
16462.0,3,136.0,16,2011-03-01 08:58:00,2011-09-27 10:24:00,1,United Kingdom,73,3,136.0,45.333333333333336,16,0
16463.0,4,1422.4,1163,2011-05-19 14:45:00,2011-11-18 14:01:00,74,United Kingdom,21,4,1422.4,355.6,1163,0
16464.0,3,1314.68,963,2011-07-20 13:53:00,2011-11-20 12:11:00,152,United Kingdom,19,3,1314.68,438.2266666666667,963,0
16465.0,2,746.24,504,2010-09-21 10:46:00,2010-10-15 09:27:00,45,United Kingdom,420,2,746.24,373.12,504,1
16466.0,15,3838.59,1806,2010-03-07 14:31:00,2011-11-06 11:35:00,207,United Kingdom,33,15,3838.59,255.906,1806,0
16467.0,7,2869.16,7384,2009-12-02 11:59:00,2010-07-19 11:49:00,14,United Kingdom,508,7,2869.16,409.88,7384,1
16468.0,3,787.52,371,2010-08-15 13:10:00,2011-09-26 14:13:00,38,United Kingdom,74,3,787.52,262.50666666666666,371,0
16469.0,5,828.91,345,2010-07-13 13:17:00,2011-11-16 12:25:00,167,United Kingdom,23,5,828.91,165.78199999999998,345,0
16470.0,11,2458.6,1357,2009-12-11 12:21:00,2011-10-19 12:11:00,286,United Kingdom,51,11,2458.6,223.5090909090909,1357,0
16471.0,4,1189.98,670,2010-02-25 10:07:00,2011-03-10 09:41:00,48,United Kingdom,274,4,1189.98,297.495,670,1
16472.0,2,789.6,252,2010-04-21 11:48:00,2010-10-01 13:56:00,39,United Kingdom,434,2,789.6,394.8,252,1
16473.0,4,470.83,296,2010-11-30 16:29:00,2011-06-28 09:10:00,26,United Kingdom,164,4,470.83,117.7075,296,0
16474.0,7,1871.5,943,2011-07-17 14:51:00,2011-12-02 13:02:00,237,United Kingdom,7,7,1871.5,267.35714285714283,943,0
16475.0,4,544.3,319,2011-03-11 09:39:00,2011-09-12 14:37:00,23,United Kingdom,88,4,544.3,136.075,319,0
16476.0,1,350.35,187,2010-10-04 10:29:00,2010-10-04 10:29:00,24,United Kingdom,431,1,350.35,350.35,187,1
16477.0,11,4320.02,2632,2010-08-12 09:43:00,2011-10-07 09:44:00,177,United Kingdom,63,11,4320.02,392.7290909090909,2632,0
16478.0,3,331.0,224,2011-10-05 12:02:00,2011-11-14 15:51:00,15,United Kingdom,25,3,331.0,110.33333333333331,224,0
16479.0,2,300.83,102,2011-11-29 13:04:00,2011-11-29 13:40:00,35,United Kingdom,10,2,300.83,150.415,102,0
16480.0,1,769.29,455,2011-09-25 11:40:00,2011-09-25 11:40:00,51,United Kingdom,75,1,769.29,769.29,455,0
16481.0,1,453.38,201,2010-01-26 13:09:00,2010-01-26 13:09:00,16,United Kingdom,682,1,453.38,453.38,201,1
16482.0,1,220.62,346,2011-11-24 12:33:00,2011-11-24 12:33:00,18,United Kingdom,15,1,220.62,220.62,346,0
16483.0,1,139.35,44,2011-05-31 13:08:00,2011-05-31 13:08:00,19,United Kingdom,192,1,139.35,139.35,44,1
16484.0,2,404.3,200,2011-06-02 10:39:00,2011-06-19 12:06:00,25,United Kingdom,173,2,404.3,202.15,200,0
16485.0,5,2294.68,1154,2009-12-06 12:28:00,2011-09-23 15:50:00,126,United Kingdom,77,5,2294.68,458.936,1154,0
16486.0,1,134.36,24,2010-06-20 12:16:00,2010-06-20 12:16:00,7,United Kingdom,537,1,134.36,134.36,24,1
16487.0,2,209.4,163,2010-02-18 17:36:00,2010-05-11 13:38:00,28,United Kingdom,577,2,209.4,104.7,163,1
16488.0,3,498.8,728,2011-07-14 11:46:00,2011-11-06 13:42:00,28,United Kingdom,33,3,498.8,166.26666666666668,728,0
16489.0,2,303.7,38,2010-09-29 15:02:00,2010-11-24 14:40:00,4,United Kingdom,380,2,303.7,151.85,38,1
16490.0,1,205.41000000000005,113,2010-09-29 16:30:00,2010-09-29 16:30:00,13,United Kingdom,436,1,205.41000000000005,205.41000000000005,113,1
16491.0,2,1533.16,1060,2010-10-22 15:42:00,2011-10-24 10:18:00,86,United Kingdom,46,2,1533.16,766.58,1060,0
16492.0,1,385.56,235,2010-06-17 08:20:00,2010-06-17 08:20:00,23,United Kingdom,540,1,385.56,385.56,235,1
16493.0,7,2132.09,1988,2010-03-26 13:05:00,2011-09-21 11:10:00,77,United Kingdom,79,7,2132.09,304.5842857142857,1988,0
16494.0,1,826.53,675,2011-02-16 12:49:00,2011-02-16 12:49:00,47,United Kingdom,296,1,826.53,826.53,675,1
16495.0,3,684.41,337,2011-03-08 16:38:00,2011-12-06 13:20:00,78,United Kingdom,3,3,684.41,228.13666666666663,337,0
16496.0,6,2330.77,1764,2010-07-18 13:42:00,2011-12-01 10:31:00,120,United Kingdom,8,6,2330.77,388.4616666666666,1764,0
16497.0,23,6695.28,3050,2009-12-03 14:11:00,2011-10-21 10:55:00,239,United Kingdom,49,23,6695.28,291.0991304347826,3050,0
16498.0,2,100.97,45,2011-06-30 19:52:00,2011-07-01 15:07:00,15,United Kingdom,161,2,100.97,50.485,45,0
16499.0,8,2578.34,1364,2010-06-11 12:22:00,2010-12-14 13:31:00,104,United Kingdom,360,8,2578.34,322.2925,1364,1
16500.0,9,843.9100000000001,386,2010-06-14 14:54:00,2011-12-05 12:04:00,24,United Kingdom,4,9,843.9100000000001,93.76777777777778,386,0
16501.0,1,1237.23,642,2010-11-21 14:10:00,2010-11-21 14:10:00,181,United Kingdom,383,1,1237.23,1237.23,642,1
16502.0,2,266.5,251,2010-03-29 13:39:00,2010-03-29 13:44:00,41,United Kingdom,620,2,266.5,133.25,251,1
16503.0,11,3614.34,1535,2010-06-21 14:07:00,2011-08-25 11:46:00,161,United Kingdom,106,11,3614.34,328.5763636363636,1535,0
16504.0,1,484.38,524,2011-11-14 15:18:00,2011-11-14 15:18:00,76,United Kingdom,25,1,484.38,484.38,524,0
16505.0,1,777.6,576,2011-11-08 12:14:00,2011-11-08 12:14:00,4,United Kingdom,31,1,777.6,777.6,576,0
16506.0,2,90.3,42,2011-10-30 15:50:00,2011-11-20 12:17:00,3,United Kingdom,19,2,90.3,45.15,42,0
16507.0,1,152.76,116,2010-05-16 12:56:00,2010-05-16 12:56:00,37,United Kingdom,572,1,152.76,152.76,116,1
16508.0,1,248.8,106,2010-03-19 13:41:00,2010-03-19 13:41:00,42,United Kingdom,630,1,248.8,248.8,106,1
16509.0,1,363.7,64,2011-02-16 09:25:00,2011-02-16 09:25:00,13,United Kingdom,296,1,363.7,363.7,64,1
16510.0,6,2100.0,1076,2010-01-17 12:30:00,2010-12-02 13:39:00,94,United Kingdom,372,6,2100.0,350.0,1076,1
16511.0,6,1819.02,787,2010-03-01 12:21:00,2011-11-18 10:41:00,235,United Kingdom,21,6,1819.02,303.17,787,0
16513.0,4,874.59,407,2011-10-27 14:56:00,2011-12-05 10:18:00,33,United Kingdom,4,4,874.59,218.6475,407,0
16515.0,10,3216.3,1601,2010-06-17 12:17:00,2011-10-18 13:10:00,184,United Kingdom,52,10,3216.3,321.63,1601,0
16516.0,1,101.7,58,2011-11-09 14:59:00,2011-11-09 14:59:00,6,United Kingdom,30,1,101.7,101.7,58,0
16517.0,1,162.7,96,2011-03-07 13:50:00,2011-03-07 13:50:00,17,United Kingdom,277,1,162.7,162.7,96,1
16518.0,4,959.37,524,2010-06-01 13:31:00,2011-10-09 15:04:00,61,United Kingdom,61,4,959.37,239.8425,524,0
16519.0,4,556.26,176,2010-03-01 13:51:00,2011-11-14 15:41:00,32,United Kingdom,25,4,556.26,139.065,176,0
16520.0,6,2482.62,1266,2010-03-02 16:50:00,2011-06-06 13:24:00,251,United Kingdom,186,6,2482.62,413.77,1266,1
16521.0,3,1148.01,1016,2010-03-01 13:22:00,2010-10-20 13:09:00,212,United Kingdom,415,3,1148.01,382.67,1016,1
16522.0,2,433.36,212,2010-09-15 13:32:00,2010-09-30 10:54:00,16,United Kingdom,435,2,433.36,216.68,212,1
16523.0,28,11916.33,4979,2010-01-24 13:14:00,2011-12-08 09:06:00,180,United Kingdom,1,28,11916.33,425.5832142857143,4979,0
16524.0,2,308.14,260,2010-01-17 13:16:00,2010-09-19 13:37:00,50,United Kingdom,446,2,308.14,154.07,260,1
16525.0,48,24582.64,14630,2009-12-02 13:53:00,2011-12-07 15:07:00,115,United Kingdom,2,48,24582.64,512.1383333333333,14630,0
16526.0,2,717.21,279,2010-05-04 16:34:00,2011-06-21 12:02:00,30,United Kingdom,171,2,717.21,358.605,279,0
16527.0,2,1272.44,726,2010-10-11 13:25:00,2011-09-19 16:21:00,66,United Kingdom,81,2,1272.44,636.22,726,0
16528.0,1,244.41,171,2011-12-06 12:45:00,2011-12-06 12:45:00,17,United Kingdom,3,1,244.41,244.41,171,0
16529.0,4,2012.0,751,2010-06-27 13:29:00,2011-06-02 17:23:00,87,United Kingdom,190,4,2012.0,503.0,751,1
16530.0,1,48.35,17,2010-02-09 15:30:00,2010-02-09 15:30:00,3,United Kingdom,668,1,48.35,48.35,17,1
16531.0,11,2298.33,1863,2010-09-24 09:49:00,2011-11-17 16:29:00,109,United Kingdom,22,11,2298.33,208.9390909090909,1863,0
16532.0,5,8756.64,2544,2010-03-29 10:26:00,2011-11-22 11:08:00,2,United Kingdom,17,5,8756.64,1751.328,2544,0
16533.0,3,1095.56,612,2011-10-02 15:07:00,2011-11-20 13:08:00,112,United Kingdom,19,3,1095.56,365.18666666666667,612,0
16534.0,1,635.9,168,2010-03-07 15:47:00,2010-03-07 15:47:00,36,United Kingdom,642,1,635.9,635.9,168,1
16535.0,3,1001.59,685,2010-01-28 15:26:00,2011-12-04 15:18:00,67,United Kingdom,5,3,1001.59,333.86333333333334,685,0
16536.0,1,548.97,251,2011-08-21 15:54:00,2011-08-21 15:54:00,49,United Kingdom,110,1,548.97,548.97,251,0
16537.0,1,23.35,59,2010-03-08 13:41:00,2010-03-08 13:41:00,3,United Kingdom,641,1,23.35,23.35,59,1
16538.0,3,399.62,257,2010-04-23 16:25:00,2010-06-16 16:59:00,35,United Kingdom,541,3,399.62,133.20666666666668,257,1
16539.0,10,3732.01,1315,2010-06-25 15:24:00,2011-12-07 08:41:00,83,United Kingdom,2,10,3732.01,373.201,1315,0
16540.0,1,226.7,114,2010-10-21 17:22:00,2010-10-21 17:22:00,25,United Kingdom,414,1,226.7,226.7,114,1
16541.0,1,424.03,173,2009-12-04 13:22:00,2009-12-04 13:22:00,38,United Kingdom,735,1,424.03,424.03,173,1
16542.0,2,257.32,142,2010-11-03 14:44:00,2011-10-17 10:47:00,13,United Kingdom,53,2,257.32,128.66,142,0
16543.0,1,292.21,317,2010-04-27 11:38:00,2010-04-27 11:38:00,18,United Kingdom,591,1,292.21,292.21,317,1
16544.0,4,376.7000000000001,150,2010-02-15 13:20:00,2010-07-08 11:11:00,8,United Kingdom,519,4,376.7000000000001,94.17500000000004,150,1
16545.0,2,689.82,322,2010-11-29 10:39:00,2011-06-28 10:37:00,6,United Kingdom,164,2,689.82,344.91,322,0
16546.0,5,5606.47,4367,2010-09-23 15:43:00,2011-02-22 11:20:00,75,United Kingdom,290,5,5606.47,1121.294,4367,1
16547.0,1,111.71,113,2010-06-11 13:02:00,2010-06-11 13:02:00,25,United Kingdom,546,1,111.71,111.71,113,1
16548.0,1,30.15,6,2010-04-19 16:15:00,2010-04-19 16:15:00,6,United Kingdom,599,1,30.15,30.15,6,1
16549.0,34,13182.19,7278,2010-03-28 15:45:00,2011-11-29 15:06:00,836,United Kingdom,10,34,13182.19,387.7114705882353,7278,0
16550.0,18,9435.13,5727,2009-12-02 11:24:00,2011-08-23 11:12:00,274,United Kingdom,108,18,9435.13,524.1738888888889,5727,0
16551.0,7,2237.12,2076,2009-12-13 16:12:00,2011-09-05 09:38:00,67,United Kingdom,95,7,2237.12,319.5885714285714,2076,0
16552.0,2,475.02,258,2010-12-01 12:36:00,2011-04-11 10:04:00,17,United Kingdom,242,2,475.02,237.51,258,1
16553.0,33,16644.01,16475,2010-02-11 18:46:00,2011-06-29 15:42:00,195,United Kingdom,163,33,16644.01,504.36393939393935,16475,0
16554.0,8,2841.72,1346,2009-12-15 09:42:00,2011-10-28 14:51:00,108,United Kingdom,42,8,2841.72,355.215,1346,0
16555.0,6,1915.68,1816,2010-07-22 13:39:00,2011-11-04 14:31:00,59,United Kingdom,35,6,1915.68,319.28000000000003,1816,0
16556.0,17,8012.58,4353,2009-12-07 10:51:00,2011-10-04 11:36:00,280,United Kingdom,66,17,8012.58,471.3282352941176,4353,0
16557.0,2,281.85,111,2011-07-25 13:28:00,2011-11-15 14:04:00,11,United Kingdom,24,2,281.85,140.925,111,0
16558.0,38,13873.51,8088,2009-12-03 18:11:00,2011-12-09 10:20:00,383,United Kingdom,0,38,13873.51,365.09236842105264,8088,0
16559.0,1,185.2,73,2010-11-07 13:52:00,2010-11-07 13:52:00,17,United Kingdom,397,1,185.2,185.2,73,1
16560.0,8,3048.38,1603,2009-12-08 12:05:00,2011-11-13 10:35:00,140,United Kingdom,26,8,3048.38,381.0475,1603,0
16561.0,2,511.12,244,2011-10-11 09:53:00,2011-12-04 11:50:00,29,United Kingdom,5,2,511.12,255.56,244,0
16562.0,1,223.86,264,2010-08-20 11:45:00,2010-08-20 11:45:00,34,United Kingdom,476,1,223.86,223.86,264,1
16563.0,6,4422.76,2596,2009-12-01 18:35:00,2011-10-17 11:51:00,55,United Kingdom,53,6,4422.76,737.1266666666667,2596,0
16564.0,1,87.8,40,2010-05-19 14:41:00,2010-05-19 14:41:00,5,United Kingdom,569,1,87.8,87.8,40,1
16565.0,4,773.05,211,2010-06-02 12:47:00,2010-12-10 15:21:00,7,United Kingdom,364,4,773.05,193.2625,211,1
16566.0,5,614.66,362,2011-02-20 10:29:00,2011-11-24 16:34:00,14,United Kingdom,15,5,614.66,122.932,362,0
16567.0,2,865.6,996,2011-01-07 09:31:00,2011-05-29 13:57:00,34,United Kingdom,194,2,865.6,432.8,996,1
16568.0,2,1020.9,366,2010-03-08 14:51:00,2010-10-08 10:54:00,5,United Kingdom,427,2,1020.9,510.45,366,1
16569.0,5,1455.23,988,2009-12-16 15:05:00,2011-12-06 15:32:00,27,United Kingdom,3,5,1455.23,291.046,988,0
16570.0,20,7434.31,4292,2010-03-30 09:32:00,2011-11-24 17:02:00,114,United Kingdom,15,20,7434.31,371.7155,4292,0
16571.0,10,4248.74,3703,2010-03-18 09:12:00,2011-11-13 11:46:00,151,United Kingdom,26,10,4248.74,424.874,3703,0
16572.0,3,1009.6,532,2011-03-09 12:04:00,2011-08-04 16:34:00,40,United Kingdom,127,3,1009.6,336.53333333333336,532,0
16573.0,2,663.61,360,2011-02-22 15:14:00,2011-09-16 09:13:00,40,United Kingdom,84,2,663.61,331.805,360,0
16574.0,3,1301.78,1002,2010-02-19 11:46:00,2011-09-29 13:39:00,86,United Kingdom,71,3,1301.78,433.9266666666667,1002,0
16576.0,2,540.87,323,2010-07-06 10:42:00,2010-10-15 13:37:00,32,United Kingdom,420,2,540.87,270.435,323,1
16577.0,1,380.0,142,2010-02-11 09:45:00,2010-02-11 09:45:00,23,United Kingdom,666,1,380.0,380.0,142,1
16578.0,1,156.6,108,2010-03-23 15:11:00,2010-03-23 15:11:00,9,United Kingdom,626,1,156.6,156.6,108,1
16579.0,1,295.05,119,2010-10-10 11:58:00,2010-10-10 11:58:00,14,United Kingdom,425,1,295.05,295.05,119,1
16581.0,1,105.84,134,2011-06-10 10:05:00,2011-06-10 10:05:00,9,United Kingdom,182,1,105.84,105.84,134,1
16582.0,1,313.62,164,2011-08-18 17:02:00,2011-08-18 17:02:00,6,United Kingdom,113,1,313.62,313.62,164,0
16583.0,2,531.4,264,2010-02-04 12:18:00,2010-12-01 12:03:00,18,United Kingdom,373,2,531.4,265.7,264,1
16584.0,5,3163.67,1919,2010-02-16 10:41:00,2011-09-20 13:45:00,61,United Kingdom,80,5,3163.67,632.734,1919,0
16585.0,2,341.59,151,2010-01-13 13:31:00,2010-04-25 10:34:00,16,United Kingdom,593,2,341.59,170.795,151,1
16586.0,3,1462.78,348,2010-03-14 11:24:00,2011-04-05 09:32:00,27,United Kingdom,248,3,1462.78,487.5933333333333,348,1
16587.0,1,225.15,71,2011-04-21 15:51:00,2011-04-21 15:51:00,13,United Kingdom,232,1,225.15,225.15,71,1
16588.0,4,1361.28,882,2010-05-14 13:43:00,2010-11-18 17:56:00,64,United Kingdom,386,4,1361.28,340.32,882,1
16589.0,4,612.36,536,2010-09-15 14:56:00,2011-09-29 14:50:00,39,United Kingdom,71,4,612.36,153.09,536,0
16590.0,2,605.9,240,2010-10-21 12:09:00,2010-11-04 09:06:00,26,United Kingdom,400,2,605.9,302.95,240,1
16591.0,1,213.5,41,2011-10-02 10:43:00,2011-10-02 10:43:00,10,United Kingdom,68,1,213.5,213.5,41,0
16592.0,28,7807.91,5504,2009-12-18 15:57:00,2011-12-05 13:49:00,221,United Kingdom,4,28,7807.91,278.8539285714286,5504,0
16593.0,8,1071.14,377,2009-12-05 10:44:00,2011-10-20 12:41:00,57,United Kingdom,50,8,1071.14,133.8925,377,0
16594.0,1,181.09,64,2011-09-25 14:08:00,2011-09-25 14:08:00,53,United Kingdom,75,1,181.09,181.09,64,0
16595.0,5,1810.18,1378,2010-01-17 12:12:00,2011-10-09 13:15:00,337,United Kingdom,61,5,1810.18,362.036,1378,0
16596.0,4,579.63,227,2009-12-10 13:09:00,2011-11-24 10:02:00,23,United Kingdom,15,4,579.63,144.9075,227,0
16597.0,1,90.04,184,2011-12-05 15:44:00,2011-12-05 15:44:00,7,United Kingdom,4,1,90.04,90.04,184,0
16598.0,1,145.04999999999998,73,2011-02-27 11:42:00,2011-02-27 11:42:00,10,United Kingdom,285,1,145.04999999999998,145.04999999999998,73,1
16599.0,1,172.8,159,2010-11-19 12:45:00,2010-11-19 12:45:00,12,United Kingdom,385,1,172.8,172.8,159,1
16600.0,13,2153.41,2420,2009-12-18 12:59:00,2011-12-05 16:00:00,106,United Kingdom,4,13,2153.41,165.64692307692306,2420,0
16601.0,3,684.25,395,2010-03-26 13:39:00,2011-10-30 11:09:00,60,United Kingdom,40,3,684.25,228.08333333333331,395,0
16602.0,2,763.33,429,2010-11-16 09:13:00,2011-11-03 15:54:00,37,United Kingdom,36,2,763.33,381.665,429,0
16603.0,2,482.47,480,2011-09-09 13:02:00,2011-09-26 10:06:00,34,United Kingdom,74,2,482.47,241.235,480,0
16604.0,2,432.45,175,2010-05-20 16:34:00,2010-05-26 09:10:00,10,United Kingdom,562,2,432.45,216.225,175,1
16605.0,1,60.48,144,2009-12-15 19:03:00,2009-12-15 19:03:00,1,United Kingdom,724,1,60.48,60.48,144,1
16606.0,2,357.66,148,2010-10-01 13:21:00,2010-10-31 13:57:00,16,United Kingdom,404,2,357.66,178.83,148,1
16607.0,25,5706.87,4436,2010-04-29 14:01:00,2011-11-22 10:24:00,212,United Kingdom,17,25,5706.87,228.2748,4436,0
16608.0,2,1288.72,613,2010-02-14 11:57:00,2010-09-12 11:44:00,94,United Kingdom,453,2,1288.72,644.36,613,1
16609.0,7,5493.46,2420,2011-04-01 10:11:00,2011-11-24 13:32:00,155,United Kingdom,15,7,5493.46,784.78,2420,0
16610.0,1,75.66,66,2011-05-04 13:13:00,2011-05-04 13:13:00,6,United Kingdom,219,1,75.66,75.66,66,1
16611.0,6,1785.13,874,2010-03-10 16:07:00,2011-06-06 15:46:00,86,United Kingdom,186,6,1785.13,297.5216666666667,874,1
16612.0,9,3245.43,1419,2009-12-03 15:54:00,2011-11-07 07:38:00,105,United Kingdom,32,9,3245.43,360.6033333333333,1419,0
16613.0,1,618.59,293,2011-09-30 15:52:00,2011-09-30 15:52:00,30,United Kingdom,70,1,618.59,618.59,293,0
16614.0,3,1179.79,349,2010-05-10 15:18:00,2011-06-10 11:36:00,37,United Kingdom,182,3,1179.79,393.2633333333333,349,1
16615.0,1,291.5,211,2010-03-23 15:13:00,2010-03-23 15:13:00,19,United Kingdom,626,1,291.5,291.5,211,1
16616.0,2,500.42,370,2011-07-05 13:38:00,2011-11-24 16:31:00,31,United Kingdom,15,2,500.42,250.21,370,0
16617.0,1,151.85,91,2011-04-18 10:35:00,2011-04-18 10:35:00,5,United Kingdom,235,1,151.85,151.85,91,1
16618.0,5,2647.59,1363,2011-01-21 11:55:00,2011-11-08 13:52:00,79,United Kingdom,31,5,2647.59,529.518,1363,0
16619.0,4,1938.33,1055,2010-02-22 12:05:00,2011-03-21 08:18:00,103,United Kingdom,263,4,1938.33,484.5825,1055,1
16620.0,6,1758.93,1146,2009-12-01 14:35:00,2011-12-06 12:19:00,78,United Kingdom,3,6,1758.93,293.15500000000003,1146,0
16621.0,4,813.48,302,2011-03-07 11:32:00,2011-10-19 11:38:00,22,United Kingdom,51,4,813.48,203.37,302,0
16622.0,1,225.4,44,2010-06-14 10:44:00,2010-06-14 10:44:00,12,United Kingdom,543,1,225.4,225.4,44,1
16623.0,4,1015.24,442,2010-04-26 14:04:00,2011-04-08 10:09:00,44,United Kingdom,245,4,1015.24,253.81,442,1
16624.0,2,810.5699999999999,488,2011-05-26 14:20:00,2011-09-20 12:39:00,44,United Kingdom,80,2,810.5699999999999,405.285,488,0
16625.0,5,1654.03,1057,2010-06-14 11:56:00,2011-03-10 12:50:00,82,United Kingdom,274,5,1654.03,330.806,1057,1
16626.0,17,4413.1,2690,2011-03-18 12:27:00,2011-12-09 11:56:00,86,United Kingdom,0,17,4413.1,259.59411764705885,2690,0
16627.0,1,322.8,162,2011-09-21 14:38:00,2011-09-21 14:38:00,20,United Kingdom,79,1,322.8,322.8,162,0
16628.0,7,2318.1,1260,2010-03-08 12:24:00,2011-11-10 12:45:00,84,United Kingdom,29,7,2318.1,331.15714285714284,1260,0
16629.0,2,417.73,493,2011-09-04 16:12:00,2011-09-27 10:34:00,58,United Kingdom,73,2,417.73,208.865,493,0
16630.0,1,106.8,72,2010-10-28 14:30:00,2010-10-28 14:30:00,4,United Kingdom,407,1,106.8,106.8,72,1
16631.0,7,1892.52,775,2010-02-26 10:49:00,2010-08-15 11:20:00,46,United Kingdom,481,7,1892.52,270.36,775,1
16632.0,2,406.4,256,2010-05-07 16:46:00,2010-08-11 11:39:00,22,United Kingdom,485,2,406.4,203.2,256,1
16633.0,6,2883.1,1138,2011-04-19 14:36:00,2011-11-22 13:41:00,115,United Kingdom,17,6,2883.1,480.51666666666665,1138,0
16634.0,6,1814.61,1321,2010-01-21 09:30:00,2011-05-01 12:09:00,72,United Kingdom,222,6,1814.61,302.435,1321,1
16635.0,1,473.0,277,2010-10-29 09:41:00,2010-10-29 09:41:00,25,United Kingdom,406,1,473.0,473.0,277,1
16636.0,4,3802.04,2186,2010-03-03 14:06:00,2010-09-27 13:13:00,62,United Kingdom,438,4,3802.04,950.51,2186,1
16637.0,4,1154.47,927,2011-04-28 10:20:00,2011-11-07 13:17:00,66,United Kingdom,32,4,1154.47,288.6175,927,0
16638.0,15,2430.53,1651,2010-08-18 13:33:00,2011-11-17 11:09:00,130,United Kingdom,22,15,2430.53,162.03533333333334,1651,0
16639.0,4,1747.98,751,2010-10-26 18:23:00,2011-11-08 13:20:00,76,United Kingdom,31,4,1747.98,436.995,751,0
16640.0,1,179.4,146,2010-11-07 10:48:00,2010-11-07 10:48:00,13,United Kingdom,397,1,179.4,179.4,146,1
16641.0,2,554.5,454,2010-01-07 12:22:00,2011-08-26 12:49:00,36,United Kingdom,105,2,554.5,277.25,454,0
16642.0,3,1077.45,775,2010-10-20 14:22:00,2011-12-05 11:31:00,50,United Kingdom,4,3,1077.45,359.15000000000003,775,0
16643.0,2,923.11,553,2010-10-13 09:47:00,2011-04-08 08:24:00,48,United Kingdom,245,2,923.11,461.555,553,1
16644.0,2,833.78,826,2011-05-11 12:53:00,2011-06-15 12:39:00,62,United Kingdom,177,2,833.78,416.89,826,0
16645.0,1,160.39,117,2009-12-04 09:49:00,2009-12-04 09:49:00,14,United Kingdom,735,1,160.39,160.39,117,1
16646.0,1,678.8,1072,2010-09-16 13:28:00,2010-09-16 13:28:00,29,United Kingdom,449,1,678.8,678.8,1072,1
16647.0,4,541.9,396,2010-06-13 15:52:00,2011-06-23 11:47:00,28,United Kingdom,169,4,541.9,135.475,396,0
16648.0,3,672.8,503,2010-04-28 14:58:00,2011-10-28 08:58:00,37,United Kingdom,42,3,672.8,224.26666666666665,503,0
16649.0,1,306.58000000000004,82,2010-07-07 15:41:00,2010-07-07 15:41:00,20,United Kingdom,520,1,306.58000000000004,306.58000000000004,82,1
16650.0,7,1916.11,1511,2010-07-08 14:18:00,2011-09-29 09:51:00,71,United Kingdom,71,7,1916.11,273.73,1511,0
16651.0,1,136.2,60,2010-05-02 11:46:00,2010-05-02 11:46:00,6,United Kingdom,586,1,136.2,136.2,60,1
16652.0,16,17550.39,7477,2010-03-17 10:22:00,2011-10-12 09:38:00,124,United Kingdom,58,16,17550.39,1096.899375,7477,0
16653.0,2,1212.66,733,2011-09-29 13:38:00,2011-11-23 14:51:00,67,United Kingdom,16,2,1212.66,606.33,733,0
16654.0,8,1711.47,703,2010-04-06 13:29:00,2011-07-21 15:23:00,64,United Kingdom,141,8,1711.47,213.93375,703,0
16655.0,13,6548.37,4013,2010-01-31 15:40:00,2011-11-22 11:25:00,408,United Kingdom,17,13,6548.37,503.7207692307693,4013,0
16656.0,30,16833.170000000002,15433,2009-12-04 12:59:00,2011-11-17 14:43:00,22,United Kingdom,22,30,16833.170000000002,561.1056666666667,15433,0
16657.0,4,933.62,1229,2011-03-30 12:02:00,2011-11-30 11:48:00,158,United Kingdom,9,4,933.62,233.405,1229,0
16658.0,6,814.07,317,2010-03-30 16:24:00,2010-12-06 13:47:00,49,United Kingdom,368,6,814.07,135.67833333333334,317,1
16659.0,1,39.12,72,2011-06-03 15:03:00,2011-06-03 15:03:00,2,United Kingdom,189,1,39.12,39.12,72,1
16660.0,7,1879.55,991,2010-01-14 11:09:00,2011-11-23 14:53:00,20,United Kingdom,16,7,1879.55,268.50714285714287,991,0
16661.0,4,986.63,385,2009-12-17 15:39:00,2010-06-17 15:24:00,50,United Kingdom,540,4,986.63,246.6575,385,1
16662.0,1,163.8,36,2010-11-10 16:56:00,2010-11-10 16:56:00,28,United Kingdom,394,1,163.8,163.8,36,1
16663.0,1,165.0,100,2009-12-10 13:12:00,2009-12-10 13:12:00,1,United Kingdom,729,1,165.0,165.0,100,1
16664.0,1,109.2,24,2010-05-19 17:11:00,2010-05-19 17:11:00,8,United Kingdom,569,1,109.2,109.2,24,1
16665.0,1,135.39999999999998,59,2010-12-12 14:03:00,2010-12-12 14:03:00,9,United Kingdom,362,1,135.39999999999998,135.39999999999998,59,1
16666.0,2,225.94,367,2010-03-28 15:13:00,2011-11-20 14:01:00,42,United Kingdom,19,2,225.94,112.97,367,0
16667.0,2,570.13,237,2011-02-28 12:57:00,2011-10-02 15:26:00,52,United Kingdom,68,2,570.13,285.065,237,0
16668.0,13,862.42,773,2010-03-18 18:25:00,2011-11-24 17:43:00,28,United Kingdom,15,13,862.42,66.34,773,0
16669.0,3,1374.87,888,2011-09-22 14:13:00,2011-11-16 12:26:00,141,United Kingdom,23,3,1374.87,458.29,888,0
16670.0,20,8030.150000000001,4534,2009-12-10 15:28:00,2011-11-23 09:34:00,258,United Kingdom,16,20,8030.150000000001,401.5075000000001,4534,0
16671.0,3,1692.27,875,2011-06-28 11:20:00,2011-11-11 13:40:00,3,United Kingdom,28,3,1692.27,564.09,875,0
16672.0,20,8134.94,2832,2011-03-18 10:15:00,2011-12-07 16:29:00,22,United Kingdom,2,20,8134.94,406.747,2832,0
16673.0,1,188.83,101,2010-01-29 14:22:00,2010-01-29 14:22:00,19,United Kingdom,679,1,188.83,188.83,101,1
16674.0,2,319.61,188,2011-09-02 13:59:00,2011-10-16 11:31:00,89,United Kingdom,54,2,319.61,159.805,188,0
16675.0,2,608.86,296,2010-08-18 13:11:00,2010-09-24 12:15:00,21,United Kingdom,441,2,608.86,304.43,296,1
16676.0,6,2361.9,927,2010-10-17 13:07:00,2011-11-06 12:01:00,106,United Kingdom,33,6,2361.9,393.65,927,0
16677.0,2,880.62,457,2010-02-25 16:11:00,2010-10-24 14:53:00,45,United Kingdom,411,2,880.62,440.31,457,1
16678.0,12,3109.99,2397,2011-03-02 09:24:00,2011-12-07 12:17:00,92,United Kingdom,2,12,3109.99,259.1658333333333,2397,0
16679.0,3,793.06,276,2010-06-10 18:35:00,2010-12-08 13:51:00,15,United Kingdom,366,3,793.06,264.3533333333333,276,1
16680.0,3,821.45,377,2010-06-23 09:30:00,2011-10-27 17:35:00,24,United Kingdom,43,3,821.45,273.81666666666666,377,0
16681.0,7,1921.84,1492,2010-03-08 14:10:00,2011-09-28 11:11:00,22,United Kingdom,72,7,1921.84,274.5485714285714,1492,0
16682.0,5,1028.0,1040,2011-06-05 11:02:00,2011-12-05 12:13:00,15,United Kingdom,4,5,1028.0,205.6,1040,0
16683.0,1,320.25,190,2010-06-24 10:36:00,2010-06-24 10:36:00,18,United Kingdom,533,1,320.25,320.25,190,1
16684.0,55,147142.77,104810,2009-12-07 12:56:00,2011-12-05 14:06:00,184,United Kingdom,4,55,147142.77,2675.3230909090908,104810,0
16685.0,2,324.24,396,2011-10-09 13:44:00,2011-10-09 13:58:00,60,United Kingdom,61,2,324.24,162.12,396,0
16686.0,16,5070.92,3510,2009-12-06 15:48:00,2011-10-23 13:49:00,549,United Kingdom,47,16,5070.92,316.9325,3510,0
16687.0,1,157.63,141,2010-11-14 11:46:00,2010-11-14 11:46:00,8,United Kingdom,390,1,157.63,157.63,141,1
16688.0,4,1260.86,804,2011-10-10 12:23:00,2011-12-08 15:24:00,52,United Kingdom,1,4,1260.86,315.215,804,0
16689.0,2,422.6,330,2011-09-18 13:29:00,2011-09-25 11:39:00,12,United Kingdom,75,2,422.6,211.3,330,0
16690.0,4,353.03,209,2010-09-14 15:00:00,2011-09-28 15:02:00,12,United Kingdom,72,4,353.03,88.2575,209,0
16691.0,2,178.83,92,2010-05-27 14:55:00,2010-10-17 15:03:00,11,United Kingdom,418,2,178.83,89.415,92,1
16692.0,4,1914.7,878,2010-09-24 11:31:00,2011-03-28 14:46:00,3,United Kingdom,256,4,1914.7,478.675,878,1
16693.0,5,1199.46,688,2010-02-21 12:42:00,2011-10-02 11:10:00,149,United Kingdom,68,5,1199.46,239.892,688,0
16694.0,1,98.3,26,2009-12-16 15:45:00,2009-12-16 15:45:00,3,United Kingdom,723,1,98.3,98.3,26,1
16695.0,2,193.15,185,2010-05-27 12:24:00,2010-05-27 12:36:00,30,United Kingdom,561,2,193.15,96.575,185,1
16696.0,4,657.9000000000001,146,2011-04-05 15:20:00,2011-07-27 14:23:00,7,United Kingdom,135,4,657.9000000000001,164.47500000000002,146,0
16697.0,1,112.75,27,2011-04-12 17:12:00,2011-04-12 17:12:00,20,United Kingdom,241,1,112.75,112.75,27,1
16698.0,2,1998.0,840,2011-03-31 13:33:00,2011-04-27 10:52:00,4,United Kingdom,226,2,1998.0,999.0,840,1
16699.0,7,994.6,640,2009-12-04 13:31:00,2010-11-24 14:38:00,51,United Kingdom,380,7,994.6,142.0857142857143,640,1
16700.0,25,9167.71,6882,2009-12-02 10:51:00,2011-12-01 11:00:00,263,United Kingdom,8,25,9167.71,366.7084,6882,0
16701.0,26,9916.73,11046,2009-12-01 19:19:00,2011-12-01 11:10:00,154,United Kingdom,8,26,9916.73,381.4126923076923,11046,0
16702.0,4,1110.83,692,2009-12-07 16:40:00,2010-10-20 14:10:00,84,United Kingdom,415,4,1110.83,277.7075,692,1
16704.0,2,695.66,455,2010-02-05 14:14:00,2010-03-31 14:02:00,50,United Kingdom,618,2,695.66,347.83,455,1
16705.0,42,43515.051,22302,2009-12-09 13:34:00,2011-12-09 12:08:00,400,United Kingdom,0,42,43515.051,1036.072642857143,22302,0
16706.0,3,531.35,249,2011-08-17 15:53:00,2011-11-02 13:50:00,108,United Kingdom,37,3,531.35,177.11666666666667,249,0
16707.0,4,551.11,402,2010-03-09 15:16:00,2010-11-04 14:39:00,64,United Kingdom,400,4,551.11,137.7775,402,1
16708.0,1,656.63,285,2011-10-25 12:20:00,2011-10-25 12:20:00,27,United Kingdom,45,1,656.63,656.63,285,0
16709.0,14,9087.46,3276,2009-12-09 13:16:00,2011-09-16 10:56:00,220,United Kingdom,84,14,9087.46,649.1042857142857,3276,0
16710.0,22,6349.09,4399,2009-12-04 13:41:00,2011-11-20 14:50:00,541,United Kingdom,19,22,6349.09,288.595,4399,0
16711.0,9,2868.48,1212,2009-12-02 13:22:00,2011-12-06 16:32:00,26,United Kingdom,3,9,2868.48,318.72,1212,0
16712.0,13,4266.99,2093,2010-11-03 15:45:00,2011-11-30 13:48:00,301,United Kingdom,9,13,4266.99,328.23,2093,0
16713.0,32,14560.69,8683,2009-12-15 12:49:00,2011-11-21 12:36:00,541,United Kingdom,18,32,14560.69,455.0215625,8683,0
16714.0,4,1529.8,849,2010-02-07 11:17:00,2011-05-05 11:09:00,95,United Kingdom,218,4,1529.8,382.45,849,1
16715.0,2,625.52,1174,2010-05-26 12:35:00,2011-09-22 18:15:00,27,United Kingdom,78,2,625.52,312.76,1174,0
16716.0,3,2149.6800000000003,912,2010-03-19 11:05:00,2011-03-18 10:03:00,7,United Kingdom,266,3,2149.6800000000003,716.5600000000001,912,1
16717.0,14,6986.2300000000005,3226,2009-12-07 15:55:00,2011-11-16 12:16:00,274,United Kingdom,23,14,6986.2300000000005,499.0164285714286,3226,0
16718.0,5,3647.53,2343,2009-12-06 13:07:00,2010-12-05 13:03:00,123,United Kingdom,369,5,3647.53,729.5060000000001,2343,1
16719.0,14,3973.3,2536,2009-12-13 10:59:00,2011-11-25 09:27:00,204,United Kingdom,14,14,3973.3,283.8071428571429,2536,0
16720.0,3,795.48,479,2009-12-17 17:54:00,2011-11-13 16:22:00,130,United Kingdom,26,3,795.48,265.16,479,0
16721.0,1,292.47,172,2011-03-22 16:08:00,2011-03-22 16:08:00,37,United Kingdom,262,1,292.47,292.47,172,1
16722.0,22,8989.08,8580,2009-12-03 19:23:00,2011-11-22 13:28:00,145,United Kingdom,17,22,8989.08,408.5945454545454,8580,0
16723.0,4,1301.63,1002,2009-12-04 13:23:00,2011-09-09 13:01:00,108,United Kingdom,91,4,1301.63,325.4075,1002,0
16724.0,1,147.35,69,2010-10-31 11:40:00,2010-10-31 11:40:00,17,United Kingdom,404,1,147.35,147.35,69,1
16725.0,14,1882.11,784,2009-12-13 15:54:00,2011-02-10 16:52:00,242,United Kingdom,302,14,1882.11,134.43642857142856,784,1
16726.0,7,2088.41,1356,2010-10-24 16:09:00,2011-11-13 14:53:00,150,United Kingdom,26,7,2088.41,298.3442857142857,1356,0
16727.0,4,1437.42,1109,2010-01-20 10:48:00,2010-12-10 13:48:00,158,United Kingdom,364,4,1437.42,359.355,1109,1
16728.0,4,1054.67,677,2011-03-20 13:28:00,2011-10-24 14:36:00,218,United Kingdom,46,4,1054.67,263.6675,677,0
16729.0,21,7239.92,5783,2011-04-12 14:22:00,2011-11-01 14:29:00,234,United Kingdom,38,21,7239.92,344.7580952380952,5783,0
16730.0,3,743.11,994,2011-01-24 14:01:00,2011-10-18 14:11:00,75,United Kingdom,52,3,743.11,247.70333333333332,994,0
16731.0,1,174.05,127,2010-03-01 15:05:00,2010-03-01 15:05:00,40,United Kingdom,648,1,174.05,174.05,127,1
16732.0,4,4387.64,2414,2009-12-08 13:04:00,2011-11-08 09:54:00,199,United Kingdom,31,4,4387.64,1096.91,2414,0
16733.0,1,259.68,112,2010-06-28 10:12:00,2010-06-28 10:12:00,12,United Kingdom,529,1,259.68,259.68,112,1
16734.0,3,650.51,346,2011-08-17 15:00:00,2011-10-18 13:44:00,44,United Kingdom,52,3,650.51,216.83666666666667,346,0
16735.0,14,6270.56,4281,2009-12-08 09:24:00,2011-09-22 11:49:00,178,United Kingdom,78,14,6270.56,447.8971428571429,4281,0
16736.0,5,2956.56,1050,2009-12-03 16:12:00,2010-07-22 10:09:00,116,United Kingdom,505,5,2956.56,591.312,1050,1
16737.0,2,835.1999999999999,576,2010-05-11 09:53:00,2011-10-17 13:03:00,1,United Kingdom,53,2,835.1999999999999,417.6,576,0
16738.0,1,3.75,3,2011-02-15 09:46:00,2011-02-15 09:46:00,1,United Kingdom,297,1,3.75,3.75,3,1
16739.0,2,786.43,391,2010-06-21 09:38:00,2011-06-16 09:17:00,33,United Kingdom,176,2,786.43,393.215,391,0
16740.0,1,236.81,116,2010-11-09 13:34:00,2010-11-09 13:34:00,30,United Kingdom,395,1,236.81,236.81,116,1
16741.0,1,173.06,81,2010-03-24 15:15:00,2010-03-24 15:15:00,11,United Kingdom,625,1,173.06,173.06,81,1
16742.0,14,2852.61,2600,2009-12-16 17:22:00,2011-10-24 12:02:00,51,United Kingdom,46,14,2852.61,203.75785714285715,2600,0
16743.0,14,4253.26,3738,2010-04-22 13:21:00,2011-11-10 13:13:00,118,United Kingdom,29,14,4253.26,303.8042857142857,3738,0
16744.0,7,1304.76,805,2011-06-19 15:13:00,2011-11-28 13:06:00,198,United Kingdom,11,7,1304.76,186.3942857142857,805,0
16745.0,17,7194.3,6735,2011-02-01 11:31:00,2011-09-14 11:58:00,148,United Kingdom,86,17,7194.3,423.1941176470588,6735,0
16746.0,42,18066.4,11906,2009-12-04 13:00:00,2011-12-05 12:33:00,390,United Kingdom,4,42,18066.4,430.152380952381,11906,0
16747.0,2,836.06,583,2011-10-03 10:18:00,2011-11-02 11:37:00,34,United Kingdom,37,2,836.06,418.03,583,0
16748.0,14,3637.33,2127,2009-12-10 12:28:00,2011-11-22 10:17:00,55,United Kingdom,17,14,3637.33,259.8092857142857,2127,0
16749.0,2,4387.08,2078,2009-12-15 14:05:00,2010-04-27 13:06:00,53,United Kingdom,591,2,4387.08,2193.54,2078,1
16750.0,5,623.93,214,2011-04-21 16:53:00,2011-10-26 12:48:00,74,United Kingdom,44,5,623.93,124.786,214,0
16751.0,1,1764.72,1031,2011-11-09 10:48:00,2011-11-09 10:48:00,24,United Kingdom,30,1,1764.72,1764.72,1031,0
16752.0,1,415.0,108,2010-12-02 12:18:00,2010-12-02 12:18:00,9,United Kingdom,372,1,415.0,415.0,108,1
16753.0,1,223.92,189,2011-10-12 13:14:00,2011-10-12 13:14:00,34,United Kingdom,58,1,223.92,223.92,189,0
16754.0,29,67502.47,67831,2010-03-08 11:32:00,2010-12-02 17:38:00,38,United Kingdom,372,29,67502.47,2327.671379310345,67831,1
16755.0,7,2900.58,1999,2009-12-09 14:25:00,2011-08-17 13:21:00,219,United Kingdom,114,7,2900.58,414.3685714285714,1999,0
16756.0,7,1312.37,707,2010-03-09 15:56:00,2011-05-09 09:33:00,64,United Kingdom,214,7,1312.37,187.48142857142852,707,1
16757.0,2,270.48,180,2010-10-26 15:09:00,2011-01-25 11:59:00,13,United Kingdom,318,2,270.48,135.24,180,1
16758.0,1,369.34,203,2011-10-05 14:47:00,2011-10-05 14:47:00,22,United Kingdom,65,1,369.34,369.34,203,0
16759.0,3,789.79,609,2011-11-09 09:06:00,2011-12-02 12:42:00,40,United Kingdom,7,3,789.79,263.2633333333333,609,0
16760.0,1,228.0,168,2010-10-05 15:55:00,2010-10-05 15:55:00,17,United Kingdom,430,1,228.0,228.0,168,1
16761.0,1,316.62,341,2011-09-04 11:15:00,2011-09-04 11:15:00,13,United Kingdom,96,1,316.62,316.62,341,0
16762.0,3,1501.38,618,2011-07-18 12:52:00,2011-11-20 11:43:00,51,United Kingdom,19,3,1501.38,500.46,618,0
16763.0,2,964.7,492,2009-12-01 15:26:00,2011-05-25 11:52:00,44,United Kingdom,198,2,964.7,482.35,492,1
16764.0,13,2799.25,1259,2011-07-19 17:17:00,2011-12-06 11:41:00,209,United Kingdom,3,13,2799.25,215.32692307692307,1259,0
16765.0,2,454.75,311,2010-11-22 13:42:00,2011-02-18 15:41:00,52,United Kingdom,294,2,454.75,227.375,311,1
16766.0,2,1145.6,536,2011-03-11 13:34:00,2011-03-11 15:22:00,17,United Kingdom,273,2,1145.6,572.8,536,1
16767.0,15,8073.8,7121,2010-04-28 16:49:00,2011-11-09 09:42:00,209,United Kingdom,30,15,8073.8,538.2533333333333,7121,0
16768.0,9,1708.12,777,2009-12-07 11:47:00,2011-10-23 10:38:00,108,United Kingdom,47,9,1708.12,189.7911111111111,777,0
16769.0,4,1141.75,301,2009-12-14 11:10:00,2011-03-24 13:41:00,76,United Kingdom,260,4,1141.75,285.4375,301,1
16770.0,9,1932.13,1120,2010-08-22 16:08:00,2011-10-13 12:21:00,202,United Kingdom,57,9,1932.13,214.68111111111116,1120,0
16771.0,10,3967.6,2314,2009-12-09 11:52:00,2011-11-06 13:28:00,303,United Kingdom,33,10,3967.6,396.76,2314,0
16772.0,3,3723.55,689,2009-12-18 10:50:00,2010-10-12 13:19:00,54,United Kingdom,423,3,3723.55,1241.1833333333334,689,1
16773.0,3,421.24,252,2009-12-06 15:01:00,2011-10-13 14:37:00,53,United Kingdom,57,3,421.24,140.41333333333333,252,0
16774.0,8,1594.45,785,2010-02-16 16:53:00,2011-10-03 12:41:00,89,United Kingdom,67,8,1594.45,199.30625,785,0
16775.0,16,3056.89,1020,2010-09-23 17:34:00,2011-11-29 15:22:00,132,United Kingdom,10,16,3056.89,191.055625,1020,0
16776.0,2,619.85,450,2010-10-20 12:13:00,2011-10-10 13:04:00,105,United Kingdom,60,2,619.85,309.925,450,0
16777.0,5,1307.76,475,2010-03-17 12:42:00,2011-09-20 13:41:00,125,United Kingdom,80,5,1307.76,261.552,475,0
16778.0,2,245.94,194,2011-03-10 15:21:00,2011-09-26 13:48:00,16,United Kingdom,74,2,245.94,122.97,194,0
16779.0,53,33268.24,19626,2009-12-03 13:03:00,2011-12-07 14:54:00,293,United Kingdom,2,53,33268.24,627.7026415094339,19626,0
16780.0,3,605.55,355,2010-10-28 19:41:00,2011-08-31 16:09:00,73,United Kingdom,100,3,605.55,201.85,355,0
16781.0,2,934.25,305,2010-02-08 13:56:00,2010-12-02 14:26:00,36,United Kingdom,372,2,934.25,467.125,305,1
16782.0,38,10438.41,4285,2009-12-09 11:58:00,2011-11-29 13:20:00,575,United Kingdom,10,38,10438.41,274.695,4285,0
16783.0,1,391.95,163,2010-09-29 11:53:00,2010-09-29 11:53:00,25,United Kingdom,436,1,391.95,391.95,163,1
16784.0,5,896.53,496,2010-03-28 12:55:00,2011-11-20 12:20:00,138,United Kingdom,19,5,896.53,179.30599999999998,496,0
16785.0,1,533.78,313,2010-10-26 10:36:00,2010-10-26 10:36:00,35,United Kingdom,409,1,533.78,533.78,313,1
16786.0,1,51.84,72,2010-11-11 08:25:00,2010-11-11 08:25:00,1,United Kingdom,393,1,51.84,51.84,72,1
16787.0,4,1035.43,474,2010-01-10 11:12:00,2010-11-07 11:01:00,102,United Kingdom,397,4,1035.43,258.8575,474,1
16788.0,5,1950.3,985,2010-02-07 12:40:00,2011-08-08 14:53:00,348,United Kingdom,123,5,1950.3,390.06,985,0
16789.0,1,80.8,32,2011-12-01 15:12:00,2011-12-01 15:12:00,5,United Kingdom,8,1,80.8,80.8,32,0
16790.0,6,1545.62,898,2011-11-02 11:23:00,2011-12-06 11:53:00,88,United Kingdom,3,6,1545.62,257.6033333333333,898,0
16791.0,15,4038.69,1874,2009-12-03 18:08:00,2011-11-10 19:12:00,393,United Kingdom,29,15,4038.69,269.246,1874,0
16792.0,5,623.46,324,2010-01-04 13:47:00,2011-03-02 14:41:00,90,United Kingdom,282,5,623.46,124.692,324,1
16793.0,1,243.84,146,2011-10-13 15:08:00,2011-10-13 15:08:00,16,United Kingdom,57,1,243.84,243.84,146,0
16794.0,15,2090.91,1602,2010-03-25 15:17:00,2011-12-08 17:54:00,245,United Kingdom,1,15,2090.91,139.39399999999998,1602,0
16795.0,3,2492.39,1459,2010-01-25 13:14:00,2010-12-09 14:08:00,306,United Kingdom,365,3,2492.39,830.7966666666666,1459,1
16796.0,1,305.62,186,2011-09-11 14:01:00,2011-09-11 14:01:00,18,United Kingdom,89,1,305.62,305.62,186,0
16797.0,5,1827.77,909,2009-12-02 13:33:00,2010-11-11 19:14:00,289,United Kingdom,393,5,1827.77,365.554,909,1
16798.0,3,848.71,209,2009-12-10 19:35:00,2010-06-03 19:01:00,141,United Kingdom,554,3,848.71,282.90333333333336,209,1
16799.0,2,495.98,176,2010-09-12 12:46:00,2010-10-03 14:28:00,81,United Kingdom,432,2,495.98,247.99,176,1
16800.0,1,1201.49,540,2011-11-28 14:06:00,2011-11-28 14:06:00,148,United Kingdom,11,1,1201.49,1201.49,540,0
16801.0,4,1619.73,499,2011-03-11 13:56:00,2011-06-29 15:33:00,72,United Kingdom,163,4,1619.73,404.9325,499,0
16802.0,2,582.61,369,2009-12-09 13:00:00,2010-01-29 13:44:00,48,United Kingdom,679,2,582.61,291.305,369,1
16803.0,1,332.3,245,2011-10-05 14:28:00,2011-10-05 14:28:00,24,United Kingdom,65,1,332.3,332.3,245,0
16804.0,3,536.99,246,2011-03-14 15:48:00,2011-11-16 16:43:00,59,United Kingdom,23,3,536.99,178.99666666666667,246,0
16805.0,5,1097.24,1122,2009-12-08 14:29:00,2011-06-19 11:23:00,213,United Kingdom,173,5,1097.24,219.448,1122,0
16806.0,4,801.49,378,2011-04-14 19:59:00,2011-08-28 15:27:00,68,United Kingdom,103,4,801.49,200.3725,378,0
16807.0,6,2123.88,1433,2010-03-26 14:38:00,2011-07-20 12:00:00,107,United Kingdom,142,6,2123.88,353.98,1433,0
16808.0,2,288.42,196,2011-03-10 19:05:00,2011-09-01 19:34:00,21,United Kingdom,99,2,288.42,144.21,196,0
16809.0,9,1727.43,1093,2010-04-13 15:34:00,2011-11-16 15:45:00,113,United Kingdom,23,9,1727.43,191.93666666666667,1093,0
16810.0,2,842.0400000000001,372,2010-10-15 15:32:00,2011-05-31 15:32:00,34,United Kingdom,192,2,842.0400000000001,421.02,372,1
16811.0,2,547.07,477,2011-11-22 17:19:00,2011-12-05 11:39:00,26,United Kingdom,4,2,547.07,273.535,477,0
16812.0,4,2392.0,1116,2010-11-22 14:36:00,2010-12-14 12:35:00,98,United Kingdom,360,4,2392.0,598.0,1116,1
16813.0,10,1692.98,1525,2011-05-19 13:28:00,2011-12-01 14:03:00,248,United Kingdom,8,10,1692.98,169.298,1525,0
16814.0,36,12499.71,5066,2010-04-11 12:45:00,2011-11-25 13:27:00,247,United Kingdom,14,36,12499.71,347.21416666666664,5066,0
16815.0,2,410.97,238,2010-06-21 12:05:00,2010-09-12 10:59:00,66,United Kingdom,453,2,410.97,205.485,238,1
16816.0,4,417.06,274,2010-12-16 17:01:00,2011-08-28 14:16:00,28,United Kingdom,103,4,417.06,104.265,274,0
16817.0,13,2804.9,1565,2010-10-04 09:06:00,2011-12-07 11:03:00,107,United Kingdom,2,13,2804.9,215.7615384615385,1565,0
16818.0,11,3349.57,2164,2011-05-18 11:42:00,2011-11-29 10:41:00,172,United Kingdom,10,11,3349.57,304.50636363636363,2164,0
16819.0,2,182.59,253,2010-08-31 17:31:00,2010-08-31 17:37:00,17,United Kingdom,465,2,182.59,91.295,253,1
16820.0,1,497.61,307,2011-09-05 12:06:00,2011-09-05 12:06:00,26,United Kingdom,95,1,497.61,497.61,307,0
16821.0,1,113.35,13,2010-11-23 10:04:00,2010-11-23 10:04:00,7,United Kingdom,381,1,113.35,113.35,13,1
16822.0,1,181.39,171,2010-01-22 14:22:00,2010-01-22 14:22:00,11,United Kingdom,686,1,181.39,181.39,171,1
16823.0,7,2260.09,1168,2009-12-02 09:57:00,2011-04-26 15:00:00,149,United Kingdom,227,7,2260.09,322.87,1168,1
16824.0,3,686.24,390,2010-11-11 12:21:00,2011-11-24 12:38:00,34,United Kingdom,15,3,686.24,228.74666666666667,390,0
16825.0,5,1826.89,1297,2010-06-23 13:14:00,2011-11-01 11:51:00,48,United Kingdom,38,5,1826.89,365.378,1297,0
16826.0,1,341.7,158,2011-10-19 14:05:00,2011-10-19 14:05:00,22,United Kingdom,51,1,341.7,341.7,158,0
16827.0,5,392.13,125,2010-04-29 19:07:00,2010-11-11 14:04:00,10,United Kingdom,393,5,392.13,78.426,125,1
16828.0,2,128.5,59,2011-08-19 13:24:00,2011-09-07 15:10:00,8,United Kingdom,93,2,128.5,64.25,59,0
16829.0,2,513.32,215,2010-11-16 18:11:00,2011-07-06 10:48:00,25,United Kingdom,156,2,513.32,256.66,215,0
16830.0,4,1207.5,699,2009-12-13 12:11:00,2011-11-01 11:35:00,65,United Kingdom,38,4,1207.5,301.875,699,0
16831.0,1,91.8,48,2010-05-24 09:08:00,2010-05-24 09:08:00,6,United Kingdom,564,1,91.8,91.8,48,1
16832.0,5,417.61,179,2010-09-07 12:35:00,2011-06-08 15:36:00,19,United Kingdom,184,5,417.61,83.522,179,1
16833.0,6,2409.04,878,2010-03-26 15:31:00,2011-12-08 14:39:00,87,United Kingdom,1,6,2409.04,401.50666666666666,878,0
16834.0,2,898.96,760,2010-02-03 14:24:00,2011-04-26 09:37:00,43,United Kingdom,227,2,898.96,449.48,760,1
16835.0,6,1538.41,515,2010-05-19 08:41:00,2011-08-03 13:50:00,58,United Kingdom,128,6,1538.41,256.4016666666667,515,0
16836.0,4,782.37,539,2010-05-14 12:52:00,2011-10-31 10:05:00,42,United Kingdom,39,4,782.37,195.5925,539,0
16837.0,11,3170.98,1563,2011-04-08 08:48:00,2011-11-08 14:27:00,123,United Kingdom,31,11,3170.98,288.2709090909091,1563,0
16838.0,4,1159.61,509,2010-02-14 15:27:00,2011-05-26 13:13:00,53,United Kingdom,197,4,1159.61,289.9025,509,1
16839.0,44,22310.49,11527,2010-02-11 15:02:00,2011-12-01 09:03:00,132,United Kingdom,8,44,22310.49,507.05659090909097,11527,0
16840.0,2,139.85,117,2010-02-03 12:42:00,2010-04-15 15:48:00,9,United Kingdom,603,2,139.85,69.925,117,1
16841.0,12,4006.06,3478,2010-01-12 11:32:00,2011-11-03 11:51:00,187,United Kingdom,36,12,4006.06,333.8383333333333,3478,0
16842.0,3,1264.19,693,2011-02-10 14:51:00,2011-08-31 10:42:00,45,United Kingdom,100,3,1264.19,421.3966666666667,693,0
16843.0,35,19571.43,18502,2009-12-10 11:40:00,2011-10-28 09:06:00,317,United Kingdom,42,35,19571.43,559.1837142857142,18502,0
16844.0,2,614.34,281,2010-05-06 09:16:00,2010-05-26 10:29:00,26,United Kingdom,562,2,614.34,307.17,281,1
16845.0,1,253.88,167,2010-03-31 13:09:00,2010-03-31 13:09:00,20,United Kingdom,618,1,253.88,253.88,167,1
16846.0,3,842.41,517,2010-03-10 12:03:00,2011-10-20 13:55:00,47,United Kingdom,50,3,842.41,280.80333333333334,517,0
16847.0,2,614.89,255,2010-03-31 13:32:00,2011-10-27 13:29:00,37,United Kingdom,43,2,614.89,307.445,255,0
16848.0,4,1411.62,780,2010-10-03 11:01:00,2011-10-18 08:42:00,75,United Kingdom,52,4,1411.62,352.905,780,0
16849.0,1,124.57,33,2011-06-06 09:16:00,2011-06-06 09:16:00,8,United Kingdom,186,1,124.57,124.57,33,1
16850.0,1,332.41,249,2011-01-10 11:09:00,2011-01-10 11:09:00,19,United Kingdom,333,1,332.41,332.41,249,1
16851.0,3,342.45,271,2011-10-19 09:48:00,2011-12-05 13:32:00,17,United Kingdom,4,3,342.45,114.15,271,0
16852.0,2,144.91000000000005,56,2011-06-16 15:49:00,2011-11-29 13:22:00,9,United Kingdom,10,2,144.91000000000005,72.45500000000003,56,0
16854.0,2,1408.96,997,2010-03-09 14:32:00,2010-10-18 16:31:00,72,United Kingdom,417,2,1408.96,704.48,997,1
16855.0,2,328.4,164,2011-10-27 16:31:00,2011-11-16 12:03:00,19,United Kingdom,23,2,328.4,164.2,164,0
16856.0,3,358.49,171,2010-09-23 13:11:00,2011-11-25 08:59:00,16,United Kingdom,14,3,358.49,119.49666666666668,171,0
16857.0,1,352.8,168,2010-09-23 10:49:00,2010-09-23 10:49:00,11,United Kingdom,442,1,352.8,352.8,168,1
16858.0,10,4668.28,1514,2009-12-15 11:09:00,2010-12-06 09:52:00,75,United Kingdom,368,10,4668.28,466.828,1514,1
16859.0,7,1932.41,1899,2010-03-04 12:37:00,2011-07-18 12:19:00,87,United Kingdom,144,7,1932.41,276.05857142857144,1899,0
16860.0,3,1610.62,625,2010-02-15 13:46:00,2010-09-13 10:05:00,35,United Kingdom,452,3,1610.62,536.8733333333333,625,1
16861.0,5,946.59,616,2010-07-19 11:44:00,2011-10-11 09:05:00,39,United Kingdom,59,5,946.59,189.318,616,0
16862.0,4,662.33,513,2010-01-07 12:57:00,2010-06-10 13:05:00,34,United Kingdom,547,4,662.33,165.5825,513,1
16863.0,3,998.52,745,2010-10-26 10:03:00,2011-11-08 15:26:00,43,United Kingdom,31,3,998.52,332.84,745,0
16864.0,2,409.25,283,2010-04-20 11:56:00,2010-10-01 16:16:00,17,United Kingdom,434,2,409.25,204.625,283,1
16865.0,1,130.95,157,2010-11-03 11:34:00,2010-11-03 11:34:00,15,United Kingdom,401,1,130.95,130.95,157,1
16866.0,3,207.74,60,2011-07-01 12:34:00,2011-07-22 10:06:00,10,United Kingdom,140,3,207.74,69.24666666666667,60,0
16867.0,1,76.74000000000001,58,2010-01-19 09:11:00,2010-01-19 09:11:00,6,United Kingdom,689,1,76.74000000000001,76.74000000000001,58,1
16868.0,3,393.39,116,2010-04-25 11:31:00,2010-11-10 13:17:00,47,United Kingdom,394,3,393.39,131.13,116,1
16869.0,4,825.42,585,2011-06-17 13:01:00,2011-11-17 12:02:00,113,United Kingdom,22,4,825.42,206.355,585,0
16870.0,1,450.16,278,2010-08-27 13:53:00,2010-08-27 13:53:00,28,United Kingdom,469,1,450.16,450.16,278,1
16871.0,6,2812.34,1253,2011-03-14 10:31:00,2011-11-17 19:27:00,131,United Kingdom,22,6,2812.34,468.72333333333336,1253,0
16872.0,6,1213.13,1079,2010-09-02 17:36:00,2011-09-23 16:05:00,12,United Kingdom,77,6,1213.13,202.18833333333336,1079,0
16873.0,12,14617.39,8601,2010-02-09 14:17:00,2011-12-05 12:05:00,252,United Kingdom,4,12,14617.39,1218.1158333333333,8601,0
16874.0,1,217.74,81,2010-11-25 13:08:00,2010-11-25 13:08:00,31,United Kingdom,379,1,217.74,217.74,81,1
16875.0,11,4234.53,2099,2010-01-05 09:16:00,2011-10-03 13:39:00,161,United Kingdom,67,11,4234.53,384.9572727272727,2099,0
16876.0,1,136.01,181,2010-11-01 11:59:00,2010-11-01 11:59:00,32,United Kingdom,403,1,136.01,136.01,181,1
16877.0,6,853.72,463,2011-05-15 16:13:00,2011-11-27 13:47:00,111,United Kingdom,12,6,853.72,142.28666666666666,463,0
16878.0,1,13.3,12,2011-09-16 17:39:00,2011-09-16 17:39:00,3,United Kingdom,84,1,13.3,13.3,12,0
16880.0,8,1840.86,911,2010-08-03 13:54:00,2011-11-09 11:33:00,130,United Kingdom,30,8,1840.86,230.1075,911,0
16881.0,1,432.0,600,2011-10-04 10:33:00,2011-10-04 10:33:00,1,United Kingdom,66,1,432.0,432.0,600,0
16882.0,3,705.12,424,2011-01-26 17:43:00,2011-10-04 10:42:00,39,United Kingdom,66,3,705.12,235.04,424,0
16883.0,19,2396.59,1080,2009-12-04 12:07:00,2011-06-05 12:51:00,159,United Kingdom,187,19,2396.59,126.1363157894737,1080,1
16884.0,4,1073.92,521,2010-05-18 12:00:00,2011-11-02 11:52:00,64,United Kingdom,37,4,1073.92,268.48,521,0
16885.0,4,710.74,376,2010-11-19 12:51:00,2011-11-24 13:40:00,121,United Kingdom,15,4,710.74,177.685,376,0
16886.0,1,134.0,48,2010-09-09 15:08:00,2010-09-09 15:08:00,8,United Kingdom,456,1,134.0,134.0,48,1
16887.0,3,660.72,424,2009-12-01 13:41:00,2011-11-04 14:07:00,94,United Kingdom,35,3,660.72,220.24,424,0
16888.0,3,437.15,147,2010-01-07 13:07:00,2010-11-04 12:39:00,44,United Kingdom,400,3,437.15,145.71666666666667,147,1
16889.0,6,2530.9,1616,2010-05-23 10:46:00,2011-05-29 11:05:00,163,United Kingdom,194,6,2530.9,421.81666666666666,1616,1
16890.0,3,285.41,243,2010-05-06 16:27:00,2010-08-20 11:23:00,17,United Kingdom,476,3,285.41,95.13666666666668,243,1
16891.0,11,2056.82,774,2009-12-04 12:37:00,2011-12-08 11:15:00,335,United Kingdom,1,11,2056.82,186.9836363636364,774,0
16892.0,7,762.1,370,2009-12-08 14:20:00,2011-12-08 13:18:00,119,United Kingdom,1,7,762.1,108.87142857142858,370,0
16893.0,2,401.77,182,2010-11-28 15:14:00,2010-12-08 12:06:00,80,United Kingdom,366,2,401.77,200.885,182,1
16894.0,3,1324.06,507,2010-06-22 14:21:00,2010-07-25 15:43:00,186,United Kingdom,502,3,1324.06,441.3533333333333,507,1
16895.0,5,1121.42,433,2010-02-12 11:07:00,2011-10-06 12:15:00,135,United Kingdom,64,5,1121.42,224.284,433,0
16896.0,1,103.95,18,2010-06-02 15:40:00,2010-06-02 15:40:00,18,United Kingdom,555,1,103.95,103.95,18,1
16897.0,2,289.78,73,2011-01-30 11:52:00,2011-02-13 15:02:00,37,United Kingdom,299,2,289.78,144.89,73,1
16898.0,5,1016.37,805,2010-05-12 12:18:00,2011-11-13 15:44:00,223,United Kingdom,26,5,1016.37,203.274,805,0
16899.0,8,1721.02,818,2010-11-07 15:00:00,2011-12-02 12:03:00,101,United Kingdom,7,8,1721.02,215.1275,818,0
16900.0,3,887.11,833,2011-10-07 13:17:00,2011-11-23 10:32:00,78,United Kingdom,16,3,887.11,295.7033333333333,833,0
16901.0,1,204.26,42,2009-12-10 16:30:00,2009-12-10 16:30:00,23,United Kingdom,729,1,204.26,204.26,42,1
16902.0,1,1706.88,629,2011-08-15 14:17:00,2011-08-15 14:17:00,43,United Kingdom,116,1,1706.88,1706.88,629,0
16903.0,3,1062.28,747,2010-10-20 14:42:00,2011-11-10 15:32:00,148,United Kingdom,29,3,1062.28,354.0933333333333,747,0
16904.0,21,5132.37,2809,2010-10-24 16:03:00,2011-12-05 13:10:00,484,United Kingdom,4,21,5132.37,244.39857142857144,2809,0
16905.0,17,5034.15,2059,2009-12-10 20:04:00,2011-12-04 14:01:00,171,United Kingdom,5,17,5034.15,296.1264705882353,2059,0
16906.0,7,1448.8,613,2010-05-13 13:23:00,2011-09-19 11:49:00,180,United Kingdom,81,7,1448.8,206.97142857142856,613,0
16907.0,9,1707.9,532,2010-07-01 17:30:00,2011-11-10 18:04:00,109,United Kingdom,29,9,1707.9,189.76666666666668,532,0
16908.0,1,252.59,61,2009-12-17 13:35:00,2009-12-17 13:35:00,20,United Kingdom,722,1,252.59,252.59,61,1
16909.0,1,379.14,436,2011-09-28 16:45:00,2011-09-28 16:45:00,18,United Kingdom,72,1,379.14,379.14,436,0
16910.0,8,1510.06,886,2011-09-09 14:14:00,2011-12-05 12:51:00,318,United Kingdom,4,8,1510.06,188.7575,886,0
16911.0,2,255.25,161,2010-02-16 16:12:00,2010-03-14 12:18:00,30,United Kingdom,635,2,255.25,127.625,161,1
16912.0,15,4480.31,1693,2009-12-09 12:32:00,2011-11-11 12:18:00,130,United Kingdom,28,15,4480.31,298.68733333333336,1693,0
16913.0,3,423.91,229,2010-02-26 12:06:00,2011-02-22 12:56:00,18,United Kingdom,290,3,423.91,141.30333333333334,229,1
16914.0,1,208.46,121,2011-11-03 15:27:00,2011-11-03 15:27:00,25,United Kingdom,36,1,208.46,208.46,121,0
16915.0,11,1543.18,190,2010-05-19 13:32:00,2011-11-30 16:39:00,54,United Kingdom,9,11,1543.18,140.2890909090909,190,0
16916.0,4,1123.4,764,2010-10-20 12:56:00,2011-11-16 12:08:00,180,United Kingdom,23,4,1123.4,280.85,764,0
16917.0,2,1857.83,793,2010-03-17 15:24:00,2011-03-08 11:55:00,45,United Kingdom,276,2,1857.83,928.915,793,1
16918.0,16,3213.29,2069,2009-12-03 12:27:00,2011-10-21 12:50:00,280,United Kingdom,49,16,3213.29,200.830625,2069,0
16919.0,24,5125.91,2425,2010-08-19 15:28:00,2011-07-06 13:35:00,230,United Kingdom,156,24,5125.91,213.5795833333333,2425,0
16920.0,1,355.45,81,2010-10-24 14:07:00,2010-10-24 14:07:00,23,United Kingdom,411,1,355.45,355.45,81,1
16921.0,3,446.67,299,2010-04-18 15:34:00,2011-10-09 16:22:00,78,United Kingdom,61,3,446.67,148.89,299,0
16922.0,1,611.08,281,2010-05-16 11:24:00,2010-05-16 11:24:00,122,United Kingdom,572,1,611.08,611.08,281,1
16923.0,32,13378.36,6269,2010-01-31 11:14:00,2011-11-27 13:00:00,431,United Kingdom,12,32,13378.36,418.07375,6269,0
16924.0,3,846.75,493,2011-09-16 12:54:00,2011-11-18 12:53:00,69,United Kingdom,21,3,846.75,282.25,493,0
16925.0,1,125.65,123,2010-06-17 15:03:00,2010-06-17 15:03:00,18,United Kingdom,540,1,125.65,125.65,123,1
16926.0,5,1421.35,237,2010-07-01 12:57:00,2010-12-03 13:42:00,63,United Kingdom,371,5,1421.35,284.27,237,1
16927.0,3,543.05,993,2010-12-13 11:57:00,2011-08-16 11:10:00,5,United Kingdom,115,3,543.05,181.01666666666665,993,0
16928.0,29,4113.23,2755,2010-02-03 12:30:00,2011-09-20 15:10:00,135,United Kingdom,80,29,4113.23,141.8355172413793,2755,0
16929.0,7,1295.39,929,2011-07-07 12:39:00,2011-12-06 08:37:00,51,United Kingdom,3,7,1295.39,185.0557142857143,929,0
16930.0,3,380.55,341,2011-10-02 14:25:00,2011-11-13 16:13:00,47,United Kingdom,26,3,380.55,126.85,341,0
16931.0,23,5233.62,3463,2010-11-07 13:24:00,2011-12-04 13:15:00,466,United Kingdom,5,23,5233.62,227.5486956521739,3463,0
16932.0,3,440.71,229,2010-05-17 14:15:00,2011-10-17 14:12:00,116,United Kingdom,53,3,440.71,146.90333333333334,229,0
16933.0,9,3181.25,1547,2009-12-09 15:03:00,2011-12-08 12:54:00,213,United Kingdom,1,9,3181.25,353.47222222222223,1547,0
16934.0,6,2110.99,939,2010-03-28 12:43:00,2011-10-16 12:40:00,128,United Kingdom,54,6,2110.99,351.83166666666665,939,0
16935.0,3,535.1,278,2010-10-14 13:09:00,2010-11-23 09:16:00,55,United Kingdom,381,3,535.1,178.36666666666667,278,1
16936.0,2,551.17,342,2010-11-19 11:54:00,2011-11-14 11:04:00,122,United Kingdom,25,2,551.17,275.585,342,0
16937.0,1,202.1,126,2010-07-28 17:56:00,2010-07-28 17:56:00,49,United Kingdom,499,1,202.1,202.1,126,1
16938.0,9,7043.18,5084,2010-02-17 14:47:00,2011-12-01 10:20:00,547,United Kingdom,8,9,7043.18,782.5755555555556,5084,0
16939.0,3,449.0,232,2010-02-28 13:33:00,2010-08-08 12:24:00,38,United Kingdom,488,3,449.0,149.66666666666666,232,1
16940.0,8,6427.66,4503,2009-12-08 13:08:00,2011-10-18 13:15:00,360,United Kingdom,52,8,6427.66,803.4575,4503,0
16941.0,1,33.0,12,2010-04-07 11:13:00,2010-04-07 11:13:00,2,United Kingdom,611,1,33.0,33.0,12,1
16942.0,9,1920.59,811,2011-04-26 11:59:00,2011-11-27 12:40:00,159,United Kingdom,12,9,1920.59,213.39888888888888,811,0
16943.0,5,1299.49,147,2010-03-25 13:34:00,2011-05-12 11:57:00,24,United Kingdom,211,5,1299.49,259.898,147,1
16944.0,1,101.36,27,2010-04-09 11:03:00,2010-04-09 11:03:00,7,United Kingdom,609,1,101.36,101.36,27,1
16945.0,33,8548.16,5889,2009-12-09 11:33:00,2011-11-18 11:39:00,231,United Kingdom,21,33,8548.16,259.0351515151515,5889,0
16946.0,5,1222.04,509,2010-03-02 10:49:00,2010-11-21 14:06:00,69,United Kingdom,383,5,1222.04,244.408,509,1
16947.0,5,955.21,655,2010-03-03 10:54:00,2011-04-18 09:38:00,50,United Kingdom,235,5,955.21,191.042,655,1
16948.0,7,868.77,2091,2010-02-21 13:48:00,2011-07-24 12:46:00,20,United Kingdom,138,7,868.77,124.11,2091,0
16949.0,6,1286.27,791,2011-01-27 12:11:00,2011-12-06 11:07:00,57,United Kingdom,3,6,1286.27,214.37833333333333,791,0
16950.0,10,3784.37,2492,2010-01-24 11:26:00,2011-10-14 09:06:00,111,United Kingdom,56,10,3784.37,378.437,2492,0
16951.0,3,1277.75,1318,2011-02-08 14:58:00,2011-07-28 12:05:00,73,United Kingdom,134,3,1277.75,425.9166666666667,1318,0
16952.0,5,798.78,344,2009-12-11 13:52:00,2011-08-22 13:03:00,76,United Kingdom,109,5,798.78,159.756,344,0
16953.0,1,20.8,10,2011-11-09 15:54:00,2011-11-09 15:54:00,1,United Kingdom,30,1,20.8,20.8,10,0
16954.0,20,6081.88,4086,2010-01-18 14:49:00,2011-12-09 09:46:00,83,United Kingdom,0,20,6081.88,304.094,4086,0
16955.0,6,1309.41,823,2010-01-31 11:38:00,2011-06-08 10:36:00,33,United Kingdom,184,6,1309.41,218.235,823,1
16956.0,1,308.74,114,2011-11-22 08:56:00,2011-11-22 08:56:00,16,United Kingdom,17,1,308.74,308.74,114,0
16957.0,2,416.64,172,2011-03-03 09:25:00,2011-04-14 13:56:00,15,United Kingdom,239,2,416.64,208.32,172,1
16958.0,1,809.44,561,2010-09-30 14:25:00,2010-09-30 14:25:00,69,United Kingdom,435,1,809.44,809.44,561,1
16959.0,1,117.35,49,2011-09-13 15:03:00,2011-09-13 15:03:00,7,United Kingdom,87,1,117.35,117.35,49,0
16960.0,8,2043.43,1515,2010-03-02 13:36:00,2011-11-01 11:35:00,334,United Kingdom,38,8,2043.43,255.42875,1515,0
16961.0,3,794.56,482,2010-06-25 14:36:00,2011-08-15 13:46:00,52,United Kingdom,116,3,794.56,264.8533333333333,482,0
16962.0,1,251.04,158,2010-10-26 11:36:00,2010-10-26 11:36:00,15,United Kingdom,409,1,251.04,251.04,158,1
16963.0,1,110.55,35,2011-06-05 13:48:00,2011-06-05 13:48:00,7,United Kingdom,187,1,110.55,110.55,35,1
16964.0,2,207.85,49,2009-12-06 12:51:00,2009-12-06 12:53:00,6,United Kingdom,733,2,207.85,103.925,49,1
16965.0,1,201.19,291,2011-04-27 12:08:00,2011-04-27 12:08:00,26,United Kingdom,226,1,201.19,201.19,291,1
16966.0,7,2154.97,1981,2011-04-13 14:17:00,2011-12-01 13:40:00,8,United Kingdom,8,7,2154.97,307.8528571428571,1981,0
16967.0,1,319.02,333,2011-06-03 14:24:00,2011-06-03 14:24:00,21,United Kingdom,189,1,319.02,319.02,333,1
16968.0,2,439.43,326,2011-08-24 10:51:00,2011-12-05 15:02:00,31,United Kingdom,4,2,439.43,219.715,326,0
16969.0,3,650.41,816,2011-06-01 12:10:00,2011-10-31 13:12:00,42,United Kingdom,39,3,650.41,216.8033333333333,816,0
16970.0,1,71.4,12,2010-03-23 13:50:00,2010-03-23 13:50:00,2,United Kingdom,626,1,71.4,71.4,12,1
16971.0,1,357.21,72,2011-11-01 15:06:00,2011-11-01 15:06:00,40,United Kingdom,38,1,357.21,357.21,72,0
16972.0,2,786.25,190,2010-09-09 11:20:00,2010-11-22 10:59:00,54,United Kingdom,382,2,786.25,393.125,190,1
16973.0,1,127.0,60,2010-11-18 13:56:00,2010-11-18 13:56:00,6,United Kingdom,386,1,127.0,127.0,60,1
16974.0,2,365.5,70,2010-05-24 10:43:00,2010-07-05 10:18:00,5,United Kingdom,522,2,365.5,182.75,70,1
16975.0,3,926.12,586,2010-07-22 11:38:00,2010-10-12 17:53:00,44,United Kingdom,423,3,926.12,308.70666666666665,586,1
16976.0,1,251.52,88,2011-03-17 16:33:00,2011-03-17 16:33:00,2,United Kingdom,267,1,251.52,251.52,88,1
16977.0,4,496.0,142,2010-03-18 11:06:00,2010-11-09 13:17:00,25,United Kingdom,395,4,496.0,124.0,142,1
16978.0,3,768.88,285,2010-02-11 16:27:00,2011-09-23 12:50:00,65,United Kingdom,77,3,768.88,256.2933333333333,285,0
16979.0,9,2859.74,1451,2010-09-15 14:30:00,2011-12-06 12:21:00,82,United Kingdom,3,9,2859.74,317.74888888888887,1451,0
16980.0,3,1473.3300000000002,1039,2010-10-07 14:05:00,2011-03-29 16:36:00,91,United Kingdom,255,3,1473.3300000000002,491.11000000000007,1039,1
16982.0,1,384.06,182,2011-10-10 12:28:00,2011-10-10 12:28:00,22,United Kingdom,60,1,384.06,384.06,182,0
16983.0,11,3710.22,2508,2010-09-19 12:38:00,2011-11-27 12:10:00,151,United Kingdom,12,11,3710.22,337.29272727272723,2508,0
16984.0,9,10754.8,5330,2010-03-07 15:34:00,2011-09-12 13:43:00,669,United Kingdom,88,9,10754.8,1194.9777777777776,5330,0
16985.0,23,10923.16,3103,2009-12-10 13:34:00,2011-11-22 13:33:00,130,United Kingdom,17,23,10923.16,474.92,3103,0
16986.0,11,4888.75,2539,2010-02-04 14:46:00,2011-11-10 11:55:00,65,United Kingdom,29,11,4888.75,444.4318181818182,2539,0
16987.0,11,2535.9,679,2009-12-02 14:34:00,2011-12-06 17:26:00,155,United Kingdom,3,11,2535.9,230.53636363636363,679,0
16988.0,2,382.67,158,2010-11-25 09:22:00,2011-12-04 16:02:00,20,United Kingdom,5,2,382.67,191.335,158,0
16989.0,6,1133.25,1233,2011-07-12 09:11:00,2011-12-02 16:39:00,7,United Kingdom,7,6,1133.25,188.875,1233,0
16990.0,2,344.0,200,2010-10-13 11:42:00,2011-05-05 08:30:00,1,United Kingdom,218,2,344.0,172.0,200,1
16991.0,1,1041.21,793,2010-10-14 14:08:00,2010-10-14 14:08:00,74,United Kingdom,421,1,1041.21,1041.21,793,1
16992.0,13,5476.5,2061,2010-02-11 12:36:00,2011-11-29 11:50:00,212,United Kingdom,10,13,5476.5,421.2692307692308,2061,0
16993.0,2,1950.95,285,2010-05-12 13:55:00,2010-09-02 12:16:00,19,United Kingdom,463,2,1950.95,975.475,285,1
16996.0,9,2123.61,919,2010-10-18 12:24:00,2011-11-09 16:43:00,32,United Kingdom,30,9,2123.61,235.95666666666668,919,0
16997.0,3,702.0,360,2011-01-18 11:51:00,2011-02-24 17:28:00,7,United Kingdom,288,3,702.0,234.0,360,1
16998.0,5,402.0,104,2010-09-21 14:39:00,2011-07-13 09:44:00,2,United Kingdom,149,5,402.0,80.4,104,0
16999.0,2,484.82,294,2011-09-26 15:43:00,2011-11-16 13:53:00,21,United Kingdom,23,2,484.82,242.41,294,0
17000.0,2,406.3,305,2010-10-27 14:16:00,2010-11-08 13:35:00,26,United Kingdom,396,2,406.3,203.15,305,1
17001.0,19,6640.8,3782,2010-03-25 12:41:00,2011-12-09 09:38:00,108,United Kingdom,0,19,6640.8,349.5157894736842,3782,0
17002.0,7,2571.55,1265,2010-03-08 15:46:00,2011-09-15 12:40:00,64,United Kingdom,85,7,2571.55,367.36428571428576,1265,0
17003.0,4,830.16,495,2010-05-10 11:20:00,2010-11-02 13:15:00,90,United Kingdom,402,4,830.16,207.54,495,1
17004.0,4,2425.16,1281,2010-10-11 15:43:00,2011-10-24 14:25:00,48,United Kingdom,46,4,2425.16,606.29,1281,0
17005.0,2,742.36,787,2010-04-30 10:55:00,2010-08-26 10:57:00,14,United Kingdom,470,2,742.36,371.18,787,1
17006.0,8,1636.32,573,2010-03-05 13:33:00,2011-12-05 12:09:00,103,United Kingdom,4,8,1636.32,204.54,573,0
17007.0,7,1120.1,717,2010-09-28 13:51:00,2011-10-20 10:47:00,63,United Kingdom,50,7,1120.1,160.0142857142857,717,0
17008.0,1,81.36,24,2010-10-06 15:19:00,2010-10-06 15:19:00,1,United Kingdom,429,1,81.36,81.36,24,1
17009.0,1,242.06,336,2010-06-06 16:01:00,2010-06-06 16:01:00,10,United Kingdom,551,1,242.06,242.06,336,1
17010.0,1,195.36,118,2011-11-21 14:49:00,2011-11-21 14:49:00,11,United Kingdom,18,1,195.36,195.36,118,0
17011.0,3,671.7,792,2010-02-26 09:47:00,2011-11-09 13:30:00,27,United Kingdom,30,3,671.7,223.9,792,0
17012.0,1,384.16,268,2009-12-14 17:34:00,2009-12-14 17:34:00,34,United Kingdom,725,1,384.16,384.16,268,1
17014.0,3,586.33,245,2011-10-04 11:36:00,2011-12-01 14:09:00,63,United Kingdom,8,3,586.33,195.44333333333336,245,0
17015.0,3,1842.56,1981,2011-06-07 13:19:00,2011-11-11 10:45:00,182,United Kingdom,28,3,1842.56,614.1866666666666,1981,0
17016.0,1,552.4,309,2010-05-12 12:32:00,2010-05-12 12:32:00,41,United Kingdom,576,1,552.4,552.4,309,1
17017.0,29,14110.61,10591,2009-12-03 13:22:00,2011-12-07 09:32:00,120,United Kingdom,2,29,14110.61,486.5727586206897,10591,0
17018.0,6,2287.7,456,2009-12-05 10:27:00,2011-10-30 11:42:00,26,United Kingdom,40,6,2287.7,381.2833333333333,456,0
17019.0,11,4012.2,2643,2009-12-02 11:52:00,2011-11-28 13:06:00,344,United Kingdom,11,11,4012.2,364.74545454545455,2643,0
17020.0,2,935.62,860,2010-03-03 12:27:00,2010-06-15 13:06:00,64,United Kingdom,542,2,935.62,467.81,860,1
17021.0,6,1182.22,992,2010-04-29 20:05:00,2010-09-23 20:01:00,35,United Kingdom,442,6,1182.22,197.03666666666663,992,1
17022.0,2,260.0,180,2010-10-03 10:27:00,2011-11-08 17:09:00,16,United Kingdom,31,2,260.0,130.0,180,0
17023.0,3,800.18,530,2010-01-11 15:09:00,2010-10-18 15:37:00,48,United Kingdom,417,3,800.18,266.72666666666663,530,1
17024.0,3,95.85,69,2011-07-05 09:31:00,2011-10-25 13:47:00,2,United Kingdom,45,3,95.85,31.95,69,0
17025.0,5,1510.64,1024,2010-03-08 13:37:00,2011-10-10 09:06:00,31,United Kingdom,60,5,1510.64,302.12800000000004,1024,0
17026.0,3,208.98,132,2010-10-18 15:22:00,2011-06-07 14:28:00,4,United Kingdom,185,3,208.98,69.66,132,1
17027.0,9,1327.11,653,2009-12-10 12:10:00,2011-09-22 12:24:00,126,United Kingdom,78,9,1327.11,147.45666666666665,653,0
17028.0,3,1593.83,856,2009-12-18 14:28:00,2010-05-07 15:33:00,85,United Kingdom,581,3,1593.83,531.2766666666666,856,1
17029.0,7,2137.3,1265,2010-02-14 10:19:00,2011-08-21 11:06:00,19,United Kingdom,110,7,2137.3,305.3285714285715,1265,0
17030.0,1,146.87,146,2011-10-07 08:49:00,2011-10-07 08:49:00,11,United Kingdom,63,1,146.87,146.87,146,0
17031.0,6,2773.85,1595,2010-05-07 14:52:00,2011-11-28 10:23:00,34,United Kingdom,11,6,2773.85,462.3083333333333,1595,0
17032.0,8,3004.6,1695,2009-12-10 15:36:00,2010-06-10 12:16:00,183,United Kingdom,547,8,3004.6,375.575,1695,1
17033.0,4,1332.79,871,2010-11-07 12:55:00,2011-09-14 14:34:00,33,United Kingdom,86,4,1332.79,333.1975,871,0
17034.0,5,1283.92,700,2010-07-14 12:55:00,2011-11-23 15:14:00,49,United Kingdom,16,5,1283.92,256.784,700,0
17035.0,4,613.59,327,2009-12-03 10:37:00,2011-04-08 11:23:00,29,United Kingdom,245,4,613.59,153.3975,327,1
17036.0,1,176.9,76,2010-11-21 14:26:00,2010-11-21 14:26:00,12,United Kingdom,383,1,176.9,176.9,76,1
17037.0,1,1267.32,656,2011-09-13 12:49:00,2011-09-13 12:49:00,75,United Kingdom,87,1,1267.32,1267.32,656,0
17038.0,2,743.17,535,2010-10-20 16:04:00,2011-11-09 13:50:00,61,United Kingdom,30,2,743.17,371.585,535,0
17039.0,1,1954.99,689,2010-04-14 12:56:00,2010-04-14 12:56:00,44,United Kingdom,604,1,1954.99,1954.99,689,1
17040.0,2,463.25,189,2010-06-07 15:08:00,2011-07-25 10:19:00,15,United Kingdom,137,2,463.25,231.625,189,0
17041.0,6,1686.28,1337,2010-04-18 14:25:00,2011-11-13 11:21:00,93,United Kingdom,26,6,1686.28,281.0466666666667,1337,0
17042.0,5,1044.38,994,2011-04-06 14:53:00,2011-12-07 12:26:00,74,United Kingdom,2,5,1044.38,208.87600000000003,994,0
17043.0,8,2616.55,1624,2009-12-09 15:20:00,2011-11-07 15:33:00,175,United Kingdom,32,8,2616.55,327.06875,1624,0
17044.0,12,11962.3,5722,2009-12-07 12:25:00,2011-11-14 14:28:00,92,United Kingdom,25,12,11962.3,996.8583333333332,5722,0
17045.0,5,827.6800000000001,294,2010-10-06 14:52:00,2011-08-18 17:09:00,44,United Kingdom,113,5,827.6800000000001,165.536,294,0
17046.0,5,1906.07,1636,2010-03-29 13:46:00,2011-07-05 14:24:00,76,United Kingdom,157,5,1906.07,381.214,1636,0
17047.0,6,2289.23,1184,2009-12-08 08:48:00,2011-09-15 13:27:00,114,United Kingdom,85,6,2289.23,381.53833333333336,1184,0
17048.0,7,2071.68,1068,2010-01-18 13:55:00,2011-08-14 11:49:00,88,United Kingdom,117,7,2071.68,295.9542857142857,1068,0
17049.0,19,9947.48,4276,2010-03-04 10:23:00,2011-12-07 10:48:00,316,United Kingdom,2,19,9947.48,523.5515789473684,4276,0
17050.0,11,4691.79,2451,2010-01-26 14:54:00,2011-09-04 13:48:00,193,United Kingdom,96,11,4691.79,426.5263636363636,2451,0
17051.0,4,714.39,513,2010-03-21 14:55:00,2011-05-29 14:13:00,107,United Kingdom,194,4,714.39,178.5975,513,1
17052.0,1,413.75,261,2011-11-11 14:50:00,2011-11-11 14:50:00,72,United Kingdom,28,1,413.75,413.75,261,0
17053.0,1,498.48,122,2011-08-01 10:23:00,2011-08-01 10:23:00,13,United Kingdom,130,1,498.48,498.48,122,0
17054.0,5,1356.33,804,2011-04-08 13:14:00,2011-11-11 12:56:00,64,United Kingdom,28,5,1356.33,271.266,804,0
17055.0,1,239.55,87,2010-09-20 12:21:00,2010-09-20 12:21:00,24,United Kingdom,445,1,239.55,239.55,87,1
17056.0,1,128.60000000000002,26,2009-12-01 12:55:00,2009-12-01 12:55:00,8,United Kingdom,738,1,128.60000000000002,128.60000000000002,26,1
17057.0,1,294.74,129,2010-04-22 19:21:00,2010-04-22 19:21:00,48,United Kingdom,596,1,294.74,294.74,129,1
17058.0,3,1179.89,592,2011-04-14 09:18:00,2011-09-19 10:13:00,51,United Kingdom,81,3,1179.89,393.2966666666667,592,0
17059.0,9,5602.53,3584,2010-01-26 14:43:00,2011-11-10 12:27:00,349,United Kingdom,29,9,5602.53,622.5033333333333,3584,0
17060.0,1,234.24,216,2011-03-18 13:27:00,2011-03-18 13:27:00,5,United Kingdom,266,1,234.24,234.24,216,1
17061.0,11,5232.2300000000005,1526,2011-04-21 13:29:00,2011-09-27 11:24:00,57,United Kingdom,73,11,5232.2300000000005,475.6572727272728,1526,0
17062.0,6,1208.22,922,2010-09-26 11:57:00,2011-01-30 11:01:00,82,United Kingdom,313,6,1208.22,201.37,922,1
17063.0,13,3638.53,1899,2009-12-01 12:36:00,2011-11-18 16:19:00,150,United Kingdom,21,13,3638.53,279.8869230769231,1899,0
17064.0,3,859.35,318,2011-01-16 16:10:00,2011-10-12 10:18:00,53,United Kingdom,58,3,859.35,286.45,318,0
17065.0,2,194.7,82,2010-03-12 11:40:00,2010-03-12 11:41:00,6,United Kingdom,637,2,194.7,97.35,82,1
17066.0,1,228.34,93,2009-12-13 13:24:00,2009-12-13 13:24:00,17,United Kingdom,726,1,228.34,228.34,93,1
17067.0,3,454.54,322,2009-12-08 12:03:00,2009-12-15 08:39:00,8,United Kingdom,724,3,454.54,151.51333333333335,322,1
17068.0,47,9161.08,4435,2010-03-28 14:26:00,2011-11-27 13:14:00,250,United Kingdom,12,47,9161.08,194.91659574468085,4435,0
17069.0,14,5794.28,3333,2009-12-03 12:27:00,2011-11-11 17:13:00,202,United Kingdom,28,14,5794.28,413.8771428571428,3333,0
17070.0,2,445.32,234,2010-10-25 15:57:00,2011-08-17 17:01:00,102,United Kingdom,114,2,445.32,222.66,234,0
17071.0,13,3801.2,1935,2010-01-24 13:05:00,2011-11-11 16:31:00,141,United Kingdom,28,13,3801.2,292.4,1935,0
17072.0,1,282.05,218,2010-03-24 16:33:00,2010-03-24 16:33:00,20,United Kingdom,625,1,282.05,282.05,218,1
17073.0,4,1446.09,759,2011-08-22 14:37:00,2011-11-22 11:47:00,142,United Kingdom,17,4,1446.09,361.5225,759,0
17074.0,1,203.05,19,2010-05-26 12:04:00,2010-05-26 12:04:00,4,United Kingdom,562,1,203.05,203.05,19,1
17075.0,10,2241.73,787,2009-12-14 11:24:00,2011-11-22 11:58:00,153,United Kingdom,17,10,2241.73,224.173,787,0
17076.0,6,1242.75,514,2009-12-04 12:12:00,2011-11-03 17:53:00,31,United Kingdom,36,6,1242.75,207.125,514,0
17077.0,1,306.0,36,2010-05-10 16:36:00,2010-05-10 16:36:00,1,United Kingdom,578,1,306.0,306.0,36,1
17078.0,2,378.2,788,2011-11-03 18:49:00,2011-11-03 19:17:00,28,United Kingdom,36,2,378.2,189.1,788,0
17079.0,1,118.8,24,2011-09-22 15:34:00,2011-09-22 15:34:00,2,United Kingdom,78,1,118.8,118.8,24,0
17080.0,7,957.53,569,2010-07-01 16:03:00,2011-11-17 12:59:00,26,United Kingdom,22,7,957.53,136.79,569,0
17081.0,6,964.39,389,2010-02-22 13:19:00,2011-11-14 12:56:00,166,United Kingdom,25,6,964.39,160.73166666666663,389,0
17082.0,6,4732.03,2526,2009-12-15 11:25:00,2011-11-06 15:17:00,117,United Kingdom,33,6,4732.03,788.6716666666666,2526,0
17083.0,9,4049.79,1955,2010-02-09 11:46:00,2011-08-22 15:43:00,30,United Kingdom,109,9,4049.79,449.9766666666667,1955,0
17084.0,3,5202.97,3292,2010-11-08 14:20:00,2011-11-04 14:54:00,263,United Kingdom,35,3,5202.97,1734.3233333333335,3292,0
17085.0,28,7891.41,3603,2009-12-06 12:16:00,2011-08-08 14:15:00,411,United Kingdom,123,28,7891.41,281.8360714285714,3603,0
17086.0,6,2050.08,1859,2011-10-07 11:22:00,2011-12-02 13:54:00,76,United Kingdom,7,6,2050.08,341.68,1859,0
17087.0,1,221.53,113,2009-12-02 10:41:00,2009-12-02 10:41:00,12,United Kingdom,737,1,221.53,221.53,113,1
17088.0,4,1991.01,868,2011-03-31 09:48:00,2011-11-11 14:23:00,96,United Kingdom,28,4,1991.01,497.7525,868,0
17089.0,1,128.45,35,2010-11-18 15:33:00,2010-11-18 15:33:00,4,United Kingdom,386,1,128.45,128.45,35,1
17090.0,13,3149.48,1362,2010-07-19 16:02:00,2011-12-05 13:44:00,54,United Kingdom,4,13,3149.48,242.2676923076923,1362,0
17091.0,19,7811.1,3845,2009-12-16 15:45:00,2011-12-07 10:43:00,242,United Kingdom,2,19,7811.1,411.1105263157895,3845,0
17092.0,11,5594.96,3801,2010-02-02 16:42:00,2011-10-20 19:51:00,273,United Kingdom,50,11,5594.96,508.63272727272727,3801,0
17093.0,1,235.88,114,2010-04-26 10:22:00,2010-04-26 10:22:00,13,United Kingdom,592,1,235.88,235.88,114,1
17094.0,2,402.2000000000001,212,2010-10-12 10:48:00,2011-01-21 13:09:00,18,United Kingdom,322,2,402.2000000000001,201.10000000000005,212,1
17095.0,7,2572.25,1695,2009-12-15 12:32:00,2011-11-17 12:21:00,110,United Kingdom,22,7,2572.25,367.4642857142857,1695,0
17096.0,11,3759.18,1571,2010-06-02 14:48:00,2011-11-24 15:01:00,162,United Kingdom,15,11,3759.18,341.7436363636364,1571,0
17097.0,9,1340.45,660,2010-10-05 14:09:00,2011-12-07 17:05:00,182,Spain,2,9,1340.45,148.9388888888889,660,0
17098.0,3,591.0699999999999,125,2010-06-17 10:30:00,2010-11-23 12:13:00,10,United Kingdom,381,3,591.0699999999999,197.0233333333333,125,1
17099.0,1,582.17,317,2010-06-24 16:25:00,2010-06-24 16:25:00,40,United Kingdom,533,1,582.17,582.17,317,1
17100.0,2,971.74,800,2011-11-21 16:36:00,2011-11-21 16:36:00,65,United Kingdom,18,2,971.74,485.87,800,0
17101.0,7,2507.05,1175,2010-06-07 15:12:00,2011-11-29 13:57:00,54,United Kingdom,10,7,2507.05,358.15000000000003,1175,0
17102.0,1,25.5,2,2011-03-23 10:08:00,2011-03-23 10:08:00,1,United Kingdom,261,1,25.5,25.5,2,1
17103.0,1,424.3,471,2009-12-17 14:08:00,2009-12-17 14:08:00,32,United Kingdom,722,1,424.3,424.3,471,1
17104.0,1,474.03,149,2010-10-12 12:21:00,2010-10-12 12:21:00,19,United Kingdom,423,1,474.03,474.03,149,1
17105.0,2,665.78,693,2011-02-06 14:46:00,2011-07-03 15:53:00,80,United Kingdom,159,2,665.78,332.89,693,0
17106.0,1,491.23,156,2010-11-15 14:11:00,2010-11-15 14:11:00,51,United Kingdom,389,1,491.23,491.23,156,1
17107.0,10,16075.42,7544,2010-01-31 15:47:00,2011-11-06 14:14:00,377,United Kingdom,33,10,16075.42,1607.542,7544,0
17108.0,1,174.95,31,2010-02-14 12:22:00,2010-02-14 12:22:00,9,United Kingdom,663,1,174.95,174.95,31,1
17109.0,8,1295.46,789,2010-07-30 12:42:00,2011-11-10 16:59:00,124,United Kingdom,29,8,1295.46,161.9325,789,0
17110.0,3,510.7,142,2010-04-08 13:32:00,2011-06-27 12:58:00,38,United Kingdom,165,3,510.7,170.23333333333332,142,0
17111.0,2,476.58,601,2010-10-10 15:21:00,2011-10-23 15:59:00,44,United Kingdom,47,2,476.58,238.29,601,0
17112.0,1,205.17,134,2010-07-25 11:14:00,2010-07-25 11:14:00,44,United Kingdom,502,1,205.17,205.17,134,1
17113.0,6,2322.59,915,2010-01-11 10:14:00,2010-05-14 13:59:00,122,United Kingdom,574,6,2322.59,387.09833333333336,915,1
17114.0,8,808.62,219,2011-01-09 11:39:00,2011-12-04 12:17:00,85,United Kingdom,5,8,808.62,101.0775,219,0
17115.0,7,2761.49,885,2009-12-05 12:13:00,2011-12-01 14:30:00,102,United Kingdom,8,7,2761.49,394.4985714285714,885,0
17116.0,1,389.78,392,2010-03-01 16:29:00,2010-03-01 16:29:00,47,United Kingdom,648,1,389.78,389.78,392,1
17117.0,1,116.2,68,2011-02-24 13:54:00,2011-02-24 13:54:00,9,United Kingdom,288,1,116.2,116.2,68,1
17118.0,1,157.02,154,2011-01-26 12:19:00,2011-01-26 12:19:00,10,United Kingdom,317,1,157.02,157.02,154,1
17119.0,2,606.91,334,2011-10-11 11:03:00,2011-12-06 14:40:00,35,United Kingdom,3,2,606.91,303.455,334,0
17120.0,1,307.46,120,2011-04-20 15:21:00,2011-04-20 15:21:00,18,United Kingdom,233,1,307.46,307.46,120,1
17121.0,1,314.74,106,2010-11-02 11:47:00,2010-11-02 11:47:00,12,United Kingdom,402,1,314.74,314.74,106,1
17122.0,4,570.5,368,2010-07-28 09:34:00,2011-08-12 14:33:00,23,United Kingdom,119,4,570.5,142.625,368,0
17123.0,3,977.17,676,2010-05-16 11:52:00,2011-07-01 10:47:00,37,United Kingdom,161,3,977.17,325.7233333333333,676,0
17124.0,1,298.89,130,2011-06-07 14:02:00,2011-06-07 14:02:00,31,United Kingdom,185,1,298.89,298.89,130,1
17125.0,1,259.35,291,2011-10-20 14:41:00,2011-10-20 14:41:00,34,United Kingdom,50,1,259.35,259.35,291,0
17126.0,9,2070.44,1468,2010-08-31 13:41:00,2011-07-10 13:52:00,295,United Kingdom,152,9,2070.44,230.04888888888888,1468,0
17127.0,5,1155.0300000000002,340,2009-12-04 15:18:00,2010-10-07 09:54:00,27,United Kingdom,428,5,1155.0300000000002,231.00600000000003,340,1
17128.0,1,157.09,76,2011-01-09 12:02:00,2011-01-09 12:02:00,14,United Kingdom,334,1,157.09,157.09,76,1
17129.0,1,31.85,5,2010-07-07 13:46:00,2010-07-07 13:46:00,2,United Kingdom,520,1,31.85,31.85,5,1
17131.0,5,2463.17,983,2011-09-25 12:42:00,2011-12-04 12:52:00,78,United Kingdom,5,5,2463.17,492.634,983,0
17132.0,2,1272.8,980,2010-08-08 13:49:00,2010-09-13 16:31:00,62,United Kingdom,452,2,1272.8,636.4,980,1
17133.0,12,14622.33,10107,2010-03-21 12:31:00,2011-11-24 12:27:00,22,United Kingdom,15,12,14622.33,1218.5275,10107,0
17134.0,3,637.1,148,2010-09-23 18:32:00,2011-08-25 09:53:00,31,United Kingdom,106,3,637.1,212.36666666666667,148,0
17135.0,10,1954.16,1922,2010-05-09 16:03:00,2011-11-23 16:48:00,98,United Kingdom,16,10,1954.16,195.416,1922,0
17136.0,1,231.68,256,2010-02-15 13:13:00,2010-02-15 13:13:00,14,United Kingdom,662,1,231.68,231.68,256,1
17137.0,6,1133.63,697,2010-01-31 12:27:00,2010-10-19 14:51:00,125,United Kingdom,416,6,1133.63,188.93833333333336,697,1
17138.0,7,4417.27,2024,2010-02-04 14:19:00,2011-03-09 11:54:00,234,United Kingdom,275,7,4417.27,631.0385714285715,2024,1
17139.0,25,19584.46,9859,2010-01-11 11:31:00,2011-11-24 10:12:00,447,United Kingdom,15,25,19584.46,783.3783999999999,9859,0
17140.0,1,465.32,302,2011-04-06 13:33:00,2011-04-06 13:33:00,16,United Kingdom,247,1,465.32,465.32,302,1
17141.0,4,754.33,436,2010-01-24 14:19:00,2010-10-17 14:54:00,138,United Kingdom,418,4,754.33,188.5825,436,1
17142.0,4,1283.75,323,2010-01-24 15:23:00,2011-04-14 18:22:00,78,United Kingdom,239,4,1283.75,320.9375,323,1
17143.0,2,924.11,330,2010-07-12 13:26:00,2010-10-18 15:27:00,82,United Kingdom,417,2,924.11,462.055,330,1
17144.0,2,984.57,483,2011-09-16 12:50:00,2011-12-08 17:57:00,42,United Kingdom,1,2,984.57,492.285,483,0
17145.0,4,3120.91,2591,2010-02-19 12:07:00,2010-07-15 09:02:00,168,United Kingdom,512,4,3120.91,780.2275,2591,1
17146.0,13,5860.24,2192,2010-02-02 09:39:00,2011-08-26 12:44:00,164,United Kingdom,105,13,5860.24,450.7876923076923,2192,0
17147.0,9,3199.95,1308,2010-01-11 09:38:00,2011-11-17 12:32:00,99,United Kingdom,22,9,3199.95,355.54999999999995,1308,0
17148.0,1,124.88,82,2011-10-19 09:59:00,2011-10-19 09:59:00,9,United Kingdom,51,1,124.88,124.88,82,0
17149.0,1,143.10000000000002,18,2010-09-14 14:56:00,2010-09-14 14:56:00,6,United Kingdom,451,1,143.10000000000002,143.10000000000002,18,1
17150.0,6,1375.65,403,2009-12-06 10:51:00,2010-11-28 11:27:00,64,United Kingdom,376,6,1375.65,229.275,403,1
17151.0,1,231.90000000000003,42,2009-12-04 14:56:00,2009-12-04 14:56:00,4,United Kingdom,735,1,231.90000000000003,231.90000000000003,42,1
17152.0,4,2016.5,577,2010-10-10 12:40:00,2011-05-29 12:19:00,9,United Kingdom,194,4,2016.5,504.125,577,1
17153.0,1,213.78,104,2011-11-15 13:42:00,2011-11-15 13:42:00,14,United Kingdom,24,1,213.78,213.78,104,0
17154.0,1,329.34,490,2011-09-25 13:42:00,2011-09-25 13:42:00,23,United Kingdom,75,1,329.34,329.34,490,0
17155.0,7,892.46,987,2009-12-03 11:34:00,2011-11-22 12:38:00,43,United Kingdom,17,7,892.46,127.49428571428572,987,0
17156.0,1,591.87,391,2010-08-05 11:30:00,2010-08-05 11:30:00,39,United Kingdom,491,1,591.87,591.87,391,1
17157.0,19,5151.9,2092,2009-12-04 13:00:00,2011-12-02 09:10:00,78,United Kingdom,7,19,5151.9,271.15263157894736,2092,0
17158.0,5,1980.0,1147,2010-03-07 15:50:00,2011-11-07 15:15:00,74,United Kingdom,32,5,1980.0,396.0,1147,0
17159.0,5,2099.59,1348,2010-03-04 14:53:00,2011-11-18 10:52:00,115,United Kingdom,21,5,2099.59,419.918,1348,0
17160.0,17,10209.16,8390,2009-12-04 10:57:00,2011-11-08 14:05:00,215,United Kingdom,31,17,10209.16,600.5388235294117,8390,0
17161.0,1,856.01,537,2010-09-21 16:44:00,2010-09-21 16:44:00,52,United Kingdom,444,1,856.01,856.01,537,1
17162.0,10,1715.46,1001,2011-02-07 12:27:00,2011-11-11 11:34:00,81,United Kingdom,28,10,1715.46,171.546,1001,0
17163.0,4,699.78,531,2010-02-02 10:39:00,2011-11-18 08:57:00,27,United Kingdom,21,4,699.78,174.945,531,0
17164.0,7,2467.35,1501,2011-03-11 14:26:00,2011-11-07 09:14:00,92,United Kingdom,32,7,2467.35,352.4785714285714,1501,0
17165.0,6,1794.32,788,2009-12-11 09:18:00,2011-02-28 16:39:00,77,United Kingdom,284,6,1794.32,299.05333333333334,788,1
17166.0,2,206.34,78,2011-05-20 08:18:00,2011-11-01 09:46:00,11,United Kingdom,38,2,206.34,103.17,78,0
17167.0,3,867.11,429,2010-09-20 14:02:00,2010-11-25 10:05:00,64,United Kingdom,379,3,867.11,289.0366666666667,429,1
17168.0,1,400.2,220,2010-07-29 12:33:00,2010-07-29 12:33:00,21,United Kingdom,498,1,400.2,400.2,220,1
17169.0,3,1156.73,671,2010-05-10 13:00:00,2011-10-13 10:25:00,64,United Kingdom,57,3,1156.73,385.57666666666665,671,0
17170.0,2,178.68,152,2010-11-15 16:23:00,2010-11-30 15:55:00,8,United Kingdom,374,2,178.68,89.34,152,1
17171.0,2,384.59,225,2010-02-16 12:02:00,2011-02-23 16:37:00,25,United Kingdom,289,2,384.59,192.295,225,1
17172.0,3,956.57,1215,2009-12-13 11:46:00,2011-09-22 09:36:00,39,United Kingdom,78,3,956.57,318.8566666666667,1215,0
17173.0,8,3766.6,1122,2011-07-31 15:26:00,2011-12-04 14:40:00,36,United Kingdom,5,8,3766.6,470.825,1122,0
17174.0,1,59.9,41,2011-05-06 11:47:00,2011-05-06 11:47:00,4,United Kingdom,217,1,59.9,59.9,41,1
17175.0,4,1443.69,866,2011-02-16 14:56:00,2011-10-26 15:31:00,42,United Kingdom,44,4,1443.69,360.9225,866,0
17176.0,3,902.32,576,2010-01-31 15:49:00,2011-05-22 12:41:00,37,United Kingdom,201,3,902.32,300.77333333333337,576,1
17177.0,1,119.5,40,2010-07-22 14:53:00,2010-07-22 14:53:00,29,United Kingdom,505,1,119.5,119.5,40,1
17178.0,1,436.71,101,2009-12-08 16:20:00,2009-12-08 16:20:00,31,United Kingdom,731,1,436.71,436.71,101,1
17179.0,6,1507.26,625,2010-05-26 11:22:00,2011-06-14 16:48:00,75,United Kingdom,178,6,1507.26,251.21,625,0
17180.0,11,2256.98,1828,2010-01-21 17:43:00,2011-10-14 15:46:00,189,United Kingdom,56,11,2256.98,205.18,1828,0
17181.0,3,465.37,484,2010-04-23 11:21:00,2011-10-13 14:48:00,28,United Kingdom,57,3,465.37,155.1233333333333,484,0
17182.0,2,321.3,54,2009-12-21 15:22:00,2010-10-13 10:09:00,4,United Kingdom,422,2,321.3,160.65,54,1
17183.0,6,3347.31,1296,2011-08-26 15:25:00,2011-12-02 10:07:00,42,United Kingdom,7,6,3347.31,557.885,1296,0
17184.0,2,198.41000000000005,73,2009-12-09 14:17:00,2010-05-19 14:24:00,14,United Kingdom,569,2,198.41000000000005,99.20500000000004,73,1
17185.0,3,229.46,119,2010-04-20 13:49:00,2010-04-27 12:15:00,38,United Kingdom,591,3,229.46,76.48666666666666,119,1
17186.0,2,144.0,200,2011-10-10 12:52:00,2011-10-24 10:20:00,1,United Kingdom,46,2,144.0,72.0,200,0
17187.0,2,467.71,426,2010-07-01 14:38:00,2011-04-27 12:39:00,21,United Kingdom,226,2,467.71,233.855,426,1
17188.0,13,4592.93,2569,2009-12-08 19:16:00,2011-11-28 13:53:00,136,United Kingdom,11,13,4592.93,353.3023076923077,2569,0
17189.0,5,957.63,604,2009-12-02 11:45:00,2011-08-25 19:39:00,101,United Kingdom,106,5,957.63,191.526,604,0
17190.0,7,1743.04,2225,2010-03-05 13:21:00,2011-10-12 11:33:00,160,United Kingdom,58,7,1743.04,249.00571428571428,2225,0
17191.0,15,4836.05,2536,2009-12-01 16:34:00,2011-11-11 16:58:00,269,United Kingdom,28,15,4836.05,322.40333333333336,2536,0
17192.0,1,77.83,46,2010-06-21 16:07:00,2010-06-21 16:07:00,20,United Kingdom,536,1,77.83,77.83,46,1
17193.0,9,2310.04,1668,2009-12-02 10:02:00,2011-11-04 12:47:00,28,United Kingdom,35,9,2310.04,256.6711111111111,1668,0
17194.0,3,812.5,420,2010-06-27 13:16:00,2011-03-11 12:05:00,57,United Kingdom,273,3,812.5,270.8333333333333,420,1
17195.0,1,562.98,486,2010-02-22 13:05:00,2010-02-22 13:05:00,31,United Kingdom,655,1,562.98,562.98,486,1
17196.0,1,352.9,168,2010-10-08 11:31:00,2010-10-08 11:31:00,84,United Kingdom,427,1,352.9,352.9,168,1
17197.0,1,1013.01,191,2011-11-10 10:32:00,2011-11-10 10:32:00,29,United Kingdom,29,1,1013.01,1013.01,191,0
17198.0,3,1213.88,599,2010-12-03 14:54:00,2011-11-16 10:39:00,89,United Kingdom,23,3,1213.88,404.6266666666667,599,0
17199.0,1,145.12,304,2010-05-06 13:53:00,2010-05-06 13:53:00,8,United Kingdom,582,1,145.12,145.12,304,1
17200.0,4,356.71,367,2010-02-25 13:23:00,2010-11-17 13:04:00,25,United Kingdom,387,4,356.71,89.1775,367,1
17201.0,4,1242.04,1075,2010-02-10 12:26:00,2011-10-17 11:55:00,154,United Kingdom,53,4,1242.04,310.51,1075,0
17202.0,1,160.65,55,2010-10-15 11:25:00,2010-10-15 11:25:00,8,United Kingdom,420,1,160.65,160.65,55,1
17203.0,10,5575.88,4606,2010-11-16 12:52:00,2011-11-04 12:27:00,195,United Kingdom,35,10,5575.88,557.588,4606,0
17204.0,9,5504.6900000000005,2651,2010-06-10 11:37:00,2011-06-17 14:46:00,110,United Kingdom,175,9,5504.6900000000005,611.6322222222223,2651,0
17205.0,3,999.35,2214,2010-05-24 15:36:00,2011-10-17 12:46:00,27,United Kingdom,53,3,999.35,333.1166666666667,2214,0
17206.0,1,204.24,76,2011-10-17 13:25:00,2011-10-17 13:25:00,7,United Kingdom,53,1,204.24,204.24,76,0
17207.0,1,303.22,241,2010-02-25 19:08:00,2010-02-25 19:08:00,55,United Kingdom,652,1,303.22,303.22,241,1
17208.0,1,115.35,103,2010-11-09 12:50:00,2010-11-09 12:50:00,21,United Kingdom,395,1,115.35,115.35,103,1
17209.0,3,611.6,731,2009-12-03 11:10:00,2010-02-28 16:01:00,36,United Kingdom,649,3,611.6,203.86666666666667,731,1
17210.0,1,253.37,243,2010-11-12 12:15:00,2010-11-12 12:15:00,47,United Kingdom,392,1,253.37,253.37,243,1
17211.0,13,4046.65,2345,2009-12-13 13:17:00,2011-11-13 12:03:00,217,United Kingdom,26,13,4046.65,311.28076923076924,2345,0
17212.0,3,794.41,727,2010-08-10 09:22:00,2011-03-31 19:42:00,29,United Kingdom,253,3,794.41,264.80333333333334,727,1
17213.0,13,5182.3,2179,2009-12-15 10:28:00,2011-10-30 14:53:00,130,United Kingdom,40,13,5182.3,398.6384615384616,2179,0
17214.0,6,1069.12,276,2010-12-15 15:14:00,2011-10-10 13:17:00,79,United Kingdom,60,6,1069.12,178.18666666666664,276,0
17215.0,1,186.15,104,2010-09-01 13:39:00,2010-09-01 13:39:00,11,United Kingdom,464,1,186.15,186.15,104,1
17216.0,1,65.05,22,2010-06-03 13:03:00,2010-06-03 13:03:00,13,United Kingdom,554,1,65.05,65.05,22,1
17217.0,2,218.0,95,2010-03-30 13:35:00,2011-04-19 17:19:00,27,United Kingdom,234,2,218.0,109.0,95,1
17218.0,18,4192.68,2200,2010-01-25 16:12:00,2011-12-05 13:52:00,248,United Kingdom,4,18,4192.68,232.92666666666668,2200,0
17219.0,2,259.13,188,2010-10-19 11:29:00,2011-11-08 11:25:00,43,United Kingdom,31,2,259.13,129.565,188,0
17220.0,21,4481.75,2699,2010-01-20 11:57:00,2011-11-15 13:47:00,408,United Kingdom,24,21,4481.75,213.41666666666663,2699,0
17221.0,5,978.52,715,2010-04-11 15:34:00,2011-12-02 13:35:00,115,United Kingdom,7,5,978.52,195.704,715,0
17222.0,6,1605.01,863,2010-01-10 15:24:00,2011-10-05 13:58:00,94,United Kingdom,65,6,1605.01,267.50166666666667,863,0
17223.0,3,873.53,222,2010-11-29 17:19:00,2011-02-02 15:57:00,62,United Kingdom,310,3,873.53,291.1766666666667,222,1
17224.0,1,100.86,65,2010-07-26 13:30:00,2010-07-26 13:30:00,8,United Kingdom,501,1,100.86,100.86,65,1
17225.0,1,131.15,36,2010-05-07 11:38:00,2010-05-07 11:38:00,5,United Kingdom,581,1,131.15,131.15,36,1
17226.0,3,900.12,855,2010-02-12 14:31:00,2011-02-04 11:52:00,51,United Kingdom,308,3,900.12,300.04,855,1
17227.0,12,2022.03,1774,2010-01-15 15:05:00,2011-11-21 10:51:00,58,United Kingdom,18,12,2022.03,168.5025,1774,0
17228.0,13,3177.24,2568,2010-03-12 11:54:00,2011-11-24 10:24:00,199,United Kingdom,15,13,3177.24,244.4030769230769,2568,0
17229.0,2,318.76,185,2011-07-20 12:38:00,2011-09-04 13:56:00,39,United Kingdom,96,2,318.76,159.38,185,0
17230.0,18,9924.95,3903,2009-12-08 13:41:00,2011-03-20 16:12:00,141,United Kingdom,264,18,9924.95,551.3861111111112,3903,1
17231.0,25,7197.04,3738,2009-12-07 16:38:00,2011-11-27 15:18:00,509,United Kingdom,12,25,7197.04,287.8816,3738,0
17232.0,2,421.52,203,2011-11-25 12:24:00,2011-12-07 12:21:00,30,United Kingdom,2,2,421.52,210.76,203,0
17233.0,3,560.86,298,2009-12-15 12:03:00,2011-11-04 14:06:00,56,United Kingdom,35,3,560.86,186.95333333333332,298,0
17234.0,1,149.89,55,2011-06-10 11:20:00,2011-06-10 11:20:00,14,United Kingdom,182,1,149.89,149.89,55,1
17235.0,8,1904.88,971,2010-06-04 17:01:00,2011-11-14 15:51:00,52,United Kingdom,25,8,1904.88,238.11,971,0
17236.0,12,1929.26,804,2010-03-07 13:00:00,2011-11-27 12:00:00,123,United Kingdom,12,12,1929.26,160.77166666666668,804,0
17237.0,4,1002.08,415,2010-11-23 11:45:00,2011-11-28 15:02:00,76,United Kingdom,11,4,1002.08,250.52,415,0
17238.0,32,7783.1,3720,2009-12-01 10:59:00,2011-12-07 11:35:00,486,United Kingdom,2,32,7783.1,243.221875,3720,0
17239.0,4,1189.45,515,2010-07-01 10:53:00,2011-01-31 09:41:00,18,United Kingdom,312,4,1189.45,297.3625,515,1
17240.0,1,130.6,108,2010-04-22 15:44:00,2010-04-22 15:44:00,7,United Kingdom,596,1,130.6,130.6,108,1
17241.0,12,2744.14,865,2010-02-15 14:47:00,2010-11-19 13:01:00,116,United Kingdom,385,12,2744.14,228.6783333333333,865,1
17242.0,5,2889.28,1459,2010-01-24 10:27:00,2011-08-23 14:55:00,44,United Kingdom,108,5,2889.28,577.856,1459,0
17243.0,69,20889.86,8198,2009-12-01 15:36:00,2011-12-08 13:26:00,359,United Kingdom,1,69,20889.86,302.75159420289856,8198,0
17244.0,5,1826.04,1419,2009-12-06 11:27:00,2011-10-17 15:19:00,109,United Kingdom,53,5,1826.04,365.208,1419,0
17245.0,2,371.63,307,2010-01-19 15:39:00,2011-05-19 10:43:00,24,United Kingdom,204,2,371.63,185.815,307,1
17246.0,2,38.92,36,2009-12-01 17:45:00,2010-06-11 12:36:00,6,United Kingdom,546,2,38.92,19.46,36,1
17247.0,1,282.19,106,2011-11-24 15:21:00,2011-11-24 15:21:00,53,United Kingdom,15,1,282.19,282.19,106,0
17248.0,2,546.16,292,2010-08-15 11:55:00,2011-08-11 13:34:00,85,United Kingdom,120,2,546.16,273.08,292,0
17249.0,1,68.03,79,2010-10-07 11:33:00,2010-10-07 11:33:00,27,United Kingdom,428,1,68.03,68.03,79,1
17250.0,2,384.52,168,2011-03-23 16:45:00,2011-12-06 12:15:00,55,United Kingdom,3,2,384.52,192.26,168,0
17251.0,3,812.4300000000001,379,2009-12-15 10:36:00,2010-12-12 11:06:00,65,United Kingdom,362,3,812.4300000000001,270.81,379,1
17252.0,2,353.86,193,2011-06-06 16:41:00,2011-08-15 09:45:00,86,United Kingdom,116,2,353.86,176.93,193,0
17253.0,1,178.26,43,2011-11-21 12:59:00,2011-11-21 12:59:00,18,United Kingdom,18,1,178.26,178.26,43,0
17254.0,3,470.73,398,2010-11-03 14:00:00,2011-12-05 12:46:00,129,United Kingdom,4,3,470.73,156.91,398,0
17255.0,4,799.13,594,2010-09-19 15:53:00,2011-10-30 12:18:00,163,United Kingdom,40,4,799.13,199.7825,594,0
17256.0,5,498.93,299,2010-04-18 13:40:00,2011-08-24 13:30:00,20,United Kingdom,107,5,498.93,99.786,299,0
17257.0,2,192.73,188,2010-09-29 12:49:00,2010-09-29 12:51:00,14,United Kingdom,436,2,192.73,96.365,188,1
17258.0,2,417.3,188,2010-02-12 15:51:00,2010-11-08 12:37:00,46,United Kingdom,396,2,417.3,208.65,188,1
17259.0,6,1889.34,1158,2010-02-22 13:38:00,2011-07-14 15:01:00,179,United Kingdom,148,6,1889.34,314.89,1158,0
17260.0,1,120.95,23,2010-10-24 13:21:00,2010-10-24 13:21:00,6,United Kingdom,411,1,120.95,120.95,23,1
17261.0,1,230.44,98,2010-07-18 11:49:00,2010-07-18 11:49:00,43,United Kingdom,509,1,230.44,230.44,98,1
17262.0,11,2757.62,709,2009-12-15 11:26:00,2011-10-18 12:56:00,12,United Kingdom,52,11,2757.62,250.69272727272727,709,0
17263.0,1,63.440000000000005,36,2011-05-15 14:32:00,2011-05-15 14:32:00,23,United Kingdom,208,1,63.440000000000005,63.440000000000005,36,1
17264.0,1,279.59,227,2010-10-11 12:52:00,2010-10-11 12:52:00,70,United Kingdom,424,1,279.59,279.59,227,1
17265.0,2,562.9,394,2011-06-12 12:00:00,2011-07-24 10:49:00,106,United Kingdom,138,2,562.9,281.45,394,0
17266.0,5,517.73,252,2010-03-09 10:42:00,2011-12-07 14:12:00,95,United Kingdom,2,5,517.73,103.546,252,0
17267.0,2,317.62,159,2011-08-04 17:19:00,2011-08-04 17:22:00,37,United Kingdom,127,2,317.62,158.81,159,0
17268.0,11,1733.89,1395,2009-12-08 11:46:00,2011-08-24 10:06:00,26,United Kingdom,107,11,1733.89,157.62636363636364,1395,0
17269.0,1,537.46,336,2010-11-19 11:12:00,2010-11-19 11:12:00,110,United Kingdom,385,1,537.46,537.46,336,1
17270.0,2,604.4,421,2009-12-07 17:18:00,2010-08-27 14:09:00,45,United Kingdom,469,2,604.4,302.2,421,1
17271.0,1,210.39,117,2009-12-03 13:49:00,2009-12-03 13:49:00,46,United Kingdom,736,1,210.39,210.39,117,1
17272.0,4,2148.63,1778,2011-03-22 12:05:00,2011-10-28 16:37:00,70,United Kingdom,42,4,2148.63,537.1575,1778,0
17273.0,1,141.12,133,2010-10-11 15:57:00,2010-10-11 15:57:00,12,United Kingdom,424,1,141.12,141.12,133,1
17274.0,2,577.38,273,2010-11-09 12:06:00,2011-11-04 13:16:00,76,United Kingdom,35,2,577.38,288.69,273,0
17275.0,1,114.52,72,2010-11-21 13:26:00,2010-11-21 13:26:00,23,United Kingdom,383,1,114.52,114.52,72,1
17276.0,1,508.39,189,2010-11-02 16:20:00,2010-11-02 16:20:00,50,United Kingdom,402,1,508.39,508.39,189,1
17277.0,2,1065.35,430,2011-01-21 12:37:00,2011-04-26 12:47:00,67,United Kingdom,227,2,1065.35,532.675,430,1
17278.0,2,271.24,195,2010-05-23 13:49:00,2011-04-12 13:10:00,17,United Kingdom,241,2,271.24,135.62,195,1
17279.0,1,187.83,48,2011-10-13 11:58:00,2011-10-13 11:58:00,8,United Kingdom,57,1,187.83,187.83,48,0
17280.0,1,118.86,74,2010-09-27 16:46:00,2010-09-27 16:46:00,6,United Kingdom,438,1,118.86,118.86,74,1
17281.0,6,797.8499999999999,295,2010-02-04 13:00:00,2010-11-30 18:05:00,2,United Kingdom,374,6,797.8499999999999,132.975,295,1
17282.0,5,2339.66,2351,2010-06-09 12:07:00,2011-08-01 14:29:00,168,United Kingdom,130,5,2339.66,467.932,2351,0
17283.0,1,188.46,179,2010-11-26 11:53:00,2010-11-26 11:53:00,15,United Kingdom,378,1,188.46,188.46,179,1
17284.0,8,2793.16,2071,2010-09-20 16:18:00,2011-10-10 14:38:00,285,United Kingdom,60,8,2793.16,349.145,2071,0
17285.0,2,428.34,140,2010-02-14 14:10:00,2010-03-21 13:38:00,41,United Kingdom,628,2,428.34,214.17,140,1
17286.0,3,395.48,371,2010-11-04 13:43:00,2011-11-18 12:47:00,89,United Kingdom,21,3,395.48,131.82666666666668,371,0
17287.0,21,4111.96,2101,2009-12-03 12:45:00,2011-11-13 13:27:00,279,United Kingdom,26,21,4111.96,195.80761904761903,2101,0
17288.0,11,2499.98,1706,2010-11-10 14:44:00,2011-11-30 16:09:00,233,United Kingdom,9,11,2499.98,227.2709090909091,1706,0
17289.0,9,2079.39,1260,2010-03-08 12:52:00,2011-11-08 12:01:00,202,United Kingdom,31,9,2079.39,231.0433333333333,1260,0
17290.0,8,1501.44,1147,2009-12-13 13:28:00,2011-12-06 12:38:00,184,United Kingdom,3,8,1501.44,187.68,1147,0
17291.0,1,550.8000000000001,72,2011-02-04 13:04:00,2011-02-04 13:04:00,1,United Kingdom,308,1,550.8000000000001,550.8000000000001,72,1
17292.0,2,271.75,131,2010-05-09 14:52:00,2010-08-24 17:14:00,14,United Kingdom,472,2,271.75,135.875,131,1
17293.0,17,3774.23,2234,2009-12-03 15:09:00,2011-12-01 14:37:00,148,United Kingdom,8,17,3774.23,222.0135294117647,2234,0
17294.0,2,467.79,297,2010-02-08 14:21:00,2010-02-08 16:12:00,17,United Kingdom,669,2,467.79,233.895,297,1
17295.0,3,556.95,294,2011-10-06 12:22:00,2011-11-11 10:49:00,53,United Kingdom,28,3,556.95,185.65,294,0
17296.0,1,338.13,216,2009-12-09 14:01:00,2009-12-09 14:01:00,32,United Kingdom,730,1,338.13,338.13,216,1
17297.0,1,131.78,67,2011-11-22 14:43:00,2011-11-22 14:43:00,49,United Kingdom,17,1,131.78,131.78,67,0
17298.0,5,957.56,854,2010-03-08 08:56:00,2011-08-30 16:43:00,61,United Kingdom,101,5,957.56,191.512,854,0
17299.0,6,1016.08,934,2010-08-15 16:00:00,2011-11-28 12:01:00,96,United Kingdom,11,6,1016.08,169.34666666666666,934,0
17300.0,2,393.64,467,2010-08-15 11:02:00,2010-11-14 10:56:00,37,United Kingdom,390,2,393.64,196.82,467,1
17301.0,2,330.43,229,2010-03-25 13:16:00,2011-11-18 13:43:00,107,United Kingdom,21,2,330.43,165.215,229,0
17302.0,5,1135.63,575,2011-02-07 10:14:00,2011-11-25 09:36:00,68,United Kingdom,14,5,1135.63,227.12600000000003,575,0
17303.0,1,250.04,144,2010-12-13 13:32:00,2010-12-13 13:32:00,53,United Kingdom,361,1,250.04,250.04,144,1
17304.0,1,111.5,73,2010-06-23 16:23:00,2010-06-23 16:23:00,5,United Kingdom,534,1,111.5,111.5,73,1
17305.0,1,2135.46,1006,2010-03-01 12:47:00,2010-03-01 12:47:00,9,United Kingdom,648,1,2135.46,2135.46,1006,1
17306.0,21,9782.35,13747,2010-11-01 11:38:00,2011-11-29 12:14:00,17,United Kingdom,10,21,9782.35,465.8261904761905,13747,0
17307.0,11,3999.89,3667,2010-01-19 16:38:00,2010-11-09 13:40:00,22,United Kingdom,395,11,3999.89,363.6263636363637,3667,1
17308.0,2,4511.76,5148,2010-09-13 09:35:00,2010-11-11 13:19:00,5,United Kingdom,393,2,4511.76,2255.88,5148,1
17309.0,3,330.59000000000003,193,2010-02-04 15:49:00,2011-09-05 15:20:00,33,United Kingdom,95,3,330.59000000000003,110.19666666666669,193,0
17310.0,2,1025.1,402,2010-06-23 11:38:00,2010-11-17 16:00:00,1,United Kingdom,387,2,1025.1,512.55,402,1
17311.0,6,3566.56,2755,2010-02-03 12:38:00,2011-09-22 14:11:00,124,United Kingdom,78,6,3566.56,594.4266666666666,2755,0
17312.0,3,644.3,372,2011-07-03 13:12:00,2011-07-24 11:52:00,11,United Kingdom,138,3,644.3,214.76666666666665,372,0
17313.0,1,2328.84,1402,2011-11-08 15:45:00,2011-11-08 15:45:00,24,United Kingdom,31,1,2328.84,2328.84,1402,0
17314.0,17,4904.43,3663,2009-12-03 11:25:00,2011-11-15 09:41:00,200,United Kingdom,24,17,4904.43,288.4958823529412,3663,0
17315.0,43,9650.6,5124,2010-09-27 12:45:00,2011-12-08 12:15:00,385,United Kingdom,1,43,9650.6,224.4325581395349,5124,0
17316.0,1,124.45,44,2010-10-15 14:35:00,2010-10-15 14:35:00,35,United Kingdom,420,1,124.45,124.45,44,1
17317.0,3,2600.34,1146,2011-09-11 12:45:00,2011-10-24 17:19:00,8,United Kingdom,46,3,2600.34,866.7800000000001,1146,0
17318.0,1,164.28,60,2009-12-14 13:11:00,2009-12-14 13:11:00,17,United Kingdom,725,1,164.28,164.28,60,1
17319.0,1,29.1,14,2010-02-08 15:47:00,2010-02-08 15:47:00,3,United Kingdom,669,1,29.1,29.1,14,1
17320.0,6,2895.77,1392,2010-01-21 16:29:00,2011-08-31 13:31:00,86,United Kingdom,100,6,2895.77,482.6283333333333,1392,0
17321.0,6,1741.18,817,2010-05-11 12:10:00,2011-12-01 13:41:00,241,United Kingdom,8,6,1741.18,290.19666666666666,817,0
17322.0,5,922.59,631,2009-12-03 11:46:00,2010-11-28 14:41:00,115,United Kingdom,376,5,922.59,184.518,631,1
17323.0,12,1565.59,1442,2010-01-10 11:58:00,2011-11-24 17:29:00,168,United Kingdom,15,12,1565.59,130.46583333333334,1442,0
17324.0,12,2301.87,1537,2009-12-18 15:29:00,2011-11-22 10:34:00,111,United Kingdom,17,12,2301.87,191.8225,1537,0
17325.0,3,609.5699999999999,465,2010-03-08 11:31:00,2011-03-04 13:09:00,39,United Kingdom,280,3,609.5699999999999,203.19,465,1
17326.0,2,321.95,140,2010-06-28 14:05:00,2010-10-27 15:38:00,82,United Kingdom,408,2,321.95,160.975,140,1
17327.0,2,152.35,59,2010-05-26 11:20:00,2010-10-26 09:54:00,3,United Kingdom,409,2,152.35,76.175,59,1
17328.0,1,104.7,86,2010-02-04 17:11:00,2010-02-04 17:11:00,6,United Kingdom,673,1,104.7,104.7,86,1
17329.0,5,1004.43,432,2009-12-03 16:09:00,2011-11-25 14:24:00,80,United Kingdom,14,5,1004.43,200.886,432,0
17330.0,4,423.8,122,2010-03-02 09:20:00,2011-11-17 08:56:00,7,United Kingdom,22,4,423.8,105.95,122,0
17331.0,1,175.2,16,2011-08-08 11:55:00,2011-08-08 11:55:00,1,United Kingdom,123,1,175.2,175.2,16,0
17332.0,5,838.27,794,2010-02-21 14:41:00,2010-06-29 16:10:00,82,United Kingdom,528,5,838.27,167.654,794,1
17333.0,1,494.25,375,2011-09-15 10:11:00,2011-09-15 10:11:00,28,United Kingdom,85,1,494.25,494.25,375,0
17334.0,3,635.15,566,2010-10-29 12:16:00,2011-02-10 14:59:00,20,United Kingdom,302,3,635.15,211.71666666666667,566,1
17335.0,2,508.0,216,2010-01-24 11:15:00,2010-11-21 10:17:00,34,United Kingdom,383,2,508.0,254.0,216,1
17336.0,1,81.12,48,2010-08-24 15:37:00,2010-08-24 15:37:00,1,United Kingdom,472,1,81.12,81.12,48,1
17337.0,4,2027.87,1269,2011-02-02 17:06:00,2011-07-11 14:55:00,421,United Kingdom,151,4,2027.87,506.9675,1269,0
17338.0,17,12142.57,5879,2010-03-10 16:09:00,2011-11-22 14:23:00,590,United Kingdom,17,17,12142.57,714.2688235294117,5879,0
17339.0,3,362.36,188,2010-07-18 13:08:00,2011-09-06 13:29:00,10,United Kingdom,94,3,362.36,120.78666666666668,188,0
17340.0,18,22404.82,11210,2010-02-14 14:54:00,2011-11-10 10:45:00,322,United Kingdom,29,18,22404.82,1244.7122222222222,11210,0
17341.0,5,1889.83,1169,2010-06-17 18:17:00,2011-07-06 12:33:00,200,United Kingdom,156,5,1889.83,377.966,1169,0
17342.0,4,1227.54,521,2010-02-08 09:16:00,2010-11-25 11:07:00,31,United Kingdom,379,4,1227.54,306.885,521,1
17343.0,6,1259.94,454,2009-12-03 18:30:00,2010-12-19 15:07:00,61,United Kingdom,355,6,1259.94,209.99,454,1
17344.0,2,468.11,213,2009-12-11 12:31:00,2011-10-24 12:56:00,64,United Kingdom,46,2,468.11,234.055,213,0
17345.0,10,1604.68,2013,2009-12-01 16:17:00,2011-11-24 15:03:00,174,United Kingdom,15,10,1604.68,160.46800000000002,2013,0
17346.0,26,5323.0,3653,2010-04-18 12:18:00,2011-12-06 12:18:00,517,United Kingdom,3,26,5323.0,204.73076923076923,3653,0
17347.0,1,228.96,216,2011-09-14 13:12:00,2011-09-14 13:12:00,1,United Kingdom,86,1,228.96,228.96,216,0
17348.0,9,2476.41,2793,2010-03-10 12:13:00,2011-11-25 11:25:00,326,United Kingdom,14,9,2476.41,275.15666666666664,2793,0
17349.0,5,852.25,840,2010-03-18 14:26:00,2011-06-13 14:29:00,74,United Kingdom,179,5,852.25,170.45,840,0
17350.0,7,1906.041,1216,2010-02-01 15:38:00,2011-12-01 15:47:00,124,United Kingdom,8,7,1906.041,272.29157142857144,1216,0
17351.0,12,1988.23,383,2009-12-10 18:43:00,2011-11-03 18:45:00,45,United Kingdom,36,12,1988.23,165.6858333333333,383,0
17352.0,1,36.25,15,2010-01-12 16:13:00,2010-01-12 16:13:00,5,United Kingdom,696,1,36.25,36.25,15,1
17353.0,4,3242.0,2168,2010-03-25 12:52:00,2011-08-02 17:19:00,7,United Kingdom,129,4,3242.0,810.5,2168,0
17354.0,4,3143.46,2535,2010-10-07 13:22:00,2011-10-20 10:34:00,85,United Kingdom,50,4,3143.46,785.865,2535,0
17355.0,1,285.11,257,2010-11-18 13:18:00,2010-11-18 13:18:00,28,United Kingdom,386,1,285.11,285.11,257,1
17356.0,5,946.47,925,2010-01-20 12:14:00,2011-02-01 11:07:00,73,United Kingdom,311,5,946.47,189.294,925,1
17357.0,2,388.14,153,2011-11-15 16:29:00,2011-11-15 16:30:00,41,United Kingdom,24,2,388.14,194.07,153,0
17358.0,5,866.05,442,2010-02-24 16:42:00,2011-02-09 16:57:00,126,United Kingdom,303,5,866.05,173.20999999999998,442,1
17359.0,2,284.46,237,2010-03-01 14:48:00,2011-11-28 14:37:00,36,United Kingdom,11,2,284.46,142.23,237,0
17360.0,6,1231.38,636,2010-10-01 12:07:00,2011-11-22 13:11:00,189,United Kingdom,17,6,1231.38,205.23,636,0
17361.0,5,880.64,383,2010-02-01 14:30:00,2011-10-21 15:43:00,51,United Kingdom,49,5,880.64,176.128,383,0
17362.0,7,1024.04,549,2010-01-06 10:53:00,2011-04-14 14:43:00,99,United Kingdom,239,7,1024.04,146.29142857142855,549,1
17363.0,3,940.86,523,2010-11-02 17:25:00,2010-11-09 17:11:00,34,United Kingdom,395,3,940.86,313.62,523,1
17364.0,28,12070.42,7513,2009-12-07 15:28:00,2011-12-09 09:00:00,513,United Kingdom,0,28,12070.42,431.0864285714286,7513,0
17365.0,15,8224.98,8056,2010-02-01 11:56:00,2011-11-27 12:13:00,395,United Kingdom,12,15,8224.98,548.332,8056,0
17366.0,2,1096.24,510,2010-09-09 19:46:00,2010-10-03 16:04:00,120,United Kingdom,432,2,1096.24,548.12,510,1
17367.0,1,168.4,150,2011-04-15 14:21:00,2011-04-15 14:21:00,33,United Kingdom,238,1,168.4,168.4,150,1
17368.0,14,2826.14,2343,2009-12-15 17:45:00,2011-11-16 15:26:00,195,United Kingdom,23,14,2826.14,201.86714285714285,2343,0
17369.0,1,979.2,1152,2010-09-10 09:49:00,2010-09-10 09:49:00,1,United Kingdom,455,1,979.2,979.2,1152,1
17370.0,4,446.18,540,2011-06-23 11:50:00,2011-09-28 10:14:00,31,United Kingdom,72,4,446.18,111.545,540,0
17371.0,6,662.55,283,2009-12-08 12:25:00,2011-11-22 13:30:00,135,United Kingdom,17,6,662.55,110.425,283,0
17372.0,28,4377.56,1876,2009-12-03 18:41:00,2011-10-30 11:37:00,412,United Kingdom,40,28,4377.56,156.3414285714286,1876,0
17373.0,7,1167.5,738,2010-02-28 14:17:00,2011-10-30 15:28:00,65,United Kingdom,40,7,1167.5,166.78571428571428,738,0
17374.0,3,727.11,155,2010-11-09 17:14:00,2011-05-05 09:05:00,34,United Kingdom,218,3,727.11,242.37,155,1
17375.0,4,660.55,480,2010-10-04 09:14:00,2011-05-24 15:45:00,77,United Kingdom,199,4,660.55,165.1375,480,1
17376.0,4,453.64,244,2010-07-05 11:11:00,2011-09-30 12:36:00,41,United Kingdom,70,4,453.64,113.41,244,0
17377.0,78,18319.41,7589,2009-12-02 12:39:00,2011-11-16 11:17:00,505,United Kingdom,23,78,18319.41,234.8642307692308,7589,0
17378.0,1,10.95,1,2010-11-30 18:46:00,2010-11-30 18:46:00,1,United Kingdom,374,1,10.95,10.95,1,1
17379.0,1,404.66,663,2011-11-28 13:56:00,2011-11-28 13:56:00,71,United Kingdom,11,1,404.66,404.66,663,0
17380.0,3,645.0,252,2010-06-23 11:24:00,2010-10-01 16:42:00,5,United Kingdom,434,3,645.0,215.0,252,1
17381.0,38,40002.37,45767,2010-06-09 12:55:00,2011-12-01 11:59:00,50,United Kingdom,8,38,40002.37,1052.693947368421,45767,0
17382.0,8,902.28,457,2010-05-19 11:33:00,2011-10-05 13:05:00,16,United Kingdom,65,8,902.28,112.785,457,0
17383.0,2,309.99,162,2010-09-12 14:54:00,2011-12-05 17:36:00,51,United Kingdom,4,2,309.99,154.995,162,0
17384.0,3,507.55,121,2010-08-29 16:01:00,2011-11-20 15:48:00,15,United Kingdom,19,3,507.55,169.18333333333334,121,0
17385.0,1,261.11,201,2011-11-25 11:02:00,2011-11-25 11:02:00,42,United Kingdom,14,1,261.11,261.11,201,0
17386.0,7,2812.77,1955,2010-11-19 13:40:00,2011-12-02 11:28:00,32,United Kingdom,7,7,2812.77,401.82428571428574,1955,0
17387.0,2,784.11,542,2011-11-06 11:25:00,2011-11-20 11:00:00,71,United Kingdom,19,2,784.11,392.055,542,0
17388.0,11,2691.57,2567,2009-12-10 11:45:00,2011-09-23 10:31:00,41,United Kingdom,77,11,2691.57,244.68818181818185,2567,0
17389.0,61,57224.68,17882,2009-12-04 12:06:00,2011-12-09 09:38:00,63,United Kingdom,0,61,57224.68,938.1095081967212,17882,0
17390.0,1,149.3,49,2010-10-15 11:29:00,2010-10-15 11:29:00,12,United Kingdom,420,1,149.3,149.3,49,1
17391.0,2,508.8,480,2011-06-28 12:21:00,2011-06-29 09:58:00,2,United Kingdom,163,2,508.8,254.4,480,0
17392.0,3,626.56,493,2010-09-15 16:17:00,2011-02-06 12:48:00,66,United Kingdom,306,3,626.56,208.85333333333327,493,1
17393.0,2,381.15,238,2010-08-08 15:53:00,2010-10-25 11:10:00,45,United Kingdom,410,2,381.15,190.575,238,1
17394.0,1,203.87,241,2011-05-04 13:22:00,2011-05-04 13:22:00,4,United Kingdom,219,1,203.87,203.87,241,1
17395.0,1,97.5,66,2010-07-19 15:34:00,2010-07-19 15:34:00,3,United Kingdom,508,1,97.5,97.5,66,1
17396.0,14,8807.1,2419,2010-09-24 13:04:00,2011-10-31 14:12:00,29,United Kingdom,39,14,8807.1,629.0785714285714,2419,0
17397.0,3,1233.18,697,2010-10-19 13:20:00,2011-11-17 14:08:00,132,United Kingdom,22,3,1233.18,411.06,697,0
17398.0,3,653.38,310,2011-03-29 13:04:00,2011-08-17 09:48:00,30,United Kingdom,114,3,653.38,217.7933333333333,310,0
17400.0,8,4677.05,2199,2009-12-17 15:41:00,2011-08-05 15:38:00,345,United Kingdom,126,8,4677.05,584.63125,2199,0
17401.0,1,114.85,34,2010-06-16 16:54:00,2010-06-16 16:54:00,11,United Kingdom,541,1,114.85,114.85,34,1
17402.0,23,5096.18,1571,2009-12-16 17:40:00,2011-12-05 10:15:00,105,United Kingdom,4,23,5096.18,221.57304347826087,1571,0
17403.0,2,400.57,194,2010-09-15 12:29:00,2011-11-03 15:18:00,45,United Kingdom,36,2,400.57,200.285,194,0
17404.0,23,47781.12,50679,2010-01-07 11:31:00,2011-12-05 16:26:00,126,Sweden,4,23,47781.12,2077.44,50679,0
17405.0,3,1031.41,726,2011-07-12 14:17:00,2011-12-08 17:12:00,77,United Kingdom,1,3,1031.41,343.80333333333334,726,0
17406.0,13,4905.05,2124,2009-12-06 13:45:00,2011-01-10 15:07:00,155,United Kingdom,333,13,4905.05,377.3115384615385,2124,1
17407.0,1,552.9,426,2010-10-24 11:57:00,2010-10-24 11:57:00,23,United Kingdom,411,1,552.9,552.9,426,1
17408.0,3,316.09000000000003,163,2010-07-13 14:02:00,2011-06-29 12:53:00,7,United Kingdom,163,3,316.09000000000003,105.36333333333334,163,0
17409.0,10,7793.51,4089,2009-12-11 12:17:00,2011-06-08 10:36:00,50,United Kingdom,184,10,7793.51,779.351,4089,1
17410.0,5,1214.72,616,2011-05-08 15:21:00,2011-11-23 15:46:00,57,United Kingdom,16,5,1214.72,242.944,616,0
17411.0,5,1425.38,608,2009-12-03 12:02:00,2011-11-27 14:25:00,69,United Kingdom,12,5,1425.38,285.076,608,0
17412.0,16,4417.52,2604,2009-12-02 13:51:00,2011-12-07 11:36:00,161,United Kingdom,2,16,4417.52,276.095,2604,0
17413.0,2,560.14,302,2010-05-19 11:11:00,2010-10-31 12:33:00,10,United Kingdom,404,2,560.14,280.07,302,1
17414.0,6,2249.52,6256,2009-12-03 16:49:00,2011-10-27 12:13:00,6,United Kingdom,43,6,2249.52,374.92,6256,0
17415.0,1,507.84,114,2011-09-21 12:50:00,2011-09-21 12:50:00,14,United Kingdom,79,1,507.84,507.84,114,0
17416.0,22,17298.45,8769,2009-12-14 16:29:00,2011-11-10 12:47:00,324,United Kingdom,29,22,17298.45,786.2931818181819,8769,0
17417.0,1,164.18,76,2010-06-09 10:00:00,2010-06-09 10:00:00,16,United Kingdom,548,1,164.18,164.18,76,1
17418.0,3,670.0600000000001,521,2010-11-17 13:42:00,2011-10-28 13:00:00,40,United Kingdom,42,3,670.0600000000001,223.35333333333332,521,0
17419.0,18,6500.52,3087,2010-01-25 13:19:00,2011-11-28 13:47:00,203,United Kingdom,11,18,6500.52,361.14,3087,0
17420.0,6,1084.43,499,2010-11-03 13:09:00,2011-10-20 14:52:00,43,United Kingdom,50,6,1084.43,180.73833333333332,499,0
17421.0,3,1059.41,807,2009-12-04 15:43:00,2010-11-18 16:57:00,46,United Kingdom,386,3,1059.41,353.1366666666667,807,1
17422.0,11,3594.76,3538,2010-06-23 10:19:00,2011-11-23 13:27:00,149,United Kingdom,16,11,3594.76,326.79636363636365,3538,0
17423.0,3,1118.95,790,2010-11-11 12:26:00,2011-10-24 13:36:00,39,United Kingdom,46,3,1118.95,372.98333333333335,790,0
17425.0,2,759.17,407,2011-10-10 11:37:00,2011-11-20 15:30:00,42,United Kingdom,19,2,759.17,379.585,407,0
17426.0,13,8077.77,5187,2010-02-17 13:39:00,2011-12-01 18:07:00,248,United Kingdom,8,13,8077.77,621.3669230769231,5187,0
17427.0,1,100.8,34,2011-09-29 11:29:00,2011-09-29 11:29:00,2,United Kingdom,71,1,100.8,100.8,34,0
17428.0,45,31819.76,17504,2009-12-01 17:28:00,2011-12-09 09:45:00,422,United Kingdom,0,45,31819.76,707.1057777777777,17504,0
17429.0,5,1357.46,1286,2010-10-06 12:30:00,2011-08-03 13:22:00,80,United Kingdom,128,5,1357.46,271.492,1286,0
17430.0,4,735.17,515,2010-08-17 11:52:00,2011-11-07 09:24:00,30,United Kingdom,32,4,735.17,183.7925,515,0
17431.0,1,403.3,292,2011-01-30 14:36:00,2011-01-30 14:36:00,41,United Kingdom,313,1,403.3,403.3,292,1
17432.0,9,1751.39,1016,2009-12-03 19:13:00,2011-11-21 17:33:00,213,United Kingdom,18,9,1751.39,194.5988888888889,1016,0
17433.0,2,569.96,305,2010-11-19 13:37:00,2011-09-12 14:24:00,81,United Kingdom,88,2,569.96,284.98,305,0
17434.0,7,2373.82,1693,2011-09-15 13:54:00,2011-12-07 13:16:00,100,United Kingdom,2,7,2373.82,339.1171428571429,1693,0
17435.0,1,331.35,195,2010-10-24 13:55:00,2010-10-24 13:55:00,15,United Kingdom,411,1,331.35,331.35,195,1
17436.0,5,534.06,178,2009-12-07 12:31:00,2011-12-08 12:30:00,8,United Kingdom,1,5,534.06,106.81199999999998,178,0
17437.0,1,373.17,284,2010-06-28 11:11:00,2010-06-28 11:11:00,52,United Kingdom,529,1,373.17,373.17,284,1
17438.0,5,1422.77,553,2010-03-08 16:53:00,2011-03-31 10:26:00,49,United Kingdom,253,5,1422.77,284.554,553,1
17439.0,1,325.74,370,2010-02-22 12:48:00,2010-02-22 12:48:00,8,United Kingdom,655,1,325.74,325.74,370,1
17440.0,4,323.58,282,2010-06-08 14:40:00,2011-07-06 11:54:00,4,United Kingdom,156,4,323.58,80.895,282,0
17441.0,1,293.35,245,2009-12-07 13:32:00,2009-12-07 13:32:00,21,United Kingdom,732,1,293.35,293.35,245,1
17442.0,15,4620.3,3134,2010-02-15 15:54:00,2011-11-03 09:17:00,188,United Kingdom,36,15,4620.3,308.02000000000004,3134,0
17443.0,1,534.24,504,2011-05-04 10:47:00,2011-05-04 10:47:00,1,Canada,219,1,534.24,534.24,504,1
17444.0,3,2940.04,2119,2011-06-20 09:04:00,2011-07-15 12:05:00,132,Canada,147,3,2940.04,980.0133333333332,2119,0
17446.0,2,120.9,198,2011-02-02 14:40:00,2011-06-16 10:42:00,6,United Kingdom,176,2,120.9,60.45,198,0
17447.0,2,541.53,443,2011-09-29 10:10:00,2011-10-30 14:18:00,33,United Kingdom,40,2,541.53,270.765,443,0
17448.0,46,14556.97,11548,2010-03-04 17:29:00,2010-07-30 14:07:00,569,United Kingdom,497,46,14556.97,316.45586956521737,11548,1
17449.0,13,4951.15,2535,2009-12-09 14:16:00,2011-12-07 16:56:00,292,United Kingdom,2,13,4951.15,380.8576923076923,2535,0
17450.0,51,246973.09,84720,2010-09-27 16:59:00,2011-12-01 13:29:00,144,United Kingdom,8,51,246973.09,4842.609607843137,84720,0
17451.0,7,1721.4,1203,2011-08-26 11:54:00,2011-12-08 15:02:00,83,United Kingdom,1,7,1721.4,245.9142857142857,1203,0
17453.0,2,486.72,219,2011-10-06 17:02:00,2011-11-22 09:42:00,19,United Kingdom,17,2,486.72,243.36,219,0
17454.0,10,1547.94,727,2010-01-15 15:40:00,2011-05-31 13:58:00,98,United Kingdom,192,10,1547.94,154.794,727,1
17455.0,1,131.7,66,2011-05-20 12:31:00,2011-05-20 12:31:00,8,United Kingdom,203,1,131.7,131.7,66,1
17456.0,2,1225.42,730,2010-09-09 15:28:00,2010-12-09 15:23:00,59,United Kingdom,365,2,1225.42,612.71,730,1
17457.0,14,5984.81,2695,2009-12-07 14:52:00,2011-08-05 12:48:00,30,United Kingdom,126,14,5984.81,427.4864285714286,2695,0
17458.0,2,529.58,282,2010-11-23 11:43:00,2011-11-24 13:01:00,81,United Kingdom,15,2,529.58,264.79,282,0
17459.0,2,657.3,537,2011-10-10 17:00:00,2011-10-27 13:25:00,88,United Kingdom,43,2,657.3,328.65,537,0
17460.0,16,2228.27,980,2010-01-22 13:25:00,2011-09-06 15:04:00,93,United Kingdom,94,16,2228.27,139.266875,980,0
17461.0,3,757.46,799,2011-11-10 12:01:00,2011-11-17 10:21:00,104,United Kingdom,22,3,757.46,252.48666666666668,799,0
17462.0,2,675.69,227,2011-02-28 17:01:00,2011-10-10 13:56:00,25,United Kingdom,60,2,675.69,337.845,227,0
17463.0,7,2557.91,1490,2010-04-29 17:57:00,2011-11-23 13:40:00,234,United Kingdom,16,7,2557.91,365.4157142857143,1490,0
17464.0,3,1000.94,652,2010-03-30 13:15:00,2011-07-04 13:19:00,35,United Kingdom,158,3,1000.94,333.6466666666667,652,0
17465.0,7,2542.79,1477,2009-12-03 13:25:00,2010-10-10 11:56:00,103,United Kingdom,425,7,2542.79,363.2557142857143,1477,1
17466.0,2,763.28,306,2011-09-22 09:16:00,2011-11-29 13:15:00,41,United Kingdom,10,2,763.28,381.64,306,0
17467.0,1,102.6,20,2010-11-09 12:58:00,2010-11-09 12:58:00,4,United Kingdom,395,1,102.6,102.6,20,1
17468.0,3,194.8,184,2010-11-29 17:25:00,2011-11-29 15:33:00,8,United Kingdom,10,3,194.8,64.93333333333334,184,0
17469.0,17,5051.25,2304,2009-12-16 15:06:00,2011-11-23 13:15:00,165,United Kingdom,16,17,5051.25,297.13235294117646,2304,0
17470.0,11,2804.87,2843,2010-07-19 16:16:00,2011-10-26 12:42:00,111,United Kingdom,44,11,2804.87,254.9881818181818,2843,0
17471.0,1,321.65000000000003,153,2010-08-22 11:53:00,2010-08-22 11:53:00,19,United Kingdom,474,1,321.65000000000003,321.65000000000003,153,1
17472.0,4,935.1,558,2010-03-21 13:27:00,2011-06-01 14:57:00,183,United Kingdom,191,4,935.1,233.775,558,1
17473.0,2,607.0,270,2010-09-09 19:03:00,2010-10-27 11:45:00,33,United Kingdom,408,2,607.0,303.5,270,1
17474.0,1,1047.0,200,2010-04-19 10:43:00,2010-04-19 10:43:00,6,United Kingdom,599,1,1047.0,1047.0,200,1
17475.0,1,194.37,178,2011-09-21 14:55:00,2011-09-21 14:55:00,14,United Kingdom,79,1,194.37,194.37,178,0
17476.0,2,489.86,224,2009-12-02 12:09:00,2010-11-09 10:21:00,29,United Kingdom,395,2,489.86,244.93,224,1
17477.0,2,1144.3,225,2010-03-02 11:53:00,2010-04-06 10:06:00,44,United Kingdom,612,2,1144.3,572.15,225,1
17478.0,2,1272.8,516,2010-03-16 14:19:00,2010-10-27 15:01:00,40,United Kingdom,408,2,1272.8,636.4,516,1
17479.0,1,389.2600000000001,266,2010-03-17 09:26:00,2010-03-17 09:26:00,18,United Kingdom,632,1,389.2600000000001,389.2600000000001,266,1
17480.0,2,902.03,593,2010-09-21 12:31:00,2011-09-23 11:39:00,50,United Kingdom,77,2,902.03,451.015,593,0
17481.0,4,1255.59,1061,2011-09-07 09:57:00,2011-12-06 12:28:00,69,United Kingdom,3,4,1255.59,313.8975,1061,0
17482.0,2,778.19,241,2010-05-10 14:10:00,2010-08-09 15:33:00,50,United Kingdom,487,2,778.19,389.095,241,1
17483.0,4,591.73,265,2010-10-21 12:43:00,2011-10-05 13:10:00,23,United Kingdom,65,4,591.73,147.9325,265,0
17484.0,2,209.57,339,2010-03-25 16:17:00,2010-05-12 15:41:00,14,United Kingdom,576,2,209.57,104.785,339,1
17486.0,1,396.87,191,2011-03-23 14:00:00,2011-03-23 14:00:00,24,United Kingdom,261,1,396.87,396.87,191,1
17487.0,1,160.55,37,2009-12-11 15:06:00,2009-12-11 15:06:00,8,United Kingdom,728,1,160.55,160.55,37,1
17488.0,1,336.5,136,2010-03-08 14:07:00,2010-03-08 14:07:00,18,United Kingdom,641,1,336.5,336.5,136,1
17489.0,2,376.64,428,2011-05-11 11:34:00,2011-10-12 08:56:00,28,United Kingdom,58,2,376.64,188.32,428,0
17490.0,9,2750.5,1531,2010-05-19 12:40:00,2011-12-09 09:08:00,93,United Kingdom,0,9,2750.5,305.6111111111111,1531,0
17491.0,17,5981.07,3630,2010-04-28 11:57:00,2011-12-08 16:18:00,105,United Kingdom,1,17,5981.07,351.8276470588235,3630,0
17492.0,3,1122.42,450,2010-07-09 13:27:00,2011-04-05 15:21:00,32,United Kingdom,248,3,1122.42,374.14,450,1
17493.0,1,100.91,62,2010-11-19 16:57:00,2010-11-19 16:57:00,8,United Kingdom,385,1,100.91,100.91,62,1
17494.0,1,54.7,26,2010-07-26 10:06:00,2010-07-26 10:06:00,3,United Kingdom,501,1,54.7,54.7,26,1
17495.0,3,806.72,367,2010-11-14 11:50:00,2011-12-02 12:08:00,38,United Kingdom,7,3,806.72,268.9066666666667,367,0
17496.0,4,1412.89,675,2010-01-14 13:36:00,2010-12-16 08:39:00,54,United Kingdom,358,4,1412.89,353.2225,675,1
17497.0,2,287.25,59,2010-04-08 08:01:00,2010-11-14 14:17:00,7,United Kingdom,390,2,287.25,143.625,59,1
17498.0,1,272.22,394,2011-09-25 12:25:00,2011-09-25 12:25:00,17,United Kingdom,75,1,272.22,272.22,394,0
17499.0,2,1341.39,1086,2010-05-27 09:59:00,2011-02-23 09:14:00,66,United Kingdom,289,2,1341.39,670.695,1086,1
17500.0,3,1138.0,17,2011-11-10 09:08:00,2011-11-22 14:25:00,3,United Kingdom,17,3,1138.0,379.3333333333333,17,0
17501.0,2,288.6,160,2011-05-03 09:46:00,2011-05-03 09:47:00,18,United Kingdom,220,2,288.6,144.3,160,1
17502.0,4,689.1,376,2011-11-10 16:39:00,2011-11-30 13:13:00,25,United Kingdom,9,4,689.1,172.275,376,0
17503.0,2,558.96,486,2011-11-01 11:12:00,2011-12-07 09:18:00,36,United Kingdom,2,2,558.96,279.48,486,0
17504.0,18,9565.12,5517,2010-02-08 09:22:00,2011-05-17 12:59:00,244,United Kingdom,206,18,9565.12,531.3955555555556,5517,1
17505.0,5,2435.48,1242,2010-04-13 16:33:00,2011-07-01 12:50:00,83,United Kingdom,161,5,2435.48,487.096,1242,0
17506.0,1,302.2,139,2011-09-25 11:39:00,2011-09-25 11:39:00,14,United Kingdom,75,1,302.2,302.2,139,0
17507.0,2,605.58,359,2011-02-03 18:08:00,2011-03-23 11:48:00,79,United Kingdom,261,2,605.58,302.79,359,1
17508.0,8,4579.23,2891,2009-12-07 11:46:00,2011-03-04 08:10:00,199,Greece,280,8,4579.23,572.40375,2891,1
17509.0,8,6115.14,3534,2011-10-07 13:14:00,2011-10-13 10:26:00,75,United Kingdom,57,8,6115.14,764.3925,3534,0
17510.0,2,514.56,422,2010-10-15 10:20:00,2011-11-15 10:00:00,28,United Kingdom,24,2,514.56,257.28,422,0
17511.0,60,175603.55,119656,2009-12-02 10:52:00,2011-12-07 10:12:00,657,United Kingdom,2,60,175603.55,2926.725833333333,119656,0
17512.0,18,5467.820000000001,5434,2009-12-10 19:35:00,2011-11-11 12:11:00,102,United Kingdom,28,18,5467.820000000001,303.76777777777784,5434,0
17513.0,3,1158.8,440,2010-08-17 15:08:00,2011-09-28 16:42:00,18,United Kingdom,72,3,1158.8,386.26666666666665,440,0
17514.0,2,542.83,295,2010-02-08 14:00:00,2011-08-03 15:45:00,72,United Kingdom,128,2,542.83,271.415,295,0
17515.0,9,1617.46,528,2010-06-07 13:29:00,2011-11-08 14:04:00,91,United Kingdom,31,9,1617.46,179.71777777777777,528,0
17516.0,6,957.55,527,2010-11-26 12:50:00,2011-11-24 16:51:00,150,United Kingdom,15,6,957.55,159.59166666666667,527,0
17517.0,1,153.94,102,2011-02-04 11:48:00,2011-02-04 11:48:00,11,United Kingdom,308,1,153.94,153.94,102,1
17518.0,2,329.42,267,2010-03-28 13:31:00,2010-10-10 12:40:00,71,United Kingdom,425,2,329.42,164.71,267,1
17519.0,15,5109.47,3414,2009-12-01 09:57:00,2011-11-22 16:43:00,142,United Kingdom,17,15,5109.47,340.6313333333334,3414,0
17520.0,1,546.81,365,2011-10-17 12:04:00,2011-10-17 12:04:00,30,United Kingdom,53,1,546.81,546.81,365,0
17521.0,5,1278.06,806,2010-10-01 11:49:00,2011-11-10 11:22:00,65,United Kingdom,29,5,1278.06,255.612,806,0
17522.0,5,1070.71,1034,2011-05-05 16:31:00,2011-12-08 12:31:00,59,United Kingdom,1,5,1070.71,214.142,1034,0
17523.0,4,652.74,872,2011-11-20 13:40:00,2011-11-28 13:20:00,25,United Kingdom,11,4,652.74,163.185,872,0
17524.0,3,539.14,362,2010-09-27 16:20:00,2010-12-13 14:32:00,37,United Kingdom,361,3,539.14,179.71333333333334,362,1
17525.0,3,1161.9,338,2010-10-07 09:12:00,2010-12-15 12:05:00,19,United Kingdom,359,3,1161.9,387.3,338,1
17526.0,12,4166.04,1482,2009-12-17 16:18:00,2011-12-05 11:05:00,67,United Kingdom,4,12,4166.04,347.17,1482,0
17527.0,4,939.37,488,2011-05-05 13:43:00,2011-10-17 12:32:00,45,United Kingdom,53,4,939.37,234.8425,488,0
17528.0,8,3628.5,2138,2011-09-29 13:04:00,2011-12-08 13:27:00,183,United Kingdom,1,8,3628.5,453.5625,2138,0
17529.0,2,1240.25,790,2010-01-11 12:29:00,2010-04-08 17:51:00,78,United Kingdom,610,2,1240.25,620.125,790,1
17530.0,12,3141.51,1965,2009-12-06 16:17:00,2011-12-08 18:42:00,359,United Kingdom,1,12,3141.51,261.7925,1965,0
17531.0,3,1266.82,472,2010-03-31 12:57:00,2011-06-02 19:17:00,54,United Kingdom,190,3,1266.82,422.2733333333333,472,1
17532.0,1,65.34,30,2010-11-19 08:13:00,2010-11-19 08:13:00,4,United Kingdom,385,1,65.34,65.34,30,1
17533.0,1,34.8,24,2010-10-01 09:14:00,2010-10-01 09:14:00,1,United Kingdom,434,1,34.8,34.8,24,1
17534.0,5,1668.83,860,2010-02-25 16:55:00,2011-10-17 12:47:00,76,United Kingdom,53,5,1668.83,333.766,860,0
17535.0,1,164.4,136,2011-03-04 15:20:00,2011-03-04 15:20:00,13,United Kingdom,280,1,164.4,164.4,136,1
17536.0,3,364.83,201,2010-01-26 12:00:00,2011-06-15 13:23:00,16,United Kingdom,177,3,364.83,121.61,201,0
17537.0,2,897.62,700,2011-02-09 13:37:00,2011-11-10 10:56:00,74,United Kingdom,29,2,897.62,448.81,700,0
17538.0,1,98.42,134,2011-11-14 12:12:00,2011-11-14 12:12:00,9,United Kingdom,25,1,98.42,98.42,134,0
17539.0,4,1226.57,747,2009-12-13 12:36:00,2010-04-01 12:07:00,132,United Kingdom,617,4,1226.57,306.6425,747,1
17540.0,6,1590.6,588,2010-04-19 09:47:00,2011-11-15 11:56:00,41,United Kingdom,24,6,1590.6,265.1,588,0
17541.0,1,124.46,46,2010-07-18 11:36:00,2010-07-18 11:36:00,31,United Kingdom,509,1,124.46,124.46,46,1
17542.0,3,341.7,324,2010-03-08 12:08:00,2011-03-15 11:45:00,57,United Kingdom,269,3,341.7,113.9,324,1
17543.0,1,120.05,62,2010-06-08 12:41:00,2010-06-08 12:41:00,13,United Kingdom,549,1,120.05,120.05,62,1
17544.0,3,960.69,439,2010-11-14 14:47:00,2010-11-14 15:08:00,80,United Kingdom,390,3,960.69,320.23,439,1
17545.0,6,1448.54,733,2010-05-11 10:04:00,2011-10-27 14:04:00,204,United Kingdom,43,6,1448.54,241.4233333333333,733,0
17547.0,2,727.85,223,2010-02-12 14:34:00,2010-11-29 09:41:00,22,United Kingdom,375,2,727.85,363.925,223,1
17548.0,4,731.26,494,2010-11-08 16:19:00,2011-04-20 12:01:00,22,United Kingdom,233,4,731.26,182.815,494,1
17549.0,2,148.86,210,2011-10-19 10:05:00,2011-11-16 09:59:00,5,United Kingdom,23,2,148.86,74.43,210,0
17550.0,9,2547.64,989,2010-02-07 15:07:00,2011-05-26 14:09:00,250,United Kingdom,197,9,2547.64,283.0711111111111,989,1
17551.0,1,306.84,150,2010-12-15 14:12:00,2010-12-15 14:12:00,39,United Kingdom,359,1,306.84,306.84,150,1
17552.0,12,3085.29,2095,2010-03-22 09:19:00,2011-10-10 17:00:00,78,United Kingdom,60,12,3085.29,257.1075,2095,0
17553.0,4,3757.6,2288,2010-04-08 09:44:00,2011-08-02 10:00:00,2,United Kingdom,129,4,3757.6,939.4,2288,0
17554.0,5,1952.45,1763,2011-07-14 20:01:00,2011-12-08 14:15:00,58,United Kingdom,1,5,1952.45,390.49,1763,0
17555.0,5,1057.74,747,2010-05-02 16:02:00,2011-11-20 12:22:00,220,United Kingdom,19,5,1057.74,211.548,747,0
17556.0,2,300.67,184,2010-11-25 17:00:00,2011-05-18 10:48:00,13,United Kingdom,205,2,300.67,150.335,184,1
17557.0,4,575.46,310,2009-12-07 10:15:00,2011-11-25 12:57:00,28,United Kingdom,14,4,575.46,143.865,310,0
17558.0,1,259.17,54,2010-11-11 14:36:00,2010-11-11 14:36:00,28,United Kingdom,393,1,259.17,259.17,54,1
17559.0,1,167.62,270,2010-07-15 12:02:00,2010-07-15 12:02:00,12,United Kingdom,512,1,167.62,167.62,270,1
17560.0,8,1895.8,1588,2010-02-17 12:11:00,2011-09-06 09:18:00,37,United Kingdom,94,8,1895.8,236.975,1588,0
17561.0,4,722.34,396,2009-12-06 13:29:00,2011-11-20 12:53:00,163,United Kingdom,19,4,722.34,180.585,396,0
17562.0,7,1122.38,817,2011-06-19 13:06:00,2011-11-25 14:21:00,48,United Kingdom,14,7,1122.38,160.34,817,0
17563.0,2,392.38,256,2010-04-07 10:02:00,2010-05-10 14:54:00,27,United Kingdom,578,2,392.38,196.19,256,1
17564.0,3,454.01,146,2011-09-20 14:00:00,2011-11-15 13:27:00,38,United Kingdom,24,3,454.01,151.33666666666667,146,0
17565.0,1,131.83,67,2010-05-02 11:54:00,2010-05-02 11:54:00,30,United Kingdom,586,1,131.83,131.83,67,1
17566.0,2,901.21,518,2011-11-14 13:42:00,2011-12-01 19:54:00,113,United Kingdom,8,2,901.21,450.605,518,0
17567.0,9,5356.03,3152,2010-09-24 10:48:00,2011-12-02 15:48:00,128,United Kingdom,7,9,5356.03,595.1144444444444,3152,0
17568.0,1,382.79,283,2010-03-16 16:45:00,2010-03-16 16:45:00,61,United Kingdom,633,1,382.79,382.79,283,1
17569.0,1,344.14,159,2011-01-11 14:15:00,2011-01-11 14:15:00,29,United Kingdom,332,1,344.14,344.14,159,1
17570.0,1,100.0,1,2010-11-23 11:56:00,2010-11-23 11:56:00,1,United Kingdom,381,1,100.0,100.0,1,1
17571.0,5,1703.75,1020,2010-06-15 12:50:00,2011-10-20 15:57:00,290,United Kingdom,50,5,1703.75,340.75,1020,0
17572.0,10,723.01,351,2009-12-15 10:00:00,2011-09-29 17:53:00,14,United Kingdom,71,10,723.01,72.301,351,0
17573.0,3,380.6,308,2011-09-07 10:36:00,2011-11-10 13:01:00,24,United Kingdom,29,3,380.6,126.86666666666667,308,0
17574.0,1,185.65,77,2011-04-11 09:47:00,2011-04-11 09:47:00,8,United Kingdom,242,1,185.65,185.65,77,1
17575.0,1,171.7,72,2010-02-10 13:48:00,2010-02-10 13:48:00,5,United Kingdom,667,1,171.7,171.7,72,1
17576.0,41,9056.81,4740,2009-12-03 16:54:00,2011-12-01 17:56:00,417,United Kingdom,8,41,9056.81,220.8978048780488,4740,0
17577.0,2,348.75,179,2010-02-09 10:10:00,2010-03-04 13:01:00,20,United Kingdom,645,2,348.75,174.375,179,1
17578.0,7,1047.33,529,2010-06-28 11:55:00,2011-05-05 18:38:00,57,United Kingdom,218,7,1047.33,149.6185714285714,529,1
17579.0,4,753.28,375,2010-05-10 14:28:00,2011-12-05 12:28:00,89,United Kingdom,4,4,753.28,188.32,375,0
17580.0,5,545.27,224,2010-10-13 14:28:00,2011-04-01 12:41:00,78,United Kingdom,252,5,545.27,109.054,224,1
17581.0,43,18757.75,9972,2009-12-03 12:34:00,2011-12-09 12:21:00,387,United Kingdom,0,43,18757.75,436.2267441860465,9972,0
17582.0,5,1450.7,606,2010-03-26 12:23:00,2011-04-17 13:18:00,92,United Kingdom,236,5,1450.7,290.14,606,1
17583.0,1,135.95,55,2010-05-28 14:24:00,2010-05-28 14:24:00,7,United Kingdom,560,1,135.95,135.95,55,1
17584.0,6,5309.42,2464,2010-01-25 08:17:00,2011-12-02 17:12:00,85,United Kingdom,7,6,5309.42,884.9033333333333,2464,0
17585.0,7,2093.3,2539,2010-08-18 16:39:00,2011-08-22 13:30:00,295,United Kingdom,109,7,2093.3,299.04285714285714,2539,0
17586.0,1,167.4,68,2010-03-30 13:12:00,2010-03-30 13:12:00,8,United Kingdom,619,1,167.4,167.4,68,1
17587.0,1,181.66,68,2010-03-21 14:16:00,2010-03-21 14:16:00,42,United Kingdom,628,1,181.66,181.66,68,1
17588.0,7,2939.55,1379,2010-03-12 12:34:00,2011-08-31 13:37:00,35,United Kingdom,100,7,2939.55,419.9357142857143,1379,0
17589.0,18,14049.87,8788,2010-03-07 13:48:00,2011-10-10 16:58:00,601,United Kingdom,60,18,14049.87,780.5483333333334,8788,0
17590.0,3,1479.22,828,2011-10-30 14:05:00,2011-12-07 12:55:00,162,United Kingdom,2,3,1479.22,493.0733333333333,828,0
17591.0,8,2776.67,1173,2010-01-17 16:09:00,2011-09-27 13:42:00,93,United Kingdom,73,8,2776.67,347.08375,1173,0
17592.0,1,148.3,38,2009-12-01 10:49:00,2009-12-01 10:49:00,13,United Kingdom,738,1,148.3,148.3,38,1
17593.0,11,8095.8,5607,2009-12-04 14:35:00,2011-12-06 10:30:00,311,United Kingdom,3,11,8095.8,735.9818181818182,5607,0
17594.0,4,2497.88,1368,2010-04-14 08:53:00,2011-09-15 16:34:00,70,United Kingdom,85,4,2497.88,624.47,1368,0
17595.0,2,388.79,229,2011-11-02 16:19:00,2011-11-27 16:08:00,68,United Kingdom,12,2,388.79,194.395,229,0
17596.0,13,4920.67,7619,2009-12-15 13:21:00,2011-11-16 14:11:00,274,United Kingdom,23,13,4920.67,378.51307692307694,7619,0
17597.0,5,3484.09,2215,2010-05-05 15:33:00,2011-05-10 11:54:00,109,United Kingdom,213,5,3484.09,696.818,2215,1
17598.0,1,409.98,126,2010-11-23 17:43:00,2010-11-23 17:43:00,10,United Kingdom,381,1,409.98,409.98,126,1
17599.0,1,52.05,11,2010-08-19 12:50:00,2010-08-19 12:50:00,3,United Kingdom,477,1,52.05,52.05,11,1
17600.0,1,161.67000000000002,144,2011-11-22 09:43:00,2011-11-22 09:43:00,13,United Kingdom,17,1,161.67000000000002,161.67000000000002,144,0
17601.0,2,421.48,299,2010-11-24 14:29:00,2011-04-14 18:02:00,69,United Kingdom,239,2,421.48,210.74,299,1
17602.0,14,7451.13,5936,2010-03-30 17:25:00,2011-12-07 13:53:00,450,United Kingdom,2,14,7451.13,532.2235714285714,5936,0
17603.0,4,1793.48,640,2009-12-10 09:44:00,2011-09-22 14:18:00,104,United Kingdom,78,4,1793.48,448.37,640,0
17604.0,6,945.93,616,2010-01-27 12:19:00,2011-05-06 13:43:00,142,United Kingdom,217,6,945.93,157.655,616,1
17605.0,1,160.75,71,2010-04-28 14:45:00,2010-04-28 14:45:00,13,United Kingdom,590,1,160.75,160.75,71,1
17606.0,1,87.30000000000001,42,2009-12-02 13:32:00,2009-12-02 13:32:00,6,United Kingdom,737,1,87.30000000000001,87.30000000000001,42,1
17607.0,1,333.81,269,2010-11-28 13:11:00,2010-11-28 13:11:00,22,United Kingdom,376,1,333.81,333.81,269,1
17608.0,4,498.53,539,2010-04-11 13:37:00,2011-11-06 13:06:00,134,United Kingdom,33,4,498.53,124.6325,539,0
17609.0,11,1894.34,1325,2010-04-09 16:54:00,2011-10-30 12:28:00,317,United Kingdom,40,11,1894.34,172.21272727272728,1325,0
17610.0,5,1529.49,902,2009-12-06 16:07:00,2010-06-17 16:34:00,114,United Kingdom,540,5,1529.49,305.898,902,1
17611.0,28,8371.98,5356,2009-12-01 13:29:00,2011-12-02 13:29:00,722,United Kingdom,7,28,8371.98,298.9992857142857,5356,0
17612.0,18,5394.86,3521,2009-12-17 11:59:00,2011-10-17 14:59:00,213,United Kingdom,53,18,5394.86,299.71444444444444,3521,0
17613.0,14,4559.150000000001,2496,2011-02-07 11:20:00,2011-11-17 10:51:00,211,United Kingdom,22,14,4559.150000000001,325.65357142857147,2496,0
17614.0,1,390.07,238,2011-10-13 16:01:00,2011-10-13 16:01:00,97,United Kingdom,57,1,390.07,390.07,238,0
17615.0,6,733.2,386,2010-08-11 12:54:00,2011-08-01 14:06:00,47,United Kingdom,130,6,733.2,122.2,386,0
17616.0,4,1060.8,416,2010-09-14 10:43:00,2011-06-19 10:11:00,1,United Kingdom,173,4,1060.8,265.2,416,0
17617.0,1,395.33,255,2010-05-30 12:48:00,2010-05-30 12:48:00,18,United Kingdom,558,1,395.33,395.33,255,1
17618.0,11,4073.24,1820,2010-01-24 11:03:00,2011-12-04 11:50:00,202,United Kingdom,5,11,4073.24,370.2945454545454,1820,0
17619.0,1,218.52,127,2011-01-31 14:18:00,2011-01-31 14:18:00,71,United Kingdom,312,1,218.52,218.52,127,1
17620.0,1,81.44,60,2011-10-11 12:08:00,2011-10-11 12:08:00,4,United Kingdom,59,1,81.44,81.44,60,0
17621.0,6,3175.12,1110,2010-10-04 09:37:00,2011-11-18 17:11:00,61,United Kingdom,21,6,3175.12,529.1866666666666,1110,0
17622.0,2,1130.21,379,2010-04-20 13:38:00,2010-04-21 12:36:00,19,United Kingdom,597,2,1130.21,565.105,379,1
17623.0,7,2383.67,801,2009-12-14 14:36:00,2011-11-07 11:32:00,130,United Kingdom,32,7,2383.67,340.5242857142857,801,0
17624.0,4,1568.63,958,2009-12-20 12:35:00,2011-11-25 10:52:00,91,United Kingdom,14,4,1568.63,392.1575,958,0
17625.0,8,6067.8,3551,2009-12-15 11:49:00,2011-11-21 13:36:00,429,United Kingdom,18,8,6067.8,758.475,3551,0
17626.0,1,254.0,202,2010-04-16 12:15:00,2010-04-16 12:15:00,18,United Kingdom,602,1,254.0,254.0,202,1
17627.0,1,296.36,676,2010-08-18 11:27:00,2010-08-18 11:27:00,10,United Kingdom,478,1,296.36,296.36,676,1
17628.0,1,75.75,79,2011-09-19 15:21:00,2011-09-19 15:21:00,5,United Kingdom,81,1,75.75,75.75,79,0
17629.0,10,2455.52,1903,2010-10-14 13:35:00,2011-12-04 10:56:00,129,United Kingdom,5,10,2455.52,245.552,1903,0
17630.0,2,503.6,158,2011-04-21 14:03:00,2011-06-23 11:58:00,24,United Kingdom,169,2,503.6,251.8,158,0
17631.0,7,998.49,591,2009-12-09 14:15:00,2011-12-08 09:47:00,66,United Kingdom,1,7,998.49,142.64142857142858,591,0
17633.0,7,2057.39,899,2010-11-15 14:55:00,2011-11-08 13:25:00,84,United Kingdom,31,7,2057.39,293.91285714285715,899,0
17634.0,9,2361.9700000000003,840,2011-01-06 12:45:00,2011-11-03 13:09:00,209,United Kingdom,36,9,2361.9700000000003,262.4411111111111,840,0
17635.0,3,1265.58,770,2010-04-28 10:51:00,2010-10-11 15:12:00,60,United Kingdom,424,3,1265.58,421.86,770,1
17636.0,1,285.56,182,2011-11-20 14:40:00,2011-11-20 14:40:00,20,United Kingdom,19,1,285.56,285.56,182,0
17637.0,2,547.0600000000001,280,2011-08-16 13:25:00,2011-11-08 12:51:00,35,United Kingdom,31,2,547.0600000000001,273.53000000000003,280,0
17638.0,2,842.4,432,2009-12-18 09:58:00,2010-03-02 14:32:00,2,United Kingdom,647,2,842.4,421.2,432,1
17639.0,6,615.17,576,2010-08-13 11:59:00,2011-03-08 15:22:00,59,United Kingdom,276,6,615.17,102.52833333333332,576,1
17640.0,6,3168.94,1692,2010-03-23 09:15:00,2011-09-14 09:13:00,48,United Kingdom,86,6,3168.94,528.1566666666666,1692,0
17642.0,5,1824.49,1475,2009-12-05 16:01:00,2011-08-12 09:11:00,88,United Kingdom,119,5,1824.49,364.898,1475,0
17643.0,2,541.25,297,2010-07-22 13:07:00,2010-12-01 14:38:00,30,United Kingdom,373,2,541.25,270.625,297,1
17644.0,20,6028.6,3469,2010-02-16 08:44:00,2011-12-08 13:43:00,160,United Kingdom,1,20,6028.6,301.43,3469,0
17646.0,12,4149.79,1418,2009-12-16 09:37:00,2011-05-04 13:17:00,124,United Kingdom,219,12,4149.79,345.81583333333333,1418,1
17647.0,3,331.66,82,2010-02-08 14:39:00,2011-10-05 15:38:00,12,United Kingdom,65,3,331.66,110.55333333333334,82,0
17648.0,5,2216.37,954,2010-11-19 16:41:00,2011-10-10 09:41:00,114,United Kingdom,60,5,2216.37,443.274,954,0
17649.0,3,1578.89,723,2010-08-24 13:01:00,2011-07-24 15:53:00,88,United Kingdom,138,3,1578.89,526.2966666666667,723,0
17650.0,1,166.08,150,2011-11-18 14:52:00,2011-11-18 14:52:00,8,United Kingdom,21,1,166.08,166.08,150,0
17651.0,16,5703.52,4086,2010-07-01 12:17:00,2011-11-28 10:29:00,198,United Kingdom,11,16,5703.52,356.47,4086,0
17652.0,12,4867.72,2509,2011-03-03 14:05:00,2011-11-14 12:55:00,118,United Kingdom,25,12,4867.72,405.6433333333334,2509,0
17653.0,4,1207.56,1409,2011-08-11 15:24:00,2011-11-03 12:46:00,44,United Kingdom,36,4,1207.56,301.89,1409,0
17654.0,1,117.55,41,2011-03-07 13:17:00,2011-03-07 13:17:00,22,United Kingdom,277,1,117.55,117.55,41,1
17655.0,9,3652.48,1542,2010-10-19 10:20:00,2011-11-29 11:34:00,75,United Kingdom,10,9,3652.48,405.8311111111111,1542,0
17656.0,5,1674.69,1399,2011-08-03 10:45:00,2011-09-27 13:04:00,67,United Kingdom,73,5,1674.69,334.938,1399,0
17657.0,1,126.0,60,2010-10-05 14:52:00,2010-10-05 14:52:00,7,United Kingdom,430,1,126.0,126.0,60,1
17658.0,2,595.42,616,2011-05-12 15:23:00,2011-11-14 12:07:00,17,United Kingdom,25,2,595.42,297.71,616,0
17659.0,14,3834.79,1816,2010-11-18 14:20:00,2011-11-22 13:29:00,150,United Kingdom,17,14,3834.79,273.9135714285714,1816,0
17660.0,2,359.47,268,2009-12-02 16:02:00,2011-07-21 13:37:00,75,United Kingdom,141,2,359.47,179.735,268,0
17662.0,2,412.92,184,2009-12-17 09:54:00,2010-02-16 09:38:00,14,United Kingdom,661,2,412.92,206.46,184,1
17663.0,17,5175.83,2297,2010-03-04 11:42:00,2011-11-14 08:56:00,153,United Kingdom,25,17,5175.83,304.4605882352941,2297,0
17664.0,4,1166.23,1058,2010-03-29 17:17:00,2011-11-21 11:29:00,68,United Kingdom,18,4,1166.23,291.5575,1058,0
17665.0,1,563.1,690,2010-08-03 13:12:00,2010-08-03 13:12:00,19,United Kingdom,493,1,563.1,563.1,690,1
17666.0,5,2047.8,1552,2010-06-30 12:03:00,2011-12-06 09:06:00,30,United Kingdom,3,5,2047.8,409.56,1552,0
17667.0,9,3950.7,2192,2010-02-23 09:57:00,2011-10-04 14:32:00,140,United Kingdom,66,9,3950.7,438.9666666666666,2192,0
17668.0,2,347.75,93,2011-11-01 14:45:00,2011-12-08 13:25:00,14,United Kingdom,1,2,347.75,173.875,93,0
17669.0,10,6142.35,3505,2010-04-01 18:48:00,2011-10-28 08:53:00,85,United Kingdom,42,10,6142.35,614.235,3505,0
17670.0,1,205.7,110,2011-04-26 09:12:00,2011-04-26 09:12:00,11,United Kingdom,227,1,205.7,205.7,110,1
17671.0,5,2403.34,1177,2010-11-29 11:53:00,2011-11-24 12:21:00,54,United Kingdom,15,5,2403.34,480.668,1177,0
17672.0,7,5778.63,2758,2010-01-26 17:20:00,2011-10-20 14:18:00,179,United Kingdom,50,7,5778.63,825.5185714285715,2758,0
17673.0,13,4233.58,3338,2010-03-19 14:02:00,2011-12-08 12:50:00,195,United Kingdom,1,13,4233.58,325.66,3338,0
17674.0,2,851.7,1021,2010-12-06 10:20:00,2011-09-26 13:35:00,19,United Kingdom,74,2,851.7,425.85,1021,0
17675.0,70,38259.6,16416,2009-12-10 16:10:00,2011-12-08 18:03:00,345,United Kingdom,1,70,38259.6,546.5657142857143,16416,0
17676.0,10,2765.84,1932,2010-03-30 10:49:00,2011-12-05 15:16:00,85,United Kingdom,4,10,2765.84,276.584,1932,0
17677.0,54,36692.91,21936,2009-12-16 11:23:00,2011-12-08 09:56:00,346,United Kingdom,1,54,36692.91,679.4983333333334,21936,0
17678.0,2,599.76,368,2010-04-15 13:54:00,2011-03-21 11:52:00,27,United Kingdom,263,2,599.76,299.88,368,1
17679.0,7,3577.61,1755,2009-12-03 17:32:00,2011-10-18 07:43:00,70,United Kingdom,52,7,3577.61,511.0871428571429,1755,0
17680.0,3,497.45,155,2010-07-16 16:07:00,2011-11-16 12:42:00,20,United Kingdom,23,3,497.45,165.81666666666666,155,0
17681.0,5,731.2,450,2010-01-15 11:53:00,2010-04-21 17:22:00,12,United Kingdom,597,5,731.2,146.24,450,1
17682.0,11,4456.78,2491,2010-03-08 09:49:00,2011-11-29 15:59:00,85,United Kingdom,10,11,4456.78,405.16181818181815,2491,0
17683.0,3,819.01,781,2010-06-03 17:15:00,2010-11-19 10:11:00,41,United Kingdom,385,3,819.01,273.00333333333333,781,1
17684.0,1,239.41,145,2011-10-27 11:10:00,2011-10-27 11:10:00,15,United Kingdom,43,1,239.41,239.41,145,0
17685.0,12,5943.17,3854,2010-02-11 13:44:00,2011-11-23 11:36:00,124,United Kingdom,16,12,5943.17,495.26416666666665,3854,0
17686.0,9,8296.81,3583,2010-06-24 09:49:00,2011-12-02 15:39:00,283,United Kingdom,7,9,8296.81,921.8677777777776,3583,0
17687.0,1,432.68,210,2010-10-15 12:30:00,2010-10-15 12:30:00,26,United Kingdom,420,1,432.68,432.68,210,1
17688.0,1,304.2,114,2010-11-11 10:41:00,2010-11-11 10:41:00,19,United Kingdom,393,1,304.2,304.2,114,1
17689.0,2,317.08,300,2010-08-22 13:54:00,2010-11-16 13:22:00,17,United Kingdom,388,2,317.08,158.54,300,1
17690.0,20,7448.1,3126,2010-02-03 14:26:00,2011-11-09 15:17:00,237,United Kingdom,30,20,7448.1,372.405,3126,0
17691.0,4,780.0500000000001,373,2010-06-11 11:50:00,2010-12-16 17:20:00,37,United Kingdom,358,4,780.0500000000001,195.0125,373,1
17692.0,12,2975.8,2338,2010-06-17 11:14:00,2011-08-04 14:01:00,90,United Kingdom,127,12,2975.8,247.98333333333332,2338,0
17693.0,1,200.47,231,2011-07-25 15:48:00,2011-07-25 15:48:00,16,United Kingdom,137,1,200.47,200.47,231,0
17694.0,3,1695.97,1493,2010-05-26 08:27:00,2011-07-21 12:00:00,54,United Kingdom,141,3,1695.97,565.3233333333334,1493,0
17695.0,5,1746.04,1809,2010-01-28 09:27:00,2011-07-31 10:40:00,46,United Kingdom,131,5,1746.04,349.208,1809,0
17696.0,27,7679.59,5891,2009-12-10 17:09:00,2011-11-01 13:43:00,191,United Kingdom,38,27,7679.59,284.42925925925925,5891,0
17697.0,1,338.95,93,2011-04-17 15:40:00,2011-04-17 15:40:00,19,United Kingdom,236,1,338.95,338.95,93,1
17698.0,1,154.95,93,2011-03-24 11:34:00,2011-03-24 11:34:00,8,United Kingdom,260,1,154.95,154.95,93,1
17699.0,2,442.0,208,2010-05-27 11:53:00,2010-08-20 09:39:00,17,United Kingdom,476,2,442.0,221.0,208,1
17700.0,14,6679.97,3469,2009-12-01 11:37:00,2011-11-23 11:51:00,259,United Kingdom,16,14,6679.97,477.1407142857143,3469,0
17701.0,1,417.95,109,2011-04-01 12:25:00,2011-04-01 12:25:00,24,United Kingdom,252,1,417.95,417.95,109,1
17702.0,6,3144.04,2153,2010-11-04 12:09:00,2011-11-09 16:03:00,120,United Kingdom,30,6,3144.04,524.0066666666667,2153,0
17703.0,4,1094.84,897,2010-10-17 16:16:00,2011-11-04 15:51:00,63,United Kingdom,35,4,1094.84,273.71,897,0
17704.0,2,885.19,343,2011-04-14 09:28:00,2011-06-24 09:40:00,27,United Kingdom,168,2,885.19,442.595,343,0
17705.0,11,2083.9,1301,2010-05-12 09:47:00,2011-12-06 13:45:00,74,United Kingdom,3,11,2083.9,189.44545454545457,1301,0
17706.0,31,20749.98,8049,2010-01-19 12:13:00,2011-12-05 13:34:00,408,United Kingdom,4,31,20749.98,669.3541935483871,8049,0
17707.0,8,609.3000000000001,546,2009-12-07 12:19:00,2011-06-07 15:03:00,9,United Kingdom,185,8,609.3000000000001,76.16250000000001,546,1
17708.0,4,887.9300000000001,388,2010-10-12 12:13:00,2011-06-05 10:12:00,57,United Kingdom,187,4,887.9300000000001,221.9825,388,1
17709.0,5,671.01,295,2010-04-15 14:48:00,2011-06-23 11:55:00,37,United Kingdom,169,5,671.01,134.202,295,0
17710.0,1,293.5,158,2010-10-12 07:49:00,2010-10-12 07:49:00,20,United Kingdom,423,1,293.5,293.5,158,1
17711.0,2,385.1,246,2011-02-23 11:32:00,2011-11-29 11:40:00,22,United Kingdom,10,2,385.1,192.55,246,0
17712.0,1,522.91,215,2011-10-26 12:28:00,2011-10-26 12:28:00,29,United Kingdom,44,1,522.91,522.91,215,0
17713.0,4,1198.09,989,2010-06-09 09:33:00,2010-11-22 16:50:00,55,United Kingdom,382,4,1198.09,299.5225,989,1
17714.0,5,1410.18,608,2010-07-14 10:41:00,2011-01-23 10:32:00,69,United Kingdom,320,5,1410.18,282.036,608,1
17715.0,2,489.6,576,2010-04-26 12:17:00,2011-05-23 12:32:00,1,United Kingdom,200,2,489.6,244.8,576,1
17716.0,24,15956.97,8819,2009-12-02 17:18:00,2011-11-17 12:00:00,334,United Kingdom,22,24,15956.97,664.87375,8819,0
17717.0,1,376.92,344,2010-10-14 12:54:00,2010-10-14 12:54:00,26,United Kingdom,421,1,376.92,376.92,344,1
17718.0,2,439.18,274,2010-03-05 08:01:00,2011-04-21 13:39:00,22,United Kingdom,232,2,439.18,219.59,274,1
17719.0,15,5396.04,2466,2011-03-29 11:29:00,2011-11-02 10:36:00,111,United Kingdom,37,15,5396.04,359.736,2466,0
17720.0,10,2768.91,1613,2010-05-10 09:58:00,2011-11-13 15:04:00,81,United Kingdom,26,10,2768.91,276.891,1613,0
17721.0,1,307.21000000000004,107,2010-02-18 15:18:00,2010-02-18 15:18:00,11,United Kingdom,659,1,307.21000000000004,307.21000000000004,107,1
17722.0,5,4430.36,2937,2010-11-29 09:44:00,2011-09-04 15:22:00,163,United Kingdom,96,5,4430.36,886.0719999999999,2937,0
17723.0,7,3378.4000000000005,912,2010-11-29 10:35:00,2011-08-04 18:37:00,6,United Kingdom,127,7,3378.4000000000005,482.6285714285715,912,0
17724.0,3,1033.0,300,2011-07-24 13:26:00,2011-09-29 15:26:00,38,United Kingdom,71,3,1033.0,344.3333333333333,300,0
17725.0,11,3439.08,2162,2011-03-17 19:47:00,2011-11-23 16:34:00,115,United Kingdom,16,11,3439.08,312.64363636363635,2162,0
17726.0,7,1092.06,444,2010-01-26 14:58:00,2010-11-09 13:37:00,52,United Kingdom,395,7,1092.06,156.00857142857143,444,1
17727.0,1,1060.25,645,2011-11-24 17:06:00,2011-11-24 17:06:00,66,United Kingdom,15,1,1060.25,1060.25,645,0
17728.0,5,4238.76,2146,2010-09-12 14:58:00,2011-12-06 08:52:00,196,United Kingdom,3,5,4238.76,847.7520000000001,2146,0
17729.0,1,438.65,247,2010-04-22 15:03:00,2010-04-22 15:03:00,23,United Kingdom,596,1,438.65,438.65,247,1
17730.0,20,7773.8,5300,2010-04-29 11:48:00,2011-12-06 15:43:00,177,United Kingdom,3,20,7773.8,388.69,5300,0
17731.0,6,1708.99,707,2010-02-09 12:37:00,2011-09-21 15:02:00,82,United Kingdom,79,6,1708.99,284.83166666666665,707,0
17732.0,8,2470.39,1151,2010-08-09 08:41:00,2010-12-02 09:29:00,90,United Kingdom,372,8,2470.39,308.79875,1151,1
17733.0,2,692.19,463,2011-03-23 09:54:00,2011-11-01 08:16:00,33,United Kingdom,38,2,692.19,346.095,463,0
17734.0,6,1442.32,741,2010-03-07 13:55:00,2011-10-17 12:33:00,76,United Kingdom,53,6,1442.32,240.38666666666663,741,0
17735.0,26,17244.93,10901,2010-07-30 13:25:00,2011-12-07 16:47:00,391,United Kingdom,2,26,17244.93,663.2665384615385,10901,0
17736.0,3,377.44,238,2011-08-18 14:33:00,2011-11-30 15:36:00,24,United Kingdom,9,3,377.44,125.81333333333332,238,0
17737.0,2,168.24,108,2011-10-12 14:42:00,2011-11-30 15:16:00,8,United Kingdom,9,2,168.24,84.12,108,0
17738.0,13,4183.56,2776,2010-03-19 10:07:00,2011-11-20 15:05:00,173,United Kingdom,19,13,4183.56,321.81230769230774,2776,0
17739.0,18,7730.59,2335,2009-12-07 10:48:00,2011-11-28 09:12:00,56,United Kingdom,11,18,7730.59,429.4772222222222,2335,0
17740.0,6,426.9,222,2010-01-11 13:11:00,2010-11-15 16:33:00,5,United Kingdom,389,6,426.9,71.14999999999999,222,1
17741.0,2,101.1,114,2010-05-28 12:11:00,2010-10-29 11:59:00,6,United Kingdom,406,2,101.1,50.55,114,1
17742.0,11,2098.48,653,2009-12-01 13:16:00,2011-08-18 15:28:00,52,United Kingdom,113,11,2098.48,190.7709090909091,653,0
17743.0,1,229.2,96,2010-09-17 14:54:00,2010-09-17 14:54:00,3,United Kingdom,448,1,229.2,229.2,96,1
17744.0,7,2649.14,3826,2010-11-24 09:34:00,2011-12-06 12:11:00,121,United Kingdom,3,7,2649.14,378.4485714285714,3826,0
17745.0,2,600.34,164,2010-06-02 09:03:00,2010-08-19 12:30:00,27,United Kingdom,477,2,600.34,300.17,164,1
17746.0,4,904.18,688,2010-04-08 12:54:00,2011-04-13 14:31:00,32,United Kingdom,240,4,904.18,226.045,688,1
17747.0,1,71.4,12,2011-08-19 08:13:00,2011-08-19 08:13:00,1,United Kingdom,112,1,71.4,71.4,12,0
17748.0,1,358.15,111,2010-06-30 13:49:00,2010-06-30 13:49:00,17,United Kingdom,527,1,358.15,358.15,111,1
17749.0,3,1026.18,446,2010-06-11 14:56:00,2011-06-14 15:45:00,52,United Kingdom,178,3,1026.18,342.06,446,0
17750.0,9,1797.57,3957,2011-06-28 15:44:00,2011-12-04 14:09:00,101,United Kingdom,5,9,1797.57,199.73,3957,0
17751.0,1,157.86,147,2010-10-14 13:57:00,2010-10-14 13:57:00,31,United Kingdom,421,1,157.86,157.86,147,1
17752.0,1,80.64,192,2010-12-15 16:19:00,2010-12-15 16:19:00,1,United Kingdom,359,1,80.64,80.64,192,1
17753.0,4,390.56,128,2010-01-06 14:20:00,2010-09-01 15:49:00,63,United Kingdom,464,4,390.56,97.64,128,1
17754.0,13,4577.53,4441,2009-12-11 15:52:00,2011-12-09 11:20:00,185,United Kingdom,0,13,4577.53,352.11769230769227,4441,0
17756.0,3,733.7,400,2010-11-10 12:54:00,2010-11-29 12:20:00,54,United Kingdom,375,3,733.7,244.5666666666667,400,1
17757.0,56,9422.45,5163,2010-01-13 15:56:00,2011-12-08 15:31:00,362,United Kingdom,1,56,9422.45,168.25803571428574,5163,0
17758.0,12,5012.53,3236,2010-05-20 13:18:00,2011-11-20 14:45:00,403,United Kingdom,19,12,5012.53,417.7108333333333,3236,0
17759.0,5,1276.91,976,2010-05-05 11:40:00,2011-11-22 16:02:00,114,United Kingdom,17,5,1276.91,255.382,976,0
17760.0,6,918.93,696,2010-02-28 12:15:00,2011-11-18 10:56:00,58,United Kingdom,21,6,918.93,153.155,696,0
17761.0,1,712.78,398,2011-11-07 10:23:00,2011-11-07 10:23:00,19,United Kingdom,32,1,712.78,712.78,398,0
17762.0,1,129.75,129,2010-09-09 17:40:00,2010-09-09 17:40:00,16,United Kingdom,456,1,129.75,129.75,129,1
17763.0,4,86.15,41,2010-02-18 14:32:00,2011-03-21 14:25:00,11,United Kingdom,263,4,86.15,21.5375,41,1
17764.0,5,1623.64,729,2009-12-03 14:28:00,2011-10-20 11:03:00,126,United Kingdom,50,5,1623.64,324.728,729,0
17765.0,4,530.8,197,2010-09-17 12:45:00,2011-07-04 12:41:00,71,United Kingdom,158,4,530.8,132.7,197,0
17766.0,2,299.61,155,2010-11-23 14:17:00,2010-11-23 14:29:00,21,United Kingdom,381,2,299.61,149.805,155,1
17767.0,2,413.05,198,2010-10-25 16:22:00,2011-11-24 14:42:00,35,United Kingdom,15,2,413.05,206.525,198,0
17768.0,7,3509.51,2433,2009-12-02 12:26:00,2011-12-01 13:22:00,134,United Kingdom,8,7,3509.51,501.35857142857145,2433,0
17769.0,17,7103.08,3176,2010-01-19 11:33:00,2011-11-27 11:18:00,330,United Kingdom,12,17,7103.08,417.8282352941176,3176,0
17770.0,5,1143.27,365,2011-03-02 13:35:00,2011-05-25 12:34:00,33,United Kingdom,198,5,1143.27,228.654,365,1
17771.0,4,387.41,373,2010-04-29 13:21:00,2011-10-14 11:43:00,63,United Kingdom,56,4,387.41,96.8525,373,0
17772.0,3,384.77,122,2010-11-12 11:31:00,2011-11-29 11:05:00,94,United Kingdom,10,3,384.77,128.25666666666666,122,0
17773.0,2,585.27,260,2010-01-18 14:32:00,2010-07-13 14:07:00,48,United Kingdom,514,2,585.27,292.635,260,1
17774.0,9,3328.05,1609,2010-02-08 16:06:00,2011-09-04 12:49:00,286,United Kingdom,96,9,3328.05,369.78333333333336,1609,0
17775.0,1,56.4,72,2011-03-30 10:50:00,2011-03-30 10:50:00,3,United Kingdom,254,1,56.4,56.4,72,1
17776.0,2,338.56,277,2009-12-16 14:59:00,2010-11-18 12:14:00,74,United Kingdom,386,2,338.56,169.28,277,1
17777.0,3,665.86,507,2011-08-31 14:35:00,2011-11-15 12:02:00,141,United Kingdom,24,3,665.86,221.95333333333332,507,0
17778.0,1,197.7,214,2010-02-16 12:44:00,2010-02-16 12:44:00,10,United Kingdom,661,1,197.7,197.7,214,1
17779.0,3,658.57,397,2011-07-19 12:19:00,2011-11-18 14:15:00,73,United Kingdom,21,3,658.57,219.5233333333333,397,0
17780.0,3,352.91,158,2010-01-24 11:21:00,2010-02-10 13:43:00,76,United Kingdom,667,3,352.91,117.63666666666668,158,1
17781.0,2,188.02,34,2011-03-31 19:54:00,2011-07-03 16:00:00,12,United Kingdom,159,2,188.02,94.01,34,0
17782.0,2,679.02,538,2010-11-22 10:03:00,2010-11-22 11:15:00,29,United Kingdom,382,2,679.02,339.51,538,1
17783.0,3,379.91,439,2010-07-15 12:50:00,2011-09-28 16:07:00,91,United Kingdom,72,3,379.91,126.63666666666668,439,0
17784.0,1,112.86,72,2010-06-07 16:08:00,2010-06-07 16:08:00,19,United Kingdom,550,1,112.86,112.86,72,1
17785.0,3,403.38,227,2010-05-23 13:01:00,2011-10-17 13:43:00,48,United Kingdom,53,3,403.38,134.46,227,0
17786.0,2,278.74,200,2011-01-26 14:35:00,2011-09-15 12:51:00,57,United Kingdom,85,2,278.74,139.37,200,0
17787.0,4,2601.4700000000003,1266,2010-12-03 13:43:00,2011-07-10 11:24:00,94,United Kingdom,152,4,2601.4700000000003,650.3675000000001,1266,0
17788.0,2,1117.9,211,2011-08-02 10:38:00,2011-09-27 10:09:00,3,United Kingdom,73,2,1117.9,558.95,211,0
17789.0,2,397.15,199,2010-02-16 13:16:00,2011-03-03 13:14:00,27,United Kingdom,281,2,397.15,198.575,199,1
17790.0,20,2783.61,1389,2010-06-13 13:30:00,2011-11-13 11:30:00,188,United Kingdom,26,20,2783.61,139.1805,1389,0
17791.0,1,106.1,46,2011-11-10 12:09:00,2011-11-10 12:09:00,10,United Kingdom,29,1,106.1,106.1,46,0
17792.0,2,370.05,151,2010-08-18 13:08:00,2010-08-29 14:30:00,45,United Kingdom,467,2,370.05,185.025,151,1
17793.0,1,323.04,232,2011-11-14 14:24:00,2011-11-14 14:24:00,49,United Kingdom,25,1,323.04,323.04,232,0
17794.0,2,147.3,46,2010-01-20 12:17:00,2010-01-22 10:18:00,7,United Kingdom,686,2,147.3,73.65,46,1
17795.0,2,350.39,341,2011-03-20 12:02:00,2011-06-13 12:36:00,43,United Kingdom,179,2,350.39,175.195,341,0
17796.0,7,1361.99,379,2010-10-14 13:37:00,2011-10-30 15:38:00,149,United Kingdom,40,7,1361.99,194.57,379,0
17797.0,8,1985.87,1090,2009-12-15 14:30:00,2011-11-17 13:21:00,222,United Kingdom,22,8,1985.87,248.23375,1090,0
17798.0,1,183.09,142,2010-05-07 11:42:00,2010-05-07 11:42:00,43,United Kingdom,581,1,183.09,183.09,142,1
17799.0,20,6341.89,3707,2009-12-13 16:03:00,2011-11-17 15:16:00,478,United Kingdom,22,20,6341.89,317.09450000000004,3707,0
17800.0,9,1199.01,736,2011-01-09 13:50:00,2011-11-02 12:57:00,51,United Kingdom,37,9,1199.01,133.22333333333333,736,0
17801.0,3,798.3299999999999,838,2010-01-17 11:31:00,2010-09-14 14:32:00,66,United Kingdom,451,3,798.3299999999999,266.11,838,1
17802.0,10,5053.12,2786,2009-12-13 13:39:00,2011-09-18 14:56:00,283,United Kingdom,82,10,5053.12,505.312,2786,0
17803.0,1,184.66,98,2010-11-12 13:53:00,2010-11-12 13:53:00,27,United Kingdom,392,1,184.66,184.66,98,1
17804.0,3,385.23,195,2009-12-01 12:22:00,2010-11-28 14:01:00,82,United Kingdom,376,3,385.23,128.41,195,1
17805.0,2,927.03,1126,2010-04-08 14:36:00,2011-09-27 11:49:00,10,United Kingdom,73,2,927.03,463.515,1126,0
17806.0,1,546.04,727,2011-11-28 14:12:00,2011-11-28 14:12:00,43,United Kingdom,11,1,546.04,546.04,727,0
17807.0,3,437.87,262,2010-01-04 14:00:00,2010-11-09 16:21:00,88,United Kingdom,395,3,437.87,145.95666666666668,262,1
17808.0,4,262.64,143,2010-05-07 16:26:00,2010-06-09 10:44:00,29,United Kingdom,548,4,262.64,65.66,143,1
17809.0,20,11337.39,3353,2009-12-02 14:52:00,2011-11-23 12:59:00,59,United Kingdom,16,20,11337.39,566.8695,3353,0
17810.0,2,374.81,119,2010-01-25 10:26:00,2010-02-09 10:47:00,51,United Kingdom,668,2,374.81,187.405,119,1
17811.0,47,9609.8,5327,2010-09-20 11:24:00,2011-12-05 13:46:00,538,United Kingdom,4,47,9609.8,204.46382978723403,5327,0
17812.0,7,1165.89,612,2010-06-27 13:34:00,2011-11-27 11:47:00,162,United Kingdom,12,7,1165.89,166.5557142857143,612,0
17813.0,5,1770.88,790,2011-09-29 15:57:00,2011-11-25 16:13:00,297,United Kingdom,14,5,1770.88,354.17600000000004,790,0
17814.0,2,1617.32,1440,2010-10-13 14:03:00,2010-11-29 14:21:00,112,United Kingdom,375,2,1617.32,808.66,1440,1
17815.0,1,591.96,612,2010-11-11 14:39:00,2010-11-11 14:39:00,13,United Kingdom,393,1,591.96,591.96,612,1
17816.0,6,112.32,96,2009-12-15 15:27:00,2011-11-03 11:34:00,41,United Kingdom,36,6,112.32,18.72,96,0
17817.0,6,807.85,365,2010-10-13 15:07:00,2011-12-05 14:39:00,115,United Kingdom,4,6,807.85,134.64166666666668,365,0
17818.0,1,130.18,90,2009-12-02 11:34:00,2009-12-02 11:34:00,42,United Kingdom,737,1,130.18,130.18,90,1
17819.0,12,6612.52,1849,2009-12-13 15:24:00,2011-09-29 10:52:00,66,United Kingdom,71,12,6612.52,551.0433333333334,1849,0
17820.0,1,183.56,112,2010-11-30 17:43:00,2010-11-30 17:43:00,39,United Kingdom,374,1,183.56,183.56,112,1
17821.0,1,334.62,162,2010-10-29 13:20:00,2010-10-29 13:20:00,6,United Kingdom,406,1,334.62,334.62,162,1
17822.0,5,2188.5,1389,2010-05-28 12:15:00,2010-10-15 13:47:00,152,United Kingdom,420,5,2188.5,437.7,1389,1
17823.0,2,494.25,262,2010-10-14 16:14:00,2010-10-14 16:24:00,88,United Kingdom,421,2,494.25,247.125,262,1
17824.0,1,298.4,408,2011-10-19 14:14:00,2011-10-19 14:14:00,13,United Kingdom,51,1,298.4,298.4,408,0
17825.0,4,731.96,540,2009-12-14 12:09:00,2010-04-20 12:01:00,24,United Kingdom,598,4,731.96,182.99,540,1
17826.0,1,134.59,85,2010-11-30 13:23:00,2010-11-30 13:23:00,33,United Kingdom,374,1,134.59,134.59,85,1
17827.0,6,2388.05,1592,2010-03-28 12:20:00,2011-12-04 15:00:00,240,United Kingdom,5,6,2388.05,398.0083333333334,1592,0
17828.0,4,1820.09,667,2011-06-08 08:31:00,2011-11-17 08:41:00,54,Malta,22,4,1820.09,455.0225,667,0
17829.0,5,4756.74,3009,2010-02-22 15:39:00,2011-02-14 12:46:00,121,United Arab Emirates,298,5,4756.74,951.348,3009,1
17830.0,3,398.7,92,2011-02-24 10:15:00,2011-12-08 12:28:00,18,United Kingdom,1,3,398.7,132.9,92,0
17831.0,1,35.400000000000006,12,2011-11-06 15:09:00,2011-11-06 15:09:00,2,United Kingdom,33,1,35.400000000000006,35.400000000000006,12,0
17832.0,1,155.37,208,2011-10-21 11:43:00,2011-10-21 11:43:00,61,United Kingdom,49,1,155.37,155.37,208,0
17833.0,1,342.36,145,2009-12-16 13:40:00,2009-12-16 13:40:00,28,United Kingdom,723,1,342.36,342.36,145,1
17834.0,2,730.47,687,2010-09-20 15:32:00,2010-10-21 12:09:00,54,United Kingdom,414,2,730.47,365.235,687,1
17835.0,3,350.64,348,2011-11-16 16:30:00,2011-12-07 11:48:00,45,United Kingdom,2,3,350.64,116.88,348,0
17836.0,1,110.21,88,2011-10-23 16:13:00,2011-10-23 16:13:00,23,United Kingdom,47,1,110.21,110.21,88,0
17837.0,8,1593.38,518,2011-06-29 16:44:00,2011-10-28 16:13:00,110,United Kingdom,42,8,1593.38,199.1725,518,0
17838.0,13,6722.900000000001,4149,2010-03-19 09:53:00,2011-11-13 11:20:00,141,United Kingdom,26,13,6722.900000000001,517.1461538461539,4149,0
17839.0,1,338.8,285,2011-10-28 17:27:00,2011-10-28 17:27:00,50,United Kingdom,42,1,338.8,338.8,285,0
17840.0,1,185.72,138,2010-09-22 12:24:00,2010-09-22 12:24:00,44,United Kingdom,443,1,185.72,185.72,138,1
17841.0,211,70884.07,37558,2009-12-02 15:41:00,2011-12-08 12:07:00,2116,United Kingdom,1,211,70884.07,335.94345971563985,37558,0
17842.0,1,430.69,89,2010-04-16 14:23:00,2010-04-16 14:23:00,18,United Kingdom,602,1,430.69,430.69,89,1
17843.0,2,326.23,276,2010-10-24 10:56:00,2011-02-09 15:33:00,58,United Kingdom,303,2,326.23,163.115,276,1
17844.0,1,51.56,52,2011-08-25 11:27:00,2011-08-25 11:27:00,5,Canada,106,1,51.56,51.56,52,0
17845.0,4,598.19,196,2010-05-12 13:04:00,2010-06-02 15:20:00,42,United Kingdom,555,4,598.19,149.5475,196,1
17846.0,1,2033.1,1,2011-09-15 15:20:00,2011-09-15 15:20:00,1,United Kingdom,85,1,2033.1,2033.1,1,0
17847.0,2,129.69,29,2010-03-04 12:57:00,2010-07-12 10:00:00,9,United Kingdom,515,2,129.69,64.845,29,1
17848.0,30,3650.9,1438,2009-12-06 13:19:00,2011-09-19 16:49:00,105,United Kingdom,81,30,3650.9,121.69666666666669,1438,0
17849.0,8,1063.76,224,2010-03-14 15:17:00,2011-05-05 13:46:00,24,United Kingdom,218,8,1063.76,132.97,224,1
17850.0,155,56600.08,22785,2009-12-05 12:28:00,2010-12-02 15:27:00,100,United Kingdom,372,155,56600.08,365.1618064516129,22785,1
17851.0,6,1563.34,938,2009-12-03 17:46:00,2010-10-13 15:13:00,185,United Kingdom,422,6,1563.34,260.5566666666667,938,1
17852.0,5,663.21,376,2009-12-08 12:51:00,2011-11-28 12:36:00,82,United Kingdom,11,5,663.21,132.642,376,0
17853.0,3,1608.19,627,2009-12-03 15:09:00,2010-10-28 15:29:00,84,United Kingdom,407,3,1608.19,536.0633333333334,627,1
17854.0,6,1071.45,610,2009-12-08 11:13:00,2011-06-07 16:21:00,113,United Kingdom,185,6,1071.45,178.57500000000002,610,1
17855.0,1,417.94,394,2010-12-02 09:44:00,2010-12-02 09:44:00,17,United Kingdom,372,1,417.94,417.94,394,1
17856.0,4,1418.03,842,2011-03-03 11:40:00,2011-12-08 09:40:00,12,United Kingdom,1,4,1418.03,354.5075,842,0
17857.0,24,28682.24,22060,2010-03-08 12:09:00,2011-12-05 13:13:00,21,United Kingdom,4,24,28682.24,1195.0933333333337,22060,0
17858.0,30,12797.65,5483,2009-12-06 15:41:00,2011-12-04 11:56:00,173,United Kingdom,5,30,12797.65,426.5883333333333,5483,0
17859.0,1,148.21,127,2011-02-08 10:32:00,2011-02-08 10:32:00,23,United Kingdom,304,1,148.21,148.21,127,1
17860.0,4,1015.54,817,2009-12-11 16:48:00,2010-12-06 12:41:00,127,United Kingdom,368,4,1015.54,253.885,817,1
17861.0,18,5127.69,4574,2009-12-10 11:27:00,2011-12-06 16:21:00,329,United Kingdom,3,18,5127.69,284.87166666666667,4574,0
17862.0,4,1279.09,443,2010-05-25 17:22:00,2011-01-20 12:23:00,90,United Kingdom,323,4,1279.09,319.7725,443,1
17863.0,12,5745.2,4952,2010-02-25 12:01:00,2011-10-11 13:45:00,154,United Kingdom,59,12,5745.2,478.76666666666665,4952,0
17864.0,5,924.32,1121,2010-10-08 11:49:00,2011-11-27 11:15:00,93,United Kingdom,12,5,924.32,184.864,1121,0
17865.0,46,26374.39,12985,2009-12-01 10:49:00,2011-11-09 12:08:00,391,United Kingdom,30,46,26374.39,573.356304347826,12985,0
17866.0,3,1134.95,535,2009-12-14 16:01:00,2011-07-20 11:07:00,20,United Kingdom,142,3,1134.95,378.31666666666666,535,0
17867.0,15,1621.2800000000002,672,2009-12-02 13:39:00,2011-11-09 14:15:00,119,United Kingdom,30,15,1621.2800000000002,108.08533333333337,672,0
17868.0,1,234.65,91,2010-11-18 18:55:00,2010-11-18 18:55:00,18,United Kingdom,386,1,234.65,234.65,91,1
17869.0,7,1036.16,560,2010-06-10 13:47:00,2011-08-24 16:16:00,72,United Kingdom,107,7,1036.16,148.02285714285716,560,0
17870.0,13,3108.15,1877,2010-11-23 11:39:00,2011-12-07 15:07:00,215,United Kingdom,2,13,3108.15,239.0884615384616,1877,0
17871.0,5,1118.99,713,2010-01-15 14:48:00,2011-05-19 11:32:00,64,United Kingdom,204,5,1118.99,223.798,713,1
17872.0,1,235.87,176,2010-11-23 12:02:00,2010-11-23 12:02:00,15,United Kingdom,381,1,235.87,235.87,176,1
17873.0,18,6515.88,4312,2009-12-16 15:11:00,2011-09-20 16:41:00,65,United Kingdom,80,18,6515.88,361.9933333333333,4312,0
17874.0,6,683.46,221,2011-03-29 11:25:00,2011-06-07 12:54:00,37,United Kingdom,185,6,683.46,113.91,221,1
17875.0,1,167.1,98,2010-01-20 15:30:00,2010-01-20 15:30:00,25,United Kingdom,688,1,167.1,167.1,98,1
17876.0,3,3424.02,1958,2010-02-02 13:00:00,2010-11-05 10:52:00,3,United Kingdom,399,3,3424.02,1141.34,1958,1
17877.0,1,237.61,98,2011-06-22 13:00:00,2011-06-22 13:00:00,12,United Kingdom,170,1,237.61,237.61,98,0
17878.0,3,1412.33,1038,2010-11-09 13:50:00,2011-10-27 11:24:00,82,United Kingdom,43,3,1412.33,470.7766666666666,1038,0
17879.0,1,178.51999999999998,45,2011-06-19 12:36:00,2011-06-19 12:36:00,6,United Kingdom,173,1,178.51999999999998,178.51999999999998,45,0
17880.0,3,824.9200000000001,466,2009-12-09 16:13:00,2010-12-10 10:21:00,43,United Kingdom,364,3,824.9200000000001,274.97333333333336,466,1
17881.0,1,133.35000000000002,32,2011-02-08 17:16:00,2011-02-08 17:16:00,8,United Kingdom,304,1,133.35000000000002,133.35000000000002,32,1
17882.0,2,313.46,134,2010-11-25 14:35:00,2010-11-25 14:40:00,47,United Kingdom,379,2,313.46,156.73,134,1
17883.0,7,995.85,481,2010-02-25 20:07:00,2011-12-06 17:49:00,155,United Kingdom,3,7,995.85,142.2642857142857,481,0
17884.0,20,3072.89,3088,2009-12-04 16:23:00,2011-12-06 11:33:00,305,United Kingdom,3,20,3072.89,153.6445,3088,0
17885.0,1,190.19,167,2011-11-27 14:40:00,2011-11-27 14:40:00,50,United Kingdom,12,1,190.19,190.19,167,0
17886.0,6,1608.38,725,2010-04-29 11:10:00,2011-11-08 10:09:00,138,United Kingdom,31,6,1608.38,268.06333333333333,725,0
17887.0,1,111.35,30,2011-08-02 17:29:00,2011-08-02 17:29:00,10,United Kingdom,129,1,111.35,111.35,30,0
17888.0,25,1820.44,1544,2009-12-21 16:34:00,2011-11-18 13:45:00,145,United Kingdom,21,25,1820.44,72.8176,1544,0
17889.0,7,774.87,417,2010-03-31 10:54:00,2011-05-11 16:26:00,97,United Kingdom,212,7,774.87,110.69571428571427,417,1
17890.0,2,602.09,416,2010-12-13 15:12:00,2011-01-21 11:19:00,88,United Kingdom,322,2,602.09,301.045,416,1
17891.0,1,203.86,393,2011-06-30 20:08:00,2011-06-30 20:08:00,34,United Kingdom,162,1,203.86,203.86,393,0
17892.0,3,244.1,109,2011-07-07 12:56:00,2011-10-14 16:49:00,27,United Kingdom,56,3,244.1,81.36666666666666,109,0
17893.0,1,112.25,161,2011-04-28 13:50:00,2011-04-28 13:50:00,15,United Kingdom,225,1,112.25,112.25,161,1
17894.0,18,2453.38,1020,2010-08-27 14:13:00,2011-09-29 09:23:00,215,United Kingdom,71,18,2453.38,136.29888888888888,1020,0
17895.0,1,98.0,130,2011-10-26 17:00:00,2011-10-26 17:00:00,15,United Kingdom,44,1,98.0,98.0,130,0
17896.0,1,256.32,288,2011-11-16 13:59:00,2011-11-16 13:59:00,2,United Kingdom,23,1,256.32,256.32,288,0
17897.0,9,2585.0,1043,2010-05-12 16:03:00,2011-06-20 11:23:00,211,United Kingdom,172,9,2585.0,287.22222222222223,1043,0
17898.0,4,299.18,251,2010-05-21 17:22:00,2011-09-15 14:56:00,48,United Kingdom,85,4,299.18,74.795,251,0
17899.0,1,155.8,171,2011-07-03 14:58:00,2011-07-03 14:58:00,29,United Kingdom,159,1,155.8,155.8,171,0
17900.0,2,112.2,73,2011-06-02 14:28:00,2011-06-02 14:38:00,4,United Kingdom,190,2,112.2,56.1,73,1
17901.0,3,260.08,38,2010-07-06 10:54:00,2011-11-10 17:29:00,22,United Kingdom,29,3,260.08,86.69333333333333,38,0
17902.0,1,216.4,526,2010-06-11 12:25:00,2010-06-11 12:25:00,24,United Kingdom,546,1,216.4,216.4,526,1
17903.0,1,381.09,142,2010-11-10 15:39:00,2010-11-10 15:39:00,44,United Kingdom,394,1,381.09,381.09,142,1
17904.0,1,191.67,63,2011-11-18 12:57:00,2011-11-18 12:57:00,33,United Kingdom,21,1,191.67,191.67,63,0
17905.0,13,2383.52,1373,2010-01-28 17:54:00,2011-09-29 17:33:00,129,United Kingdom,71,13,2383.52,183.3476923076923,1373,0
17906.0,1,72.9,26,2011-04-06 17:25:00,2011-04-06 17:25:00,12,United Kingdom,247,1,72.9,72.9,26,1
17907.0,1,291.76,1046,2010-03-09 12:33:00,2010-03-09 12:33:00,13,United Kingdom,640,1,291.76,291.76,1046,1
17908.0,5,1411.54,856,2009-12-14 12:24:00,2010-12-01 11:45:00,178,United Kingdom,373,5,1411.54,282.308,856,1
17909.0,1,132.55,41,2009-12-02 13:10:00,2009-12-02 13:10:00,8,United Kingdom,737,1,132.55,132.55,41,1
17910.0,1,261.7,121,2009-12-13 16:04:00,2009-12-13 16:04:00,25,United Kingdom,726,1,261.7,261.7,121,1
17911.0,1,366.23,223,2011-11-30 14:52:00,2011-11-30 14:52:00,39,United Kingdom,9,1,366.23,366.23,223,0
17912.0,6,375.5,216,2010-11-29 13:53:00,2011-02-02 14:25:00,48,United Kingdom,310,6,375.5,62.583333333333336,216,1
17913.0,14,3479.64,1745,2009-12-03 13:02:00,2011-10-12 10:45:00,224,United Kingdom,58,14,3479.64,248.54571428571427,1745,0
17914.0,1,336.43,473,2011-12-06 11:58:00,2011-12-06 11:58:00,72,United Kingdom,3,1,336.43,336.43,473,0
17915.0,1,242.13,191,2010-06-06 13:22:00,2010-06-06 13:22:00,27,United Kingdom,551,1,242.13,242.13,191,1
17916.0,2,43.87,90,2009-12-06 14:10:00,2010-03-21 12:26:00,15,United Kingdom,628,2,43.87,21.935,90,1
17917.0,3,341.28,187,2010-12-12 12:08:00,2011-10-25 13:20:00,77,United Kingdom,45,3,341.28,113.76,187,0
17918.0,3,396.39,352,2010-07-22 14:20:00,2010-07-27 11:51:00,34,United Kingdom,500,3,396.39,132.13,352,1
17919.0,2,1840.32,1452,2010-09-27 10:40:00,2011-09-12 13:41:00,37,United Kingdom,88,2,1840.32,920.16,1452,0
17920.0,54,24516.46,12666,2009-12-06 10:37:00,2011-12-05 14:29:00,715,United Kingdom,4,54,24516.46,454.0085185185185,12666,0
17921.0,10,2423.5,1002,2010-07-15 20:05:00,2011-10-06 18:56:00,230,United Kingdom,64,10,2423.5,242.35,1002,0
17922.0,1,170.4,49,2010-06-14 16:32:00,2010-06-14 16:32:00,8,United Kingdom,543,1,170.4,170.4,49,1
17923.0,3,497.0,140,2010-06-13 13:58:00,2011-03-02 15:15:00,2,United Kingdom,282,3,497.0,165.66666666666666,140,1
17924.0,8,3536.7000000000003,1268,2010-10-21 12:17:00,2011-11-28 09:11:00,27,United Kingdom,11,8,3536.7000000000003,442.0875,1268,0
17925.0,1,488.16,144,2010-12-02 10:10:00,2010-12-02 10:10:00,1,United Kingdom,372,1,488.16,488.16,144,1
17926.0,5,1035.49,572,2010-05-09 14:07:00,2011-07-29 14:39:00,27,United Kingdom,133,5,1035.49,207.098,572,0
17927.0,1,294.0,108,2009-12-18 11:03:00,2009-12-18 11:03:00,10,United Kingdom,721,1,294.0,294.0,108,1
17928.0,3,341.24,222,2010-05-17 15:30:00,2011-10-25 13:52:00,27,United Kingdom,45,3,341.24,113.74666666666668,222,0
17929.0,12,3082.1,434,2009-12-09 11:40:00,2011-11-28 16:01:00,6,United Kingdom,11,12,3082.1,256.84166666666664,434,0
17930.0,13,4275.22,3795,2010-03-04 10:41:00,2011-11-04 10:23:00,39,United Kingdom,35,13,4275.22,328.86307692307696,3795,0
17931.0,14,3437.29,1937,2010-02-16 15:47:00,2011-07-28 18:33:00,274,United Kingdom,134,14,3437.29,245.5207142857143,1937,0
17932.0,3,1331.57,789,2011-05-12 13:58:00,2011-11-10 19:49:00,84,United Kingdom,29,3,1331.57,443.8566666666666,789,0
17933.0,1,114.69,63,2010-03-17 15:11:00,2010-03-17 15:11:00,12,United Kingdom,632,1,114.69,114.69,63,1
17934.0,3,1049.15,628,2010-10-29 12:23:00,2011-10-19 11:16:00,36,United Kingdom,51,3,1049.15,349.7166666666667,628,0
17935.0,7,686.14,244,2009-12-04 14:33:00,2011-07-24 13:18:00,60,United Kingdom,138,7,686.14,98.02,244,0
17936.0,1,389.84,262,2011-12-04 13:32:00,2011-12-04 13:32:00,68,United Kingdom,5,1,389.84,389.84,262,0
17937.0,7,4301.22,1754,2010-12-12 14:43:00,2011-12-01 11:45:00,19,United Kingdom,8,7,4301.22,614.46,1754,0
17938.0,1,144.29,53,2010-10-15 14:27:00,2010-10-15 14:27:00,29,United Kingdom,420,1,144.29,144.29,53,1
17939.0,1,99.14,40,2011-07-03 12:27:00,2011-07-03 12:27:00,12,United Kingdom,159,1,99.14,99.14,40,0
17940.0,16,30393.19,85580,2009-12-03 12:31:00,2011-10-21 13:27:00,11,United Kingdom,49,16,30393.19,1899.574375,85580,0
17941.0,4,1433.28,1108,2010-01-06 15:37:00,2011-08-01 08:30:00,5,United Kingdom,130,4,1433.28,358.32,1108,0
17942.0,1,77.50000000000001,38,2011-12-02 10:45:00,2011-12-02 10:45:00,2,United Kingdom,7,1,77.50000000000001,77.50000000000001,38,0
17944.0,1,75.41,85,2010-10-12 16:25:00,2010-10-12 16:25:00,24,United Kingdom,423,1,75.41,75.41,85,1
17945.0,3,360.35,244,2010-01-12 11:33:00,2010-01-12 11:40:00,66,United Kingdom,696,3,360.35,120.11666666666667,244,1
17946.0,2,149.57999999999998,75,2011-03-25 14:34:00,2011-04-20 17:00:00,18,United Kingdom,233,2,149.57999999999998,74.78999999999999,75,1
17947.0,1,176.68,168,2011-11-02 13:05:00,2011-11-02 13:05:00,9,United Kingdom,37,1,176.68,176.68,168,0
17948.0,1,358.56000000000006,144,2011-07-15 12:58:00,2011-07-15 12:58:00,1,United Kingdom,147,1,358.56000000000006,358.56000000000006,144,0
17949.0,118,118628.08,60658,2009-12-02 11:07:00,2011-12-08 18:46:00,58,United Kingdom,1,118,118628.08,1005.3227118644068,60658,0
17950.0,7,1432.81,847,2010-01-04 17:39:00,2011-09-28 15:18:00,133,United Kingdom,72,7,1432.81,204.68714285714285,847,0
17951.0,4,1636.0800000000002,898,2010-10-31 15:15:00,2011-10-31 12:30:00,24,United Kingdom,39,4,1636.0800000000002,409.02,898,0
17952.0,4,819.61,504,2010-06-16 11:54:00,2010-11-26 13:54:00,85,United Kingdom,378,4,819.61,204.9025,504,1
17953.0,1,160.82,99,2010-06-17 15:08:00,2010-06-17 15:08:00,20,United Kingdom,540,1,160.82,160.82,99,1
17954.0,19,3966.05,3265,2009-12-09 13:22:00,2011-12-04 14:15:00,479,United Kingdom,5,19,3966.05,208.7394736842105,3265,0
17955.0,6,949.9,681,2010-02-12 16:27:00,2011-05-25 12:00:00,16,United Kingdom,198,6,949.9,158.31666666666666,681,1
17956.0,1,12.75,1,2011-04-04 13:47:00,2011-04-04 13:47:00,1,United Kingdom,249,1,12.75,12.75,1,1
17957.0,1,111.68,287,2011-10-04 14:58:00,2011-10-04 14:58:00,31,United Kingdom,66,1,111.68,111.68,287,0
17958.0,2,973.88,284,2009-12-11 15:37:00,2011-08-15 12:19:00,35,United Kingdom,116,2,973.88,486.94,284,0
17959.0,1,140.75,49,2010-04-26 14:12:00,2010-04-26 14:12:00,2,United Kingdom,592,1,140.75,140.75,49,1
17960.0,3,135.08,60,2010-03-08 12:22:00,2011-06-21 14:15:00,37,United Kingdom,171,3,135.08,45.02666666666667,60,0
17961.0,100,2995.54,1537,2009-12-01 14:48:00,2011-11-18 16:55:00,486,United Kingdom,21,100,2995.54,29.9554,1537,0
17962.0,4,687.42,651,2010-01-13 15:24:00,2011-07-20 14:16:00,146,United Kingdom,142,4,687.42,171.855,651,0
17963.0,4,651.51,344,2010-01-19 17:25:00,2010-08-25 15:58:00,98,United Kingdom,471,4,651.51,162.8775,344,1
17964.0,2,733.46,496,2010-12-02 13:32:00,2011-11-08 10:44:00,84,United Kingdom,31,2,733.46,366.73,496,0
17965.0,29,7240.98,4525,2009-12-14 13:19:00,2011-11-02 09:31:00,588,United Kingdom,37,29,7240.98,249.68896551724137,4525,0
17966.0,10,1974.42,3943,2010-01-18 13:24:00,2011-11-02 10:26:00,82,United Kingdom,37,10,1974.42,197.442,3943,0
17967.0,2,357.29,198,2010-10-19 13:19:00,2010-12-03 11:19:00,59,United Kingdom,371,2,357.29,178.645,198,1
17968.0,4,888.04,525,2010-07-15 15:01:00,2010-12-01 12:23:00,106,United Kingdom,373,4,888.04,222.01,525,1
17969.0,20,2369.94,1017,2009-12-06 13:53:00,2011-06-26 13:00:00,113,United Kingdom,166,20,2369.94,118.497,1017,0
17970.0,1,582.59,525,2011-05-12 20:03:00,2011-05-12 20:03:00,27,United Kingdom,211,1,582.59,582.59,525,1
17971.0,1,161.94,62,2010-06-09 14:04:00,2010-06-09 14:04:00,21,United Kingdom,548,1,161.94,161.94,62,1
17972.0,1,136.04,37,2011-04-12 12:16:00,2011-04-12 12:16:00,30,United Kingdom,241,1,136.04,136.04,37,1
17973.0,1,337.04,176,2011-10-19 10:34:00,2011-10-19 10:34:00,15,United Kingdom,51,1,337.04,337.04,176,0
17974.0,6,1858.06,1243,2010-10-28 20:03:00,2011-11-15 11:37:00,279,United Kingdom,24,6,1858.06,309.6766666666667,1243,0
17975.0,24,7028.83,2271,2010-08-06 11:24:00,2011-11-24 13:27:00,243,United Kingdom,15,24,7028.83,292.86791666666664,2271,0
17976.0,1,706.38,212,2010-12-02 13:49:00,2010-12-02 13:49:00,56,United Kingdom,372,1,706.38,706.38,212,1
17977.0,2,1565.63,2062,2010-11-04 14:26:00,2011-11-10 13:28:00,94,United Kingdom,29,2,1565.63,782.815,2062,0
17978.0,4,1461.76,1797,2009-12-08 13:27:00,2010-12-09 14:05:00,62,United Kingdom,365,4,1461.76,365.44,1797,1
17979.0,4,757.71,397,2011-03-25 11:34:00,2011-11-04 12:05:00,116,United Kingdom,35,4,757.71,189.4275,397,0
17980.0,4,1033.42,782,2010-11-11 14:42:00,2011-06-27 12:01:00,41,United Kingdom,165,4,1033.42,258.355,782,0
17981.0,1,239.12,260,2010-10-25 10:40:00,2010-10-25 10:40:00,17,United Kingdom,410,1,239.12,239.12,260,1
17982.0,1,138.18,117,2010-01-28 09:38:00,2010-01-28 09:38:00,13,United Kingdom,680,1,138.18,138.18,117,1
17983.0,1,171.71,108,2010-11-09 13:23:00,2010-11-09 13:24:00,23,United Kingdom,395,1,171.71,171.71,108,1
17984.0,5,1191.27,973,2009-12-01 11:51:00,2011-07-17 15:59:00,209,United Kingdom,145,5,1191.27,238.254,973,0
17985.0,1,634.95,183,2011-11-17 14:24:00,2011-11-17 14:24:00,20,United Kingdom,22,1,634.95,634.95,183,0
17986.0,1,20.8,10,2011-10-14 14:22:00,2011-10-14 14:22:00,1,United Kingdom,56,1,20.8,20.8,10,0
17987.0,5,1003.64,1015,2010-06-07 11:23:00,2011-06-07 14:22:00,139,United Kingdom,185,5,1003.64,200.728,1015,1
17988.0,14,489.54,186,2009-12-07 13:35:00,2011-11-28 11:00:00,115,United Kingdom,11,14,489.54,34.96714285714286,186,0
17989.0,1,228.83,329,2010-11-25 13:49:00,2010-11-25 13:49:00,26,United Kingdom,379,1,228.83,228.83,329,1
17990.0,6,1527.61,777,2009-12-07 15:19:00,2011-04-17 11:44:00,40,United Kingdom,236,6,1527.61,254.60166666666663,777,1
17991.0,3,320.55,100,2010-04-27 12:46:00,2011-04-28 15:58:00,37,United Kingdom,225,3,320.55,106.85,100,1
17992.0,1,254.13,131,2010-11-15 13:04:00,2010-11-15 13:04:00,49,United Kingdom,389,1,254.13,254.13,131,1
17993.0,1,235.19,112,2010-04-01 14:23:00,2010-04-01 14:23:00,60,United Kingdom,617,1,235.19,235.19,112,1
17994.0,11,2313.32,2194,2010-03-29 10:37:00,2011-08-10 11:41:00,227,United Kingdom,121,11,2313.32,210.3018181818182,2194,0
17995.0,3,495.48,263,2010-11-17 17:01:00,2011-03-03 12:30:00,28,United Kingdom,281,3,495.48,165.16,263,1
17996.0,3,482.33,587,2010-06-11 11:48:00,2010-11-25 11:00:00,63,United Kingdom,379,3,482.33,160.77666666666667,587,1
17997.0,8,1970.67,2298,2011-06-28 17:28:00,2011-09-26 16:13:00,133,United Kingdom,74,8,1970.67,246.33375,2298,0
17998.0,3,639.24,561,2009-12-01 13:07:00,2010-11-24 15:31:00,57,United Kingdom,380,3,639.24,213.08,561,1
17999.0,3,730.9,395,2010-11-26 13:16:00,2011-11-02 15:56:00,125,United Kingdom,37,3,730.9,243.63333333333333,395,0
18000.0,1,124.25,109,2010-05-24 17:34:00,2010-05-24 17:34:00,6,United Kingdom,564,1,124.25,124.25,109,1
18001.0,6,953.84,893,2009-12-02 15:38:00,2011-11-27 16:02:00,120,United Kingdom,12,6,953.84,158.97333333333333,893,0
18002.0,4,249.92,72,2009-12-08 11:07:00,2010-11-29 10:57:00,52,United Kingdom,375,4,249.92,62.48,72,1
18003.0,1,358.61,299,2010-11-28 15:09:00,2010-11-28 15:09:00,23,United Kingdom,376,1,358.61,358.61,299,1
18004.0,1,169.47,78,2010-12-12 13:47:00,2010-12-12 13:47:00,32,United Kingdom,362,1,169.47,169.47,78,1
18005.0,2,249.72,93,2011-10-23 14:40:00,2011-12-06 11:51:00,52,United Kingdom,3,2,249.72,124.86,93,0
18006.0,4,997.86,403,2009-12-17 12:27:00,2011-11-16 16:52:00,57,United Kingdom,23,4,997.86,249.465,403,0
18007.0,1,220.32,252,2010-11-12 11:08:00,2010-11-12 11:08:00,46,United Kingdom,392,1,220.32,220.32,252,1
18008.0,23,19787.13,7830,2010-01-06 12:35:00,2011-09-30 15:17:00,77,United Kingdom,70,23,19787.13,860.3100000000001,7830,0
18009.0,8,2155.83,653,2010-02-25 11:49:00,2011-04-18 13:36:00,145,United Kingdom,235,8,2155.83,269.47875,653,1
18010.0,1,174.8,60,2011-03-28 12:27:00,2011-03-28 12:27:00,14,United Kingdom,256,1,174.8,174.8,60,1
18011.0,2,527.03,198,2010-05-21 13:28:00,2010-12-01 17:35:00,63,United Kingdom,373,2,527.03,263.515,198,1
18012.0,1,115.3,63,2009-12-16 13:16:00,2009-12-16 13:16:00,13,United Kingdom,723,1,115.3,115.3,63,1
18013.0,2,187.29,285,2011-07-07 14:08:00,2011-07-07 14:11:00,31,United Kingdom,155,2,187.29,93.645,285,0
18014.0,1,166.42,68,2011-11-11 15:28:00,2011-11-11 15:28:00,29,United Kingdom,28,1,166.42,166.42,68,0
18015.0,1,120.03,157,2011-12-05 14:49:00,2011-12-05 14:49:00,46,United Kingdom,4,1,120.03,120.03,157,0
18016.0,7,1960.46,1209,2010-01-27 16:00:00,2011-11-07 13:25:00,115,United Kingdom,32,7,1960.46,280.0657142857143,1209,0
18017.0,4,688.0,400,2010-10-04 15:11:00,2011-09-19 16:15:00,1,United Kingdom,81,4,688.0,172.0,400,0
18018.0,4,297.99,186,2010-10-15 11:05:00,2011-08-23 17:37:00,43,United Kingdom,108,4,297.99,74.4975,186,0
18019.0,1,38.45,7,2011-10-19 12:10:00,2011-10-19 12:10:00,5,United Kingdom,51,1,38.45,38.45,7,0
18020.0,1,190.48,67,2010-06-14 12:31:00,2010-06-14 12:31:00,12,United Kingdom,543,1,190.48,190.48,67,1
18021.0,2,227.06,169,2010-07-15 18:47:00,2010-07-18 10:52:00,32,United Kingdom,509,2,227.06,113.53,169,1
18022.0,5,1651.79,1390,2010-06-11 13:59:00,2011-11-04 12:45:00,306,United Kingdom,35,5,1651.79,330.358,1390,0
18024.0,2,389.78,184,2011-07-10 12:28:00,2011-07-10 12:40:00,21,United Kingdom,152,2,389.78,194.89,184,0
18025.0,6,1177.72,1053,2010-03-30 17:33:00,2010-11-25 12:37:00,83,United Kingdom,379,6,1177.72,196.28666666666663,1053,1
18026.0,2,2074.07,530,2010-07-22 16:21:00,2010-07-27 10:37:00,12,United Kingdom,500,2,2074.07,1037.035,530,1
18027.0,1,115.31,78,2011-09-02 10:38:00,2011-09-02 10:38:00,21,United Kingdom,98,1,115.31,115.31,78,0
18028.0,1,192.05,133,2010-05-05 13:28:00,2010-05-05 13:28:00,4,United Kingdom,583,1,192.05,192.05,133,1
18029.0,1,433.77,253,2010-03-07 15:30:00,2010-03-07 15:30:00,18,United Kingdom,642,1,433.77,433.77,253,1
18030.0,2,230.65,67,2011-10-28 13:55:00,2011-12-05 16:37:00,8,United Kingdom,4,2,230.65,115.325,67,0
18031.0,1,462.1,300,2010-11-26 11:00:00,2010-11-26 11:00:00,49,United Kingdom,378,1,462.1,462.1,300,1
18032.0,1,73.5,42,2011-01-09 15:32:00,2011-01-09 15:32:00,5,United Kingdom,334,1,73.5,73.5,42,1
18033.0,1,97.97,253,2011-10-05 17:28:00,2011-10-05 17:28:00,32,United Kingdom,65,1,97.97,97.97,253,0
18034.0,3,793.7,992,2010-11-29 12:36:00,2011-11-18 12:22:00,182,United Kingdom,21,3,793.7,264.56666666666666,992,0
18035.0,5,1276.74,1161,2010-11-19 13:42:00,2011-11-04 12:39:00,52,United Kingdom,35,5,1276.74,255.348,1161,0
18036.0,11,1563.64,748,2009-12-18 12:04:00,2011-11-07 14:40:00,221,United Kingdom,32,11,1563.64,142.14909090909092,748,0
18037.0,15,167.42,37,2009-12-01 13:48:00,2011-07-08 13:39:00,31,United Kingdom,154,15,167.42,11.161333333333332,37,0
18038.0,1,149.41,85,2010-06-01 15:59:00,2010-06-01 15:59:00,25,United Kingdom,556,1,149.41,149.41,85,1
18039.0,4,579.17,570,2010-03-09 11:19:00,2010-11-30 13:07:00,137,United Kingdom,374,4,579.17,144.7925,570,1
18040.0,2,357.20000000000005,148,2011-04-08 08:27:00,2011-11-20 14:20:00,18,United Kingdom,19,2,357.20000000000005,178.60000000000002,148,0
18041.0,38,8752.38,7859,2010-01-14 10:04:00,2011-11-28 11:39:00,464,United Kingdom,11,38,8752.38,230.32578947368415,7859,0
18042.0,2,281.15,69,2010-06-16 10:53:00,2011-10-17 11:49:00,13,United Kingdom,53,2,281.15,140.575,69,0
18043.0,3,875.97,454,2010-12-08 12:35:00,2011-11-15 12:48:00,106,United Kingdom,24,3,875.97,291.99,454,0
18044.0,18,3505.61,1598,2010-05-28 15:31:00,2011-12-05 14:26:00,128,United Kingdom,4,18,3505.61,194.75611111111112,1598,0
18045.0,1,189.4,142,2011-10-25 13:07:00,2011-10-25 13:07:00,43,United Kingdom,45,1,189.4,189.4,142,0
18046.0,1,189.63,44,2010-02-28 11:36:00,2010-02-28 11:36:00,26,United Kingdom,649,1,189.63,189.63,44,1
18047.0,2,342.69,138,2010-11-23 12:57:00,2010-11-23 13:11:00,74,United Kingdom,381,2,342.69,171.345,138,1
18048.0,3,401.73,258,2010-08-03 13:03:00,2011-05-20 14:58:00,56,United Kingdom,203,3,401.73,133.91,258,1
18049.0,2,556.52,425,2010-04-28 13:24:00,2010-09-28 14:26:00,82,United Kingdom,437,2,556.52,278.26,425,1
18050.0,2,412.06,250,2010-11-11 15:51:00,2010-12-15 14:25:00,22,United Kingdom,359,2,412.06,206.03,250,1
18051.0,7,2282.28,1661,2009-12-09 12:17:00,2010-03-15 13:58:00,41,United Kingdom,634,7,2282.28,326.04,1661,1
18052.0,1,10877.18,17766,2010-05-24 11:11:00,2010-05-24 11:11:00,16,United Kingdom,564,1,10877.18,10877.18,17766,1
18053.0,3,571.07,409,2010-06-30 12:36:00,2011-09-30 09:05:00,29,United Kingdom,70,3,571.07,190.35666666666668,409,0
18054.0,1,176.5,96,2010-11-12 08:18:00,2010-11-12 08:18:00,11,United Kingdom,392,1,176.5,176.5,96,1
18055.0,14,11195.57,3839,2010-10-22 13:27:00,2011-12-02 14:25:00,320,United Kingdom,7,14,11195.57,799.6835714285714,3839,0
18056.0,2,554.6,334,2010-03-31 12:29:00,2011-02-24 14:27:00,28,United Kingdom,288,2,554.6,277.3,334,1
18057.0,3,1203.56,978,2010-01-18 12:42:00,2010-11-11 16:55:00,121,United Kingdom,393,3,1203.56,401.18666666666667,978,1
18058.0,3,774.06,394,2010-02-10 09:38:00,2011-11-30 08:38:00,12,United Kingdom,9,3,774.06,258.02,394,0
18059.0,3,306.46,258,2011-10-03 09:30:00,2011-11-16 16:49:00,17,United Kingdom,23,3,306.46,102.15333333333332,258,0
18060.0,2,1185.46,902,2010-05-24 08:34:00,2010-10-27 16:41:00,74,United Kingdom,408,2,1185.46,592.73,902,1
18061.0,28,6488.97,3607,2009-12-04 11:36:00,2011-11-18 11:20:00,30,United Kingdom,21,28,6488.97,231.7489285714286,3607,0
18062.0,6,1632.67,831,2010-04-21 08:55:00,2011-06-19 14:47:00,46,United Kingdom,173,6,1632.67,272.1116666666667,831,0
18063.0,2,186.6,48,2010-03-16 13:05:00,2010-11-14 10:46:00,2,United Kingdom,390,2,186.6,93.3,48,1
18064.0,11,4495.03,2709,2010-02-01 15:01:00,2011-07-29 16:39:00,53,United Kingdom,133,11,4495.03,408.6390909090909,2709,0
18065.0,29,5866.63,2265,2009-12-09 16:00:00,2011-12-04 10:30:00,193,United Kingdom,5,29,5866.63,202.29758620689657,2265,0
18066.0,3,1440.4,535,2010-10-20 11:42:00,2011-09-25 15:30:00,37,United Kingdom,75,3,1440.4,480.1333333333334,535,0
18067.0,1,396.33,189,2011-10-30 15:58:00,2011-10-30 15:58:00,36,United Kingdom,40,1,396.33,396.33,189,0
18068.0,1,101.7,6,2011-02-23 14:50:00,2011-02-23 14:50:00,1,United Kingdom,289,1,101.7,101.7,6,1
18069.0,11,4540.56,3227,2010-02-28 16:14:00,2011-11-13 16:03:00,602,United Kingdom,26,11,4540.56,412.77818181818185,3227,0
18070.0,1,314.1,86,2010-02-08 13:28:00,2010-02-08 13:28:00,9,United Kingdom,669,1,314.1,314.1,86,1
18071.0,6,1428.63,835,2009-12-05 10:31:00,2011-03-27 11:59:00,52,United Kingdom,257,6,1428.63,238.105,835,1
18072.0,1,247.44,288,2011-06-07 10:44:00,2011-06-07 10:44:00,18,United Kingdom,185,1,247.44,247.44,288,1
18073.0,12,3877.52,3108,2011-05-26 19:38:00,2011-08-17 14:02:00,23,United Kingdom,114,12,3877.52,323.12666666666667,3108,0
18074.0,2,1509.04,551,2010-07-22 10:31:00,2010-12-01 09:53:00,37,United Kingdom,373,2,1509.04,754.52,551,1
18075.0,20,5783.29,3281,2010-07-29 11:47:00,2011-11-16 15:21:00,180,United Kingdom,23,20,5783.29,289.1645,3281,0
18076.0,1,151.49,164,2010-11-24 14:02:00,2010-11-24 14:02:00,8,United Kingdom,380,1,151.49,151.49,164,1
18077.0,18,4338.56,3233,2009-12-07 11:40:00,2011-12-01 13:32:00,141,United Kingdom,8,18,4338.56,241.03111111111116,3233,0
18078.0,4,844.6,431,2010-03-21 15:50:00,2011-05-06 14:32:00,65,United Kingdom,217,4,844.6,211.15,431,1
18079.0,5,4242.75,8815,2010-08-05 12:19:00,2011-10-25 15:27:00,107,United Kingdom,45,5,4242.75,848.55,8815,0
18080.0,2,1231.5,642,2011-04-11 10:10:00,2011-11-21 08:02:00,2,United Kingdom,18,2,1231.5,615.75,642,0
18081.0,3,343.45,195,2011-07-29 11:56:00,2011-11-03 16:30:00,14,United Kingdom,36,3,343.45,114.48333333333332,195,0
18082.0,1,703.37,621,2011-11-14 12:45:00,2011-11-14 12:45:00,62,United Kingdom,25,1,703.37,703.37,621,0
18083.0,1,470.73,270,2010-11-07 11:44:00,2010-11-07 11:44:00,36,United Kingdom,397,1,470.73,470.73,270,1
18084.0,3,812.93,761,2010-11-16 08:09:00,2011-11-23 13:57:00,7,United Kingdom,16,3,812.93,270.97666666666663,761,0
18085.0,4,1645.75,585,2010-03-21 11:57:00,2011-01-13 15:17:00,42,United Kingdom,330,4,1645.75,411.4375,585,1
18086.0,1,101.34,106,2011-03-10 13:34:00,2011-03-10 13:34:00,7,United Kingdom,274,1,101.34,101.34,106,1
18087.0,17,14761.52,7775,2009-12-01 09:43:00,2011-09-02 15:12:00,44,United Kingdom,98,17,14761.52,868.324705882353,7775,0
18088.0,1,167.67000000000002,109,2011-10-09 13:41:00,2011-10-09 13:41:00,35,United Kingdom,61,1,167.67000000000002,167.67000000000002,109,0
18089.0,1,428.45,95,2010-09-19 11:57:00,2010-09-19 11:57:00,9,United Kingdom,446,1,428.45,428.45,95,1
18090.0,1,349.4,321,2010-10-14 12:32:00,2010-10-14 12:32:00,47,United Kingdom,421,1,349.4,349.4,321,1
18091.0,1,360.85,539,2010-04-25 13:18:00,2010-04-25 13:18:00,25,United Kingdom,593,1,360.85,360.85,539,1
18092.0,18,16179.44,8830,2009-12-04 12:37:00,2011-12-07 13:14:00,42,United Kingdom,2,18,16179.44,898.8577777777778,8830,0
18093.0,8,4452.71,3429,2010-03-31 10:27:00,2011-09-07 15:43:00,43,United Kingdom,93,8,4452.71,556.58875,3429,0
18094.0,13,6391.52,4164,2010-01-07 11:16:00,2011-09-19 09:28:00,55,United Kingdom,81,13,6391.52,491.6553846153847,4164,0
18095.0,5,2303.09,1623,2010-04-19 14:09:00,2011-01-31 12:50:00,37,United Kingdom,312,5,2303.09,460.61800000000005,1623,1
18096.0,6,1805.28,1483,2010-07-14 14:30:00,2011-11-28 12:44:00,299,United Kingdom,11,6,1805.28,300.88,1483,0
18097.0,11,4663.32,2740,2009-12-17 11:06:00,2011-12-02 11:16:00,86,United Kingdom,7,11,4663.32,423.9381818181818,2740,0
18098.0,1,550.84,217,2010-11-08 16:31:00,2010-11-08 16:31:00,85,United Kingdom,396,1,550.84,550.84,217,1
18099.0,1,168.31,149,2011-08-04 15:52:00,2011-08-04 15:52:00,19,United Kingdom,127,1,168.31,168.31,149,0
18100.0,1,451.56,440,2010-06-07 14:19:00,2010-06-07 14:19:00,30,United Kingdom,550,1,451.56,451.56,440,1
18101.0,5,629.16,250,2010-02-03 13:52:00,2011-11-28 13:37:00,89,United Kingdom,11,5,629.16,125.832,250,0
18102.0,145,608821.65,188340,2009-12-01 09:24:00,2011-12-09 11:50:00,382,United Kingdom,0,145,608821.65,4198.77,188340,0
18103.0,1,105.8,23,2010-06-08 13:36:00,2010-06-08 13:36:00,10,United Kingdom,549,1,105.8,105.8,23,1
18104.0,1,754.64,362,2011-11-02 14:07:00,2011-11-02 14:07:00,38,United Kingdom,37,1,754.64,754.64,362,0
18105.0,1,113.48000000000002,46,2011-11-02 12:04:00,2011-11-02 12:04:00,18,United Kingdom,37,1,113.48000000000002,113.48000000000002,46,0
18106.0,6,1461.46,512,2010-01-15 11:36:00,2011-01-14 12:23:00,126,United Kingdom,329,6,1461.46,243.57666666666668,512,1
18107.0,1,167.13,66,2010-09-23 13:03:00,2010-09-23 13:03:00,38,United Kingdom,442,1,167.13,167.13,66,1
18108.0,3,848.8100000000001,261,2009-12-02 12:47:00,2011-03-30 13:56:00,43,United Kingdom,254,3,848.8100000000001,282.93666666666667,261,1
18109.0,38,9893.96,4885,2010-07-01 12:13:00,2011-12-08 11:36:00,203,United Kingdom,1,38,9893.96,260.3673684210526,4885,0
18110.0,2,435.43,186,2010-10-24 14:21:00,2011-11-20 12:34:00,58,United Kingdom,19,2,435.43,217.715,186,0
18111.0,1,405.85,232,2010-04-29 12:58:00,2010-04-29 12:58:00,27,United Kingdom,589,1,405.85,405.85,232,1
18112.0,4,775.96,447,2010-06-06 12:40:00,2011-11-27 14:43:00,59,United Kingdom,12,4,775.96,193.99,447,0
18113.0,1,152.64,144,2010-12-06 12:31:00,2010-12-06 12:31:00,1,United Kingdom,368,1,152.64,152.64,144,1
18114.0,1,220.1,55,2011-02-22 13:20:00,2011-02-22 13:20:00,28,United Kingdom,290,1,220.1,220.1,55,1
18115.0,1,9.7,3,2010-01-11 11:57:00,2010-01-11 11:57:00,3,United Kingdom,697,1,9.7,9.7,3,1
18116.0,13,2154.3,1281,2010-10-24 15:29:00,2011-10-03 11:00:00,311,United Kingdom,67,13,2154.3,165.71538461538464,1281,0
18117.0,1,320.72,618,2011-11-14 12:47:00,2011-11-14 12:47:00,68,United Kingdom,25,1,320.72,320.72,618,0
18118.0,29,6733.22,3417,2010-11-23 13:36:00,2011-11-29 11:32:00,444,United Kingdom,10,29,6733.22,232.18,3417,0
18119.0,1,362.24,250,2010-12-07 11:59:00,2010-12-07 11:59:00,29,United Kingdom,367,1,362.24,362.24,250,1
18120.0,1,111.15,31,2011-05-09 13:45:00,2011-05-09 13:45:00,17,United Kingdom,214,1,111.15,111.15,31,1
18121.0,2,673.1,450,2011-07-08 12:14:00,2011-07-13 12:53:00,28,United Kingdom,149,2,673.1,336.55,450,0
18122.0,6,1826.21,1234,2011-07-12 11:37:00,2011-12-01 13:08:00,239,United Kingdom,8,6,1826.21,304.36833333333334,1234,0
18123.0,3,684.59,629,2010-07-14 12:47:00,2011-11-15 14:23:00,53,United Kingdom,24,3,684.59,228.1966666666667,629,0
18124.0,1,111.53,51,2010-08-24 17:21:00,2010-08-24 17:21:00,20,United Kingdom,472,1,111.53,111.53,51,1
18125.0,4,1142.99,804,2011-01-27 15:02:00,2011-11-10 12:29:00,164,United Kingdom,29,4,1142.99,285.7475,804,0
18126.0,1,206.83,144,2011-10-10 12:19:00,2011-10-10 12:19:00,52,United Kingdom,60,1,206.83,206.83,144,0
18127.0,4,561.53,252,2010-11-01 13:56:00,2011-11-20 14:05:00,56,United Kingdom,19,4,561.53,140.3825,252,0
18128.0,1,420.04,221,2010-06-20 13:19:00,2010-06-20 13:19:00,42,United Kingdom,537,1,420.04,420.04,221,1
18129.0,1,112.55,48,2011-04-10 14:16:00,2011-04-10 14:16:00,13,United Kingdom,243,1,112.55,112.55,48,1
18130.0,3,1059.39,824,2011-10-13 15:58:00,2011-11-24 14:40:00,58,United Kingdom,15,3,1059.39,353.13000000000005,824,0
18131.0,1,222.96,552,2010-03-18 08:48:00,2010-03-18 08:48:00,4,United Kingdom,631,1,222.96,222.96,552,1
18132.0,1,226.9,216,2010-07-23 16:54:00,2010-07-23 16:54:00,60,United Kingdom,504,1,226.9,226.9,216,1
18133.0,1,931.5,1350,2011-05-11 14:14:00,2011-05-11 14:14:00,1,United Kingdom,212,1,931.5,931.5,1350,1
18134.0,2,445.0,128,2010-01-14 11:59:00,2010-04-20 14:02:00,27,United Kingdom,598,2,445.0,222.5,128,1
18135.0,10,1249.62,753,2010-03-15 13:55:00,2011-11-10 19:32:00,23,United Kingdom,29,10,1249.62,124.962,753,0
18136.0,5,1631.36,860,2010-09-14 15:50:00,2011-10-07 15:40:00,77,United Kingdom,63,5,1631.36,326.272,860,0
18137.0,2,145.99,59,2010-06-06 13:45:00,2010-06-06 14:18:00,26,United Kingdom,551,2,145.99,72.995,59,1
18138.0,1,152.65,38,2011-02-17 14:51:00,2011-02-17 14:51:00,8,United Kingdom,295,1,152.65,152.65,38,1
18139.0,6,8438.34,5557,2011-11-21 14:06:00,2011-11-22 10:44:00,35,United Kingdom,17,6,8438.34,1406.39,5557,0
18140.0,1,536.41,395,2010-08-23 11:58:00,2010-08-23 11:58:00,49,West Indies,473,1,536.41,536.41,395,1
18141.0,2,882.47,433,2010-04-29 15:32:00,2010-11-03 11:44:00,38,United Kingdom,401,2,882.47,441.235,433,1
18142.0,2,1019.52,1276,2011-05-08 12:31:00,2011-07-05 13:19:00,9,United Kingdom,157,2,1019.52,509.76,1276,0
18143.0,2,1000.16,570,2011-07-21 10:44:00,2011-08-15 12:07:00,59,United Kingdom,116,2,1000.16,500.08,570,0
18144.0,19,5058.0,2239,2009-12-16 15:57:00,2011-12-02 12:46:00,51,United Kingdom,7,19,5058.0,266.2105263157895,2239,0
18145.0,11,5617.79,5107,2009-12-08 12:30:00,2011-11-27 11:22:00,250,United Kingdom,12,11,5617.79,510.7081818181818,5107,0
18146.0,2,160.35000000000002,153,2011-05-03 16:35:00,2011-07-22 12:08:00,10,United Kingdom,140,2,160.35000000000002,80.17500000000001,153,0
18147.0,2,179.33999999999995,203,2011-08-23 12:22:00,2011-10-25 11:46:00,7,United Kingdom,45,2,179.33999999999995,89.66999999999997,203,0
18148.0,1,114.1,64,2010-03-03 11:40:00,2010-03-03 11:40:00,9,United Kingdom,646,1,114.1,114.1,64,1
18149.0,7,1624.71,918,2010-03-14 12:41:00,2011-10-20 12:04:00,54,United Kingdom,50,7,1624.71,232.10142857142856,918,0
18150.0,3,566.58,332,2011-05-22 10:47:00,2011-11-07 16:49:00,29,United Kingdom,32,3,566.58,188.86,332,0
18151.0,6,1879.44,986,2010-03-04 10:47:00,2011-07-28 11:35:00,99,United Kingdom,134,6,1879.44,313.24,986,0
18152.0,1,426.69,75,2010-03-03 15:26:00,2010-03-03 15:26:00,10,United Kingdom,646,1,426.69,426.69,75,1
18153.0,1,246.22,200,2010-02-18 15:50:00,2010-02-18 15:50:00,17,United Kingdom,659,1,246.22,246.22,200,1
18154.0,5,932.6,626,2010-08-06 09:18:00,2011-12-06 16:41:00,34,United Kingdom,3,5,932.6,186.52,626,0
18155.0,3,371.62,266,2011-02-21 10:36:00,2011-09-25 13:32:00,19,United Kingdom,75,3,371.62,123.87333333333332,266,0
18156.0,2,941.17,374,2010-12-05 12:29:00,2011-11-27 12:24:00,100,United Kingdom,12,2,941.17,470.585,374,0
18157.0,1,215.35,146,2010-05-17 14:09:00,2010-05-17 14:09:00,25,United Kingdom,571,1,215.35,215.35,146,1
18158.0,2,453.4,354,2011-09-12 09:03:00,2011-11-30 16:19:00,24,United Kingdom,9,2,453.4,226.7,354,0
18159.0,1,530.15,139,2011-02-11 14:26:00,2011-02-11 14:26:00,23,United Kingdom,301,1,530.15,530.15,139,1
18160.0,3,1003.88,519,2010-11-18 16:33:00,2011-10-13 15:50:00,56,United Kingdom,57,3,1003.88,334.62666666666667,519,0
18161.0,6,1803.1,965,2010-11-25 15:55:00,2011-11-24 16:40:00,57,United Kingdom,15,6,1803.1,300.51666666666665,965,0
18162.0,1,379.16,335,2009-12-07 13:24:00,2009-12-07 13:24:00,45,United Kingdom,732,1,379.16,379.16,335,1
18163.0,1,728.84,452,2010-05-04 14:51:00,2010-05-04 14:51:00,33,United Kingdom,584,1,728.84,728.84,452,1
18164.0,1,399.65,184,2011-11-02 12:56:00,2011-11-02 12:56:00,24,United Kingdom,37,1,399.65,399.65,184,0
18165.0,1,302.46000000000004,254,2011-06-15 13:23:00,2011-06-15 13:23:00,10,United Kingdom,177,1,302.46000000000004,302.46000000000004,254,0
18166.0,1,175.5,90,2010-03-26 12:26:00,2010-03-26 12:26:00,10,United Kingdom,623,1,175.5,175.5,90,1
18167.0,3,1384.86,382,2011-08-26 11:40:00,2011-11-16 15:56:00,24,United Kingdom,23,3,1384.86,461.62,382,0
18168.0,16,3770.27,2177,2009-12-03 17:29:00,2011-06-16 19:21:00,209,United Kingdom,176,16,3770.27,235.641875,2177,0
18169.0,1,202.65,61,2011-10-10 12:18:00,2011-10-10 12:18:00,9,United Kingdom,60,1,202.65,202.65,61,0
18170.0,9,2878.0,1184,2010-01-08 14:10:00,2011-11-06 14:35:00,59,United Kingdom,33,9,2878.0,319.77777777777777,1184,0
18171.0,9,2437.31,991,2010-01-05 10:46:00,2011-10-12 09:13:00,76,United Kingdom,58,9,2437.31,270.8122222222222,991,0
18172.0,52,17479.84,7413,2009-12-11 09:58:00,2011-11-25 11:12:00,176,United Kingdom,14,52,17479.84,336.15076923076924,7413,0
18173.0,5,2696.36,1730,2010-04-06 10:43:00,2011-09-14 11:26:00,34,United Kingdom,86,5,2696.36,539.272,1730,0
18174.0,2,162.5,80,2010-04-15 12:17:00,2011-12-02 16:56:00,1,United Kingdom,7,2,162.5,81.25,80,0
18175.0,1,176.1,70,2010-02-02 10:25:00,2010-02-02 10:25:00,7,United Kingdom,675,1,176.1,176.1,70,1
18176.0,1,476.35,283,2010-12-16 15:45:00,2010-12-16 15:45:00,30,United Kingdom,358,1,476.35,476.35,283,1
18177.0,9,2216.87,1239,2009-12-15 18:57:00,2011-11-08 14:44:00,66,United Kingdom,31,9,2216.87,246.3188888888889,1239,0
18178.0,11,6103.74,3850,2010-02-18 14:25:00,2011-08-03 09:30:00,204,United Kingdom,128,11,6103.74,554.8854545454545,3850,0
18179.0,8,2547.55,1811,2010-02-14 15:51:00,2011-11-30 16:23:00,101,United Kingdom,9,8,2547.55,318.44375,1811,0
18180.0,6,1843.75,1721,2011-07-20 08:59:00,2011-12-05 08:39:00,108,United Kingdom,4,6,1843.75,307.2916666666667,1721,0
18181.0,5,1205.94,524,2009-12-04 15:30:00,2011-11-15 15:08:00,139,United Kingdom,24,5,1205.94,241.188,524,0
18182.0,1,291.13,167,2010-09-02 14:25:00,2010-09-02 14:25:00,10,United Kingdom,463,1,291.13,291.13,167,1
18183.0,2,632.07,371,2011-03-10 10:08:00,2011-04-26 15:26:00,36,United Kingdom,227,2,632.07,316.035,371,1
18184.0,1,49.8,60,2011-11-24 15:28:00,2011-11-24 15:28:00,1,United Kingdom,15,1,49.8,49.8,60,0
18185.0,1,304.25,183,2011-04-04 13:42:00,2011-04-04 13:42:00,17,United Kingdom,249,1,304.25,304.25,183,1
18186.0,1,329.58,338,2009-12-17 10:22:00,2009-12-17 10:22:00,11,United Kingdom,722,1,329.58,329.58,338,1
18187.0,1,724.89,310,2010-03-18 09:49:00,2010-03-18 09:49:00,48,United Kingdom,631,1,724.89,724.89,310,1
18188.0,6,3280.59,1888,2010-03-26 11:37:00,2011-11-24 16:46:00,95,United Kingdom,15,6,3280.59,546.765,1888,0
18189.0,3,1403.73,836,2010-03-24 09:57:00,2011-09-23 12:40:00,79,United Kingdom,77,3,1403.73,467.91,836,0
18190.0,5,745.62,490,2009-12-22 12:05:00,2011-05-31 14:48:00,34,United Kingdom,192,5,745.62,149.124,490,1
18191.0,2,529.4,332,2010-08-19 17:42:00,2011-03-23 12:08:00,15,United Kingdom,261,2,529.4,264.7,332,1
18192.0,1,957.97,339,2011-09-29 09:53:00,2011-09-29 09:53:00,45,United Kingdom,71,1,957.97,957.97,339,0
18193.0,3,1207.35,926,2010-09-23 13:33:00,2011-06-27 13:58:00,66,United Kingdom,165,3,1207.35,402.45,926,0
18194.0,6,4162.04,1774,2010-01-28 15:30:00,2011-09-18 13:29:00,23,United Kingdom,82,6,4162.04,693.6733333333333,1774,0
18195.0,1,101.16,60,2010-11-17 15:03:00,2010-11-17 15:03:00,5,United Kingdom,387,1,101.16,101.16,60,1
18196.0,4,1464.31,1047,2010-03-17 14:55:00,2011-09-05 16:22:00,210,United Kingdom,95,4,1464.31,366.0775,1047,0
18197.0,1,230.1,166,2010-05-13 10:46:00,2010-05-13 10:46:00,9,United Kingdom,575,1,230.1,230.1,166,1
18198.0,17,5425.56,4074,2011-01-07 13:39:00,2011-12-05 14:49:00,81,United Kingdom,4,17,5425.56,319.1505882352941,4074,0
18199.0,1,344.75,99,2010-01-25 11:32:00,2010-01-25 11:32:00,20,United Kingdom,683,1,344.75,344.75,99,1
18200.0,1,163.8,111,2011-08-25 18:45:00,2011-08-25 18:45:00,29,United Kingdom,106,1,163.8,163.8,111,0
18201.0,1,447.53,191,2009-12-17 08:55:00,2009-12-17 08:55:00,27,United Kingdom,722,1,447.53,447.53,191,1
18202.0,3,1396.99,581,2011-02-01 13:36:00,2011-05-24 12:12:00,55,United Kingdom,199,3,1396.99,465.66333333333336,581,1
18203.0,4,504.42,113,2009-12-08 13:19:00,2011-07-05 13:07:00,40,United Kingdom,157,4,504.42,126.105,113,0
18204.0,3,1993.7,1200,2011-05-31 15:26:00,2011-09-29 16:44:00,159,United Kingdom,71,3,1993.7,664.5666666666667,1200,0
18205.0,2,517.36,192,2011-09-26 12:02:00,2011-11-03 13:22:00,30,United Kingdom,36,2,517.36,258.68,192,0
18206.0,1,314.66,246,2010-06-04 13:47:00,2010-06-04 13:47:00,19,United Kingdom,553,1,314.66,314.66,246,1
18207.0,1,544.47,325,2010-07-28 14:26:00,2010-07-28 14:26:00,31,United Kingdom,499,1,544.47,544.47,325,1
18208.0,1,360.08,82,2010-05-23 11:54:00,2010-05-23 11:54:00,17,United Kingdom,565,1,360.08,360.08,82,1
18209.0,1,139.10000000000002,58,2011-11-11 12:07:00,2011-11-11 12:07:00,8,United Kingdom,28,1,139.10000000000002,139.10000000000002,58,0
18210.0,7,2768.83,1499,2010-11-22 09:39:00,2011-12-08 11:02:00,116,United Kingdom,1,7,2768.83,395.5471428571428,1499,0
18211.0,5,600.07,359,2011-03-06 12:09:00,2011-11-14 08:10:00,37,United Kingdom,25,5,600.07,120.014,359,0
18212.0,2,546.72,167,2010-01-31 14:42:00,2011-01-17 16:14:00,40,United Kingdom,326,2,546.72,273.36,167,1
18213.0,1,232.48,232,2011-04-17 10:21:00,2011-04-17 10:21:00,15,United Kingdom,236,1,232.48,232.48,232,1
18214.0,4,1780.34,989,2010-06-03 19:47:00,2010-06-27 11:21:00,38,United Kingdom,530,4,1780.34,445.085,989,1
18215.0,5,2247.49,1143,2010-03-26 13:03:00,2011-09-11 16:05:00,53,United Kingdom,89,5,2247.49,449.49799999999993,1143,0
18216.0,1,481.75,200,2011-11-08 16:55:00,2011-11-08 16:55:00,26,United Kingdom,31,1,481.75,481.75,200,0
18217.0,4,945.04,740,2010-07-01 15:39:00,2011-11-10 13:18:00,33,United Kingdom,29,4,945.04,236.26,740,0
18218.0,4,1142.0,1076,2010-02-17 15:11:00,2011-05-12 12:53:00,25,United Kingdom,211,4,1142.0,285.5,1076,1
18219.0,17,3562.89,1653,2009-12-07 13:17:00,2011-12-07 11:43:00,87,United Kingdom,2,17,3562.89,209.58176470588236,1653,0
18220.0,6,1921.76,1352,2009-12-15 11:42:00,2011-04-27 09:03:00,17,United Kingdom,226,6,1921.76,320.2933333333333,1352,1
18221.0,6,1424.94,1000,2010-11-14 15:46:00,2011-11-17 14:40:00,71,United Kingdom,22,6,1424.94,237.49,1000,0
18222.0,1,443.0,335,2011-09-08 10:45:00,2011-09-08 10:45:00,19,United Kingdom,92,1,443.0,443.0,335,0
18223.0,26,14000.85,6644,2009-12-04 12:20:00,2011-12-05 09:11:00,192,United Kingdom,4,26,14000.85,538.4942307692307,6644,0
18224.0,1,158.95000000000002,69,2011-03-21 10:30:00,2011-03-21 10:30:00,10,United Kingdom,263,1,158.95000000000002,158.95000000000002,69,1
18225.0,26,13054.26,7304,2009-12-04 16:52:00,2011-12-06 13:27:00,266,United Kingdom,3,26,13054.26,502.0869230769231,7304,0
18226.0,26,11878.88,7883,2010-03-05 10:05:00,2011-10-26 13:36:00,299,United Kingdom,44,26,11878.88,456.88,7883,0
18227.0,2,388.75,22,2010-08-12 16:45:00,2011-05-06 12:23:00,6,United Kingdom,217,2,388.75,194.375,22,1
18228.0,2,779.9,238,2011-09-21 10:48:00,2011-10-14 09:21:00,23,United Kingdom,56,2,779.9,389.95,238,0
18229.0,28,10803.71,3183,2009-12-03 14:42:00,2011-11-28 09:48:00,73,United Kingdom,11,28,10803.71,385.84678571428566,3183,0
18230.0,9,4291.06,1996,2010-07-02 10:01:00,2011-11-30 13:22:00,42,United Kingdom,9,9,4291.06,476.7844444444445,1996,0
18231.0,28,6880.97,2923,2010-01-10 12:13:00,2011-05-31 14:18:00,218,United Kingdom,192,28,6880.97,245.7489285714286,2923,1
18232.0,4,592.97,302,2011-05-26 16:30:00,2011-09-19 11:49:00,31,United Kingdom,81,4,592.97,148.2425,302,0
18233.0,1,440.0,4,2011-01-18 08:44:00,2011-01-18 08:44:00,1,United Kingdom,325,1,440.0,440.0,4,1
18234.0,1,179.6,80,2010-06-06 11:22:00,2010-06-06 11:22:00,30,United Kingdom,551,1,179.6,179.6,80,1
18235.0,3,1796.48,1578,2011-05-06 13:35:00,2011-09-29 08:27:00,100,United Kingdom,71,3,1796.48,598.8266666666667,1578,0
18236.0,12,1795.35,696,2010-04-15 13:39:00,2011-11-10 08:06:00,80,United Kingdom,29,12,1795.35,149.61249999999998,696,0
18237.0,5,987.1,622,2011-07-28 13:05:00,2011-12-07 12:49:00,40,United Kingdom,2,5,987.1,197.42,622,0
18238.0,1,270.92,114,2010-07-12 12:51:00,2010-07-12 12:51:00,14,United Kingdom,515,1,270.92,270.92,114,1
18239.0,6,2150.36,1052,2010-10-13 10:11:00,2011-05-05 12:38:00,85,United Kingdom,218,6,2150.36,358.3933333333334,1052,1
18240.0,1,422.58,126,2011-10-24 13:06:00,2011-10-24 13:06:00,6,United Kingdom,46,1,422.58,422.58,126,0
18241.0,21,2986.99,1471,2010-04-01 11:55:00,2011-11-30 12:10:00,101,United Kingdom,9,21,2986.99,142.23761904761903,1471,0
18242.0,8,3605.21,2021,2010-01-11 08:49:00,2011-09-28 13:43:00,113,United Kingdom,72,8,3605.21,450.65125,2021,0
18243.0,1,515.78,221,2010-10-21 14:29:00,2010-10-21 14:29:00,26,United Kingdom,414,1,515.78,515.78,221,1
18244.0,2,568.64,856,2010-07-25 10:30:00,2010-10-05 11:15:00,19,United Kingdom,430,2,568.64,284.32,856,1
18245.0,20,6324.9800000000005,5098,2010-03-08 15:26:00,2011-12-02 14:48:00,336,United Kingdom,7,20,6324.9800000000005,316.249,5098,0
18246.0,3,758.8199999999999,214,2010-04-09 10:19:00,2011-11-16 11:49:00,3,United Kingdom,23,3,758.8199999999999,252.94,214,0
18247.0,3,839.73,335,2010-03-18 15:52:00,2010-10-21 09:49:00,28,United Kingdom,414,3,839.73,279.91,335,1
18248.0,2,804.02,511,2011-06-06 13:18:00,2011-08-09 10:19:00,39,United Kingdom,122,2,804.02,402.01,511,0
18249.0,1,95.34,128,2011-11-22 15:07:00,2011-11-22 15:07:00,8,United Kingdom,17,1,95.34,95.34,128,0
18250.0,1,349.27,199,2011-02-02 13:16:00,2011-02-02 13:16:00,21,United Kingdom,310,1,349.27,349.27,199,1
18251.0,9,26278.86,39639,2009-12-22 12:01:00,2011-09-13 15:03:00,87,United Kingdom,87,9,26278.86,2919.873333333333,39639,0
18252.0,7,1542.09,937,2009-12-18 16:13:00,2011-10-20 12:43:00,125,United Kingdom,50,7,1542.09,220.29857142857145,937,0
18253.0,1,317.88,128,2010-03-07 12:38:00,2010-03-07 12:38:00,7,United Kingdom,642,1,317.88,317.88,128,1
18254.0,1,267.9,188,2010-05-07 14:37:00,2010-05-07 14:37:00,16,United Kingdom,581,1,267.9,267.9,188,1
18255.0,2,303.15,201,2010-09-09 16:31:00,2011-09-11 13:16:00,16,United Kingdom,89,2,303.15,151.575,201,0
18256.0,1,110.7,180,2010-11-17 08:53:00,2010-11-17 08:53:00,10,United Kingdom,387,1,110.7,110.7,180,1
18257.0,12,4600.15,2369,2010-02-18 16:20:00,2011-10-31 14:48:00,219,United Kingdom,39,12,4600.15,383.3458333333333,2369,0
18258.0,6,2059.67,1981,2010-05-16 11:35:00,2010-09-01 14:20:00,30,United Kingdom,464,6,2059.67,343.27833333333336,1981,1
18259.0,7,4318.200000000001,1390,2009-12-08 08:38:00,2011-11-15 12:34:00,51,United Kingdom,24,7,4318.200000000001,616.8857142857144,1390,0
18260.0,23,9962.11,5247,2009-12-15 13:50:00,2011-06-20 12:37:00,212,United Kingdom,172,23,9962.11,433.1352173913044,5247,0
18261.0,2,324.24,146,2011-09-05 09:34:00,2011-10-27 15:36:00,19,United Kingdom,43,2,324.24,162.12,146,0
18262.0,3,577.54,552,2010-04-16 09:05:00,2011-07-22 16:04:00,40,United Kingdom,140,3,577.54,192.5133333333333,552,0
18263.0,3,1213.16,1468,2011-04-01 11:48:00,2011-11-14 09:00:00,59,United Kingdom,25,3,1213.16,404.3866666666667,1468,0
18264.0,1,603.25,241,2010-07-29 10:02:00,2010-07-29 10:02:00,36,United Kingdom,498,1,603.25,603.25,241,1
18265.0,2,801.51,311,2011-07-04 15:26:00,2011-09-28 14:10:00,44,United Kingdom,72,2,801.51,400.755,311,0
18266.0,1,251.1,138,2010-10-01 15:33:00,2010-10-01 15:33:00,14,United Kingdom,434,1,251.1,251.1,138,1
18267.0,1,269.37,135,2010-02-05 08:43:00,2010-02-05 08:43:00,17,United Kingdom,672,1,269.37,269.37,135,1
18268.0,6,1490.23,711,2009-12-11 10:27:00,2011-07-28 19:13:00,36,United Kingdom,134,6,1490.23,248.37166666666667,711,0
18269.0,1,337.2,152,2010-12-08 13:53:00,2010-12-08 13:53:00,7,United Kingdom,366,1,337.2,337.2,152,1
18270.0,3,444.55,209,2010-10-03 10:49:00,2011-11-01 13:57:00,17,United Kingdom,38,3,444.55,148.18333333333334,209,0
18271.0,2,680.85,319,2009-12-08 11:27:00,2010-04-09 09:26:00,19,United Kingdom,609,2,680.85,340.425,319,1
18272.0,9,4385.9800000000005,2880,2010-03-04 12:53:00,2011-12-07 12:43:00,145,United Kingdom,2,9,4385.9800000000005,487.3311111111112,2880,0
18273.0,4,357.0,140,2010-04-28 12:24:00,2011-12-07 13:16:00,1,United Kingdom,2,4,357.0,89.25,140,0
18274.0,1,175.92,88,2011-11-09 17:03:00,2011-11-09 17:03:00,11,United Kingdom,30,1,175.92,175.92,88,0
18275.0,2,741.85,417,2009-12-08 16:23:00,2010-05-10 15:46:00,19,United Kingdom,578,2,741.85,370.925,417,1
18276.0,6,1656.52,1246,2009-12-10 17:14:00,2011-10-27 10:54:00,81,United Kingdom,43,6,1656.52,276.08666666666664,1246,0
18277.0,5,1180.05,449,2010-08-02 10:26:00,2011-10-12 15:22:00,53,United Kingdom,58,5,1180.05,236.01,449,0
18278.0,2,414.2000000000001,140,2010-10-31 12:13:00,2011-09-27 11:58:00,22,United Kingdom,73,2,414.2000000000001,207.10000000000005,140,0
18279.0,1,231.34,630,2010-07-08 14:48:00,2010-07-08 14:48:00,13,United Kingdom,519,1,231.34,231.34,630,1
18280.0,2,488.15,194,2010-11-10 15:51:00,2011-03-07 09:52:00,28,United Kingdom,277,2,488.15,244.075,194,1
18281.0,2,201.14,146,2010-05-11 10:49:00,2011-06-12 10:53:00,17,United Kingdom,180,2,201.14,100.57,146,0
18282.0,2,178.05,103,2011-08-05 13:35:00,2011-12-02 11:43:00,12,United Kingdom,7,2,178.05,89.025,103,0
18283.0,22,2736.65,1733,2010-02-19 17:16:00,2011-12-06 12:02:00,352,United Kingdom,3,22,2736.65,124.39318181818182,1733,0
18284.0,1,461.68,494,2010-10-04 11:33:00,2010-10-04 11:33:00,28,United Kingdom,431,1,461.68,461.68,494,1
18285.0,1,427.0,145,2010-02-17 10:24:00,2010-02-17 10:24:00,12,United Kingdom,660,1,427.0,427.0,145,1
18286.0,2,1296.43,608,2009-12-16 10:45:00,2010-08-20 11:57:00,67,United Kingdom,476,2,1296.43,648.215,608,1
18287.0,7,4182.99,3013,2010-05-17 11:55:00,2011-10-28 09:29:00,120,United Kingdom,42,7,4182.99,597.5699999999999,3013,0
