Customer ID,Total_Invoices,Total_Spend,Total_Items,First_Purchase_Date,Last_Purchase_Date
12346.0,12,77556.46,74285,2009-12-14 08:34:00,2011-01-18 10:01:00
12347.0,8,5633.32,3286,2010-10-31 14:20:00,2011-12-07 15:52:00
12348.0,5,2019.4,2714,2010-09-27 14:59:00,2011-09-25 13:13:00
12349.0,4,4428.69,1624,2010-04-29 13:20:00,2011-11-21 09:51:00
12350.0,1,334.4,197,2011-02-02 16:01:00,2011-02-02 16:01:00
12351.0,1,300.93,261,2010-11-29 15:23:00,2010-11-29 15:23:00
12352.0,10,2849.84,724,2010-11-12 10:20:00,2011-11-03 14:37:00
12353.0,2,406.76,212,2010-10-27 12:44:00,2011-05-19 17:47:00
12354.0,1,1079.4,530,2011-04-21 13:11:00,2011-04-21 13:11:00
12355.0,2,947.61,543,2010-05-21 11:59:00,2011-05-09 13:49:00
12356.0,6,6373.68,3417,2010-10-11 09:42:00,2011-11-17 08:40:00
12357.0,3,18287.66,6587,2010-11-16 10:05:00,2011-11-06 16:07:00
12358.0,5,3887.07,1079,2009-12-08 07:59:00,2011-12-08 10:26:00
12359.0,10,8935.94,2752,2009-12-05 13:32:00,2011-10-13 12:47:00
12360.0,8,4252.89,2459,2010-02-22 09:32:00,2011-10-18 15:22:00
12361.0,4,511.25,235,2010-01-26 14:37:00,2011-02-25 13:51:00
12362.0,11,5356.23,2230,2009-12-01 10:10:00,2011-12-06 15:40:00
12363.0,2,552.0,408,2011-04-11 13:29:00,2011-08-22 10:18:00
12364.0,4,1313.1,1506,2011-08-19 15:24:00,2011-12-02 10:22:00
12365.0,2,641.38,174,2011-02-21 13:51:00,2011-02-21 14:04:00
12366.0,1,500.24,296,2010-03-16 10:28:00,2010-03-16 10:28:00
12367.0,1,168.9,173,2011-12-05 16:48:00,2011-12-05 16:48:00
12368.0,1,917.6999999999999,330,2010-03-21 15:56:00,2010-03-21 15:56:00
12369.0,3,1791.15,1241,2010-03-08 08:09:00,2010-10-22 13:13:00
12370.0,7,4320.31,2605,2010-02-09 09:41:00,2011-10-19 14:51:00
12371.0,5,4067.38,1436,2010-03-04 18:23:00,2011-10-26 10:16:00
12372.0,3,1298.04,794,2011-02-16 12:46:00,2011-09-29 12:12:00
12373.0,3,1127.65,516,2010-02-04 12:08:00,2011-02-01 13:10:00
12374.0,4,2989.2200000000003,1362,2010-04-30 14:01:00,2011-11-14 15:37:00
12375.0,2,457.5,178,2011-09-02 14:23:00,2011-11-29 10:36:00
12376.0,2,503.15,240,2010-10-18 08:42:00,2010-11-15 12:15:00
12377.0,4,3426.32,2105,2010-04-29 15:34:00,2011-01-28 15:45:00
12378.0,2,5416.32,3316,2010-05-26 14:07:00,2011-08-02 10:34:00
12379.0,4,1620.22,815,2010-06-23 12:49:00,2011-09-19 10:09:00
12380.0,11,9676.300000000001,3355,2010-02-15 12:05:00,2011-11-18 11:27:00
12381.0,5,1845.31,808,2011-08-12 09:57:00,2011-12-05 12:44:00
12383.0,5,1850.56,1532,2010-12-22 14:28:00,2011-06-08 08:02:00
12384.0,2,585.27,126,2011-08-10 11:23:00,2011-11-11 08:39:00
12385.0,1,1938.4,612,2010-11-25 15:14:00,2010-11-25 15:14:00
12386.0,2,660.8,568,2010-12-08 09:53:00,2011-01-06 12:37:00
12387.0,1,143.94,134,2010-10-20 16:27:00,2010-10-20 16:27:00
12388.0,8,3901.11,2001,2010-05-06 12:54:00,2011-11-24 12:30:00
12389.0,3,1433.33,614,2010-02-22 10:15:00,2010-11-02 11:52:00
12390.0,1,549.84,353,2011-09-21 09:33:00,2011-09-21 09:33:00
12391.0,6,2773.42,1220,2010-02-15 10:12:00,2011-11-18 12:07:00
12392.0,1,234.75000000000003,73,2010-04-27 14:04:00,2010-04-27 14:04:00
12393.0,6,2399.4500000000003,1311,2010-10-07 13:49:00,2011-09-28 15:41:00
12394.0,2,1272.48,819,2011-05-06 14:01:00,2011-10-07 08:08:00
12395.0,15,5067.27,3733,2010-04-16 10:16:00,2011-11-20 15:21:00
12396.0,1,931.43,591,2010-02-03 13:22:00,2010-02-03 13:22:00
12397.0,2,2409.9,1263,2011-07-27 14:21:00,2011-11-04 09:52:00
12398.0,1,1635.6599999999999,1394,2011-10-25 10:27:00,2011-10-25 10:27:00
12399.0,7,1962.3,2198,2010-03-05 08:45:00,2011-08-12 13:15:00
12400.0,1,205.25,91,2010-10-21 13:45:00,2010-10-21 13:45:00
12401.0,1,84.3,11,2011-02-09 13:50:00,2011-02-09 13:50:00
12402.0,6,1256.9,584,2010-02-07 12:41:00,2011-01-20 13:49:00
12403.0,2,1019.36,260,2010-07-06 11:39:00,2011-10-21 10:51:00
12404.0,1,63.24,1,2010-01-26 16:25:00,2010-01-26 16:25:00
12405.0,1,1710.39,857,2011-07-14 08:52:00,2011-07-14 08:52:00
12406.0,5,6390.36,3416,2010-01-11 14:04:00,2011-11-17 19:22:00
12407.0,5,1708.1200000000001,1416,2011-03-20 13:21:00,2011-10-21 10:11:00
12408.0,8,4340.7699999999995,2229,2010-07-29 13:27:00,2011-11-07 12:27:00
12409.0,7,23419.29,13143,2010-05-23 15:21:00,2011-09-22 10:38:00
12410.0,3,1013.71,341,2010-07-25 13:26:00,2011-02-04 10:39:00
12411.0,1,346.9,138,2010-10-26 09:25:00,2010-10-26 09:25:00
12412.0,6,2596.93,1997,2010-06-18 13:22:00,2011-09-26 10:16:00
12413.0,4,999.45,319,2010-11-02 13:26:00,2011-10-04 09:00:00
12414.0,6,952.41,495,2010-09-02 12:22:00,2011-05-06 14:51:00
12415.0,28,144458.37,91447,2010-06-30 08:30:00,2011-11-15 14:22:00
12416.0,1,202.56,132,2010-02-21 10:19:00,2010-02-21 10:19:00
12417.0,20,6816.91,2890,2009-12-06 10:30:00,2011-12-06 14:52:00
12418.0,4,2021.2,1088,2010-03-19 14:47:00,2011-08-19 11:08:00
12419.0,2,503.01,231,2010-10-22 10:40:00,2010-11-19 10:04:00
12420.0,1,600.39,345,2011-10-07 08:55:00,2011-10-07 08:55:00
12421.0,6,1098.6,652,2010-07-22 13:57:00,2011-11-24 09:07:00
12422.0,17,5231.8,2596,2009-12-18 12:44:00,2011-09-05 09:48:00
12423.0,10,2622.39,1793,2010-08-31 09:31:00,2011-12-09 10:10:00
12424.0,4,3340.03,2025,2010-06-09 15:15:00,2011-06-30 12:06:00
12425.0,2,1741.41,1147,2010-09-17 14:10:00,2011-09-22 17:31:00
12426.0,2,1345.21,584,2010-02-15 08:41:00,2011-05-29 12:26:00
12427.0,3,1129.3,612,2010-12-03 10:44:00,2011-11-18 08:56:00
12428.0,9,7956.46,3536,2011-03-01 09:33:00,2011-11-14 08:22:00
12429.0,8,7485.91,3344,2010-06-11 13:28:00,2011-11-30 17:22:00
12430.0,1,256.4,117,2011-10-27 15:09:00,2011-10-27 15:09:00
12431.0,27,10857.97,4717,2010-01-15 09:04:00,2011-11-04 11:55:00
12432.0,5,5059.32,1801,2011-06-20 13:27:00,2011-10-28 11:43:00
12433.0,10,20581.26,17116,2010-08-20 09:23:00,2011-12-09 10:02:00
12434.0,3,1103.43,532,2010-11-23 13:38:00,2011-09-16 12:38:00
12435.0,6,13925.93,4958,2009-12-02 13:58:00,2011-09-21 09:06:00
12436.0,1,509.01,211,2011-09-01 12:09:00,2011-09-01 12:09:00
12437.0,39,12683.4,8000,2009-12-02 16:24:00,2011-12-08 11:35:00
12438.0,2,2906.85,1180,2011-07-22 13:29:00,2011-11-25 13:28:00
12439.0,2,1158.18,484,2009-12-14 08:40:00,2010-01-26 12:11:00
12440.0,2,859.2,331,2009-12-22 12:03:00,2010-09-03 13:11:00
12441.0,1,347.1,242,2010-12-08 10:45:00,2010-12-08 10:45:00
12442.0,1,172.06,182,2011-12-06 14:22:00,2011-12-06 14:22:00
12443.0,1,485.31,182,2009-12-07 15:42:00,2009-12-07 15:42:00
12444.0,5,5005.46,1153,2011-06-21 14:00:00,2011-11-18 13:23:00
12445.0,2,434.98,206,2010-10-15 12:28:00,2011-11-17 18:43:00
12446.0,1,1002.3100000000001,351,2011-10-13 12:50:00,2011-10-13 12:50:00
12447.0,1,476.49,190,2011-04-10 13:25:00,2011-04-10 13:25:00
12448.0,1,449.45,243,2011-10-26 13:46:00,2011-10-26 13:46:00
12449.0,6,4835.89,2282,2010-09-27 09:37:00,2011-11-17 13:46:00
12450.0,5,688.2,442,2010-08-22 13:11:00,2011-07-06 14:41:00
12451.0,8,12669.88,9359,2010-06-28 12:58:00,2011-11-29 08:40:00
12452.0,2,430.57,185,2011-11-23 08:05:00,2011-11-23 10:28:00
12453.0,1,707.09,473,2011-07-28 14:08:00,2011-07-28 14:08:00
12454.0,5,16679.78,7703,2010-10-14 17:33:00,2011-10-14 17:13:00
12455.0,10,5879.95,3302,2009-12-18 12:33:00,2011-09-27 15:31:00
12456.0,3,3181.04,1633,2011-03-30 09:12:00,2011-10-26 14:41:00
12457.0,8,2995.91,1094,2010-09-30 17:59:00,2011-10-04 13:13:00
12458.0,4,1777.49,986,2010-08-09 10:33:00,2011-09-29 15:25:00
12459.0,1,454.36,258,2010-04-13 14:53:00,2010-04-13 14:53:00
12460.0,1,326.65,170,2010-09-09 13:51:00,2010-09-09 13:51:00
12461.0,2,826.88,287,2011-07-08 10:23:00,2011-09-06 16:57:00
12462.0,2,1189.59,536,2011-02-09 14:44:00,2011-11-21 09:11:00
12463.0,4,1344.78,776,2011-04-12 12:47:00,2011-10-17 13:44:00
12464.0,8,1212.05,112,2011-02-03 13:30:00,2011-11-29 13:33:00
12465.0,2,742.1899999999999,479,2011-06-23 13:37:00,2011-11-22 16:34:00
12466.0,1,56.73,1,2010-01-26 16:26:00,2010-01-26 16:26:00
12467.0,1,132.8,129,2010-10-12 15:41:00,2010-10-12 15:41:00
12468.0,5,3670.74,2201,2010-01-26 10:09:00,2011-06-05 11:36:00
12469.0,2,3070.54,2552,2010-06-21 10:30:00,2010-07-05 12:40:00
12470.0,1,211.95,95,2010-01-19 11:01:00,2010-01-19 11:01:00
12471.0,79,39963.79,16882,2009-12-07 10:41:00,2011-12-07 15:43:00
12472.0,19,17880.59,11350,2009-12-14 10:49:00,2011-11-07 14:01:00
12473.0,5,3938.5499999999997,2439,2011-06-01 10:15:00,2011-11-10 13:46:00
12474.0,31,12424.45,7954,2010-02-11 09:41:00,2011-11-22 14:39:00
12475.0,2,1149.64,771,2010-10-26 08:49:00,2011-10-17 10:10:00
12476.0,23,14115.41,5645,2010-07-26 09:04:00,2011-11-24 12:40:00
12477.0,9,20276.37,6119,2010-03-26 14:01:00,2011-11-17 09:51:00
12478.0,1,680.99,236,2011-12-06 09:56:00,2011-12-06 09:56:00
12479.0,1,527.2,385,2011-11-28 13:26:00,2011-11-28 13:26:00
12480.0,7,5464.85,2952,2010-07-20 13:21:00,2011-11-11 14:52:00
12481.0,15,12361.39,7253,2010-04-11 13:10:00,2011-11-17 08:29:00
12482.0,29,23691.4,27042,2010-02-24 10:24:00,2010-05-12 16:51:00
12483.0,19,5120.58,2172,2010-01-31 13:28:00,2011-11-22 17:02:00
12484.0,12,6370.15,3271,2010-01-27 16:41:00,2011-11-07 11:37:00
12485.0,1,708.1,414,2010-06-28 15:22:00,2010-06-28 15:22:00
12486.0,1,1037.28,523,2010-10-04 12:14:00,2010-10-04 12:14:00
12487.0,1,285.29999999999995,174,2009-12-09 11:36:00,2009-12-09 11:36:00
12488.0,3,1298.66,529,2011-09-25 10:34:00,2011-11-30 08:50:00
12489.0,1,334.93,105,2011-01-07 13:13:00,2011-01-07 13:13:00
12490.0,21,9823.64,5906,2009-12-01 12:52:00,2011-12-04 16:07:00
12491.0,1,460.40000000000003,260,2011-11-01 12:18:00,2011-11-01 12:18:00
12492.0,3,715.21,444,2010-11-01 14:58:00,2011-10-07 15:15:00
12493.0,2,433.74,207,2011-05-26 14:53:00,2011-06-27 10:17:00
12494.0,9,1872.8700000000001,988,2010-05-12 13:52:00,2011-11-24 09:34:00
12495.0,1,357.4,130,2010-03-09 10:53:00,2010-03-09 10:53:00
12496.0,2,54.09,33,2010-03-29 13:57:00,2010-03-29 14:06:00
12497.0,3,6248.5,5685,2010-03-05 09:39:00,2011-09-19 12:29:00
12498.0,3,403.70000000000005,159,2011-10-13 09:30:00,2011-11-18 12:53:00
12499.0,1,393.72,302,2010-05-28 15:12:00,2010-05-28 15:12:00
12500.0,19,5955.21,3377,2010-02-04 15:05:00,2011-11-16 16:20:00
12501.0,1,2169.39,1783,2011-01-07 12:28:00,2011-01-07 12:28:00
12502.0,5,3723.87,820,2011-02-03 10:41:00,2011-09-05 11:52:00
12503.0,1,1126.0,561,2010-05-04 13:59:00,2010-05-04 13:59:00
12504.0,4,779.05,458,2010-04-22 10:24:00,2011-11-21 16:02:00
12505.0,1,955.2,324,2010-10-27 09:18:00,2010-10-27 09:18:00
12506.0,1,73.5,23,2011-04-21 08:54:00,2011-04-21 08:54:00
12507.0,4,1844.06,1256,2010-05-04 09:23:00,2011-07-28 17:09:00
12508.0,2,398.27,272,2011-11-10 16:27:00,2011-11-13 15:37:00
12509.0,1,176.5,55,2011-02-28 14:45:00,2011-02-28 14:45:00
12510.0,9,5178.02,2049,2009-12-04 13:47:00,2011-07-20 10:15:00
12511.0,1,3084.02,1753,2010-10-07 10:39:00,2010-10-07 10:39:00
12512.0,2,138.03,99,2011-10-04 14:53:00,2011-10-04 14:55:00
12513.0,1,612.29,462,2011-08-19 10:51:00,2011-08-19 10:51:00
12514.0,2,1597.76,840,2010-03-08 12:18:00,2011-03-17 16:38:00
12515.0,1,383.7,131,2010-12-21 15:43:00,2010-12-21 15:43:00
12516.0,4,2648.62,1952,2010-04-19 14:14:00,2011-09-23 09:13:00
12517.0,5,2502.84,1371,2011-06-02 15:13:00,2011-11-11 14:04:00
12518.0,5,2056.89,1318,2011-08-21 13:18:00,2011-12-09 10:13:00
12519.0,2,726.54,395,2010-08-20 08:21:00,2011-10-07 09:26:00
12520.0,5,2634.26,1439,2011-03-11 11:35:00,2011-09-21 15:23:00
12521.0,1,599.68,309,2011-07-20 10:51:00,2011-07-20 10:51:00
12522.0,2,192.72,194,2011-10-19 14:41:00,2011-10-31 15:30:00
12523.0,23,4372.15,2275,2009-12-07 13:46:00,2011-11-20 12:55:00
12524.0,17,11126.11,7178,2010-02-08 14:41:00,2011-11-30 15:31:00
12525.0,3,973.73,509,2010-03-02 14:01:00,2010-07-29 16:08:00
12526.0,3,1316.66,632,2011-09-06 14:19:00,2011-12-09 12:09:00
12527.0,5,735.51,526,2010-06-28 15:37:00,2011-09-19 11:55:00
12528.0,6,1933.48,756,2011-01-31 09:05:00,2011-11-30 14:40:00
12529.0,1,316.48,192,2010-06-29 13:10:00,2010-06-29 13:10:00
12530.0,9,3759.26,2713,2010-03-07 14:37:00,2011-10-11 12:34:00
12531.0,2,1933.2,1119,2010-01-22 14:17:00,2011-11-25 11:12:00
12532.0,1,349.83000000000004,153,2011-11-09 13:47:00,2011-11-09 13:47:00
12533.0,2,1367.89,704,2009-12-01 11:50:00,2010-03-22 10:56:00
12534.0,1,1089.18,651,2011-08-01 10:26:00,2011-08-01 10:26:00
12535.0,2,716.35,219,2011-06-06 12:47:00,2011-09-09 08:48:00
12536.0,3,12601.830000000002,2803,2011-10-11 14:52:00,2011-10-27 14:20:00
12537.0,1,732.94,449,2010-10-27 08:36:00,2010-10-27 08:36:00
12538.0,2,640.45,336,2010-11-26 13:02:00,2011-11-10 17:16:00
12539.0,7,11214.75,4535,2009-12-23 13:00:00,2011-11-17 13:30:00
12540.0,33,22254.49,11019,2009-12-07 16:56:00,2011-11-20 11:31:00
12541.0,3,981.18,680,2011-03-04 09:32:00,2011-11-10 10:40:00
12542.0,2,481.88,522,2010-03-09 16:26:00,2010-08-12 19:12:00
12543.0,1,980.25,688,2010-09-17 15:51:00,2010-09-17 15:51:00
12544.0,1,372.7,136,2011-11-03 16:15:00,2011-11-03 16:15:00
12545.0,2,1000.39,523,2011-03-25 12:04:00,2011-09-25 13:39:00
12546.0,2,1161.5,633,2011-09-23 09:44:00,2011-10-24 12:09:00
12547.0,3,383.58,309,2010-07-27 13:55:00,2011-05-26 12:38:00
12548.0,1,95.19999999999999,49,2011-06-26 15:35:00,2011-06-26 15:35:00
12549.0,6,1575.68,1366,2010-01-11 12:29:00,2010-05-13 12:05:00
12550.0,1,964.83,569,2011-09-21 14:35:00,2011-09-21 14:35:00
12551.0,1,168.0,100,2010-12-17 11:23:00,2010-12-17 11:23:00
12552.0,2,437.82,88,2011-10-31 12:11:00,2011-11-01 10:02:00
12553.0,12,4608.75,2325,2010-10-12 13:35:00,2011-12-01 16:38:00
12554.0,1,468.5,240,2010-09-17 12:29:00,2010-09-17 12:29:00
12555.0,1,129.23,1,2010-01-26 16:26:00,2010-01-26 16:26:00
12556.0,2,603.71,358,2011-07-11 13:35:00,2011-10-20 13:06:00
12557.0,8,18716.14,6782,2009-12-17 10:39:00,2011-11-23 16:59:00
12558.0,1,269.96,196,2011-12-02 10:41:00,2011-12-02 10:41:00
12559.0,2,561.71,283,2011-01-24 10:12:00,2011-02-02 09:49:00
12560.0,3,2134.01,1110,2011-07-19 15:55:00,2011-12-04 13:54:00
12561.0,1,238.85,177,2011-02-10 11:39:00,2011-02-10 11:39:00
12562.0,9,4966.92,2327,2010-09-30 13:13:00,2011-12-01 17:20:00
12563.0,1,249.24,113,2010-10-27 09:52:00,2010-10-27 09:52:00
12564.0,1,456.9,133,2011-03-23 14:55:00,2011-03-23 14:55:00
12565.0,1,145.92,80,2011-02-24 10:34:00,2011-02-24 10:34:00
12566.0,1,351.65,265,2011-09-14 14:30:00,2011-09-14 14:30:00
12567.0,15,13709.86,6086,2010-02-11 10:30:00,2011-11-17 11:02:00
12568.0,1,70.0,48,2010-03-05 09:15:00,2010-03-05 09:15:00
12569.0,32,4124.69,1801,2011-04-01 13:47:00,2011-12-07 16:24:00
12570.0,1,77.52,1,2010-01-26 17:28:00,2010-01-26 17:28:00
12571.0,2,519.61,523,2011-08-10 12:35:00,2011-10-31 10:19:00
12572.0,2,1020.42,452,2011-10-19 08:20:00,2011-12-01 09:20:00
12573.0,5,717.41,479,2010-08-31 17:25:00,2011-04-26 15:52:00
12574.0,1,218.45,61,2011-01-28 09:20:00,2011-01-28 09:20:00
12575.0,2,622.8199999999999,315,2010-07-01 09:15:00,2010-09-08 13:09:00
12576.0,8,2142.72,1494,2010-07-01 13:46:00,2011-11-04 10:11:00
12577.0,8,1653.75,1197,2009-12-03 19:31:00,2011-11-04 13:24:00
12578.0,4,4642.45,2380,2010-09-22 11:19:00,2011-11-18 13:30:00
12579.0,1,440.42,285,2011-09-22 17:15:00,2011-09-22 17:15:00
12580.0,2,1052.9,569,2010-05-12 11:45:00,2011-04-07 10:24:00
12581.0,1,197.71,161,2011-10-31 08:56:00,2011-10-31 08:56:00
12582.0,4,1980.4,985,2010-05-11 09:55:00,2011-04-15 08:45:00
12583.0,27,14447.44,8984,2009-12-06 11:57:00,2011-12-07 08:07:00
12584.0,9,2338.15,416,2011-03-04 15:15:00,2011-12-06 09:35:00
12585.0,2,2040.1,1279,2010-12-23 12:58:00,2011-04-19 13:39:00
12586.0,4,2062.67,687,2009-12-16 13:15:00,2011-11-22 16:24:00
12587.0,1,144.0,51,2011-12-02 12:47:00,2011-12-02 12:47:00
12588.0,4,958.78,438,2010-04-21 12:22:00,2011-10-31 15:01:00
12589.0,8,4695.66,1764,2010-01-19 12:26:00,2011-11-11 10:19:00
12590.0,2,9864.26,4283,2011-05-12 14:46:00,2011-05-12 14:52:00
12591.0,3,1352.15,677,2010-10-27 10:42:00,2011-01-26 14:35:00
12592.0,5,2582.66,1875,2010-07-08 14:06:00,2011-09-08 15:04:00
12593.0,3,418.09999999999997,206,2011-05-05 09:29:00,2011-08-23 12:43:00
12594.0,15,5090.110000000001,2768,2010-03-03 13:51:00,2011-11-02 12:20:00
12595.0,1,299.02,271,2010-07-23 09:10:00,2010-07-23 09:10:00
12596.0,2,618.27,474,2011-04-11 13:22:00,2011-10-19 13:02:00
12597.0,4,3811.22,2236,2011-03-16 14:00:00,2011-11-20 13:33:00
12598.0,11,4534.09,2906,2010-03-01 09:58:00,2011-11-30 12:18:00
12599.0,13,2296.72,2189,2010-05-11 10:42:00,2011-11-10 13:34:00
12600.0,21,5043.92,1414,2009-12-07 13:37:00,2011-11-11 10:29:00
12601.0,6,681.26,290,2010-10-31 10:57:00,2011-06-03 10:17:00
12602.0,1,153.12,162,2011-10-12 11:22:00,2011-10-12 11:22:00
12603.0,1,739.1999999999999,63,2011-11-18 10:42:00,2011-11-18 10:42:00
12604.0,2,254.18,201,2011-03-23 12:06:00,2011-09-21 14:08:00
12605.0,4,1232.95,929,2010-09-07 14:21:00,2010-11-28 14:18:00
12606.0,1,21.0,1,2010-01-26 16:23:00,2010-01-26 16:23:00
12607.0,1,1579.51,1228,2011-10-10 16:06:00,2011-10-10 16:06:00
12608.0,1,415.79,323,2010-10-31 10:49:00,2010-10-31 10:49:00
12609.0,9,3435.86,1553,2009-12-20 13:30:00,2011-09-22 16:34:00
12610.0,5,2099.54,1049,2011-08-05 13:52:00,2011-11-17 09:34:00
12611.0,1,1193.32,846,2011-10-18 13:12:00,2011-10-18 13:12:00
12612.0,1,704.0400000000001,262,2011-09-26 15:35:00,2011-09-26 15:35:00
12613.0,10,6835.07,4163,2009-12-14 13:10:00,2011-10-13 14:59:00
12614.0,1,315.6,76,2011-03-07 10:22:00,2011-03-07 10:22:00
12615.0,8,5740.98,3317,2010-03-18 14:09:00,2011-12-07 15:02:00
12616.0,3,1131.1,498,2010-11-16 11:38:00,2011-09-05 15:17:00
12617.0,1,355.53,213,2011-11-10 14:39:00,2011-11-10 14:39:00
12618.0,1,177.31,96,2011-11-18 11:10:00,2011-11-18 11:10:00
12619.0,10,3781.38,3518,2010-05-28 12:52:00,2011-11-23 14:52:00
12620.0,3,1339.41,1181,2011-05-19 12:10:00,2011-11-25 10:20:00
12621.0,35,24775.81,13933,2010-02-09 12:01:00,2011-12-08 11:25:00
12622.0,1,180.1,69,2011-04-21 16:39:00,2011-04-21 16:39:00
12623.0,7,3747.84,1971,2010-01-12 11:45:00,2011-03-08 13:50:00
12624.0,2,641.13,355,2011-06-15 12:34:00,2011-08-25 15:04:00
12625.0,4,5164.88,3309,2010-04-22 11:33:00,2011-05-12 09:54:00
12626.0,9,6620.48,3453,2011-01-17 11:01:00,2011-11-16 16:06:00
12627.0,7,4478.53,2752,2011-07-22 13:59:00,2011-11-29 12:07:00
12628.0,3,786.46,448,2011-10-06 09:28:00,2011-12-05 13:15:00
12629.0,2,1558.22,722,2010-10-12 16:40:00,2010-11-19 09:18:00
12630.0,2,1270.88,548,2011-10-27 10:41:00,2011-11-30 10:48:00
12631.0,6,3481.57,1607,2010-01-15 14:50:00,2011-10-13 13:53:00
12632.0,2,804.88,694,2010-05-24 09:07:00,2010-07-07 09:39:00
12633.0,7,5678.16,3238,2010-07-02 11:44:00,2011-10-12 11:40:00
12634.0,2,490.0,337,2010-06-09 15:41:00,2010-06-22 10:05:00
12635.0,4,2930.41,1949,2010-09-09 10:50:00,2011-09-11 11:04:00
12636.0,1,141.0,1,2009-12-01 09:55:00,2009-12-01 09:55:00
12637.0,12,8340.31,4284,2010-06-14 13:36:00,2011-10-03 13:46:00
12638.0,2,921.49,663,2010-03-10 10:30:00,2011-11-06 13:11:00
12639.0,3,1312.37,631,2010-03-22 09:05:00,2011-04-15 12:48:00
12640.0,3,1174.58,311,2011-09-19 12:01:00,2011-11-16 11:52:00
12641.0,1,185.9,72,2011-08-16 13:26:00,2011-08-16 13:26:00
12642.0,3,1013.26,552,2011-08-24 09:23:00,2011-11-14 15:03:00
12643.0,12,8350.42,4785,2010-04-07 14:16:00,2011-08-03 12:56:00
12644.0,4,1918.49,1032,2010-01-14 13:02:00,2011-08-02 10:33:00
12645.0,8,3539.3,2125,2010-02-09 10:49:00,2011-11-06 12:38:00
12646.0,2,1346.97,897,2011-10-21 12:52:00,2011-12-05 10:14:00
12647.0,36,17924.35,6878,2010-01-13 15:06:00,2011-11-17 12:56:00
12648.0,4,1112.0,518,2010-01-07 18:38:00,2011-07-08 11:55:00
12649.0,8,2294.65,1959,2010-01-12 17:24:00,2011-08-24 14:41:00
12650.0,1,314.44,254,2011-12-06 16:34:00,2011-12-06 16:34:00
12651.0,4,377.75,265,2010-08-31 15:21:00,2011-01-09 12:46:00
12652.0,2,1017.03,536,2010-10-01 15:16:00,2011-01-12 15:00:00
12653.0,3,4160.83,1681,2010-07-01 09:56:00,2011-07-14 10:41:00
12654.0,5,601.98,264,2011-02-17 13:16:00,2011-11-29 10:10:00
12655.0,1,261.35,80,2010-10-12 09:17:00,2010-10-12 09:17:00
12656.0,8,6407.83,2860,2010-05-26 09:00:00,2011-11-22 13:42:00
12657.0,4,1643.18,1044,2011-09-22 11:40:00,2011-11-28 15:47:00
12658.0,1,686.05,320,2011-11-21 10:22:00,2011-11-21 10:22:00
12659.0,1,91.68,105,2011-11-10 11:53:00,2011-11-10 11:53:00
12660.0,1,245.1,127,2011-11-28 13:26:00,2011-11-28 13:26:00
12661.0,1,162.0,216,2010-09-29 16:46:00,2010-09-29 16:46:00
12662.0,20,6988.02,3581,2010-04-01 09:50:00,2011-12-09 11:59:00
12663.0,2,239.4,181,2010-02-09 14:28:00,2010-03-25 09:40:00
12664.0,11,6070.04,1495,2009-12-13 10:28:00,2011-12-01 17:07:00
12665.0,3,313.6,165,2010-02-08 15:11:00,2011-01-19 08:34:00
12666.0,1,1248.42,370,2010-11-10 16:40:00,2010-11-10 16:40:00
12667.0,1,620.13,395,2011-10-12 17:00:00,2011-10-12 17:00:00
12668.0,10,11444.68,5076,2010-01-31 15:45:00,2011-11-28 10:56:00
12669.0,3,2744.0299999999997,1115,2011-03-28 10:15:00,2011-07-12 09:54:00
12670.0,7,3760.29,1627,2010-02-11 10:13:00,2011-11-29 15:23:00
12671.0,1,2622.481,1460,2010-04-12 16:30:00,2010-04-12 16:30:00
12672.0,2,437.05,138,2010-04-23 09:57:00,2011-01-14 09:20:00
12673.0,3,1230.02,700,2010-11-03 10:46:00,2011-12-04 13:55:00
12674.0,4,1970.6,1133,2011-05-16 09:10:00,2011-11-01 12:12:00
12675.0,2,958.5,337,2010-05-10 16:44:00,2010-06-04 09:49:00
12676.0,11,2843.09,1867,2010-08-13 13:29:00,2011-11-15 12:25:00
12677.0,2,395.1,176,2010-02-11 13:55:00,2010-06-02 14:30:00
12678.0,21,34281.18,22372,2010-01-07 16:46:00,2011-10-28 13:04:00
12679.0,4,1113.02,554,2011-03-01 12:26:00,2011-10-12 12:30:00
12680.0,4,880.81,444,2011-08-18 15:44:00,2011-12-09 12:50:00
12681.0,45,30868.28,17596,2009-12-13 13:31:00,2011-11-25 11:33:00
12682.0,52,24033.91,11018,2009-12-01 09:28:00,2011-12-06 10:00:00
12683.0,21,12696.78,7683,2009-12-13 15:01:00,2011-12-05 16:31:00
12684.0,7,2283.63,1985,2011-05-10 12:55:00,2011-12-02 09:53:00
12685.0,6,2863.08,1523,2011-09-07 10:28:00,2011-11-11 13:46:00
12686.0,1,178.28,214,2010-12-03 09:51:00,2010-12-03 09:51:00
12687.0,2,2138.91,1403,2010-08-16 12:10:00,2010-08-16 12:12:00
12688.0,1,4873.8099999999995,3028,2011-08-18 08:49:00,2011-08-18 08:49:00
12689.0,2,1247.61,628,2011-08-04 10:04:00,2011-11-14 08:31:00
12690.0,1,389.01,106,2011-05-18 09:09:00,2011-05-18 09:09:00
12691.0,7,1170.4,445,2010-10-15 12:00:00,2011-11-11 16:49:00
12692.0,1,110.95,36,2010-03-12 14:02:00,2010-03-12 14:02:00
12693.0,7,1703.02,536,2010-07-05 13:56:00,2011-08-04 17:51:00
12694.0,3,1843.35,1355,2010-10-14 19:39:00,2011-09-30 13:06:00
12695.0,7,1407.1200000000001,454,2010-02-12 13:22:00,2011-12-02 13:22:00
12696.0,2,851.91,564,2010-07-19 10:02:00,2010-10-01 10:43:00
12697.0,3,957.59,508,2011-06-23 15:44:00,2011-11-11 08:47:00
12698.0,1,339.75,111,2010-04-28 15:51:00,2010-04-28 15:51:00
12699.0,1,638.11,373,2010-10-18 12:07:00,2010-10-18 12:07:00
12700.0,4,4939.99,2967,2011-05-08 16:10:00,2011-12-02 10:47:00
12701.0,6,2446.41,1727,2010-03-16 13:23:00,2011-09-21 10:47:00
12702.0,1,219.0,53,2011-11-20 10:36:00,2011-11-20 10:36:00
12703.0,4,1006.53,595,2010-01-24 12:05:00,2011-09-29 17:52:00
12704.0,8,2340.84,1006,2011-06-23 10:20:00,2011-12-02 13:15:00
12705.0,14,11762.1,7188,2010-06-24 09:51:00,2011-11-24 13:17:00
12707.0,1,603.42,256,2011-02-21 08:38:00,2011-02-21 08:38:00
12708.0,18,5314.1,2521,2009-12-18 10:25:00,2011-11-10 09:52:00
12709.0,34,31093.34,13983,2009-12-09 13:49:00,2011-11-24 15:38:00
12710.0,3,1149.02,851,2011-05-22 14:05:00,2011-09-04 12:00:00
12711.0,2,1339.05,770,2010-02-01 11:30:00,2010-04-07 11:59:00
12712.0,21,7193.66,2349,2009-12-09 10:46:00,2011-11-11 08:19:00
12713.0,1,848.55,508,2011-12-09 12:16:00,2011-12-09 12:16:00
12714.0,12,14093.71,8774,2009-12-04 10:00:00,2011-11-30 15:43:00
12715.0,1,353.86,197,2011-08-25 15:22:00,2011-08-25 15:22:00
12716.0,2,1053.49,708,2011-07-29 13:28:00,2011-12-06 08:55:00
12717.0,3,1308.91,600,2010-04-28 14:34:00,2011-07-11 14:47:00
12718.0,1,238.25,203,2011-09-29 16:38:00,2011-09-29 16:38:00
12719.0,2,644.95,374,2011-10-05 14:50:00,2011-12-04 13:45:00
12720.0,30,8260.67,6317,2010-07-21 09:46:00,2011-12-07 08:03:00
12721.0,8,4013.08,2655,2010-08-25 11:07:00,2011-11-08 12:13:00
12722.0,4,997.63,566,2011-07-12 11:55:00,2011-09-15 14:50:00
12723.0,5,725.07,434,2011-10-05 15:52:00,2011-12-06 10:19:00
12724.0,7,2317.52,1379,2010-06-22 14:00:00,2011-12-04 16:02:00
12725.0,4,2694.56,1306,2010-05-04 13:59:00,2010-12-03 15:45:00
12726.0,11,4014.6,4618,2010-03-25 16:25:00,2011-11-11 13:35:00
12727.0,10,5679.53,2832,2010-02-23 09:54:00,2011-11-29 11:46:00
12728.0,5,1070.17,543,2010-11-21 11:34:00,2011-09-29 15:31:00
12729.0,1,453.01,233,2011-08-18 11:40:00,2011-08-18 11:40:00
12730.0,1,829.25,234,2010-07-06 12:19:00,2010-07-06 12:19:00
12731.0,17,25775.71,11641,2010-03-02 09:23:00,2011-11-16 11:59:00
12732.0,1,236.26000000000002,111,2011-06-13 11:33:00,2011-06-13 11:33:00
12733.0,4,2424.87,896,2010-01-19 13:23:00,2011-04-19 16:19:00
12734.0,3,639.65,265,2010-11-12 13:26:00,2010-12-22 12:47:00
12735.0,2,779.5699999999999,368,2011-01-06 14:26:00,2011-01-28 13:37:00
12736.0,1,234.0,173,2011-01-11 07:57:00,2011-01-11 07:57:00
12737.0,2,3710.5,2,2010-07-29 12:27:00,2010-07-29 12:29:00
12738.0,1,310.7,296,2010-12-02 18:27:00,2010-12-02 18:27:00
12739.0,4,2726.73,951,2010-11-10 14:27:00,2011-09-22 13:00:00
12740.0,1,427.6,342,2011-10-07 10:44:00,2011-10-07 10:44:00
12741.0,2,406.07,214,2010-06-24 16:24:00,2010-06-28 14:36:00
12742.0,1,1201.52,1359,2010-03-24 12:43:00,2010-03-24 12:43:00
12743.0,2,546.43,319,2011-07-28 16:06:00,2011-07-28 16:21:00
12744.0,11,25317.06,6994,2010-04-27 16:19:00,2011-10-19 11:18:00
12745.0,3,925.41,468,2010-01-26 16:22:00,2010-08-10 10:14:00
12746.0,1,254.55,97,2010-06-17 10:41:00,2010-06-17 10:41:00
12747.0,26,9276.539999999999,2758,2009-12-07 13:23:00,2011-12-07 14:34:00
12748.0,336,56599.39,39108,2009-12-04 17:31:00,2011-12-09 12:20:00
12749.0,9,6897.36,2360,2010-07-06 15:05:00,2011-12-06 09:56:00
12750.0,1,275.88,137,2011-08-03 09:13:00,2011-08-03 09:13:00
12751.0,1,268.27,189,2010-09-21 12:49:00,2010-09-21 12:49:00
12752.0,1,4366.78,2262,2011-09-19 13:32:00,2011-09-19 13:32:00
12753.0,6,21429.39,11421,2010-12-12 11:44:00,2011-11-17 10:52:00
12754.0,3,3010.74,6481,2011-02-04 10:31:00,2011-04-18 09:00:00
12755.0,11,9030.66,3781,2010-01-15 11:57:00,2011-03-04 12:42:00
12756.0,1,112.07999999999998,144,2011-09-14 09:31:00,2011-09-14 09:31:00
12757.0,13,7857.1,2402,2011-05-12 19:01:00,2011-11-24 12:30:00
12758.0,7,9903.24,6155,2009-12-01 14:40:00,2011-08-15 10:22:00
12759.0,8,5020.74,3202,2009-12-04 10:47:00,2011-10-18 14:49:00
12760.0,1,347.8,198,2010-09-10 08:50:00,2010-09-10 08:50:00
12761.0,2,782.95,281,2010-09-01 10:47:00,2010-09-08 12:17:00
12762.0,2,1898.52,1227,2011-11-14 14:23:00,2011-12-02 10:23:00
12763.0,2,814.16,512,2010-12-05 15:46:00,2011-07-24 14:12:00
12764.0,1,1693.88,386,2011-01-27 10:19:00,2011-01-27 10:19:00
12765.0,6,1404.58,1009,2010-03-08 09:43:00,2010-08-24 13:51:00
12766.0,9,10068.28,5446,2010-10-28 09:29:00,2011-12-06 08:46:00
12767.0,1,949.82,598,2010-11-29 09:38:00,2010-11-29 09:38:00
12768.0,1,168.69000000000003,102,2010-09-15 12:08:00,2010-09-15 12:08:00
12769.0,1,1143.6,356,2011-04-15 10:25:00,2011-04-15 10:25:00
12770.0,2,3246.45,1843,2010-09-09 11:43:00,2011-05-13 09:33:00
12771.0,1,282.3,104,2010-08-11 11:51:00,2010-08-11 11:51:00
12772.0,1,892.47,556,2011-10-11 09:19:00,2011-10-11 09:19:00
12773.0,1,124.25,109,2010-05-24 17:30:00,2010-05-24 17:30:00
12774.0,1,98.7,53,2010-06-22 10:38:00,2010-06-22 10:38:00
12775.0,7,1686.12,1083,2010-10-26 14:24:00,2011-11-22 16:33:00
12776.0,1,55.5,46,2010-02-10 12:11:00,2010-02-10 12:11:00
12777.0,1,519.45,458,2010-09-08 11:35:00,2010-09-08 11:35:00
12778.0,9,1775.68,1735,2010-04-16 09:57:00,2011-11-20 11:30:00
12779.0,14,6722.2699999999995,3641,2009-12-03 07:25:00,2011-11-02 11:43:00
12780.0,1,337.4,285,2010-04-20 09:40:00,2010-04-20 09:40:00
12781.0,2,826.74,671,2011-02-28 08:43:00,2011-10-07 10:37:00
12782.0,11,4618.24,2017,2010-07-08 13:31:00,2011-12-05 09:16:00
12783.0,6,2225.91,624,2011-09-25 15:35:00,2011-12-07 15:56:00
12784.0,3,1804.75,882,2010-06-28 13:06:00,2011-11-30 15:38:00
12785.0,3,1100.4,453,2009-12-08 13:56:00,2010-12-10 13:48:00
12786.0,1,728.5,324,2010-04-09 12:12:00,2010-04-09 12:12:00
12787.0,4,862.18,510,2010-10-22 14:57:00,2011-11-30 08:44:00
12788.0,4,444.9,194,2010-06-29 13:05:00,2010-09-02 14:21:00
12789.0,3,273.35,36,2010-01-15 12:06:00,2011-10-05 13:34:00
12790.0,2,591.85,306,2010-10-25 13:04:00,2011-05-31 14:14:00
12791.0,6,1056.1100000000001,450,2010-03-25 17:29:00,2010-12-01 11:27:00
12792.0,2,827.01,394,2010-06-23 10:49:00,2011-03-28 11:36:00
12793.0,3,1017.33,526,2010-11-03 13:05:00,2011-01-09 12:12:00
12794.0,2,860.41,592,2011-09-02 12:01:00,2011-10-17 14:54:00
12795.0,1,430.48,68,2011-11-21 10:27:00,2011-11-21 10:27:00
12796.0,1,381.0,182,2010-03-21 15:49:00,2010-03-21 15:49:00
12797.0,2,806.11,333,2010-10-11 12:53:00,2010-12-09 10:55:00
12798.0,4,8510.93,8455,2010-10-14 12:27:00,2011-11-29 15:52:00
12799.0,1,219.35,137,2010-06-28 15:57:00,2010-06-28 15:57:00
12800.0,3,584.25,284,2010-02-01 11:02:00,2010-08-26 14:11:00
12801.0,1,1071.82,505,2010-07-27 09:38:00,2010-07-27 09:38:00
12802.0,7,2416.42,1972,2010-05-25 09:34:00,2011-06-06 09:36:00
12803.0,1,1092.81,872,2010-11-11 14:57:00,2010-11-11 14:57:00
12804.0,2,327.02,271,2010-07-27 13:52:00,2010-08-31 11:58:00
12805.0,4,1434.95,593,2010-02-03 09:06:00,2010-11-23 12:27:00
12806.0,4,2878.96,2087,2010-04-30 10:44:00,2010-09-30 13:34:00
12807.0,1,330.35,145,2010-11-21 14:21:00,2010-11-21 14:21:00
12808.0,5,906.1,375,2010-09-03 10:24:00,2011-11-03 10:05:00
12809.0,3,1755.94,518,2010-03-02 14:19:00,2011-06-15 10:51:00
12810.0,2,534.99,389,2010-02-01 09:52:00,2010-06-23 10:53:00
12811.0,5,1033.9,435,2010-10-08 12:20:00,2011-03-24 09:42:00
12812.0,1,229.64000000000001,164,2011-10-26 09:54:00,2011-10-26 09:54:00
12813.0,3,1687.8,1141,2010-01-15 16:52:00,2010-07-26 09:50:00
12814.0,1,125.92,49,2011-08-30 12:11:00,2011-08-30 12:11:00
12815.0,2,1063.46,379,2011-05-25 13:34:00,2011-07-15 10:21:00
12816.0,2,572.2,128,2011-06-16 13:24:00,2011-09-05 12:41:00
12817.0,3,690.98,219,2010-10-01 08:57:00,2011-03-03 16:28:00
12818.0,1,1542.08,929,2011-03-23 12:06:00,2011-03-23 12:06:00
12819.0,1,540.52,344,2010-09-07 15:20:00,2010-09-07 15:20:00
12820.0,11,2689.52,1964,2009-12-05 13:37:00,2011-12-06 15:12:00
12821.0,2,220.8,162,2010-04-07 15:14:00,2011-05-09 15:51:00
12822.0,2,948.88,550,2011-09-13 13:46:00,2011-09-30 10:04:00
12823.0,18,6501.5,930,2010-01-29 12:52:00,2011-09-26 07:35:00
12824.0,1,397.12,232,2011-10-11 12:49:00,2011-10-11 12:49:00
12825.0,2,518.63,139,2010-03-08 10:17:00,2010-07-06 13:56:00
12826.0,12,2955.75,1995,2009-12-18 10:43:00,2011-12-07 10:25:00
12827.0,3,430.15000000000003,197,2011-10-26 15:44:00,2011-12-04 12:17:00
12828.0,6,1018.71,494,2011-08-01 16:16:00,2011-12-07 08:45:00
12829.0,3,385.3,550,2010-06-07 15:04:00,2011-01-07 11:13:00
12830.0,6,6814.64,9848,2011-06-21 10:53:00,2011-11-02 11:54:00
12831.0,3,451.11,303,2010-09-02 15:58:00,2011-03-22 13:02:00
12832.0,2,383.03,195,2011-09-02 13:48:00,2011-11-07 13:30:00
12833.0,1,417.38,156,2011-07-17 13:46:00,2011-07-17 13:46:00
12834.0,1,312.38,110,2011-03-02 09:49:00,2011-03-02 09:49:00
12835.0,41,6043.31,2357,2009-12-03 12:13:00,2010-10-08 10:59:00
12836.0,15,6585.62,2236,2009-12-01 14:19:00,2011-10-11 15:10:00
12837.0,2,688.41,209,2010-05-19 15:10:00,2011-06-19 16:07:00
12838.0,10,3398.48,1845,2010-04-26 09:59:00,2011-11-06 12:20:00
12839.0,26,10071.73,6849,2009-12-07 09:18:00,2011-12-07 12:33:00
12840.0,7,4041.97,2258,2010-02-03 14:51:00,2011-07-19 09:29:00
12841.0,40,7540.68,5414,2010-07-08 15:38:00,2011-12-05 11:13:00
12842.0,4,1917.99,887,2009-12-02 08:15:00,2011-09-30 15:33:00
12843.0,30,6588.41,3031,2009-12-13 11:41:00,2011-10-05 12:09:00
12844.0,4,648.6,223,2010-04-25 11:51:00,2011-11-10 13:31:00
12845.0,4,354.09,204,2011-02-22 14:10:00,2011-03-17 13:34:00
12846.0,1,15.58,1,2010-01-26 16:29:00,2010-01-26 16:29:00
12847.0,2,1636.8999999999999,1533,2010-11-17 12:44:00,2011-11-17 13:16:00
12848.0,1,208.0,58,2010-02-02 12:45:00,2010-02-02 12:45:00
12849.0,6,3090.56,1882,2010-04-27 13:44:00,2011-11-08 13:41:00
12850.0,1,330.0,200,2010-09-20 12:26:00,2010-09-20 12:26:00
12851.0,2,284.13,160,2010-08-19 15:13:00,2011-09-04 12:41:00
12852.0,1,311.55,149,2011-02-18 08:47:00,2011-02-18 08:47:00
12853.0,11,3907.5,1668,2010-02-05 11:57:00,2011-07-28 11:29:00
12854.0,7,2994.02,1635,2009-12-11 12:55:00,2011-09-22 12:15:00
12855.0,4,650.9399999999999,270,2010-11-02 18:16:00,2010-12-02 09:37:00
12856.0,6,2179.93,1079,2011-10-07 12:38:00,2011-12-02 10:52:00
12857.0,6,3688.0,1420,2010-01-25 15:37:00,2011-05-13 10:20:00
12858.0,1,177.92,63,2010-11-21 12:55:00,2010-11-21 12:55:00
12859.0,1,575.1,292,2010-09-07 12:20:00,2010-09-07 12:20:00
12860.0,1,55.47,27,2010-01-15 15:22:00,2010-01-15 15:22:00
12861.0,1,68.25,27,2010-03-30 11:39:00,2010-03-30 11:39:00
12862.0,2,1008.3199999999999,613,2010-08-01 15:20:00,2010-10-10 11:47:00
12863.0,6,2792.5499999999997,895,2010-04-29 13:54:00,2011-10-18 14:15:00
12864.0,2,299.57,447,2010-07-19 17:22:00,2011-07-24 13:03:00
12865.0,4,3323.47,1973,2010-08-20 12:20:00,2011-11-13 14:31:00
12866.0,3,1227.35,553,2010-07-25 11:37:00,2011-03-01 14:11:00
12867.0,13,7913.29,7939,2009-12-16 16:25:00,2011-11-13 15:30:00
12868.0,8,2247.06,1282,2010-11-12 10:05:00,2011-06-07 10:42:00
12869.0,1,337.66999999999996,144,2010-01-27 12:10:00,2010-01-27 12:10:00
12870.0,3,1676.95,906,2010-03-25 14:32:00,2010-11-29 13:42:00
12871.0,3,744.02,484,2010-09-26 10:34:00,2011-09-16 15:07:00
12872.0,12,3685.4900000000002,1855,2009-12-03 20:03:00,2011-01-17 10:52:00
12873.0,3,2027.3,786,2010-01-27 09:50:00,2011-03-02 14:58:00
12874.0,2,948.42,623,2010-06-03 12:51:00,2010-11-19 15:23:00
12875.0,5,1356.99,5187,2010-01-11 12:37:00,2011-07-19 15:30:00
12876.0,4,4081.79,3047,2010-04-28 13:26:00,2011-10-13 12:26:00
12877.0,20,2955.17,2262,2010-01-18 10:23:00,2011-12-06 10:30:00
12878.0,2,854.99,547,2011-03-18 14:02:00,2011-04-17 13:07:00
12879.0,3,573.22,370,2011-09-09 12:11:00,2011-10-26 12:24:00
12880.0,2,640.13,279,2010-05-14 11:57:00,2010-11-23 10:50:00
12881.0,1,298.0,21,2011-03-09 11:44:00,2011-03-09 11:44:00
12882.0,2,1463.04,246,2011-11-06 11:22:00,2011-11-30 16:18:00
12883.0,4,703.47,196,2011-09-11 15:18:00,2011-11-15 09:32:00
12884.0,1,309.05,43,2011-09-12 13:10:00,2011-09-12 13:10:00
12885.0,3,1175.22,655,2011-08-08 11:45:00,2011-10-07 13:40:00
12886.0,2,1378.4,770,2011-05-04 11:21:00,2011-10-03 10:09:00
12887.0,1,222.4,100,2010-11-21 11:18:00,2010-11-21 11:18:00
12888.0,2,354.12,76,2011-03-29 14:31:00,2011-05-09 16:02:00
12889.0,4,385.46000000000004,124,2010-07-25 14:32:00,2010-11-23 16:08:00
12890.0,2,717.27,466,2010-11-17 14:05:00,2011-11-15 17:26:00
12891.0,11,840.5,2325,2010-02-18 14:32:00,2011-06-07 12:31:00
12892.0,1,263.38,140,2010-11-08 09:51:00,2010-11-08 09:51:00
12893.0,1,188.14,96,2011-11-09 12:34:00,2011-11-09 12:34:00
12894.0,1,157.35,33,2010-05-13 14:47:00,2010-05-13 14:47:00
12895.0,2,372.8,210,2011-09-14 08:35:00,2011-10-28 13:51:00
12897.0,4,514.25,249,2010-06-14 11:58:00,2011-05-19 12:13:00
12898.0,2,310.96000000000004,240,2010-02-18 12:36:00,2010-09-02 08:08:00
12899.0,1,366.4,108,2010-10-22 09:53:00,2010-10-22 09:53:00
12900.0,1,340.33,139,2010-10-13 15:17:00,2010-10-13 15:17:00
12901.0,28,17654.54,23075,2011-03-14 10:41:00,2011-12-01 10:07:00
12902.0,1,138.68,66,2011-03-20 12:06:00,2011-03-20 12:06:00
12903.0,1,833.53,493,2010-10-07 12:39:00,2010-10-07 12:39:00
12904.0,2,509.58,302,2011-06-20 13:18:00,2011-11-21 14:34:00
12905.0,2,1018.42,532,2010-01-26 14:06:00,2010-05-12 10:05:00
12906.0,5,2919.81,1749,2011-09-22 15:03:00,2011-11-28 09:55:00
12907.0,2,508.91,177,2010-08-02 14:33:00,2010-11-09 12:08:00
12908.0,5,1776.0,3000,2010-03-19 15:59:00,2011-06-16 15:39:00
12909.0,8,3103.19,1948,2010-02-24 12:14:00,2011-10-31 12:43:00
12910.0,13,5796.52,3632,2010-03-28 13:10:00,2011-11-16 14:28:00
12911.0,1,1680.47,820,2010-06-06 12:13:00,2010-06-06 12:13:00
12912.0,5,1662.3,670,2011-10-30 11:35:00,2011-12-07 08:55:00
12913.0,13,6700.860000000001,3232,2009-12-01 12:18:00,2011-12-05 12:11:00
12914.0,1,223.98,336,2010-11-04 12:28:00,2010-11-04 12:28:00
12915.0,4,1174.75,452,2010-04-29 19:36:00,2011-07-14 11:34:00
12916.0,7,4654.0199999999995,1774,2010-01-24 11:26:00,2011-07-24 10:35:00
12917.0,6,4359.2,1104,2009-12-09 14:22:00,2011-08-03 16:42:00
12918.0,1,10953.5,1,2010-03-23 15:22:00,2010-03-23 15:22:00
12919.0,6,1335.19,673,2011-06-23 09:22:00,2011-12-01 13:47:00
12920.0,4,488.09000000000003,421,2009-12-14 15:58:00,2011-11-22 15:05:00
12921.0,74,35921.04,21708,2009-12-01 13:43:00,2011-11-30 16:22:00
12922.0,1,405.38,370,2011-07-01 15:35:00,2011-07-01 15:35:00
12923.0,3,789.87,237,2010-05-13 14:55:00,2011-10-06 16:20:00
12924.0,12,2469.4,1423,2009-12-09 12:40:00,2011-09-12 13:55:00
12925.0,3,729.3299999999999,649,2010-04-26 10:32:00,2011-12-05 11:11:00
12926.0,4,1548.46,766,2009-12-14 14:35:00,2010-10-24 15:57:00
12927.0,1,197.31,145,2010-11-10 10:02:00,2010-11-10 10:02:00
12928.0,12,4304.89,2899,2010-06-08 10:16:00,2011-11-04 14:24:00
12929.0,1,117.85,37,2011-02-01 12:08:00,2011-02-01 12:08:00
12930.0,2,415.8,252,2011-06-21 13:25:00,2011-09-22 15:18:00
12931.0,57,92347.34,62906,2009-12-01 11:46:00,2011-11-18 12:39:00
12932.0,8,1698.56,1609,2010-02-10 08:46:00,2010-06-18 14:22:00
12933.0,8,1687.03,959,2009-12-10 16:39:00,2011-11-15 16:38:00
12934.0,1,181.65,31,2009-12-03 10:51:00,2009-12-03 10:51:00
12935.0,15,4243.86,3201,2010-04-11 15:59:00,2011-12-07 17:25:00
12936.0,4,1063.9,559,2011-09-22 13:51:00,2011-11-22 17:32:00
12937.0,9,3097.61,1983,2009-12-03 15:43:00,2011-11-24 15:05:00
12938.0,1,114.14,140,2011-11-14 11:21:00,2011-11-14 11:21:00
12939.0,20,25264.8,10328,2010-01-12 11:27:00,2011-10-06 14:33:00
12940.0,2,913.54,411,2011-09-13 10:16:00,2011-10-16 12:09:00
12941.0,1,377.49,381,2009-12-15 13:12:00,2009-12-15 13:12:00
12942.0,3,942.65,272,2010-12-09 09:34:00,2011-07-31 14:39:00
12943.0,2,496.5,222,2010-04-13 11:03:00,2010-05-30 13:52:00
12944.0,2,604.51,289,2010-12-20 10:41:00,2011-11-04 11:04:00
12945.0,2,900.11,446,2010-02-21 15:18:00,2011-02-24 14:15:00
12946.0,1,324.45,149,2010-09-29 10:14:00,2010-09-29 10:14:00
12947.0,6,1908.03,1349,2010-12-01 16:21:00,2011-07-19 10:06:00
12948.0,9,2317.43,1304,2009-12-02 12:28:00,2011-11-23 17:10:00
12949.0,22,15526.7,8233,2009-12-03 15:56:00,2011-11-09 11:25:00
12950.0,3,1843.0,1380,2011-11-15 13:48:00,2011-12-07 13:17:00
12951.0,15,3213.7200000000003,1662,2010-01-10 12:43:00,2011-12-01 12:14:00
12952.0,4,1387.79,653,2011-09-22 16:37:00,2011-12-04 10:35:00
12953.0,2,828.8100000000001,364,2010-07-05 13:37:00,2011-11-30 09:24:00
12954.0,1,162.45,83,2010-03-11 10:16:00,2010-03-11 10:16:00
12955.0,11,4757.16,3664,2011-03-17 09:03:00,2011-12-08 16:29:00
12956.0,4,521.89,340,2009-12-15 19:03:00,2011-02-06 16:08:00
12957.0,13,8706.97,4686,2009-12-11 12:01:00,2011-11-30 09:53:00
12958.0,2,539.49,131,2010-05-05 16:22:00,2010-11-04 16:16:00
12959.0,1,150.95,109,2010-08-12 17:20:00,2010-08-12 17:20:00
12960.0,4,1322.07,1379,2010-02-16 13:32:00,2010-10-22 09:31:00
12961.0,1,211.99,180,2010-11-25 16:44:00,2010-11-25 16:44:00
12962.0,2,266.39,129,2011-08-18 13:38:00,2011-12-02 15:55:00
12963.0,12,3601.59,1809,2010-07-08 14:45:00,2011-12-01 12:55:00
12964.0,1,132.24,56,2010-09-28 17:47:00,2010-09-28 17:47:00
12965.0,1,771.91,283,2011-09-11 15:31:00,2011-09-11 15:31:00
12966.0,1,160.18,75,2011-11-30 12:38:00,2011-11-30 12:38:00
12967.0,3,4306.92,1272,2010-11-21 11:03:00,2010-12-16 19:10:00
12968.0,1,135.95,73,2011-08-19 15:44:00,2011-08-19 15:44:00
12969.0,1,122.45,55,2010-04-16 10:50:00,2010-04-16 10:50:00
12970.0,10,1524.97,1014,2009-12-04 14:19:00,2011-12-02 14:30:00
12971.0,116,15972.79,14587,2009-12-15 19:04:00,2011-12-06 12:20:00
12972.0,4,1161.2,844,2010-02-16 14:30:00,2010-10-22 08:41:00
12973.0,1,385.55,31,2010-10-22 10:14:00,2010-10-22 10:14:00
12974.0,2,408.95,104,2010-05-23 11:45:00,2011-05-26 09:33:00
12975.0,6,2100.09,911,2009-12-06 10:38:00,2010-09-29 09:46:00
12976.0,8,3156.38,2684,2010-02-12 15:46:00,2011-05-12 09:55:00
12977.0,4,517.63,131,2010-07-16 16:25:00,2011-07-06 16:40:00
12978.0,5,2502.82,1394,2009-12-10 12:10:00,2010-11-19 14:29:00
12979.0,1,517.7,520,2009-12-10 15:45:00,2009-12-10 15:45:00
12980.0,21,16245.78,1910,2009-12-02 11:26:00,2011-07-05 09:34:00
12981.0,2,372.21999999999997,242,2011-07-29 14:14:00,2011-11-10 12:00:00
12982.0,8,2744.81,1729,2010-04-12 13:50:00,2011-04-11 11:51:00
12983.0,1,490.08000000000004,638,2010-04-20 12:58:00,2010-04-20 12:58:00
12984.0,1,97.5,26,2011-11-21 12:37:00,2011-11-21 12:37:00
12985.0,2,1239.38,1533,2011-11-11 12:44:00,2011-12-09 10:46:00
12986.0,10,2729.84,1164,2010-01-21 10:45:00,2010-10-07 11:57:00
12987.0,5,1312.21,585,2010-01-20 09:57:00,2011-09-27 12:03:00
12988.0,1,535.32,136,2011-02-20 14:31:00,2011-02-20 14:31:00
12989.0,33,13551.75,6935,2009-12-10 13:27:00,2011-12-06 15:28:00
12990.0,7,955.5,480,2010-03-30 11:36:00,2011-11-08 13:01:00
12991.0,3,764.82,483,2010-11-15 13:43:00,2011-11-16 15:34:00
12992.0,1,93.35000000000001,21,2009-12-14 16:46:00,2009-12-14 16:46:00
12993.0,8,1259.6299999999999,751,2010-02-18 10:35:00,2011-11-16 15:49:00
12994.0,3,974.4200000000001,459,2011-03-16 08:31:00,2011-12-05 15:43:00
12995.0,1,211.32,108,2011-09-15 15:44:00,2011-09-15 15:44:00
12996.0,1,355.5,122,2010-11-29 09:27:00,2010-11-29 09:27:00
12997.0,8,2110.91,1186,2010-04-06 11:06:00,2011-11-17 15:47:00
12998.0,3,920.08,1124,2010-02-24 11:55:00,2010-08-04 08:05:00
12999.0,3,455.88,342,2011-04-08 10:26:00,2011-05-27 13:24:00
13000.0,4,1032.5,548,2009-12-14 17:03:00,2011-08-25 10:43:00
13001.0,33,24172.100000000002,13539,2009-12-03 16:21:00,2011-12-05 14:51:00
13002.0,3,414.13,201,2010-10-01 11:58:00,2011-01-25 15:18:00
13003.0,3,149.05,103,2011-05-09 08:23:00,2011-08-26 10:50:00
13004.0,36,11650.85,8768,2009-12-15 09:44:00,2011-11-28 11:27:00
13005.0,4,999.68,462,2010-09-08 12:52:00,2011-06-19 10:53:00
13006.0,1,81.57,55,2011-10-14 13:49:00,2011-10-14 13:49:00
13007.0,1,175.25,59,2010-05-09 10:38:00,2010-05-09 10:38:00
13008.0,3,612.13,379,2009-12-16 16:07:00,2011-01-20 14:24:00
13009.0,1,234.0,120,2010-02-05 12:22:00,2010-02-05 12:22:00
13010.0,2,330.12,323,2010-03-01 11:28:00,2010-11-30 15:09:00
13011.0,1,101.10000000000001,26,2010-12-02 17:22:00,2010-12-02 17:22:00
13012.0,11,2972.83,1563,2010-04-26 14:14:00,2011-11-30 13:05:00
13013.0,29,12625.77,6463,2009-12-14 10:34:00,2011-12-08 15:01:00
13014.0,11,5381.08,1979,2010-10-03 11:35:00,2011-11-29 12:27:00
13015.0,11,6586.42,3535,2010-04-15 16:35:00,2011-10-17 13:19:00
13016.0,3,789.89,527,2011-08-08 15:00:00,2011-09-27 14:08:00
13017.0,1,204.0,48,2011-12-02 15:53:00,2011-12-02 15:53:00
13018.0,35,9763.16,6746,2010-03-01 12:34:00,2011-11-23 13:28:00
13019.0,6,1229.95,397,2009-12-06 15:40:00,2010-11-25 14:56:00
13020.0,2,618.96,278,2010-02-18 10:35:00,2010-05-26 11:12:00
13021.0,17,4887.24,2546,2009-12-05 12:02:00,2011-12-05 16:37:00
13022.0,1,65.3,35,2010-10-06 10:50:00,2010-10-06 10:50:00
13023.0,3,1449.03,585,2010-06-29 09:51:00,2011-10-06 16:27:00
13024.0,2,555.87,181,2010-05-06 14:25:00,2010-08-26 09:42:00
13025.0,1,323.39,241,2009-12-08 10:02:00,2009-12-08 10:02:00
13026.0,9,1733.08,2466,2009-12-13 11:34:00,2011-12-08 16:58:00
13027.0,19,17335.2,43080,2010-01-20 10:41:00,2011-08-18 09:39:00
13028.0,2,661.3199999999999,798,2011-10-25 14:09:00,2011-11-17 11:10:00
13029.0,5,1927.3,194,2010-07-04 13:46:00,2011-11-09 09:13:00
13030.0,2,1227.22,598,2010-12-06 14:31:00,2011-11-28 14:30:00
13031.0,5,3419.27,2399,2010-06-03 14:57:00,2010-10-28 15:34:00
13032.0,9,2843.55,1281,2010-09-05 14:01:00,2011-10-18 15:54:00
13033.0,2,220.55,98,2010-10-06 09:37:00,2010-12-17 14:23:00
13034.0,3,922.68,522,2010-11-03 15:22:00,2011-10-16 12:21:00
13035.0,3,1364.2,926,2010-10-04 15:41:00,2011-09-27 08:57:00
13036.0,1,307.1,38,2010-01-24 11:35:00,2010-01-24 11:35:00
13037.0,12,3914.9500000000003,2130,2009-12-03 17:04:00,2011-07-24 15:46:00
13038.0,3,908.46,360,2011-02-22 11:43:00,2011-09-20 14:37:00
13039.0,4,1010.73,290,2009-12-17 16:43:00,2010-05-04 16:45:00
13040.0,2,676.99,355,2011-11-06 13:53:00,2011-12-01 10:38:00
13041.0,4,799.13,335,2010-04-29 08:43:00,2010-09-15 11:44:00
13042.0,3,1556.54,830,2009-12-07 15:42:00,2010-04-20 13:43:00
13043.0,1,516.42,254,2011-03-11 14:52:00,2011-03-11 14:52:00
13044.0,11,4853.9,2553,2010-01-08 14:46:00,2011-02-21 15:20:00
13045.0,3,808.92,405,2010-08-10 13:02:00,2011-09-01 15:04:00
13046.0,3,949.25,505,2010-09-09 13:09:00,2011-11-09 08:36:00
13047.0,24,8795.16,3429,2009-12-16 11:43:00,2011-11-08 12:06:00
13048.0,9,4084.21,2705,2010-01-27 12:55:00,2011-11-25 13:23:00
13049.0,4,1408.24,620,2010-11-03 15:39:00,2011-10-06 15:31:00
13050.0,35,12344.53,7206,2009-12-15 15:06:00,2011-11-25 09:18:00
13051.0,2,155.8,72,2010-03-30 11:11:00,2010-05-10 09:14:00
13052.0,7,3168.53,1454,2010-02-23 12:31:00,2011-05-11 14:12:00
13053.0,1,127.65,47,2010-03-28 11:28:00,2010-03-28 11:28:00
13055.0,4,2321.11,1821,2010-10-06 08:17:00,2011-09-22 14:26:00
13056.0,1,209.48,158,2010-06-06 14:10:00,2010-06-06 14:10:00
13057.0,3,722.09,466,2010-03-18 12:14:00,2010-06-27 15:44:00
13058.0,3,271.40000000000003,52,2011-07-11 12:01:00,2011-11-15 12:43:00
13059.0,10,2303.17,864,2010-03-31 12:23:00,2011-04-04 10:40:00
13060.0,1,307.53,123,2011-03-31 11:37:00,2011-03-31 11:37:00
13061.0,1,248.61,107,2011-09-28 16:04:00,2011-09-28 16:04:00
13062.0,1,346.98,343,2011-06-01 15:12:00,2011-06-01 15:12:00
13063.0,1,188.4,116,2010-08-16 12:27:00,2010-08-16 12:27:00
13064.0,6,1680.74,670,2010-04-27 10:08:00,2011-11-27 12:31:00
13065.0,5,1260.91,455,2010-06-10 11:44:00,2010-12-01 16:52:00
13066.0,2,470.8,322,2011-11-07 17:06:00,2011-11-15 12:57:00
13067.0,3,508.51,131,2010-09-19 13:43:00,2011-09-18 13:38:00
13068.0,2,344.0,200,2011-01-24 08:20:00,2011-11-29 15:00:00
13069.0,38,9683.13,15404,2010-06-14 14:27:00,2011-12-09 08:39:00
13070.0,4,751.7,372,2009-12-07 14:44:00,2011-05-31 13:45:00
13071.0,1,129.22,30,2010-04-06 13:37:00,2010-04-06 13:37:00
13072.0,1,177.15,69,2011-03-18 08:12:00,2011-03-18 08:12:00
13073.0,2,418.08,261,2010-09-28 09:27:00,2010-10-24 14:06:00
13074.0,4,1378.74,826,2009-12-16 11:46:00,2010-07-16 16:53:00
13075.0,1,919.61,485,2011-08-02 10:19:00,2011-08-02 10:19:00
13076.0,1,135.4,44,2010-09-08 10:27:00,2010-09-08 10:27:00
13077.0,11,3064.67,2785,2009-12-11 11:17:00,2011-12-08 19:24:00
13078.0,57,29532.45,12183,2009-12-01 09:06:00,2011-12-06 15:36:00
13079.0,6,419.18,158,2010-10-18 14:15:00,2011-12-05 16:53:00
13080.0,4,280.73,193,2010-04-09 13:07:00,2011-06-13 14:59:00
13081.0,28,59205.15,41423,2009-12-08 13:58:00,2011-11-28 10:54:00
13082.0,21,7335.75,8466,2009-12-22 15:37:00,2011-08-05 16:16:00
13083.0,3,395.43,307,2010-10-10 13:38:00,2011-12-05 15:01:00
13084.0,1,122.39999999999999,144,2010-08-05 08:49:00,2010-08-05 08:49:00
13085.0,8,2433.28,944,2009-12-01 07:45:00,2011-07-05 12:11:00
13086.0,1,439.33000000000004,155,2010-11-22 10:28:00,2010-11-22 10:28:00
13087.0,1,313.64,86,2009-12-13 15:16:00,2009-12-13 15:16:00
13088.0,1,236.11,76,2010-10-18 15:35:00,2010-10-18 15:35:00
13089.0,203,116737.86,60229,2009-12-02 15:44:00,2011-12-07 09:02:00
13090.0,24,14103.09,3445,2010-08-02 13:58:00,2011-12-01 12:39:00
13091.0,3,2321.82,1339,2009-12-10 11:50:00,2011-11-11 15:54:00
13092.0,12,2140.28,664,2010-02-10 08:44:00,2011-09-30 11:18:00
13093.0,55,54943.65,26227,2009-12-04 10:32:00,2011-03-09 12:14:00
13094.0,13,2433.1200000000003,2088,2010-11-15 14:15:00,2011-11-18 14:07:00
13095.0,1,74.39999999999999,144,2011-09-30 12:03:00,2011-09-30 12:03:00
13096.0,1,419.70000000000005,6,2010-11-10 14:08:00,2010-11-10 14:08:00
13097.0,28,13389.22,5396,2009-12-01 13:31:00,2011-11-07 10:43:00
13098.0,28,28882.44,15968,2011-01-26 13:46:00,2011-12-08 14:14:00
13099.0,1,207.35999999999999,288,2011-09-01 17:40:00,2011-09-01 17:40:00
13101.0,4,695.4,478,2010-01-27 15:49:00,2011-04-19 14:37:00
13102.0,37,11696.92,6576,2010-05-06 13:12:00,2011-12-08 12:52:00
13103.0,3,709.64,426,2010-05-11 14:41:00,2011-10-31 09:38:00
13104.0,9,1709.1,834,2010-02-24 15:06:00,2011-12-06 13:10:00
13105.0,1,72.0,100,2010-09-29 13:41:00,2010-09-29 13:41:00
13106.0,2,603.46,231,2010-10-22 13:10:00,2011-07-29 15:12:00
13107.0,9,5253.07,4316,2010-02-04 10:50:00,2011-10-26 14:52:00
13108.0,2,1098.52,1043,2010-09-30 17:09:00,2010-12-02 10:35:00
13109.0,3,1134.03,757,2010-06-06 12:59:00,2011-10-11 10:16:00
13110.0,12,2957.4700000000003,763,2009-12-01 14:14:00,2011-11-08 14:30:00
13111.0,1,321.88000000000005,180,2009-12-21 09:00:00,2009-12-21 09:00:00
13112.0,1,20.6,11,2010-06-16 17:03:00,2010-06-16 17:03:00
13113.0,37,18625.73,4545,2010-03-28 16:13:00,2011-12-09 12:49:00
13114.0,1,234.38,74,2009-12-09 09:56:00,2009-12-09 09:56:00
13115.0,10,5494.7,3934,2010-04-19 13:29:00,2011-11-28 12:38:00
13116.0,1,501.14,291,2011-07-24 14:33:00,2011-07-24 14:33:00
13117.0,18,2643.81,2067,2010-03-26 13:50:00,2011-11-18 12:02:00
13118.0,9,2415.41,834,2010-09-26 15:46:00,2011-11-20 12:46:00
13119.0,1,134.9,110,2010-02-09 08:38:00,2010-02-09 08:38:00
13120.0,1,30.599999999999998,12,2011-04-15 10:19:00,2011-04-15 10:19:00
13121.0,1,283.73,252,2011-03-15 16:47:00,2011-03-15 16:47:00
13122.0,2,922.39,585,2011-04-13 14:12:00,2011-09-06 15:53:00
13123.0,2,506.75,268,2010-06-28 12:43:00,2010-08-24 10:18:00
13124.0,4,4782.45,2783,2010-11-19 15:50:00,2011-09-11 12:45:00
13125.0,1,158.57,54,2010-07-04 11:58:00,2010-07-04 11:58:00
13126.0,13,3998.25,3409,2010-03-02 12:24:00,2011-12-05 10:00:00
13127.0,1,259.17,127,2011-09-23 10:26:00,2011-09-23 10:26:00
13128.0,1,263.5,31,2010-03-18 15:08:00,2010-03-18 15:08:00
13129.0,2,233.25,296,2010-06-28 11:54:00,2010-09-13 13:47:00
13130.0,1,64.0,32,2011-09-06 15:30:00,2011-09-06 15:30:00
13131.0,7,3313.77,1523,2010-02-09 09:47:00,2011-11-16 13:21:00
13132.0,1,77.3,20,2011-03-23 12:44:00,2011-03-23 12:44:00
13133.0,3,200.45000000000002,55,2010-09-06 15:30:00,2011-03-11 10:31:00
13134.0,6,2475.23,1364,2010-10-19 13:21:00,2011-09-15 10:35:00
13135.0,2,3371.45,4423,2010-08-05 17:28:00,2011-05-27 10:52:00
13136.0,13,6274.56,3109,2009-12-08 18:30:00,2011-10-14 13:41:00
13137.0,16,7712.7,4294,2010-07-25 15:40:00,2011-11-29 12:09:00
13138.0,7,1467.24,718,2010-11-08 11:45:00,2011-11-17 16:51:00
13139.0,8,8202.98,4614,2010-09-28 09:12:00,2011-11-23 13:54:00
13140.0,5,1215.68,648,2010-08-05 19:05:00,2011-08-23 15:33:00
13141.0,17,7668.58,5169,2009-12-09 13:34:00,2011-09-16 09:54:00
13142.0,1,307.09,258,2011-11-20 16:07:00,2011-11-20 16:07:00
13143.0,1,405.1,198,2010-05-04 12:22:00,2010-05-04 12:22:00
13144.0,2,135.35,29,2010-10-04 14:14:00,2011-01-11 11:15:00
13145.0,7,1423.52,266,2010-04-19 11:11:00,2011-10-31 12:45:00
13146.0,1,228.91,154,2011-11-13 15:29:00,2011-11-13 15:29:00
13147.0,4,712.8000000000001,144,2011-09-01 12:28:00,2011-11-29 13:59:00
13148.0,26,8621.81,4571,2009-12-07 15:26:00,2011-11-10 15:23:00
13149.0,4,1676.06,1280,2011-02-23 13:57:00,2011-11-25 13:09:00
13150.0,3,449.96999999999997,171,2010-03-19 09:03:00,2010-08-12 12:59:00
13151.0,3,2580.7400000000002,832,2010-03-22 10:26:00,2011-02-17 12:29:00
13152.0,7,2146.38,977,2010-01-14 10:01:00,2010-10-18 13:44:00
13153.0,1,486.22,418,2011-12-04 12:14:00,2011-12-04 12:14:00
13154.0,3,1624.84,976,2009-12-04 08:46:00,2010-11-05 16:00:00
13155.0,6,1750.18,909,2010-08-05 09:30:00,2011-11-06 15:41:00
13156.0,3,1586.54,914,2010-02-01 13:45:00,2010-11-19 13:09:00
13157.0,9,5687.36,4762,2010-03-08 11:59:00,2011-10-21 13:50:00
13158.0,5,1508.18,992,2010-11-16 17:12:00,2011-09-06 11:58:00
13159.0,4,1437.85,1059,2011-08-16 11:44:00,2011-12-01 11:20:00
13160.0,1,91.8,56,2011-11-17 13:07:00,2011-11-17 13:07:00
13161.0,2,478.88,106,2010-07-27 12:44:00,2011-01-30 14:03:00
13162.0,16,9275.49,5755,2009-12-04 13:59:00,2011-08-09 15:59:00
13163.0,1,17.65,3,2010-04-08 16:21:00,2010-04-08 16:21:00
13164.0,2,372.2,120,2010-02-10 11:52:00,2010-05-19 13:52:00
13165.0,3,1451.16,1736,2010-10-22 17:04:00,2011-10-24 15:05:00
13166.0,2,884.18,527,2010-10-21 14:29:00,2011-03-01 15:16:00
13167.0,5,1125.15,1007,2010-11-14 12:58:00,2011-11-21 12:24:00
13168.0,5,1875.31,912,2010-06-15 15:00:00,2011-11-03 12:56:00
13169.0,3,840.08,296,2010-05-26 15:58:00,2011-10-07 12:11:00
13170.0,1,116.00999999999999,147,2011-11-13 12:19:00,2011-11-13 12:19:00
13171.0,3,468.41,229,2011-02-13 14:16:00,2011-11-18 10:27:00
13172.0,1,69.6,48,2010-11-04 15:10:00,2010-11-04 15:10:00
13173.0,11,2639.35,1620,2009-12-10 12:52:00,2011-12-05 15:51:00
13174.0,12,9494.84,4541,2009-12-04 15:40:00,2011-11-23 14:35:00
13175.0,2,831.45,423,2009-12-04 12:11:00,2010-05-06 13:13:00
13176.0,1,492.84,453,2011-10-24 15:43:00,2011-10-24 15:43:00
13177.0,2,512.2,180,2010-10-05 10:35:00,2011-10-06 09:56:00
13178.0,21,14059.19,8778,2009-12-16 14:00:00,2011-11-13 16:14:00
13179.0,1,572.3100000000001,368,2010-03-31 11:40:00,2010-03-31 11:40:00
13180.0,1,86.10000000000001,42,2010-04-11 13:37:00,2010-04-11 13:37:00
13181.0,1,359.69,171,2010-11-23 15:05:00,2010-11-23 15:05:00
13182.0,1,121.18,201,2011-10-25 13:46:00,2011-10-25 13:46:00
13183.0,15,7036.18,4027,2010-03-14 12:32:00,2011-12-02 10:30:00
13184.0,10,1701.29,1692,2011-02-22 17:25:00,2011-11-25 12:02:00
13185.0,1,71.4,12,2011-03-17 11:56:00,2011-03-17 11:56:00
13186.0,3,1575.89,820,2011-08-03 09:09:00,2011-10-31 11:40:00
13187.0,4,367.01,375,2010-03-25 17:18:00,2011-01-06 18:57:00
13188.0,1,114.60000000000001,25,2011-11-28 15:28:00,2011-11-28 15:28:00
13189.0,2,260.68,842,2011-08-16 13:12:00,2011-11-21 10:39:00
13190.0,3,570.66,308,2009-12-07 12:13:00,2010-06-13 15:47:00
13191.0,1,164.69,115,2010-02-19 17:02:00,2010-02-19 17:02:00
13192.0,6,2558.58,1629,2010-01-22 08:37:00,2011-09-05 14:13:00
13193.0,1,117.88,50,2011-10-09 14:30:00,2011-10-09 14:30:00
13194.0,2,472.78,326,2010-10-14 11:54:00,2011-07-27 09:01:00
13195.0,1,172.38,83,2010-10-21 13:07:00,2010-10-21 13:07:00
13196.0,7,3068.84,2006,2010-04-01 12:54:00,2011-11-28 13:54:00
13197.0,1,373.01000000000005,204,2010-04-09 09:14:00,2010-04-09 09:14:00
13198.0,8,4974.2300000000005,3449,2010-10-01 13:27:00,2011-11-29 15:17:00
13199.0,67,16432.89,12019,2009-12-05 10:11:00,2011-12-06 12:30:00
13200.0,4,870.09,516,2011-08-05 14:50:00,2011-11-20 15:35:00
13201.0,4,1240.6100000000001,1039,2010-03-07 11:01:00,2010-07-25 14:30:00
13202.0,7,1580.3,572,2009-12-09 10:48:00,2010-11-10 16:24:00
13203.0,10,2648.25,2413,2009-12-17 14:15:00,2011-11-30 10:45:00
13204.0,1,966.6600000000001,428,2009-12-08 14:56:00,2009-12-08 14:56:00
13205.0,1,2803.2,256,2010-09-22 16:26:00,2010-09-22 16:26:00
13206.0,13,8377.32,7155,2009-12-07 13:48:00,2010-11-04 16:50:00
13207.0,4,535.86,178,2010-04-06 16:37:00,2011-11-24 14:52:00
13208.0,9,1988.5,1345,2009-12-03 13:25:00,2011-10-12 09:54:00
13209.0,13,8509.51,5781,2010-01-24 14:30:00,2011-11-09 13:54:00
13210.0,1,353.48,316,2011-09-07 08:18:00,2011-09-07 08:18:00
13211.0,10,2729.32,1890,2009-12-06 15:24:00,2011-11-29 14:43:00
13212.0,3,788.08,310,2011-10-09 14:48:00,2011-11-20 12:40:00
13213.0,11,3851.52,2962,2010-05-20 14:50:00,2011-10-14 11:42:00
13214.0,7,3264.23,2966,2010-03-03 14:10:00,2010-10-18 10:00:00
13215.0,1,81.6,96,2010-11-02 18:26:00,2010-11-02 18:26:00
13216.0,1,333.74,297,2011-03-17 12:18:00,2011-03-17 12:18:00
13217.0,4,666.48,512,2010-02-22 12:49:00,2011-08-09 15:32:00
13218.0,1,62.63999999999999,88,2011-08-04 16:59:00,2011-08-04 16:59:00
13219.0,1,76.23,11,2010-03-31 14:18:00,2010-03-31 14:18:00
13220.0,5,1336.0900000000001,396,2010-05-13 10:35:00,2011-09-22 13:38:00
13221.0,2,847.41,244,2010-12-15 13:24:00,2011-04-13 16:58:00
13222.0,1,88.5,30,2010-05-11 13:54:00,2010-05-11 13:54:00
13223.0,6,969.1200000000001,568,2010-02-12 13:27:00,2011-05-23 13:03:00
13224.0,2,2155.95,1518,2011-07-11 14:10:00,2011-10-10 14:55:00
13225.0,16,16260.07,7401,2009-12-17 09:09:00,2011-12-06 13:29:00
13226.0,2,312.46,179,2010-11-11 13:46:00,2011-03-11 14:35:00
13227.0,1,257.7,99,2011-05-22 11:47:00,2011-05-22 11:47:00
13228.0,1,358.0,200,2011-09-19 14:28:00,2011-09-19 14:28:00
13229.0,1,160.95,63,2011-04-28 12:07:00,2011-04-28 12:07:00
13230.0,30,6360.78,3635,2010-03-18 20:02:00,2011-12-05 16:03:00
13232.0,7,1357.6,778,2011-04-10 13:48:00,2011-11-27 10:39:00
13233.0,4,1176.46,1604,2010-01-14 14:10:00,2011-09-26 13:25:00
13234.0,2,356.95,162,2009-12-07 12:32:00,2010-02-05 11:41:00
13235.0,1,1031.07,441,2011-05-11 17:13:00,2011-05-11 17:13:00
13236.0,2,744.85,416,2011-08-25 08:58:00,2011-11-15 12:50:00
13237.0,1,643.0,128,2010-11-17 10:07:00,2010-11-17 10:07:00
13238.0,6,1006.63,442,2010-04-28 15:02:00,2011-11-22 15:37:00
13239.0,5,1594.69,1151,2010-07-25 13:34:00,2011-03-23 10:25:00
13240.0,8,1738.52,859,2010-02-25 13:17:00,2011-09-04 14:08:00
13241.0,1,115.58,48,2010-10-24 11:17:00,2010-10-24 11:17:00
13242.0,7,699.4,350,2010-02-09 13:12:00,2011-08-19 12:53:00
13243.0,5,1278.04,579,2010-03-18 13:10:00,2011-05-20 13:14:00
13244.0,1,121.74000000000001,38,2011-09-08 11:46:00,2011-09-08 11:46:00
13245.0,2,989.22,371,2010-10-03 14:03:00,2011-10-20 11:40:00
13246.0,11,3387.43,2815,2010-07-02 13:36:00,2011-11-21 16:50:00
13247.0,4,501.12,328,2011-09-18 11:31:00,2011-11-22 10:59:00
13248.0,2,465.68,305,2011-06-03 13:05:00,2011-08-07 12:40:00
13249.0,9,1608.93,1246,2010-01-24 12:11:00,2011-09-08 13:26:00
13250.0,2,256.04,108,2010-07-25 14:01:00,2010-09-05 11:33:00
13251.0,1,252.68,215,2010-11-02 13:20:00,2010-11-02 13:20:00
13252.0,2,399.3,134,2010-03-24 10:30:00,2010-11-10 16:00:00
13253.0,4,2951.11,3015,2010-01-05 12:13:00,2011-07-06 10:09:00
13254.0,1,51.410000000000004,43,2010-11-28 15:42:00,2010-11-28 15:42:00
13255.0,3,904.46,517,2010-07-15 13:20:00,2011-11-30 13:14:00
13257.0,1,149.75,33,2010-09-29 14:58:00,2010-09-29 14:58:00
13258.0,5,1035.18,451,2010-11-04 12:45:00,2011-11-28 09:31:00
13259.0,9,1433.38,517,2010-01-10 10:26:00,2011-10-09 10:48:00
13260.0,1,557.62,142,2011-10-09 13:21:00,2011-10-09 13:21:00
13261.0,2,944.1,210,2011-02-27 10:41:00,2011-03-16 12:22:00
13262.0,3,573.45,247,2010-04-18 12:14:00,2011-03-21 15:06:00
13263.0,39,8704.69,5390,2010-10-22 17:07:00,2011-12-08 13:59:00
13264.0,1,722.5600000000001,375,2010-09-23 12:42:00,2010-09-23 12:42:00
13265.0,5,2107.66,1752,2011-03-11 09:54:00,2011-10-17 15:02:00
13266.0,19,6135.04,6837,2009-12-17 10:52:00,2011-11-28 14:39:00
13267.0,36,9758.26,4104,2009-12-07 16:56:00,2011-12-07 11:12:00
13268.0,11,3214.69,3658,2011-03-17 13:20:00,2011-11-22 11:51:00
13269.0,28,8891.7,6564,2009-12-02 11:47:00,2011-12-08 14:53:00
13270.0,1,1180.0,400,2010-12-08 14:53:00,2010-12-08 14:53:00
13271.0,1,217.38,253,2011-11-02 14:31:00,2011-11-02 14:31:00
13272.0,2,276.56,96,2011-09-11 12:06:00,2011-11-08 14:00:00
13273.0,1,138.98,153,2011-08-18 14:02:00,2011-08-18 14:02:00
13274.0,1,360.85,199,2010-10-26 13:48:00,2010-10-26 13:48:00
13275.0,2,241.66,140,2010-03-17 14:05:00,2010-11-21 12:09:00
13276.0,5,1939.26,855,2010-03-07 14:05:00,2011-10-07 12:44:00
13277.0,7,523.3,382,2010-06-18 08:45:00,2011-11-24 09:21:00
13278.0,4,1435.85,1358,2010-04-08 11:59:00,2011-10-30 11:49:00
13279.0,1,137.75,73,2011-09-22 17:24:00,2011-09-22 17:24:00
13280.0,7,2322.63,1495,2010-03-05 09:07:00,2011-08-09 13:14:00
13281.0,1,350.85,201,2010-09-26 16:03:00,2010-09-26 16:03:00
13282.0,4,1313.19,410,2010-10-29 14:11:00,2011-11-21 15:33:00
13283.0,4,373.36,204,2010-03-09 14:36:00,2011-10-11 09:50:00
13284.0,1,201.19,91,2011-01-13 09:23:00,2011-01-13 09:23:00
13285.0,6,3364.59,2457,2010-03-25 14:26:00,2011-11-16 13:19:00
13286.0,1,734.91,274,2010-04-18 15:35:00,2010-04-18 15:35:00
13287.0,3,781.59,429,2010-01-04 10:43:00,2010-04-15 15:26:00
13288.0,5,927.61,379,2010-02-11 14:59:00,2010-09-22 16:32:00
13289.0,1,307.95,119,2009-12-16 11:53:00,2009-12-16 11:53:00
13290.0,1,208.63,1,2010-09-27 16:29:00,2010-09-27 16:29:00
13291.0,11,3320.84,1619,2010-02-11 18:36:00,2011-07-07 10:36:00
13292.0,5,994.51,530,2010-07-01 14:36:00,2011-11-01 10:04:00
13293.0,6,1192.94,555,2010-02-09 12:05:00,2010-11-12 13:28:00
13294.0,3,1689.53,996,2010-03-03 12:54:00,2011-06-03 08:54:00
13295.0,4,1101.97,733,2010-05-12 09:13:00,2010-12-15 11:21:00
13296.0,6,792.51,653,2010-05-11 14:29:00,2011-07-25 13:46:00
13297.0,7,4368.62,2694,2010-06-15 12:35:00,2011-12-02 09:32:00
13298.0,1,360.0,96,2011-12-08 13:11:00,2011-12-08 13:11:00
13299.0,3,1218.7,416,2010-06-29 11:30:00,2011-03-16 12:55:00
13300.0,3,1285.51,455,2010-05-14 15:56:00,2011-06-23 13:09:00
13301.0,4,618.09,345,2011-02-20 13:13:00,2011-08-28 11:25:00
13302.0,2,159.2,12,2010-07-01 12:32:00,2011-07-07 17:56:00
13303.0,1,61.72,26,2010-11-04 14:55:00,2010-11-04 14:55:00
13304.0,4,1217.99,716,2010-02-08 12:42:00,2010-12-23 14:35:00
13305.0,16,3754.71,2361,2010-03-10 14:49:00,2011-12-05 15:15:00
13306.0,1,53.65,74,2010-10-05 14:55:00,2010-10-05 14:55:00
13307.0,3,273.34,140,2010-04-26 13:28:00,2011-08-11 17:14:00
13308.0,4,1670.3700000000001,1073,2010-04-22 09:22:00,2011-11-17 09:31:00
13309.0,6,1706.3700000000001,1914,2010-11-12 12:10:00,2011-12-02 16:34:00
13310.0,5,1541.2,816,2010-11-02 17:03:00,2011-11-11 17:23:00
13311.0,2,598.57,305,2011-07-12 14:26:00,2011-12-05 12:55:00
13312.0,1,124.75,41,2010-09-14 14:36:00,2010-09-14 14:36:00
13313.0,12,3445.32,2308,2009-12-02 16:18:00,2011-11-17 16:48:00
13314.0,3,775.94,560,2011-09-27 10:20:00,2011-12-08 12:29:00
13315.0,1,310.26,232,2010-01-19 15:34:00,2010-01-19 15:34:00
13316.0,10,13191.57,21372,2010-03-10 10:01:00,2011-11-02 13:40:00
13317.0,19,6486.091,3149,2009-12-13 11:11:00,2011-10-04 13:35:00
13318.0,3,640.76,304,2011-11-02 13:26:00,2011-12-08 18:51:00
13319.0,58,22082.5,9270,2009-12-06 14:46:00,2011-12-04 13:34:00
13320.0,6,2228.1,1519,2010-08-18 10:29:00,2011-09-22 18:07:00
13321.0,2,567.36,372,2011-09-14 15:18:00,2011-09-28 15:24:00
13322.0,1,199.48000000000002,117,2011-11-22 14:21:00,2011-11-22 14:21:00
13323.0,5,787.85,175,2011-09-16 13:23:00,2011-12-06 17:12:00
13324.0,18,10513.47,8448,2010-05-25 10:23:00,2011-11-03 16:28:00
13325.0,1,675.3,240,2011-09-19 10:36:00,2011-09-19 10:36:00
13326.0,1,281.76,140,2010-10-03 16:00:00,2010-10-03 16:00:00
13327.0,20,9879.48,4479,2009-12-18 15:35:00,2011-11-01 10:21:00
13328.0,1,1308.48,680,2011-01-27 15:22:00,2011-01-27 15:22:00
13329.0,8,5112.97,3486,2009-12-04 15:41:00,2011-11-08 10:29:00
13330.0,6,2806.18,1975,2010-02-23 10:12:00,2011-09-08 12:27:00
13331.0,1,262.4,54,2010-11-03 08:04:00,2010-11-03 08:04:00
13332.0,1,350.9,179,2011-11-25 13:30:00,2011-11-25 13:30:00
13333.0,3,1015.74,685,2010-02-19 09:26:00,2010-10-24 13:24:00
13334.0,5,6263.75,3227,2010-02-25 12:21:00,2011-09-18 15:21:00
13336.0,1,795.12,559,2011-09-23 14:05:00,2011-09-23 14:05:00
13337.0,1,1575.26,980,2010-06-11 13:27:00,2010-06-11 13:27:00
13338.0,4,2445.62,1151,2010-01-05 12:25:00,2011-07-05 09:06:00
13339.0,1,860.12,326,2011-05-23 08:31:00,2011-05-23 08:31:00
13340.0,12,22100.56,9636,2010-02-22 14:54:00,2011-10-25 13:15:00
13341.0,1,775.85,301,2011-03-24 09:50:00,2011-03-24 09:50:00
13343.0,1,353.43,135,2011-06-15 12:24:00,2011-06-15 12:24:00
13344.0,3,2543.72,971,2011-03-07 10:28:00,2011-10-03 09:45:00
13345.0,1,389.5,141,2011-02-25 09:01:00,2011-02-25 09:01:00
13346.0,6,299.4,180,2010-04-22 12:34:00,2010-09-03 11:41:00
13347.0,1,341.36,205,2011-09-30 13:28:00,2011-09-30 13:28:00
13348.0,1,233.76,136,2011-10-06 17:28:00,2011-10-06 17:28:00
13349.0,1,247.32,225,2011-11-29 08:07:00,2011-11-29 08:07:00
13350.0,2,979.12,287,2011-09-21 13:33:00,2011-11-23 16:33:00
13351.0,1,373.94,117,2011-10-04 12:55:00,2011-10-04 12:55:00
13352.0,1,397.97999999999996,321,2011-10-10 13:55:00,2011-10-10 13:55:00
13354.0,1,743.53,604,2011-09-29 13:17:00,2011-09-29 13:17:00
13355.0,1,674.7,314,2011-08-09 14:48:00,2011-08-09 14:48:00
13356.0,1,768.24,325,2011-09-20 14:33:00,2011-09-20 14:33:00
13357.0,5,3838.36,2142,2010-03-22 14:30:00,2011-03-27 13:56:00
13358.0,1,439.03,285,2011-03-16 11:52:00,2011-03-16 11:52:00
13359.0,2,1043.31,381,2010-11-01 15:05:00,2011-10-07 09:30:00
13360.0,4,1553.65,942,2010-01-08 11:16:00,2010-10-04 12:37:00
13361.0,2,1450.5,324,2010-04-01 07:49:00,2010-08-24 14:56:00
13362.0,7,5394.07,2481,2010-10-10 15:27:00,2011-11-30 14:41:00
13363.0,3,1723.86,1146,2010-10-26 11:07:00,2011-11-22 12:40:00
13364.0,1,134.95999999999998,71,2011-09-29 18:13:00,2011-09-29 18:13:00
13365.0,2,2225.37,1247,2011-05-06 12:00:00,2011-11-06 12:36:00
13366.0,1,56.160000000000004,144,2011-10-20 13:37:00,2011-10-20 13:37:00
13367.0,1,510.20000000000005,253,2010-10-04 10:00:00,2010-10-04 10:00:00
13368.0,4,1121.5,606,2010-10-12 10:43:00,2011-03-28 09:59:00
13369.0,1,616.5600000000001,298,2010-12-09 11:30:00,2010-12-09 11:30:00
13370.0,1,1509.74,686,2010-12-03 10:26:00,2010-12-03 10:26:00
13371.0,2,2297.66,1019,2010-03-17 15:29:00,2010-07-22 17:33:00
13372.0,1,378.64,159,2011-09-11 12:46:00,2011-09-11 12:46:00
13373.0,6,7587.1900000000005,4263,2009-12-06 12:34:00,2011-10-10 10:51:00
13374.0,2,422.8,135,2010-09-16 10:29:00,2010-10-21 10:04:00
13375.0,2,1792.23,1124,2010-09-21 08:12:00,2011-09-12 10:19:00
13376.0,3,1019.76,493,2011-04-19 13:03:00,2011-09-01 16:16:00
13377.0,2,1552.88,748,2010-03-04 10:06:00,2010-11-08 12:20:00
13379.0,3,572.56,601,2011-07-26 12:26:00,2011-11-13 13:45:00
13380.0,1,62.4,48,2010-10-03 10:18:00,2010-10-03 10:18:00
13381.0,12,8224.37,5125,2009-12-01 15:19:00,2011-11-08 11:58:00
13382.0,5,1387.58,863,2009-12-08 09:56:00,2011-03-04 10:03:00
13383.0,1,305.28000000000003,288,2010-06-14 11:45:00,2010-06-14 11:45:00
13384.0,11,6680.83,4142,2010-07-27 12:22:00,2011-11-09 11:04:00
13385.0,1,534.57,281,2011-01-14 09:52:00,2011-01-14 09:52:00
13386.0,2,835.46,514,2010-09-28 13:09:00,2010-10-21 12:52:00
13387.0,1,189.44,125,2010-10-18 14:07:00,2010-10-18 14:07:00
13388.0,3,1185.65,701,2010-04-15 10:18:00,2011-07-31 12:52:00
13389.0,3,797.96,429,2011-04-21 12:12:00,2011-11-28 14:01:00
13390.0,1,544.08,224,2011-09-26 08:38:00,2011-09-26 08:38:00
13391.0,1,59.8,4,2011-05-20 10:50:00,2011-05-20 10:50:00
13392.0,1,91.14,82,2010-01-31 13:34:00,2010-01-31 13:34:00
13393.0,4,1131.45,662,2009-12-07 18:12:00,2010-05-05 09:34:00
13394.0,19,6621.7,5354,2009-12-01 11:58:00,2011-12-08 11:36:00
13395.0,3,1180.23,1660,2010-10-14 13:00:00,2011-06-07 15:04:00
13396.0,2,1360.99,600,2011-01-24 13:37:00,2011-11-10 16:59:00
13397.0,10,3191.87,1336,2010-01-20 09:50:00,2011-09-28 10:56:00
13398.0,2,670.34,341,2010-09-17 09:34:00,2011-05-31 13:17:00
13399.0,3,275.4,120,2010-07-08 17:47:00,2010-09-01 13:59:00
13400.0,1,310.83,284,2010-05-06 09:00:00,2010-05-06 09:00:00
13402.0,4,1535.13,1107,2010-05-24 10:56:00,2011-08-04 15:51:00
13403.0,3,229.5,114,2009-12-16 13:23:00,2011-11-22 08:28:00
13404.0,2,252.49,111,2011-05-11 11:57:00,2011-12-08 15:37:00
13405.0,6,1213.811,855,2009-12-15 14:13:00,2011-09-26 17:01:00
13406.0,2,568.92,292,2010-03-18 07:29:00,2010-10-08 14:44:00
13407.0,3,2244.7,1690,2010-02-16 11:13:00,2010-05-10 12:41:00
13408.0,106,51733.462,29499,2009-12-04 09:31:00,2011-12-08 09:05:00
13410.0,9,2201.96,1244,2009-12-08 13:43:00,2011-11-15 15:33:00
13411.0,1,213.55,72,2011-08-24 13:57:00,2011-08-24 13:57:00
13412.0,1,487.34999999999997,176,2010-03-29 16:28:00,2010-03-29 16:28:00
13413.0,6,429.44,455,2010-01-21 17:43:00,2010-03-10 12:17:00
13414.0,6,2494.14,2702,2010-04-15 17:00:00,2011-07-29 11:45:00
13415.0,4,800.67,502,2009-12-11 14:20:00,2010-08-24 11:38:00
13416.0,3,940.8000000000001,208,2009-12-03 13:02:00,2011-10-27 08:56:00
13417.0,6,1669.49,532,2010-02-08 12:39:00,2011-12-05 08:49:00
13418.0,31,12233.6,7606,2009-12-11 12:51:00,2011-11-28 10:23:00
13419.0,1,221.06,275,2011-10-07 12:49:00,2011-10-07 12:49:00
13420.0,2,159.85,101,2011-06-22 11:35:00,2011-07-13 08:48:00
13421.0,8,4103.12,2420,2010-02-14 14:45:00,2011-10-30 14:21:00
13422.0,1,2626.3,1326,2011-10-06 13:42:00,2011-10-06 13:42:00
13423.0,1,217.03,141,2010-10-07 09:02:00,2010-10-07 09:02:00
13424.0,1,572.77,529,2010-09-16 10:49:00,2010-09-16 10:49:00
13425.0,5,3403.63,2382,2010-05-09 14:35:00,2011-08-23 17:13:00
13426.0,22,8167.38,4868,2009-12-09 15:16:00,2011-12-09 08:59:00
13427.0,6,1006.53,880,2009-12-17 13:44:00,2011-11-20 13:02:00
13428.0,3,499.98,366,2010-07-13 13:20:00,2011-11-29 14:20:00
13429.0,4,1006.8,1390,2011-09-25 15:59:00,2011-11-29 09:10:00
13430.0,2,679.45,751,2011-09-14 14:26:00,2011-11-21 08:19:00
13431.0,8,3316.24,1570,2010-02-18 11:53:00,2011-10-03 13:49:00
13432.0,2,439.1,217,2010-04-06 14:42:00,2010-05-17 13:18:00
13433.0,4,658.3199999999999,190,2010-01-12 08:59:00,2010-07-26 16:55:00
13434.0,5,1666.8600000000001,864,2010-02-22 09:54:00,2011-09-26 14:30:00
13435.0,9,4475.2300000000005,2791,2010-07-27 16:56:00,2011-12-04 14:45:00
13436.0,1,196.89,76,2011-12-08 10:33:00,2011-12-08 10:33:00
13437.0,7,3408.06,1283,2011-06-02 14:30:00,2011-11-25 14:00:00
13438.0,1,46.5,10,2010-06-10 18:46:00,2010-06-10 18:46:00
13439.0,3,986.61,952,2010-07-01 14:36:00,2011-03-29 14:20:00
13440.0,7,1295.25,573,2010-09-14 10:34:00,2010-10-12 13:11:00
13441.0,2,720.9,520,2010-10-04 10:38:00,2011-09-09 09:38:00
13442.0,3,419.87,115,2009-12-01 14:59:00,2010-02-10 14:03:00
13443.0,6,1280.16,809,2010-01-31 13:30:00,2010-09-17 12:31:00
13444.0,2,631.6800000000001,337,2010-07-21 14:34:00,2010-11-30 13:02:00
13445.0,1,241.89999999999998,198,2010-03-23 15:34:00,2010-03-23 15:34:00
13446.0,11,3881.89,2403,2010-02-14 11:52:00,2010-10-05 18:51:00
13447.0,3,1129.14,584,2011-11-04 10:10:00,2011-11-16 13:38:00
13448.0,13,9240.87,4404,2009-12-06 12:14:00,2011-11-23 12:33:00
13449.0,1,291.88,222,2011-11-16 08:28:00,2011-11-16 08:28:00
13450.0,13,4120.04,4318,2010-04-15 19:15:00,2011-11-13 11:54:00
13451.0,11,7190.92,5268,2010-03-21 16:13:00,2011-11-13 15:58:00
13452.0,3,729.8,6,2010-08-24 09:53:00,2011-03-25 14:19:00
13453.0,3,781.6899999999999,341,2010-11-02 13:23:00,2011-06-27 09:34:00
13454.0,1,219.87,198,2010-03-08 14:40:00,2010-03-08 14:40:00
13455.0,6,2905.93,985,2009-12-09 08:58:00,2011-11-15 11:21:00
13456.0,6,1766.72,765,2011-05-16 15:34:00,2011-11-22 09:18:00
13457.0,2,148.22,96,2009-12-02 12:46:00,2010-01-20 08:48:00
13458.0,16,11959.27,6760,2010-11-16 14:01:00,2011-12-02 15:29:00
13459.0,2,1160.4099999999999,986,2010-01-26 13:35:00,2010-03-25 10:24:00
13460.0,2,183.44,286,2011-10-21 09:50:00,2011-11-10 17:17:00
13461.0,6,4160.0,3132,2010-04-21 16:01:00,2011-11-01 09:01:00
13462.0,5,1153.85,697,2009-12-14 09:48:00,2011-04-01 11:20:00
13464.0,6,3097.64,1440,2010-03-31 15:22:00,2011-10-12 15:01:00
13465.0,2,931.12,584,2010-05-02 15:30:00,2010-09-19 15:13:00
13466.0,5,1013.35,660,2010-03-21 13:50:00,2011-06-08 16:39:00
13467.0,2,1083.71,584,2011-11-03 16:56:00,2011-11-29 10:01:00
13468.0,72,13390.51,5824,2009-12-03 13:32:00,2011-12-08 10:39:00
13469.0,1,82.4,52,2010-02-24 15:03:00,2010-02-24 15:03:00
13470.0,2,165.0,100,2011-08-16 17:06:00,2011-09-01 14:57:00
13471.0,4,2531.58,1590,2011-10-23 13:10:00,2011-12-08 15:44:00
13472.0,2,592.24,310,2010-06-02 09:48:00,2010-09-02 09:41:00
13473.0,8,2657.7599999999998,1000,2009-12-15 19:02:00,2011-10-10 11:20:00
13474.0,3,663.79,334,2010-08-01 14:40:00,2011-04-17 13:53:00
13475.0,4,1431.78,1012,2011-02-14 12:36:00,2011-06-01 13:52:00
13476.0,5,2061.4700000000003,713,2010-03-05 09:39:00,2011-06-14 12:00:00
13477.0,11,2834.17,2095,2010-01-25 11:52:00,2011-11-02 12:04:00
13478.0,5,2215.78,1189,2010-01-31 15:51:00,2010-08-27 13:23:00
13479.0,4,851.37,716,2010-08-19 16:18:00,2011-05-23 10:45:00
13480.0,2,627.82,362,2010-01-29 12:35:00,2010-10-19 11:53:00
13481.0,11,3830.84,2055,2009-12-04 12:37:00,2011-10-25 09:07:00
13482.0,2,336.09,187,2010-03-22 10:31:00,2011-04-21 17:03:00
13483.0,1,140.34,160,2011-10-05 11:53:00,2011-10-05 11:53:00
13484.0,3,790.72,224,2010-03-10 11:46:00,2011-04-12 16:30:00
13485.0,11,3019.2200000000003,1798,2009-12-03 13:46:00,2011-04-20 13:58:00
13486.0,3,1122.41,669,2011-07-07 17:19:00,2011-09-22 13:13:00
13487.0,5,846.87,362,2009-12-05 10:25:00,2011-10-13 12:07:00
13488.0,23,15587.88,7891,2010-01-25 10:13:00,2011-11-22 14:41:00
13489.0,4,449.52,560,2011-02-18 10:42:00,2011-08-26 13:16:00
13490.0,1,154.25,25,2010-02-23 14:48:00,2010-02-23 14:48:00
13491.0,27,4566.56,2385,2009-12-07 08:24:00,2011-10-19 08:32:00
13492.0,3,1269.84,408,2011-05-09 10:06:00,2011-07-26 14:25:00
13493.0,2,618.63,380,2011-02-25 16:42:00,2011-03-09 15:35:00
13494.0,1,316.26000000000005,162,2011-02-01 11:58:00,2011-02-01 11:58:00
13495.0,10,5374.26,2674,2009-12-07 12:12:00,2011-12-02 11:21:00
13496.0,2,653.33,341,2010-12-15 10:17:00,2011-11-29 10:58:00
13497.0,6,1320.33,579,2010-02-08 10:27:00,2011-03-02 09:04:00
13498.0,1,327.38,362,2009-12-09 15:26:00,2009-12-09 15:26:00
13499.0,5,1159.11,1365,2011-03-15 08:52:00,2011-11-22 11:21:00
13500.0,4,1466.3,838,2010-11-03 13:16:00,2011-11-16 15:35:00
13501.0,3,2885.11,1253,2010-05-18 13:24:00,2011-02-24 18:59:00
13502.0,5,780.5,490,2010-06-09 10:52:00,2011-11-23 10:39:00
13503.0,6,1905.39,1118,2010-02-16 13:49:00,2011-09-29 13:23:00
13504.0,1,295.93,178,2011-10-06 13:20:00,2011-10-06 13:20:00
13505.0,4,4393.63,2486,2011-04-21 12:07:00,2011-09-28 11:56:00
13506.0,5,1639.2,1174,2010-09-05 12:33:00,2011-01-27 13:53:00
13507.0,4,2479.16,1597,2011-07-17 11:50:00,2011-12-06 13:13:00
13508.0,2,287.05,180,2010-03-07 11:58:00,2011-04-10 11:58:00
13509.0,8,1114.72,1214,2010-07-20 12:10:00,2011-12-01 10:10:00
13510.0,11,4558.29,3044,2009-12-21 11:53:00,2011-12-08 13:46:00
13511.0,1,282.76,60,2010-02-01 12:10:00,2010-02-01 12:10:00
13512.0,4,713.39,419,2010-05-05 13:22:00,2011-03-24 10:03:00
13513.0,3,824.59,364,2010-02-22 16:36:00,2011-08-05 11:50:00
13514.0,4,815.9000000000001,288,2010-01-26 15:11:00,2011-09-27 09:39:00
13515.0,6,1265.82,819,2010-03-05 11:58:00,2011-09-28 11:26:00
13516.0,4,1685.26,1114,2010-10-18 08:52:00,2011-11-18 13:15:00
13517.0,3,2128.42,1369,2011-06-13 08:44:00,2011-10-11 11:43:00
13518.0,1,659.4399999999999,392,2011-09-15 10:29:00,2011-09-15 10:29:00
13519.0,2,343.21,133,2010-09-23 11:45:00,2011-09-22 18:24:00
13520.0,11,6909.4,3289,2009-12-17 11:11:00,2011-10-12 10:20:00
13521.0,3,1093.65,736,2011-11-29 15:09:00,2011-12-08 13:50:00
13522.0,1,125.80000000000001,44,2011-11-09 15:11:00,2011-11-09 15:11:00
13523.0,6,5101.52,2354,2010-11-02 14:55:00,2011-11-06 15:11:00
13524.0,5,680.1800000000001,324,2011-05-04 12:26:00,2011-10-30 12:34:00
13525.0,2,628.78,394,2011-04-05 15:36:00,2011-11-25 12:01:00
13526.0,2,1182.0,1911,2009-12-01 12:56:00,2009-12-01 13:13:00
13527.0,12,4683.74,2762,2010-01-21 12:37:00,2011-11-06 12:04:00
13529.0,2,307.76,74,2011-05-19 11:50:00,2011-09-22 09:15:00
13530.0,1,402.97999999999996,272,2010-03-15 14:10:00,2010-03-15 14:10:00
13531.0,6,1738.52,600,2009-12-03 15:20:00,2011-05-18 16:56:00
13532.0,1,210.31,129,2011-11-06 12:25:00,2011-11-06 12:25:00
13533.0,3,270.79,204,2011-03-17 12:47:00,2011-06-10 11:54:00
13534.0,35,7720.9,3869,2010-07-07 15:00:00,2011-12-07 14:52:00
13535.0,1,89.5,10,2010-11-02 11:49:00,2010-11-02 11:49:00
13536.0,7,3448.29,2136,2011-09-25 13:30:00,2011-12-08 16:38:00
13537.0,2,717.85,337,2010-09-14 10:41:00,2010-10-10 12:45:00
13538.0,12,3112.73,963,2010-02-02 12:47:00,2011-10-27 16:34:00
13539.0,7,1569.3600000000001,710,2010-04-28 12:04:00,2011-09-15 10:18:00
13540.0,3,632.39,189,2010-02-22 09:22:00,2010-08-29 14:20:00
13541.0,2,785.25,279,2010-05-18 16:15:00,2010-10-08 16:37:00
13542.0,17,4006.17,815,2009-12-10 19:53:00,2010-11-28 11:24:00
13543.0,2,1439.6100000000001,329,2010-01-21 14:30:00,2010-03-15 13:34:00
13544.0,6,829.0,358,2010-03-05 11:31:00,2011-10-31 11:57:00
13545.0,2,374.64,257,2010-06-13 11:49:00,2010-11-14 11:27:00
13546.0,5,1092.14,589,2010-10-11 17:23:00,2011-11-27 14:50:00
13547.0,1,175.53,82,2010-10-27 14:14:00,2010-10-27 14:14:00
13548.0,3,908.99,565,2010-08-25 13:44:00,2011-09-04 14:50:00
13549.0,8,1005.8,554,2010-11-17 12:17:00,2011-11-14 09:20:00
13550.0,1,349.51,454,2010-11-21 15:24:00,2010-11-21 15:24:00
13551.0,2,244.2,36,2010-02-11 15:01:00,2011-01-24 14:46:00
13552.0,22,6978.92,2654,2010-02-19 13:28:00,2011-10-04 15:19:00
13553.0,1,517.8,206,2010-02-03 12:21:00,2010-02-03 12:21:00
13554.0,7,1638.28,581,2010-09-19 12:39:00,2010-11-24 15:05:00
13555.0,13,8999.19,4827,2010-01-19 13:20:00,2011-09-27 12:36:00
13556.0,2,200.82,134,2010-09-30 09:01:00,2010-10-06 16:44:00
13557.0,13,3032.26,2398,2009-12-08 17:41:00,2011-11-11 15:24:00
13558.0,4,605.06,344,2011-10-02 13:01:00,2011-12-04 11:24:00
13559.0,2,990.0,360,2010-06-14 11:52:00,2010-07-15 09:52:00
13560.0,1,174.37,64,2011-12-02 13:11:00,2011-12-02 13:11:00
13561.0,11,1820.72,1136,2010-02-28 13:42:00,2011-05-08 12:39:00
13562.0,8,4838.18,1603,2010-01-14 16:33:00,2011-09-19 10:51:00
13563.0,2,777.53,209,2011-07-22 17:21:00,2011-09-16 14:45:00
13564.0,37,17249.55,9251,2009-12-02 11:55:00,2011-07-18 14:33:00
13565.0,3,414.8,260,2010-10-24 15:51:00,2011-11-20 14:33:00
13566.0,5,1708.1200000000001,1266,2010-03-10 12:22:00,2011-10-30 11:59:00
13567.0,4,1083.69,645,2010-06-16 12:48:00,2010-10-07 12:51:00
13568.0,1,192.85,70,2011-06-19 14:42:00,2011-06-19 14:42:00
13569.0,4,893.78,402,2010-10-07 13:05:00,2011-11-22 13:07:00
13570.0,1,239.49,161,2011-04-10 13:36:00,2011-04-10 13:36:00
13571.0,26,4546.54,3197,2009-12-08 13:02:00,2011-11-27 10:47:00
13572.0,1,1384.25,534,2011-05-18 11:59:00,2011-05-18 11:59:00
13573.0,6,916.47,660,2010-03-12 16:06:00,2011-10-20 14:33:00
13574.0,1,421.25,316,2010-10-24 13:28:00,2010-10-24 13:28:00
13575.0,5,732.0699999999999,449,2011-06-16 14:24:00,2011-11-16 13:14:00
13576.0,28,11551.74,4614,2009-12-08 15:12:00,2011-11-29 15:34:00
13577.0,11,3489.28,1661,2009-12-14 16:10:00,2011-11-14 15:19:00
13578.0,1,147.66,127,2010-10-26 13:44:00,2010-10-26 13:44:00
13579.0,5,1539.04,764,2010-02-18 13:53:00,2011-11-25 08:41:00
13580.0,1,107.75,45,2010-10-29 15:01:00,2010-10-29 15:01:00
13581.0,2,280.53000000000003,119,2010-10-21 16:30:00,2011-02-03 14:41:00
13582.0,2,241.68,106,2010-04-01 11:38:00,2010-11-15 11:34:00
13583.0,2,1445.031,1097,2010-01-29 13:53:00,2011-07-07 10:40:00
13584.0,3,392.45,363,2010-02-02 08:40:00,2011-02-06 12:49:00
13585.0,3,684.54,1386,2009-12-01 14:56:00,2010-06-27 12:33:00
13586.0,1,131.53,39,2010-06-16 13:47:00,2010-06-16 13:47:00
13587.0,4,1673.5,664,2010-02-14 13:17:00,2011-10-07 12:31:00
13588.0,9,2478.95,2606,2011-03-29 15:53:00,2011-11-24 10:42:00
13589.0,6,1120.74,293,2009-12-06 10:26:00,2011-11-25 12:10:00
13590.0,18,6349.59,5276,2009-12-01 13:37:00,2011-11-28 12:54:00
13591.0,7,2093.94,850,2009-12-14 15:44:00,2011-10-06 12:26:00
13592.0,4,247.95999999999998,84,2011-03-20 14:01:00,2011-11-04 09:49:00
13593.0,14,5523.6900000000005,2190,2010-03-02 16:36:00,2011-08-23 13:35:00
13594.0,2,533.32,396,2010-08-11 10:23:00,2011-10-18 10:19:00
13595.0,3,818.22,353,2010-03-03 14:42:00,2010-07-11 12:36:00
13596.0,2,697.04,406,2011-11-27 11:57:00,2011-12-04 12:01:00
13597.0,2,396.71,231,2010-11-02 09:30:00,2010-11-04 14:54:00
13598.0,5,789.59,401,2010-02-26 11:22:00,2011-10-23 14:28:00
13599.0,33,10167.630000000001,6494,2009-12-01 12:30:00,2011-12-08 16:10:00
13600.0,2,518.42,599,2010-03-15 17:16:00,2011-01-31 15:27:00
13601.0,4,1185.14,972,2010-06-11 15:03:00,2011-10-25 17:31:00
13602.0,4,1025.17,538,2010-05-28 11:49:00,2011-10-06 11:47:00
13603.0,1,164.34,164,2011-11-13 15:57:00,2011-11-13 15:57:00
13604.0,1,717.62,242,2010-02-19 12:02:00,2010-02-19 12:02:00
13605.0,2,522.67,425,2010-05-17 15:46:00,2010-11-17 17:16:00
13606.0,3,280.53999999999996,279,2011-02-01 11:42:00,2011-11-10 17:46:00
13607.0,2,1078.31,468,2010-11-02 11:48:00,2011-10-30 16:17:00
13608.0,1,236.2,113,2010-06-17 12:28:00,2010-06-17 12:28:00
13609.0,1,167.35,19,2010-04-25 13:26:00,2010-04-25 13:26:00
13610.0,14,2175.88,909,2010-01-05 14:12:00,2011-11-27 15:38:00
13611.0,10,3319.53,2002,2009-12-03 07:57:00,2011-09-11 14:51:00
13612.0,1,818.29,444,2010-03-17 12:14:00,2010-03-17 12:14:00
13613.0,5,1039.8500000000001,445,2010-02-17 12:40:00,2010-09-13 12:01:00
13614.0,6,2359.19,828,2010-06-06 13:42:00,2011-11-15 14:47:00
13615.0,8,6272.53,2910,2010-01-28 15:43:00,2011-01-25 08:21:00
13616.0,2,288.1,175,2010-01-17 14:56:00,2010-05-20 12:59:00
13617.0,8,1278.75,593,2010-08-01 15:23:00,2011-10-30 13:50:00
13618.0,1,177.34,246,2011-06-19 11:09:00,2011-06-19 11:09:00
13619.0,2,231.69,84,2010-02-03 14:16:00,2010-06-13 11:39:00
13620.0,1,112.34,74,2010-06-29 15:02:00,2010-06-29 15:02:00
13621.0,1,213.85,343,2011-08-15 08:26:00,2011-08-15 08:26:00
13622.0,1,658.95,379,2010-01-12 13:22:00,2010-01-12 13:22:00
13623.0,10,2566.49,1023,2009-12-02 13:57:00,2011-11-09 12:00:00
13624.0,1,462.08,820,2010-11-16 13:43:00,2010-11-16 13:43:00
13625.0,1,301.26,144,2010-04-22 10:50:00,2010-04-22 10:50:00
13626.0,2,707.04,398,2010-11-25 16:12:00,2011-04-01 10:05:00
13627.0,7,2245.9,1632,2010-03-09 14:03:00,2011-10-11 14:20:00
13628.0,1,310.14,106,2010-02-01 14:44:00,2010-02-01 14:44:00
13629.0,19,13370.86,7722,2010-02-11 17:34:00,2011-11-16 13:21:00
13630.0,7,2031.78,1391,2011-02-27 12:49:00,2011-12-04 15:16:00
13631.0,11,3070.42,467,2011-03-17 17:13:00,2011-09-01 09:57:00
13632.0,8,3648.15,1639,2010-04-07 10:59:00,2011-11-15 10:51:00
13634.0,16,5073.47,2096,2010-01-10 14:26:00,2011-11-06 13:40:00
13635.0,4,2999.16,1884,2009-12-01 09:46:00,2011-10-03 10:55:00
13636.0,5,949.12,592,2011-02-27 14:29:00,2011-11-03 10:30:00
13637.0,3,810.5,409,2011-04-27 13:06:00,2011-10-18 13:32:00
13638.0,1,122.64,93,2011-11-24 10:38:00,2011-11-24 10:38:00
13639.0,2,1346.27,997,2010-09-29 10:05:00,2011-09-26 13:36:00
13640.0,1,405.0,108,2010-04-07 15:33:00,2010-04-07 15:33:00
13641.0,5,1016.47,1098,2009-12-05 13:17:00,2010-03-09 07:37:00
13642.0,4,514.72,253,2010-10-03 12:23:00,2011-05-08 12:34:00
13643.0,10,2156.77,902,2009-12-08 12:48:00,2011-11-08 15:37:00
13644.0,4,2624.26,2067,2011-08-26 11:53:00,2011-11-23 14:07:00
13645.0,1,252.1,158,2011-08-11 16:11:00,2011-08-11 16:11:00
13646.0,2,326.25,79,2010-11-05 12:00:00,2010-11-05 12:13:00
13647.0,8,3071.68,1803,2010-04-15 12:55:00,2011-11-30 12:00:00
13648.0,8,1764.02,960,2009-12-01 18:13:00,2010-11-04 14:46:00
13649.0,6,1678.88,863,2010-06-30 16:35:00,2011-03-28 11:51:00
13650.0,10,3288.0,1746,2010-01-26 08:44:00,2011-11-23 12:22:00
13651.0,3,226.85,62,2010-11-23 09:44:00,2011-11-04 14:59:00
13652.0,5,2570.85,1570,2010-02-25 17:37:00,2011-10-25 08:51:00
13653.0,1,152.2,72,2010-08-09 08:19:00,2010-08-09 08:19:00
13654.0,11,6308.0,4762,2009-12-02 11:43:00,2011-10-27 16:24:00
13655.0,6,2280.51,1225,2010-04-27 09:59:00,2011-08-17 14:25:00
13656.0,4,1078.85,862,2010-04-23 12:50:00,2011-06-28 10:31:00
13657.0,2,382.14,209,2011-05-22 12:35:00,2011-11-29 12:32:00
13658.0,9,6025.5,2171,2010-02-05 13:17:00,2011-11-30 10:13:00
13659.0,12,4894.88,2539,2010-02-17 09:05:00,2011-05-18 12:37:00
13660.0,1,314.59,137,2010-11-04 16:10:00,2010-11-04 16:10:00
13661.0,1,325.24,118,2010-04-15 14:58:00,2010-04-15 14:58:00
13662.0,11,2250.11,1179,2010-02-19 13:21:00,2011-09-15 12:04:00
13663.0,5,2047.51,893,2010-03-03 10:11:00,2011-06-13 15:44:00
13665.0,3,1711.6599999999999,1652,2010-07-23 13:29:00,2010-11-18 13:06:00
13666.0,5,127.89999999999999,54,2009-12-04 10:48:00,2011-10-10 15:39:00
13667.0,1,305.02,154,2011-07-13 15:42:00,2011-07-13 15:42:00
13668.0,35,13089.94,6133,2009-12-11 14:28:00,2011-12-07 12:11:00
13669.0,3,413.55,393,2010-10-28 15:05:00,2011-10-20 09:32:00
13670.0,1,349.7,282,2011-09-25 15:25:00,2011-09-25 15:25:00
13671.0,1,194.95,107,2010-11-10 10:50:00,2010-11-10 10:50:00
13672.0,3,419.92,138,2009-12-09 11:40:00,2011-02-11 13:53:00
13673.0,2,396.92,119,2011-11-07 15:40:00,2011-11-21 12:11:00
13674.0,1,240.68,102,2010-10-03 10:41:00,2010-10-03 10:41:00
13675.0,2,486.82000000000005,330,2011-02-28 12:14:00,2011-07-11 12:57:00
13676.0,2,243.9,104,2010-03-30 16:53:00,2010-06-18 17:30:00
13677.0,2,556.1899999999999,218,2010-07-07 17:25:00,2010-10-31 11:32:00
13678.0,1,232.6,924,2011-07-11 10:14:00,2011-07-11 10:14:00
13679.0,3,281.26,102,2009-12-04 16:52:00,2010-08-03 12:13:00
13680.0,12,11435.67,5252,2009-12-04 14:14:00,2011-12-08 13:47:00
13681.0,4,827.83,360,2011-07-07 15:21:00,2011-11-22 11:13:00
13682.0,1,59.5,10,2011-06-05 14:06:00,2011-06-05 14:06:00
13683.0,1,258.6,180,2010-09-08 10:00:00,2010-09-08 10:00:00
13684.0,4,596.98,235,2010-03-28 14:48:00,2011-02-27 10:13:00
13685.0,7,3119.44,5056,2011-10-10 12:59:00,2011-12-07 11:41:00
13686.0,3,409.04,378,2010-11-03 13:44:00,2011-06-10 09:10:00
13687.0,1,11880.84,87167,2010-09-27 16:30:00,2010-09-27 16:30:00
13688.0,1,375.5,130,2010-03-14 14:11:00,2010-03-14 14:11:00
13689.0,2,1259.5,722,2010-09-21 10:27:00,2011-10-07 13:21:00
13690.0,1,172.25,67,2011-10-11 15:03:00,2011-10-11 15:03:00
13691.0,1,212.78,145,2010-11-08 17:34:00,2010-11-08 17:34:00
13692.0,5,3114.4,2101,2010-10-15 13:28:00,2011-11-15 11:17:00
13693.0,9,2011.82,880,2009-12-07 11:29:00,2010-11-30 18:21:00
13694.0,143,196482.81,189205,2009-12-04 15:26:00,2011-12-06 09:32:00
13695.0,16,2770.73,1791,2010-05-11 11:07:00,2011-11-08 14:26:00
13696.0,3,2020.4,552,2010-02-11 14:17:00,2010-10-14 09:44:00
13697.0,1,151.29999999999998,177,2011-11-01 09:14:00,2011-11-01 09:14:00
13698.0,2,465.53000000000003,231,2010-01-27 09:02:00,2010-04-22 11:52:00
13699.0,2,764.15,219,2010-06-07 13:03:00,2011-07-07 16:51:00
13700.0,13,2613.46,2809,2010-02-07 10:53:00,2011-11-13 13:00:00
13701.0,1,161.0,80,2010-09-19 12:39:00,2010-09-19 12:39:00
13702.0,1,135.18,74,2010-09-20 11:40:00,2010-09-20 11:40:00
13703.0,2,425.56,128,2010-10-20 13:11:00,2011-01-25 13:10:00
13704.0,9,2308.06,1531,2011-09-12 14:40:00,2011-12-04 15:13:00
13705.0,7,2035.33,1009,2010-03-25 17:19:00,2011-12-02 12:32:00
13706.0,2,631.17,301,2010-03-23 09:18:00,2011-02-10 09:21:00
13707.0,5,3365.86,2210,2010-06-21 11:57:00,2011-03-17 18:03:00
13708.0,1,296.88,306,2011-03-13 13:46:00,2011-03-13 13:46:00
13709.0,18,7591.75,4130,2010-01-11 10:40:00,2011-12-06 10:28:00
13710.0,3,509.52,336,2010-04-06 12:54:00,2011-11-08 08:16:00
13711.0,9,1792.26,819,2009-12-15 19:04:00,2011-05-05 10:31:00
13712.0,2,766.42,1128,2010-04-08 11:16:00,2011-04-07 12:33:00
13713.0,3,743.26,286,2010-05-05 16:48:00,2010-10-27 16:18:00
13714.0,1,161.35,50,2010-08-31 13:57:00,2010-08-31 13:57:00
13715.0,17,8483.29,4934,2010-03-11 15:33:00,2011-03-03 19:21:00
13716.0,1,138.28,138,2011-03-15 13:49:00,2011-03-15 13:49:00
13717.0,8,1763.3,2144,2010-08-11 09:40:00,2011-11-07 14:13:00
13718.0,2,306.55,173,2011-02-17 11:58:00,2011-04-07 13:24:00
13719.0,11,2815.25,1599,2010-05-17 14:36:00,2011-11-24 15:26:00
13720.0,4,799.9,501,2011-03-30 09:17:00,2011-08-15 12:46:00
13721.0,2,741.54,512,2010-11-09 17:59:00,2011-11-03 14:05:00
13722.0,10,5635.41,3059,2010-03-03 14:13:00,2011-07-31 12:44:00
13723.0,6,1209.2,629,2010-04-07 14:32:00,2011-05-06 17:04:00
13724.0,1,213.01,130,2010-03-12 15:28:00,2010-03-12 15:28:00
13725.0,8,1980.56,806,2011-02-04 12:18:00,2011-10-21 10:03:00
13726.0,2,1079.6599999999999,1054,2011-08-31 11:06:00,2011-11-01 10:49:00
13727.0,8,1080.05,370,2009-12-09 13:25:00,2011-11-11 09:46:00
13728.0,16,2855.17,1269,2009-12-09 17:13:00,2011-11-03 10:49:00
13729.0,3,724.73,419,2010-01-24 14:57:00,2010-09-30 10:44:00
13730.0,2,752.6,488,2011-07-01 12:47:00,2011-07-27 08:35:00
13731.0,2,610.59,278,2011-04-07 10:10:00,2011-05-04 14:33:00
13732.0,1,491.86,498,2011-11-11 15:49:00,2011-11-11 15:49:00
13733.0,2,487.03000000000003,335,2009-12-04 15:28:00,2010-10-25 12:18:00
13734.0,4,6701.640000000001,303,2010-04-16 08:42:00,2010-07-19 12:04:00
13735.0,13,9813.22,4158,2009-12-13 13:31:00,2011-11-15 11:14:00
13736.0,7,2766.21,1552,2009-12-06 12:07:00,2011-12-04 15:19:00
13737.0,1,339.59999999999997,125,2011-05-23 16:32:00,2011-05-23 16:32:00
13738.0,1,440.93,240,2010-11-08 15:23:00,2010-11-08 15:23:00
13739.0,2,292.2,76,2010-06-30 10:25:00,2011-11-21 13:35:00
13740.0,5,1597.77,991,2009-12-02 12:22:00,2011-04-13 10:32:00
13741.0,3,668.4300000000001,218,2011-05-06 13:43:00,2011-09-29 09:19:00
13742.0,12,3131.02,1124,2011-01-23 14:59:00,2011-11-23 11:07:00
13743.0,7,1341.6,1776,2011-03-25 14:46:00,2011-12-07 10:09:00
13744.0,2,1156.36,1249,2011-02-20 14:08:00,2011-09-05 15:19:00
13745.0,2,777.36,1146,2010-06-11 17:19:00,2011-06-30 16:43:00
13746.0,1,176.69,83,2010-10-22 11:55:00,2010-10-22 11:55:00
13747.0,2,249.39999999999998,68,2010-10-11 09:15:00,2010-12-01 10:37:00
13748.0,9,2268.35,1108,2009-12-01 16:44:00,2011-09-05 09:45:00
13750.0,11,3602.1800000000003,1370,2010-04-01 14:49:00,2011-10-17 12:16:00
13751.0,1,296.25,152,2011-02-24 15:56:00,2011-02-24 15:56:00
13752.0,7,1590.73,1007,2010-06-30 10:23:00,2011-08-07 14:16:00
13753.0,4,2094.57,1450,2009-12-03 10:20:00,2011-02-25 12:48:00
13754.0,3,447.05,315,2010-09-28 15:29:00,2011-07-11 11:51:00
13755.0,9,2161.35,1264,2011-10-07 15:45:00,2011-12-06 12:26:00
13756.0,23,9207.5,5441,2009-12-15 15:18:00,2011-12-07 16:44:00
13757.0,1,195.55,54,2010-02-03 12:37:00,2010-02-03 12:37:00
13758.0,15,9416.98,5068,2009-12-01 10:06:00,2011-11-28 11:11:00
13759.0,2,659.4100000000001,287,2011-09-29 15:40:00,2011-11-06 14:47:00
13760.0,5,1363.6399999999999,623,2010-04-25 13:10:00,2011-10-16 16:13:00
13761.0,6,1952.17,1079,2010-02-21 11:08:00,2011-10-20 14:01:00
13762.0,5,2472.48,2608,2010-01-10 12:13:00,2011-05-05 09:15:00
13763.0,3,5217.4400000000005,3224,2010-09-30 17:39:00,2011-10-07 15:13:00
13764.0,6,2953.26,2099,2010-03-07 12:56:00,2011-09-30 12:03:00
13765.0,1,352.821,297,2010-02-24 13:46:00,2010-02-24 13:46:00
13766.0,1,190.35,137,2010-08-01 14:25:00,2010-08-01 14:25:00
13767.0,73,35540.53,15235,2009-12-01 10:52:00,2011-12-07 15:00:00
13768.0,2,875.97,373,2009-12-09 10:25:00,2009-12-13 10:41:00
13769.0,20,5800.42,2574,2009-12-16 11:59:00,2011-12-07 15:08:00
13770.0,4,785.37,468,2009-12-09 14:44:00,2010-10-13 15:10:00
13771.0,9,5728.82,3140,2010-02-25 12:37:00,2011-10-06 14:18:00
13772.0,8,3114.22,1456,2010-02-23 13:55:00,2011-11-06 11:43:00
13773.0,2,301.54,174,2010-02-18 10:27:00,2010-11-08 11:49:00
13774.0,1,345.0,192,2011-09-19 12:06:00,2011-09-19 12:06:00
13775.0,1,1049.66,455,2010-04-28 12:15:00,2010-04-28 12:15:00
13776.0,2,623.98,2,2010-10-07 16:07:00,2010-10-07 16:11:00
13777.0,61,56478.42,26742,2009-12-02 09:47:00,2011-12-09 12:25:00
13778.0,4,1124.49,511,2010-05-23 13:34:00,2011-08-28 15:25:00
13779.0,1,161.13,53,2010-07-12 11:24:00,2010-07-12 11:24:00
13780.0,3,735.82,481,2010-10-28 19:51:00,2011-12-02 13:49:00
13781.0,3,778.83,300,2009-12-18 15:46:00,2011-04-03 12:08:00
13782.0,13,1793.72,649,2009-12-06 12:52:00,2011-11-27 11:54:00
13783.0,4,1542.09,3437,2010-02-04 13:47:00,2010-08-09 09:23:00
13784.0,14,2910.23,2827,2010-09-15 12:27:00,2011-11-30 09:33:00
13785.0,4,542.49,151,2010-09-05 16:01:00,2010-10-07 09:25:00
13786.0,6,3358.94,1652,2009-12-03 15:32:00,2010-12-07 13:53:00
13787.0,6,1222.5,998,2010-01-14 10:13:00,2011-09-25 12:06:00
13788.0,1,3.75,1,2010-07-22 15:50:00,2010-07-22 15:50:00
13789.0,1,239.45999999999998,258,2010-11-16 15:31:00,2010-11-16 15:31:00
13790.0,1,348.8,748,2011-12-05 15:48:00,2011-12-05 15:48:00
13791.0,2,1516.0,1200,2011-06-24 16:38:00,2011-08-04 11:44:00
13792.0,3,383.95,156,2010-10-13 11:05:00,2011-10-04 14:31:00
13793.0,1,96.0,52,2010-03-03 08:25:00,2010-03-03 08:25:00
13794.0,1,126.03,63,2010-06-11 12:30:00,2010-06-11 12:30:00
13795.0,4,836.3,1250,2010-03-12 12:44:00,2010-11-16 17:25:00
13796.0,1,289.7,218,2010-07-28 14:45:00,2010-07-28 14:45:00
13797.0,3,1179.45,573,2010-03-02 12:17:00,2010-09-29 10:34:00
13798.0,110,75836.87,48347,2009-12-08 16:21:00,2011-12-08 15:51:00
13799.0,9,2803.57,1539,2010-03-05 16:39:00,2011-08-15 12:07:00
13800.0,3,1679.56,891,2009-12-03 10:03:00,2011-02-03 12:27:00
13801.0,1,324.8,168,2011-10-04 10:15:00,2011-10-04 10:15:00
13802.0,19,26259.11,14129,2010-02-16 10:11:00,2011-07-24 10:54:00
13803.0,3,1338.91,831,2010-03-31 10:00:00,2011-03-29 12:57:00
13804.0,9,3208.52,1833,2010-09-29 10:26:00,2011-11-09 12:32:00
13805.0,2,924.6,1900,2011-08-02 15:29:00,2011-10-18 14:50:00
13806.0,1,256.38,56,2011-10-07 11:43:00,2011-10-07 11:43:00
13807.0,3,534.8,152,2009-12-04 12:41:00,2010-12-07 15:48:00
13808.0,5,1747.66,782,2011-09-04 12:07:00,2011-12-04 12:18:00
13809.0,3,679.7,281,2010-09-05 11:42:00,2011-02-07 13:15:00
13810.0,3,1499.01,312,2011-10-14 12:57:00,2011-11-11 08:33:00
13811.0,3,814.5,68,2011-04-14 18:40:00,2011-06-09 09:54:00
13812.0,3,539.0,333,2011-08-26 12:54:00,2011-10-28 14:27:00
13813.0,8,2765.47,1292,2009-12-06 10:16:00,2011-10-31 10:38:00
13814.0,3,2257.32,1214,2010-06-30 14:12:00,2011-09-08 13:48:00
13815.0,8,7475.74,5381,2010-02-12 10:26:00,2011-11-17 14:19:00
13816.0,2,571.6700000000001,269,2011-10-06 14:37:00,2011-11-16 08:38:00
13817.0,2,382.98,211,2010-12-23 11:46:00,2011-11-10 17:49:00
13818.0,1,61.28,60,2010-10-06 12:35:00,2010-10-06 12:35:00
13819.0,6,2642.35,2309,2009-12-01 16:18:00,2011-02-11 10:38:00
13820.0,3,660.65,287,2010-01-28 12:26:00,2010-10-17 13:46:00
13821.0,6,1410.73,483,2010-01-04 13:36:00,2011-07-18 09:49:00
13822.0,2,632.0,611,2011-10-30 15:55:00,2011-12-04 12:13:00
13823.0,7,3403.4500000000003,1564,2009-12-15 14:34:00,2011-11-21 10:22:00
13824.0,12,3314.76,1442,2010-03-12 15:17:00,2011-11-07 12:41:00
13825.0,2,255.59,182,2009-12-09 14:30:00,2010-03-28 11:02:00
13826.0,1,189.5,82,2011-06-16 13:48:00,2011-06-16 13:48:00
13827.0,3,412.05,141,2011-07-19 15:38:00,2011-10-13 12:38:00
13828.0,1,209.49,311,2011-11-17 16:02:00,2011-11-17 16:02:00
13829.0,1,102.0,12,2010-10-14 18:19:00,2010-10-14 18:19:00
13830.0,1,156.85000000000002,47,2010-05-07 12:24:00,2010-05-07 12:24:00
13831.0,18,7023.58,2557,2009-12-10 14:50:00,2011-11-23 15:41:00
13832.0,2,613.6899999999999,422,2010-10-13 14:41:00,2011-11-20 15:36:00
13833.0,2,701.36,244,2010-10-31 14:11:00,2011-07-03 13:27:00
13834.0,2,324.19,221,2010-02-08 12:52:00,2010-05-12 10:27:00
13835.0,7,1095.27,520,2010-03-04 08:26:00,2011-11-14 15:37:00
13836.0,2,620.37,273,2010-10-21 13:27:00,2010-11-05 13:31:00
13837.0,2,271.24,183,2011-01-26 12:15:00,2011-05-12 12:10:00
13838.0,10,1966.09,794,2010-05-09 11:40:00,2011-12-04 11:00:00
13839.0,1,139.95000000000002,25,2010-08-10 13:52:00,2010-08-10 13:52:00
13840.0,1,651.4,358,2010-10-19 13:34:00,2010-10-19 13:34:00
13841.0,1,85.0,100,2011-04-01 12:10:00,2011-04-01 12:10:00
13842.0,18,5629.91,2879,2010-02-16 15:54:00,2011-10-12 10:51:00
13843.0,1,319.75,145,2010-11-23 17:48:00,2010-11-23 17:48:00
13844.0,1,361.62,196,2011-11-28 13:21:00,2011-11-28 13:21:00
13845.0,1,312.98,182,2011-10-06 08:25:00,2011-10-06 08:25:00
13846.0,4,1307.79,705,2010-11-05 09:47:00,2011-11-15 12:07:00
13847.0,1,310.72,96,2009-12-20 10:41:00,2009-12-20 10:41:00
13848.0,8,3335.0,10200,2009-12-09 16:17:00,2011-09-08 12:58:00
13849.0,5,3469.3,1883,2010-03-25 12:03:00,2011-10-19 10:59:00
13850.0,1,1595.48,944,2011-08-02 14:04:00,2011-08-02 14:04:00
13851.0,8,4606.46,2525,2010-01-29 11:54:00,2011-09-05 12:36:00
13852.0,1,187.35000000000002,85,2010-04-08 09:06:00,2010-04-08 09:06:00
13853.0,1,1090.14,312,2011-10-13 14:18:00,2011-10-13 14:18:00
13854.0,39,12253.96,3710,2010-01-08 11:28:00,2011-12-01 09:06:00
13855.0,4,1310.3400000000001,575,2009-12-08 16:56:00,2010-07-27 09:53:00
13856.0,11,1142.03,1105,2010-03-30 15:40:00,2011-06-24 10:03:00
13857.0,6,1001.01,782,2010-05-17 14:21:00,2010-11-11 12:54:00
13858.0,1,216.17,75,2011-10-13 16:17:00,2011-10-13 16:17:00
13859.0,2,515.86,167,2010-06-28 15:36:00,2011-01-17 16:14:00
13860.0,5,1245.9,591,2011-09-14 09:27:00,2011-12-08 12:57:00
13861.0,2,273.26,225,2010-06-27 11:37:00,2010-10-06 14:20:00
13862.0,9,2556.09,1927,2010-11-15 13:43:00,2011-11-21 16:24:00
13863.0,4,1239.55,553,2010-04-25 13:09:00,2011-04-06 10:20:00
13864.0,1,662.4000000000001,192,2010-11-18 12:50:00,2010-11-18 12:50:00
13865.0,4,501.56,204,2011-02-23 12:04:00,2011-10-12 13:31:00
13866.0,1,145.67000000000002,57,2011-09-26 14:54:00,2011-09-26 14:54:00
13867.0,3,1015.29,513,2011-05-05 17:28:00,2011-11-08 15:48:00
13868.0,2,3192.54,1964,2011-11-01 12:45:00,2011-12-02 16:32:00
13869.0,10,8111.57,4358,2010-01-17 14:53:00,2011-08-08 13:53:00
13870.0,15,5712.08,3449,2010-02-08 12:08:00,2011-12-07 13:23:00
13871.0,17,7885.85,3502,2009-12-20 13:09:00,2011-11-17 10:49:00
13872.0,3,919.57,339,2009-12-14 09:56:00,2010-06-30 15:35:00
13873.0,8,1038.92,472,2010-03-03 12:31:00,2011-08-12 10:08:00
13874.0,7,2049.15,864,2010-02-04 18:39:00,2010-12-16 18:20:00
13875.0,14,4814.37,3072,2009-12-17 10:30:00,2011-10-17 09:36:00
13876.0,1,122.7,36,2011-10-07 10:22:00,2011-10-07 10:22:00
13877.0,3,449.68,478,2010-01-19 10:53:00,2011-09-14 15:49:00
13878.0,4,2473.06,959,2010-04-14 13:50:00,2011-10-16 12:19:00
13879.0,1,395.5,204,2010-03-04 10:49:00,2010-03-04 10:49:00
13880.0,17,4391.66,2589,2010-05-26 14:29:00,2011-11-18 13:44:00
13881.0,43,45179.1,29760,2010-03-04 14:41:00,2011-12-06 12:50:00
13882.0,5,1191.13,953,2011-10-06 15:28:00,2011-12-07 11:16:00
13883.0,15,6560.02,3584,2009-12-08 17:26:00,2011-11-29 10:45:00
13884.0,10,1888.48,797,2010-08-26 19:57:00,2011-12-02 16:30:00
13885.0,2,506.8,182,2011-05-23 08:52:00,2011-06-03 15:07:00
13886.0,1,243.56,126,2011-09-29 13:17:00,2011-09-29 13:17:00
13887.0,1,349.55,147,2011-05-19 17:22:00,2011-05-19 17:22:00
13888.0,7,2169.05,903,2010-05-13 11:57:00,2011-08-12 10:13:00
13889.0,6,1991.23,979,2010-01-22 14:32:00,2011-09-08 09:13:00
13890.0,14,2927.38,1392,2009-12-06 15:15:00,2011-12-08 15:36:00
13891.0,3,863.5600000000001,479,2010-05-06 16:02:00,2010-11-26 15:57:00
13892.0,6,1267.6499999999999,3125,2010-05-13 10:32:00,2011-11-13 11:50:00
13893.0,1,821.1,190,2011-02-15 11:30:00,2011-02-15 11:30:00
13894.0,3,564.62,354,2011-02-02 12:54:00,2011-11-16 09:44:00
13895.0,6,4008.52,2060,2009-12-03 13:09:00,2011-11-11 16:57:00
13896.0,1,388.55,149,2010-03-24 08:55:00,2010-03-24 08:55:00
13897.0,3,1160.72,820,2010-01-31 13:48:00,2011-10-20 14:30:00
13898.0,2,686.4,544,2010-10-24 15:42:00,2011-01-18 10:28:00
13899.0,2,388.52,156,2011-03-10 09:30:00,2011-11-23 13:40:00
13900.0,6,1610.59,938,2010-03-25 13:46:00,2011-06-09 19:26:00
13901.0,15,5676.34,3344,2010-01-05 09:29:00,2011-09-28 14:48:00
13902.0,5,34095.26,220600,2009-12-15 10:02:00,2010-03-17 13:09:00
13903.0,1,165.45000000000002,103,2010-11-04 17:44:00,2010-11-04 17:44:00
13904.0,2,332.64,332,2011-02-18 11:18:00,2011-11-02 13:41:00
13905.0,1,312.65,135,2009-12-07 11:41:00,2009-12-07 11:41:00
13906.0,1,42.0,100,2010-10-26 15:00:00,2010-10-26 15:00:00
13907.0,1,136.8,68,2010-01-17 12:22:00,2010-01-17 12:22:00
13908.0,4,2369.55,1478,2011-03-08 12:04:00,2011-09-21 11:49:00
13909.0,2,286.6,302,2010-07-06 16:52:00,2010-10-12 17:22:00
13911.0,20,4234.99,4487,2010-03-01 16:31:00,2011-10-13 15:43:00
13912.0,1,124.95,29,2010-10-12 08:43:00,2010-10-12 08:43:00
13913.0,1,42.22,10,2010-07-21 10:11:00,2010-07-21 10:11:00
13914.0,2,626.45,380,2011-11-03 16:28:00,2011-11-28 10:35:00
13915.0,1,70.80000000000001,24,2010-11-10 15:17:00,2010-11-10 15:17:00
13916.0,4,1275.81,673,2010-02-02 10:06:00,2010-09-02 10:04:00
13917.0,2,272.04,228,2011-06-01 12:46:00,2011-10-21 09:56:00
13918.0,2,1212.8400000000001,1140,2011-03-31 18:05:00,2011-10-21 12:25:00
13919.0,4,1360.68,1133,2010-06-17 09:30:00,2011-10-11 14:24:00
13920.0,4,1774.68,1772,2010-05-26 15:48:00,2010-10-04 12:37:00
13921.0,4,730.7,210,2009-12-18 12:19:00,2010-11-02 16:32:00
13922.0,3,865.2,467,2010-08-29 14:36:00,2010-12-23 10:38:00
13923.0,1,351.13,185,2011-10-17 12:33:00,2011-10-17 12:33:00
13924.0,6,1838.8500000000001,1575,2011-09-28 15:07:00,2011-12-08 09:39:00
13925.0,4,678.25,331,2011-07-28 12:09:00,2011-09-08 12:47:00
13926.0,1,223.85000000000002,104,2011-11-16 13:16:00,2011-11-16 13:16:00
13927.0,2,708.26,463,2010-09-28 16:12:00,2011-09-26 12:00:00
13928.0,4,464.57,129,2011-07-29 15:59:00,2011-11-29 10:33:00
13929.0,11,3494.1,1566,2010-01-14 07:25:00,2011-06-23 15:26:00
13930.0,2,337.34,274,2011-07-26 11:00:00,2011-10-13 09:45:00
13931.0,11,5257.38,3488,2009-12-03 10:26:00,2011-09-05 10:12:00
13932.0,1,307.4,72,2011-02-18 12:02:00,2011-02-18 12:02:00
13933.0,2,608.7900000000001,205,2011-07-14 13:35:00,2011-08-22 14:03:00
13934.0,1,922.1,390,2011-03-21 08:39:00,2011-03-21 08:39:00
13935.0,3,6116.92,2252,2010-02-25 16:01:00,2010-04-22 11:21:00
13936.0,3,939.66,661,2010-10-21 14:21:00,2011-06-13 08:47:00
13937.0,2,880.13,587,2010-11-02 12:37:00,2011-06-23 16:35:00
13938.0,1,71.66,70,2011-11-04 14:37:00,2011-11-04 14:37:00
13939.0,7,1560.96,1608,2010-04-06 12:43:00,2011-11-16 13:33:00
13940.0,4,839.14,516,2011-07-18 16:05:00,2011-11-22 15:15:00
13941.0,15,11122.300000000001,5426,2009-12-16 16:10:00,2011-11-18 09:43:00
13942.0,1,320.0,1000,2010-06-23 12:35:00,2010-06-23 12:35:00
13943.0,1,246.54,94,2010-05-11 11:30:00,2010-05-11 11:30:00
13944.0,1,200.43,153,2010-02-24 15:02:00,2010-02-24 15:02:00
13945.0,2,854.15,413,2010-08-17 09:59:00,2010-11-10 10:00:00
13946.0,6,1876.23,2847,2009-12-04 11:07:00,2011-09-21 13:33:00
13947.0,1,90.6,44,2011-10-05 14:42:00,2011-10-05 14:42:00
13948.0,4,548.76,248,2009-12-04 12:14:00,2010-12-14 10:18:00
13949.0,6,2427.32,2474,2011-09-06 11:55:00,2011-12-07 09:35:00
13950.0,4,745.06,323,2011-04-07 11:29:00,2011-11-28 14:44:00
13951.0,3,674.45,459,2011-02-18 15:21:00,2011-06-16 16:43:00
13952.0,14,12823.521,5947,2009-12-16 09:41:00,2011-05-06 09:00:00
13953.0,12,6640.68,5224,2009-12-11 12:58:00,2011-12-02 16:04:00
13954.0,2,439.92,150,2011-09-30 10:52:00,2011-12-08 12:50:00
13955.0,3,545.17,274,2010-11-29 17:35:00,2011-07-08 17:19:00
13956.0,5,1026.42,491,2011-03-13 12:51:00,2011-12-04 13:20:00
13957.0,3,458.25,157,2010-02-19 10:32:00,2010-10-18 10:02:00
13958.0,8,4709.2300000000005,2264,2009-12-05 13:12:00,2010-11-25 10:11:00
13959.0,6,1076.18,700,2010-07-16 15:11:00,2011-09-21 15:06:00
13960.0,2,230.22,142,2011-09-29 12:39:00,2011-11-18 15:27:00
13961.0,1,538.4,226,2010-11-12 14:40:00,2010-11-12 14:40:00
13962.0,3,362.8,160,2010-09-30 10:35:00,2011-11-18 08:47:00
13963.0,17,3011.87,2061,2010-04-21 16:20:00,2011-02-04 14:43:00
13964.0,2,438.9,228,2010-10-05 12:38:00,2010-11-17 13:53:00
13965.0,3,996.61,425,2010-01-05 15:21:00,2010-08-20 10:40:00
13966.0,1,390.86,772,2010-09-30 13:08:00,2010-09-30 13:08:00
13967.0,2,166.3,66,2010-11-08 13:24:00,2011-07-17 12:02:00
13968.0,1,123.66,174,2010-10-12 13:22:00,2010-10-12 13:22:00
13969.0,35,13365.87,6817,2010-03-25 13:15:00,2011-12-02 15:11:00
13970.0,2,846.55,469,2010-09-28 11:53:00,2010-11-18 13:21:00
13971.0,14,4667.57,3084,2010-01-26 09:51:00,2011-11-21 12:06:00
13972.0,2,190.25,187,2011-05-22 11:34:00,2011-09-30 11:54:00
13973.0,1,264.7,109,2011-02-25 15:21:00,2011-02-25 15:21:00
13974.0,2,677.72,356,2010-05-06 17:55:00,2011-10-21 14:41:00
13975.0,12,5358.84,3934,2010-02-02 13:13:00,2011-11-08 13:19:00
13976.0,4,1192.36,452,2010-02-09 13:08:00,2011-05-17 09:13:00
13977.0,1,519.8100000000001,303,2010-10-24 14:08:00,2010-10-24 14:08:00
13978.0,2,196.79000000000002,315,2011-10-25 15:04:00,2011-11-25 11:36:00
13979.0,7,3416.23,2296,2009-12-03 10:02:00,2011-09-27 13:32:00
13980.0,5,799.92,477,2010-02-21 14:18:00,2011-10-10 13:34:00
13981.0,1,331.14,234,2010-10-20 10:03:00,2010-10-20 10:03:00
13982.0,9,4445.59,2736,2010-01-20 14:04:00,2011-10-31 16:24:00
13983.0,21,7108.45,4157,2009-12-09 13:53:00,2011-11-10 11:06:00
13984.0,12,2048.6,1421,2009-12-07 11:51:00,2011-11-13 12:38:00
13985.0,22,10020.86,4936,2010-02-09 13:56:00,2011-12-05 17:06:00
13986.0,1,320.46,430,2011-11-22 15:00:00,2011-11-22 15:00:00
13987.0,2,682.54,492,2010-11-04 09:54:00,2010-11-25 10:20:00
13988.0,8,4757.8,3385,2010-03-24 11:05:00,2011-11-20 10:15:00
13989.0,5,2026.06,2207,2010-05-25 12:13:00,2011-10-05 09:47:00
13990.0,1,311.3,190,2011-05-10 15:19:00,2011-05-10 15:19:00
13991.0,6,855.97,998,2011-07-19 12:58:00,2011-11-27 16:18:00
13992.0,3,219.5,154,2010-09-02 17:04:00,2011-11-09 15:23:00
13993.0,19,6775.71,2135,2009-12-03 11:57:00,2011-10-28 09:06:00
13994.0,6,2313.14,940,2011-07-14 18:28:00,2011-12-06 11:05:00
13995.0,14,3902.01,2359,2009-12-18 12:43:00,2011-11-24 14:22:00
13996.0,2,895.76,613,2010-11-05 15:07:00,2010-11-18 16:27:00
13997.0,3,382.31,146,2010-06-07 17:33:00,2010-07-08 18:06:00
13998.0,3,566.7,204,2010-05-12 13:18:00,2010-09-19 10:20:00
13999.0,29,9502.26,5043,2009-12-05 12:42:00,2011-11-29 13:40:00
14000.0,5,2046.3400000000001,1838,2009-12-02 09:50:00,2011-05-12 16:50:00
14001.0,9,4530.09,1873,2010-08-03 12:49:00,2011-10-25 10:31:00
14002.0,2,529.73,877,2011-07-06 14:59:00,2011-07-28 15:55:00
14003.0,1,209.41,149,2009-12-07 08:53:00,2009-12-07 08:53:00
14004.0,11,6258.45,3425,2010-09-30 09:39:00,2011-10-27 14:40:00
14005.0,5,2874.72,2478,2011-05-08 10:33:00,2011-11-30 12:41:00
14006.0,7,2196.67,2181,2010-02-25 09:45:00,2011-08-16 09:39:00
14007.0,1,79.48,16,2010-07-15 09:06:00,2010-07-15 09:06:00
14008.0,1,509.04,326,2010-10-03 13:09:00,2010-10-03 13:09:00
14009.0,3,1099.91,951,2010-09-03 12:08:00,2011-05-25 15:47:00
14010.0,2,445.15,177,2010-05-23 12:46:00,2010-05-23 13:00:00
14011.0,2,457.82,644,2010-04-11 13:40:00,2010-08-16 15:31:00
14012.0,1,328.8,160,2011-03-07 12:26:00,2011-03-07 12:26:00
14013.0,5,1084.57,775,2010-03-26 10:02:00,2011-08-21 15:01:00
14014.0,3,1948.21,2004,2010-05-12 09:04:00,2011-09-23 13:18:00
14015.0,1,917.34,378,2011-10-18 10:02:00,2011-10-18 10:02:00
14016.0,11,11403.41,5722,2010-01-08 14:12:00,2011-07-01 11:29:00
14017.0,1,229.75,73,2010-05-17 14:52:00,2010-05-17 14:52:00
14018.0,1,367.15000000000003,224,2010-03-04 14:23:00,2010-03-04 14:23:00
14019.0,3,1421.61,1037,2011-07-24 15:39:00,2011-10-24 10:13:00
14020.0,4,1249.01,648,2010-06-28 15:29:00,2011-11-23 09:22:00
14021.0,7,1716.58,878,2010-04-26 11:22:00,2011-07-07 15:46:00
14022.0,2,792.15,681,2010-08-10 09:38:00,2011-04-28 14:39:00
14023.0,2,584.07,345,2011-04-03 15:50:00,2011-12-02 13:58:00
14024.0,3,645.74,238,2010-11-14 10:51:00,2011-08-10 11:30:00
14025.0,8,4057.9,1914,2010-05-05 09:56:00,2010-09-01 10:11:00
14026.0,2,713.11,427,2010-03-24 14:10:00,2010-08-26 10:31:00
14027.0,1,104.82,62,2011-10-10 09:01:00,2011-10-10 09:01:00
14028.0,3,10396.5,7170,2010-06-07 12:02:00,2010-06-07 13:33:00
14029.0,2,467.66,198,2011-07-18 16:57:00,2011-10-07 14:46:00
14030.0,20,8262.29,4350,2009-12-10 17:27:00,2011-11-21 16:48:00
14031.0,44,40999.17,14507,2009-12-03 15:35:00,2011-12-02 17:13:00
14032.0,16,4850.2699999999995,3916,2009-12-14 12:02:00,2011-12-07 15:23:00
14033.0,1,109.44,576,2010-06-02 15:10:00,2010-06-02 15:10:00
14034.0,3,651.8199999999999,423,2011-07-05 13:06:00,2011-11-17 14:02:00
14035.0,9,2856.72,1419,2010-04-06 12:39:00,2011-11-11 10:03:00
14036.0,1,626.65,268,2011-02-28 09:26:00,2011-02-28 09:26:00
14037.0,6,836.95,590,2009-12-07 11:39:00,2011-06-16 13:57:00
14038.0,5,3069.88,1708,2010-02-04 08:56:00,2011-09-22 13:37:00
14039.0,2,267.28000000000003,192,2010-05-13 10:15:00,2011-11-06 13:48:00
14040.0,35,12645.57,5044,2009-12-01 12:14:00,2011-10-30 12:42:00
14041.0,1,141.41,94,2011-03-18 13:25:00,2011-03-18 13:25:00
14042.0,1,431.98,180,2009-12-14 15:07:00,2009-12-14 15:07:00
14043.0,2,304.25,153,2009-12-10 15:56:00,2010-08-05 18:18:00
14044.0,10,3123.1,2126,2010-01-24 15:14:00,2011-11-13 12:05:00
14045.0,16,11313.029999999999,4587,2010-01-08 10:08:00,2011-08-22 15:27:00
14046.0,1,154.99,460,2011-02-28 14:48:00,2011-02-28 14:48:00
14047.0,14,4255.03,1649,2010-02-01 10:05:00,2011-12-01 11:43:00
14048.0,3,748.69,467,2010-11-22 14:08:00,2011-02-07 14:53:00
14049.0,13,13239.03,8609,2010-04-01 14:52:00,2011-11-23 12:20:00
14050.0,2,746.36,689,2011-08-25 13:46:00,2011-11-08 10:00:00
14051.0,37,22434.0,5947,2009-12-03 11:53:00,2011-12-09 10:20:00
14052.0,2,480.81,187,2010-11-14 11:37:00,2011-11-20 12:30:00
14053.0,4,572.3,490,2010-08-10 11:02:00,2011-08-07 14:27:00
14054.0,1,92.46,62,2011-10-05 15:49:00,2011-10-05 15:49:00
14055.0,3,1520.96,720,2009-12-16 15:11:00,2011-08-25 15:04:00
14056.0,23,8214.65,4273,2011-02-28 15:19:00,2011-12-08 13:36:00
14057.0,22,8408.84,6485,2009-12-03 13:17:00,2011-11-16 10:32:00
14058.0,2,469.19,211,2010-06-27 11:29:00,2010-09-03 09:31:00
14059.0,1,183.6,128,2011-03-18 10:06:00,2011-03-18 10:06:00
14060.0,30,9519.08,8119,2010-03-11 09:47:00,2011-12-05 12:29:00
14061.0,3,917.4300000000001,133,2009-12-01 18:03:00,2010-07-20 17:22:00
14062.0,24,25604.2,12799,2009-12-10 14:28:00,2011-11-30 10:04:00
14063.0,9,22710.2,3850,2009-12-08 13:46:00,2010-09-27 16:18:00
14064.0,15,3332.42,3977,2010-01-21 13:22:00,2011-11-10 13:14:00
14065.0,3,891.02,582,2010-10-04 12:03:00,2010-11-15 16:13:00
14066.0,1,152.55,45,2011-03-18 12:21:00,2011-03-18 12:21:00
14067.0,2,374.7,361,2011-09-04 12:00:00,2011-10-07 10:21:00
14068.0,4,1528.3700000000001,513,2010-01-31 10:10:00,2011-01-23 16:02:00
14069.0,2,230.06,59,2010-05-27 12:30:00,2010-07-13 12:12:00
14070.0,1,326.55,86,2010-01-24 12:27:00,2010-01-24 12:27:00
14071.0,8,1438.82,995,2011-03-20 11:33:00,2011-12-06 12:27:00
14072.0,1,390.85,65,2010-02-11 12:31:00,2010-02-11 12:31:00
14073.0,1,151.04,130,2011-11-07 15:49:00,2011-11-07 15:49:00
14074.0,1,219.39999999999998,228,2010-03-26 13:55:00,2010-03-26 13:55:00
14075.0,6,1734.87,1494,2010-06-16 14:47:00,2011-12-05 08:38:00
14076.0,1,122.47,81,2011-08-02 15:19:00,2011-08-02 15:19:00
14077.0,6,615.0799999999999,376,2010-11-09 16:01:00,2011-10-30 12:35:00
14078.0,9,1692.6299999999999,618,2010-03-28 15:05:00,2011-08-30 12:16:00
14079.0,2,618.73,302,2010-01-26 17:19:00,2011-08-07 12:10:00
14080.0,5,1115.68,268,2009-12-02 15:01:00,2011-11-07 11:09:00
14081.0,10,5370.1,3712,2009-12-10 18:27:00,2011-02-10 16:17:00
14082.0,2,413.36,246,2010-11-12 11:47:00,2010-12-10 11:02:00
14083.0,11,1407.26,966,2009-12-18 11:34:00,2011-12-05 13:14:00
14084.0,1,150.5,306,2010-07-15 14:36:00,2010-07-15 14:36:00
14085.0,33,10104.97,6564,2009-12-08 13:41:00,2011-12-07 13:46:00
14086.0,1,39.95,1,2010-09-03 10:52:00,2010-09-03 10:52:00
14087.0,3,846.22,727,2009-12-04 15:27:00,2011-12-07 12:41:00
14088.0,16,64036.8,15276,2010-10-14 19:46:00,2011-11-29 16:16:00
14089.0,1,161.0,134,2011-10-14 10:38:00,2011-10-14 10:38:00
14090.0,1,76.32000000000001,72,2011-01-19 10:51:00,2011-01-19 10:51:00
14091.0,2,9530.08,3316,2010-01-10 13:41:00,2010-02-23 15:17:00
14092.0,24,7229.45,3606,2009-12-16 16:24:00,2011-12-02 12:13:00
14093.0,1,442.85,406,2011-11-27 16:27:00,2011-11-27 16:27:00
14094.0,1,335.22,177,2010-09-26 11:58:00,2010-09-26 11:58:00
14095.0,1,2.95,1,2009-12-17 12:49:00,2009-12-17 12:49:00
14096.0,17,65164.79,16352,2011-08-30 10:49:00,2011-12-05 17:17:00
14097.0,2,422.85999999999996,352,2010-03-04 10:46:00,2010-08-15 14:20:00
14098.0,1,147.35,104,2011-11-03 10:13:00,2011-11-03 10:13:00
14099.0,20,5765.71,3670,2009-12-10 11:55:00,2011-11-23 13:53:00
14100.0,1,194.9,64,2011-07-25 11:01:00,2011-07-25 11:01:00
14101.0,13,9961.93,10542,2010-03-28 13:36:00,2011-09-27 12:28:00
14102.0,5,1360.28,961,2011-10-26 12:46:00,2011-12-04 15:38:00
14104.0,5,771.5799999999999,509,2010-05-28 16:11:00,2011-07-08 12:50:00
14105.0,5,5988.83,3534,2009-12-18 16:57:00,2011-04-14 17:58:00
14106.0,1,214.79999999999998,24,2009-12-02 14:09:00,2009-12-02 14:09:00
14107.0,11,4877.3,3489,2009-12-09 14:20:00,2011-10-19 12:12:00
14108.0,4,1044.96,660,2009-12-01 18:07:00,2011-11-09 10:41:00
14109.0,1,144.2,88,2011-09-28 10:18:00,2011-09-28 10:18:00
14110.0,33,12987.95,5825,2009-12-01 09:50:00,2011-12-06 12:26:00
14111.0,4,692.85,458,2011-04-12 11:36:00,2011-11-25 13:44:00
14112.0,13,5834.59,3539,2010-02-23 14:16:00,2011-11-17 12:30:00
14113.0,16,7092.610000000001,3439,2009-12-08 07:42:00,2011-12-06 12:18:00
14114.0,7,1364.09,650,2010-04-12 11:07:00,2011-03-11 09:42:00
14115.0,2,622.6700000000001,509,2010-02-11 11:44:00,2010-07-26 12:36:00
14116.0,5,1382.74,707,2011-08-10 12:44:00,2011-11-20 10:29:00
14117.0,1,90.0,72,2011-07-19 09:49:00,2011-07-19 09:49:00
14118.0,1,458.45,97,2010-10-07 11:59:00,2010-10-07 11:59:00
14119.0,2,183.37,177,2009-12-21 14:52:00,2010-11-29 10:33:00
14121.0,4,2780.15,2082,2011-10-11 10:39:00,2011-12-06 12:19:00
14122.0,3,362.42,114,2009-12-02 14:22:00,2010-10-29 15:11:00
14123.0,1,436.18,234,2009-12-06 15:35:00,2009-12-06 15:35:00
14124.0,1,419.58000000000004,1618,2011-09-16 13:32:00,2011-09-16 13:32:00
14125.0,3,2740.43,1640,2011-09-22 15:40:00,2011-11-29 12:47:00
14126.0,4,1172.46,887,2010-09-21 14:51:00,2011-12-02 11:45:00
14127.0,6,1900.0800000000002,828,2010-10-10 11:53:00,2011-08-09 10:49:00
14128.0,3,924.21,814,2010-06-06 14:05:00,2011-10-10 12:00:00
14129.0,9,2591.34,1414,2010-05-09 14:54:00,2011-12-08 11:02:00
14130.0,4,1882.67,1239,2009-12-11 16:33:00,2011-01-24 16:05:00
14131.0,1,187.87,118,2010-03-01 11:59:00,2010-03-01 11:59:00
14132.0,11,3586.0299999999997,3368,2011-06-09 12:04:00,2011-12-07 13:35:00
14133.0,4,911.14,398,2009-12-06 12:10:00,2011-08-02 11:34:00
14134.0,15,11123.35,5814,2009-12-10 09:25:00,2010-11-22 12:26:00
14135.0,24,9643.92,9355,2009-12-02 08:58:00,2011-12-08 11:38:00
14136.0,5,1570.81,1148,2009-12-08 09:19:00,2010-11-04 11:53:00
14137.0,1,332.7,462,2010-01-13 12:30:00,2010-01-13 12:30:00
14138.0,2,982.3800000000001,610,2011-10-07 09:38:00,2011-12-08 12:44:00
14139.0,4,1086.8,1049,2010-06-15 09:17:00,2011-10-24 13:34:00
14140.0,2,935.05,811,2011-11-08 11:20:00,2011-12-06 09:05:00
14141.0,4,915.13,355,2011-08-26 14:40:00,2011-12-07 09:53:00
14142.0,2,983.15,831,2010-03-03 15:13:00,2010-12-01 16:33:00
14143.0,1,115.8,30,2011-07-29 09:48:00,2011-07-29 09:48:00
14144.0,1,30.599999999999998,12,2010-08-10 15:17:00,2010-08-10 15:17:00
14145.0,7,7600.05,1655,2010-04-08 09:47:00,2011-10-24 12:10:00
14146.0,12,9450.3,5780,2010-01-13 16:04:00,2011-12-01 10:18:00
14147.0,9,2590.2,995,2010-03-09 13:43:00,2011-09-22 18:10:00
14148.0,2,466.29,223,2010-10-21 14:08:00,2011-04-20 12:02:00
14149.0,1,446.62,218,2011-05-03 09:44:00,2011-05-03 09:44:00
14150.0,2,658.64,496,2010-12-15 10:04:00,2011-11-04 10:05:00
14151.0,2,679.45,405,2009-12-23 10:54:00,2010-02-04 15:35:00
14152.0,7,1997.3400000000001,1844,2010-02-18 13:57:00,2011-09-25 12:54:00
14153.0,1,233.4,312,2010-08-13 14:35:00,2010-08-13 14:35:00
14154.0,8,6460.7,3222,2010-01-13 12:47:00,2011-04-14 16:26:00
14155.0,1,118.75,25,2011-03-18 14:13:00,2011-03-18 14:13:00
14156.0,156,313946.37,165992,2009-12-01 12:30:00,2011-11-30 10:54:00
14157.0,5,1002.78,540,2010-03-03 16:49:00,2011-11-20 11:32:00
14158.0,1,507.66,781,2011-10-30 15:08:00,2011-10-30 15:08:00
14159.0,20,7938.01,6593,2009-12-03 12:31:00,2011-11-20 12:36:00
14160.0,7,8421.47,4661,2010-01-10 12:06:00,2010-04-08 14:30:00
14161.0,7,3318.88,1623,2009-12-13 11:46:00,2011-05-08 11:41:00
14162.0,2,289.36,142,2011-02-20 12:32:00,2011-06-19 11:36:00
14163.0,5,2594.62,950,2010-09-03 17:15:00,2011-09-13 15:18:00
14164.0,2,1631.77,1033,2011-09-20 12:18:00,2011-09-30 12:24:00
14165.0,1,122.53999999999999,54,2011-03-09 12:39:00,2011-03-09 12:39:00
14166.0,2,256.85,84,2010-03-23 15:10:00,2010-07-22 19:42:00
14167.0,8,1296.49,350,2010-01-27 16:07:00,2011-10-31 14:29:00
14168.0,2,370.45,147,2010-05-24 12:28:00,2010-10-15 10:49:00
14169.0,2,624.4300000000001,208,2010-09-21 13:39:00,2010-10-05 08:45:00
14170.0,3,597.33,290,2010-11-09 14:06:00,2010-11-29 13:10:00
14171.0,2,498.79,211,2009-12-09 13:50:00,2011-09-02 16:43:00
14172.0,3,402.72,88,2010-03-07 10:58:00,2010-04-13 13:26:00
14173.0,6,586.0,194,2009-12-09 12:46:00,2011-11-29 11:54:00
14174.0,1,134.46,94,2011-11-06 13:17:00,2011-11-06 13:17:00
14175.0,8,7678.88,3009,2010-03-22 10:43:00,2011-10-11 11:55:00
14176.0,5,916.01,326,2010-11-23 13:21:00,2011-02-15 13:12:00
14177.0,13,2229.34,1048,2010-02-26 11:59:00,2011-09-14 15:11:00
14178.0,7,1620.93,1505,2011-06-10 12:51:00,2011-12-01 12:01:00
14179.0,2,719.78,330,2011-10-18 14:00:00,2011-10-30 12:07:00
14180.0,33,6319.25,878,2010-06-09 14:56:00,2011-11-29 10:56:00
14181.0,2,310.55,122,2010-05-26 12:32:00,2010-10-25 08:27:00
14182.0,4,678.77,174,2010-04-22 15:36:00,2010-09-22 11:45:00
14183.0,2,286.29,61,2010-08-15 15:36:00,2010-10-24 14:45:00
14184.0,1,452.89,127,2011-10-04 12:43:00,2011-10-04 12:43:00
14185.0,1,197.65,6,2011-01-12 13:52:00,2011-01-12 13:52:00
14186.0,5,1550.63,1550,2010-03-05 11:17:00,2010-10-08 13:30:00
14187.0,1,123.5,50,2010-08-23 12:06:00,2010-08-23 12:06:00
14188.0,6,2054.36,1162,2011-02-02 13:46:00,2011-11-09 12:45:00
14189.0,16,5814.39,4646,2010-11-16 09:28:00,2011-12-07 15:55:00
14190.0,1,79.9,2,2010-02-11 14:27:00,2010-02-11 14:27:00
14191.0,15,4817.66,3724,2009-12-11 10:48:00,2011-12-08 09:23:00
14192.0,1,293.74,218,2010-11-16 17:44:00,2010-11-16 17:44:00
14193.0,3,1210.19,653,2010-11-08 12:31:00,2011-10-03 09:34:00
14194.0,36,18670.59,10037,2010-01-06 12:16:00,2011-12-05 10:38:00
14195.0,6,2615.6,2144,2010-03-15 17:12:00,2011-05-22 10:29:00
14196.0,1,335.52,142,2011-08-25 10:25:00,2011-08-25 10:25:00
14197.0,1,390.05,143,2010-10-25 10:01:00,2010-10-25 10:01:00
14198.0,9,1569.73,623,2010-01-05 10:07:00,2011-11-21 16:35:00
14199.0,4,1091.7,254,2010-06-27 12:13:00,2011-05-05 13:44:00
14200.0,1,379.2,140,2010-04-01 13:01:00,2010-04-01 13:01:00
14201.0,10,1193.54,806,2010-04-30 13:00:00,2011-10-10 13:27:00
14202.0,3,847.76,166,2010-03-25 10:36:00,2010-11-23 17:13:00
14203.0,1,339.34,80,2010-11-07 13:35:00,2010-11-07 13:35:00
14204.0,4,1062.96,492,2009-12-02 13:26:00,2011-12-07 13:38:00
14205.0,9,2414.2,1342,2010-03-07 12:20:00,2011-11-23 10:55:00
14206.0,3,1185.01,930,2010-11-02 11:37:00,2011-04-14 16:38:00
14207.0,1,157.8,36,2010-01-21 09:33:00,2010-01-21 09:33:00
14208.0,2,567.05,529,2010-06-06 13:11:00,2011-09-06 12:48:00
14209.0,15,4993.27,1739,2010-01-22 10:28:00,2011-11-29 10:18:00
14210.0,16,5861.52,2604,2010-01-06 10:17:00,2011-08-26 12:36:00
14211.0,18,4402.29,2575,2009-12-09 12:48:00,2011-10-17 13:23:00
14212.0,2,2190.14,2046,2010-09-20 11:48:00,2011-09-11 12:45:00
14213.0,1,1192.2,244,2010-10-31 10:37:00,2010-10-31 10:37:00
14214.0,5,1004.38,751,2011-03-07 12:26:00,2011-11-09 10:31:00
14215.0,9,3416.33,2285,2009-12-08 09:35:00,2011-11-28 12:19:00
14216.0,5,2150.04,712,2010-10-21 15:07:00,2011-12-06 14:56:00
14217.0,23,3416.89,1256,2010-06-30 12:54:00,2011-12-08 11:53:00
14218.0,1,169.48000000000002,160,2011-10-28 10:00:00,2011-10-28 10:00:00
14219.0,3,633.83,363,2010-08-03 14:42:00,2011-12-05 16:23:00
14220.0,4,1515.0,468,2010-05-19 13:26:00,2011-04-06 13:23:00
14221.0,17,6517.49,3808,2010-04-06 14:10:00,2011-10-28 13:42:00
14222.0,1,683.17,607,2011-06-15 16:42:00,2011-06-15 16:42:00
14223.0,3,991.13,585,2011-03-20 16:02:00,2011-09-08 13:38:00
14224.0,9,1897.9,863,2010-06-13 13:46:00,2011-08-21 13:24:00
14225.0,4,2037.02,1168,2010-01-12 15:02:00,2010-10-01 10:32:00
14226.0,6,3002.53,1726,2010-09-24 14:32:00,2011-11-11 11:34:00
14227.0,15,6368.71,4048,2010-02-08 09:38:00,2011-11-13 15:48:00
14228.0,3,745.5,260,2010-06-11 12:29:00,2010-09-28 09:45:00
14229.0,7,2594.04,934,2010-08-25 11:47:00,2011-10-19 10:04:00
14230.0,3,979.8000000000001,246,2010-06-09 13:56:00,2010-09-30 09:07:00
14231.0,4,1235.6200000000001,610,2010-09-15 09:52:00,2011-06-09 11:05:00
14232.0,5,2048.07,1941,2011-03-20 12:44:00,2011-10-28 11:09:00
14233.0,7,2904.27,1261,2010-03-05 16:35:00,2011-10-21 15:54:00
14234.0,4,775.46,963,2011-10-13 13:58:00,2011-11-17 17:53:00
14235.0,9,4717.99,3014,2010-03-30 13:36:00,2011-09-25 14:37:00
14236.0,5,1744.64,812,2010-07-22 14:27:00,2011-09-20 09:13:00
14237.0,2,632.14,276,2010-04-28 10:04:00,2010-12-01 13:20:00
14238.0,3,434.23,189,2009-12-05 10:58:00,2011-01-17 14:40:00
14239.0,21,4263.17,1729,2009-12-05 12:36:00,2011-10-27 14:40:00
14240.0,3,1247.49,655,2010-10-12 12:48:00,2011-11-09 13:45:00
14241.0,2,333.70000000000005,242,2010-01-12 15:11:00,2011-06-09 11:46:00
14242.0,2,280.55,123,2011-01-18 08:53:00,2011-04-19 11:46:00
14243.0,17,7431.05,3687,2010-08-20 13:41:00,2011-12-01 11:12:00
14244.0,1,366.41999999999996,814,2010-02-17 11:40:00,2010-02-17 11:40:00
14245.0,2,1693.45,976,2011-03-21 10:41:00,2011-05-04 08:40:00
14246.0,3,1474.06,804,2011-04-08 08:25:00,2011-08-21 11:50:00
14247.0,5,772.66,382,2010-06-06 15:07:00,2011-03-06 15:21:00
14248.0,3,1032.95,692,2010-07-12 14:27:00,2011-01-25 14:45:00
14249.0,12,5625.461,2487,2010-01-29 14:21:00,2010-10-25 12:34:00
14250.0,3,1904.05,1200,2011-09-11 13:44:00,2011-12-02 14:30:00
14251.0,5,2879.7000000000003,1674,2011-10-13 12:46:00,2011-12-08 08:32:00
14252.0,1,350.99,111,2010-11-23 13:36:00,2010-11-23 13:36:00
14253.0,2,363.40000000000003,88,2010-03-26 15:08:00,2010-08-03 14:55:00
14254.0,1,601.03,263,2010-10-03 11:52:00,2010-10-03 11:52:00
14255.0,1,1000.63,1,2010-06-11 15:54:00,2010-06-11 15:54:00
14256.0,5,2473.9900000000002,1171,2010-01-14 10:35:00,2011-03-24 13:17:00
14257.0,9,5954.45,3332,2010-03-01 15:36:00,2011-10-06 16:54:00
14258.0,25,32051.34,17488,2009-12-04 08:36:00,2011-11-30 15:27:00
14259.0,1,120.0,68,2011-07-21 10:44:00,2011-07-21 10:44:00
14260.0,3,824.28,544,2010-06-09 11:23:00,2010-08-25 14:55:00
14261.0,2,1163.45,406,2011-09-22 10:47:00,2011-10-20 10:04:00
14262.0,8,2618.23,1645,2011-04-13 12:23:00,2011-12-01 14:17:00
14263.0,1,322.93,171,2010-10-12 14:09:00,2010-10-12 14:09:00
14264.0,6,1517.3600000000001,553,2010-04-07 13:21:00,2011-07-08 10:20:00
14265.0,4,1373.35,715,2010-04-06 14:39:00,2011-08-22 13:32:00
14266.0,1,40.56,24,2010-10-07 13:32:00,2010-10-07 13:32:00
14267.0,3,1516.24,530,2011-03-24 11:38:00,2011-06-30 10:09:00
14268.0,1,354.85,147,2010-08-26 10:45:00,2010-08-26 10:45:00
14269.0,1,295.73,123,2010-09-26 12:53:00,2010-09-26 12:53:00
14270.0,1,492.65000000000003,197,2011-01-12 09:33:00,2011-01-12 09:33:00
14271.0,2,219.13,149,2010-10-26 17:01:00,2011-04-28 12:47:00
14272.0,4,920.81,1097,2010-05-06 14:01:00,2011-09-27 10:08:00
14273.0,4,559.97,264,2011-04-11 13:24:00,2011-10-19 13:20:00
14274.0,1,256.6,178,2010-01-22 12:51:00,2010-01-22 12:51:00
14275.0,6,1189.3799999999999,538,2010-04-11 12:32:00,2010-11-09 09:06:00
14276.0,7,2102.68,1406,2010-02-17 13:10:00,2011-09-02 09:45:00
14277.0,9,17225.81,89814,2009-12-13 15:43:00,2011-11-24 15:01:00
14278.0,1,205.83,131,2010-10-26 12:07:00,2010-10-26 12:07:00
14279.0,2,191.86,46,2010-01-27 16:34:00,2010-07-07 08:42:00
14280.0,1,134.04,52,2011-05-27 10:37:00,2011-05-27 10:37:00
14281.0,1,245.15,45,2010-10-27 14:45:00,2010-10-27 14:45:00
14282.0,25,7849.66,5478,2010-02-15 11:22:00,2011-12-06 17:04:00
14283.0,4,628.4399999999999,550,2010-05-19 12:22:00,2010-09-02 14:46:00
14284.0,3,1299.65,510,2010-02-24 12:06:00,2011-11-09 08:11:00
14285.0,8,3284.42,954,2009-12-08 14:13:00,2011-11-18 14:50:00
14286.0,7,8479.76,8795,2009-12-04 08:40:00,2011-11-16 10:34:00
14287.0,3,176.63,261,2011-05-25 11:41:00,2011-12-01 13:25:00
14288.0,1,426.6,188,2011-05-10 13:22:00,2011-05-10 13:22:00
14289.0,6,911.26,292,2011-02-23 12:33:00,2011-12-01 11:44:00
14290.0,8,4516.56,1600,2009-12-08 11:44:00,2011-11-28 14:02:00
14291.0,23,7904.1,6146,2009-12-09 10:46:00,2011-12-08 10:26:00
14292.0,16,9226.25,3429,2010-03-19 11:10:00,2011-12-02 11:50:00
14293.0,9,3267.9300000000003,1730,2009-12-10 10:57:00,2011-12-06 15:17:00
14294.0,1,375.34,190,2010-10-28 16:25:00,2010-10-28 16:25:00
14295.0,5,2362.91,1029,2009-12-08 09:49:00,2011-10-30 15:50:00
14296.0,2,456.40000000000003,314,2010-05-14 14:34:00,2010-10-14 14:14:00
14297.0,4,1305.33,865,2011-03-10 08:31:00,2011-11-22 09:06:00
14298.0,82,91194.49,100272,2009-12-11 13:49:00,2011-12-01 13:12:00
14299.0,27,14499.49,8228,2009-12-02 10:58:00,2011-12-01 16:05:00
14300.0,1,43.2,32,2011-11-21 08:57:00,2011-11-21 08:57:00
14301.0,4,1992.18,1686,2010-02-11 13:07:00,2011-08-14 15:33:00
14302.0,3,742.9000000000001,298,2009-12-02 08:16:00,2010-10-05 08:10:00
14303.0,2,277.94,218,2010-10-01 10:31:00,2010-10-28 15:37:00
14304.0,3,1725.01,775,2010-05-18 10:50:00,2011-05-01 11:50:00
14305.0,3,1858.96,1089,2011-07-27 14:14:00,2011-09-29 15:29:00
14306.0,6,3151.4,2065,2010-01-31 13:42:00,2011-10-19 13:23:00
14307.0,10,5071.03,3374,2009-12-07 13:06:00,2011-09-12 09:38:00
14308.0,2,1147.02,2,2010-06-08 16:39:00,2010-06-08 16:48:00
14309.0,11,3780.81,2583,2010-06-07 10:24:00,2011-12-01 13:33:00
14310.0,1,492.1,230,2010-10-03 12:34:00,2010-10-03 12:34:00
14311.0,2,516.45,235,2010-05-21 10:28:00,2011-04-11 10:14:00
14312.0,11,3090.29,1904,2010-07-23 15:05:00,2011-10-24 09:46:00
14314.0,2,229.8,332,2010-10-05 08:00:00,2011-08-25 10:39:00
14315.0,8,3197.82,1344,2010-03-15 12:49:00,2011-10-26 12:06:00
14316.0,5,1370.34,4494,2010-03-19 15:18:00,2010-10-13 16:31:00
14317.0,1,508.58000000000004,255,2011-10-06 10:44:00,2011-10-06 10:44:00
14318.0,1,158.02,152,2010-09-05 15:32:00,2010-09-05 15:32:00
14319.0,1,494.85,329,2010-10-11 13:38:00,2010-10-11 13:38:00
14320.0,5,1346.75,713,2010-01-21 11:44:00,2011-05-17 09:24:00
14321.0,7,2218.06,3275,2010-08-23 12:56:00,2011-11-29 09:47:00
14322.0,4,474.1,158,2010-02-18 08:49:00,2010-10-06 15:17:00
14323.0,2,605.0600000000001,350,2011-04-15 11:44:00,2011-08-17 11:37:00
14324.0,2,701.61,402,2010-01-15 13:31:00,2010-10-26 11:44:00
14325.0,1,245.48000000000002,320,2010-05-19 09:20:00,2010-05-19 09:20:00
14326.0,3,940.98,572,2010-06-25 12:10:00,2011-04-11 15:04:00
14327.0,6,1894.93,1296,2010-01-08 14:04:00,2011-06-29 13:58:00
14328.0,1,445.05,1,2010-09-27 16:01:00,2010-09-27 16:01:00
14329.0,15,9927.22,5921,2009-12-16 15:31:00,2011-11-22 15:50:00
14330.0,1,200.63,103,2010-03-26 09:10:00,2010-03-26 09:10:00
14331.0,2,462.65999999999997,252,2011-07-27 15:14:00,2011-08-07 13:17:00
14332.0,5,1943.51,893,2010-10-19 13:01:00,2011-11-17 11:54:00
14333.0,1,415.2,58,2011-10-03 10:38:00,2011-10-03 10:38:00
14334.0,12,4318.48,2986,2010-05-20 10:04:00,2011-11-23 10:01:00
14335.0,2,468.26,379,2011-09-04 13:07:00,2011-11-23 13:41:00
14336.0,4,1614.91,1759,2011-03-08 16:48:00,2011-11-23 11:40:00
14338.0,3,928.1,622,2010-06-21 10:32:00,2011-07-01 14:08:00
14339.0,2,620.27,456,2010-10-07 08:50:00,2011-04-11 11:06:00
14340.0,1,134.7,58,2011-05-05 09:44:00,2011-05-05 09:44:00
14341.0,18,4467.32,2819,2009-12-01 12:20:00,2011-10-25 15:48:00
14342.0,6,918.44,521,2010-08-24 13:03:00,2011-11-18 13:21:00
14343.0,4,1088.91,631,2010-01-18 16:47:00,2010-10-14 13:05:00
14344.0,20,3333.7000000000003,1669,2010-03-23 15:47:00,2011-08-04 13:51:00
14345.0,1,108.97999999999999,50,2011-11-01 09:51:00,2011-11-01 09:51:00
14346.0,5,2315.75,1878,2010-07-30 10:44:00,2011-08-11 09:47:00
14347.0,1,82.6,48,2009-12-03 10:49:00,2009-12-03 10:49:00
14348.0,1,409.57,183,2011-03-24 16:23:00,2011-03-24 16:23:00
14349.0,1,133.5,86,2011-11-29 15:39:00,2011-11-29 15:39:00
14350.0,3,972.03,543,2010-10-05 15:52:00,2011-03-10 14:14:00
14351.0,1,51.0,12,2011-06-28 11:56:00,2011-06-28 11:56:00
14352.0,4,1078.96,538,2011-03-11 14:58:00,2011-07-05 15:41:00
14353.0,3,376.5,344,2010-10-04 12:38:00,2011-05-08 16:06:00
14354.0,2,163.62,210,2011-11-09 15:36:00,2011-12-04 11:32:00
14355.0,3,1014.45,709,2010-03-22 15:08:00,2010-12-09 12:16:00
14356.0,2,701.23,277,2011-09-19 14:43:00,2011-09-21 09:18:00
14357.0,1,225.77,148,2011-10-27 16:23:00,2011-10-27 16:23:00
14358.0,2,400.06,338,2010-10-07 17:26:00,2010-11-15 15:51:00
14359.0,3,912.18,371,2011-09-13 09:03:00,2011-11-20 13:17:00
14360.0,4,2128.23,1151,2011-09-06 11:58:00,2011-11-08 09:12:00
14361.0,1,214.70999999999998,251,2010-05-10 12:29:00,2010-05-10 12:29:00
14362.0,1,161.2,100,2011-11-17 15:08:00,2011-11-17 15:08:00
14363.0,2,227.47000000000003,105,2010-09-14 14:39:00,2010-11-02 17:01:00
14364.0,8,3717.35,1967,2011-05-12 12:56:00,2011-08-23 11:01:00
14365.0,2,634.68,557,2010-01-27 09:44:00,2010-11-10 09:52:00
14366.0,1,136.0,16,2010-07-02 17:23:00,2010-07-02 17:23:00
14367.0,16,9261.52,4438,2011-03-08 14:12:00,2011-12-01 13:19:00
14368.0,1,155.0,36,2011-01-24 09:52:00,2011-01-24 09:52:00
14369.0,2,469.13,255,2010-02-16 10:28:00,2010-03-07 15:47:00
14370.0,6,1175.78,266,2010-02-01 08:35:00,2010-09-15 10:53:00
14371.0,1,100.5,34,2011-02-17 16:35:00,2011-02-17 16:35:00
14372.0,2,860.08,378,2010-04-19 15:57:00,2010-09-22 16:17:00
14373.0,1,76.55,17,2010-12-16 15:40:00,2010-12-16 15:40:00
14374.0,1,108.0,20,2010-06-16 14:25:00,2010-06-16 14:25:00
14375.0,3,1132.99,659,2010-06-16 14:34:00,2011-06-07 13:44:00
14376.0,1,215.46,50,2010-01-25 15:36:00,2010-01-25 15:36:00
14377.0,2,617.05,219,2011-03-22 13:38:00,2011-06-01 13:32:00
14378.0,1,131.25,57,2010-03-28 12:22:00,2010-03-28 12:22:00
14379.0,4,1268.91,713,2010-08-16 15:31:00,2011-10-26 16:43:00
14380.0,1,48.96,1,2010-01-26 17:11:00,2010-01-26 17:11:00
14381.0,2,631.34,453,2010-09-14 16:15:00,2011-10-18 17:10:00
14382.0,2,1246.8,1701,2010-11-14 16:32:00,2011-11-13 16:18:00
14383.0,3,1247.69,817,2011-06-29 10:18:00,2011-11-01 15:53:00
14384.0,1,58.5,30,2010-07-27 09:53:00,2010-07-27 09:53:00
14385.0,3,202.11,159,2011-11-16 11:55:00,2011-11-30 15:36:00
14386.0,1,142.4,54,2011-02-16 09:45:00,2011-02-16 09:45:00
14387.0,3,1770.56,819,2011-08-22 14:13:00,2011-11-07 12:29:00
14388.0,16,6701.0,4360,2010-01-20 11:54:00,2011-11-29 13:32:00
14389.0,5,1898.01,1388,2010-04-28 14:57:00,2011-10-05 15:17:00
14390.0,13,6399.83,2910,2010-10-10 14:30:00,2011-11-29 13:49:00
14391.0,1,135.6,168,2010-05-12 09:42:00,2010-05-12 09:42:00
14392.0,1,266.4,114,2010-10-03 12:56:00,2010-10-03 12:56:00
14393.0,1,67.95,13,2011-05-05 18:16:00,2011-05-05 18:16:00
14394.0,1,93.8,58,2010-05-24 10:43:00,2010-05-24 10:43:00
14395.0,20,8208.01,4072,2010-04-18 13:12:00,2011-12-07 14:34:00
14396.0,7,2121.93,1022,2009-12-02 14:21:00,2011-10-05 16:09:00
14397.0,19,2612.96,1890,2011-05-10 12:25:00,2011-12-07 09:22:00
14398.0,2,707.79,267,2010-06-30 11:57:00,2010-11-03 13:46:00
14399.0,8,2113.16,968,2010-02-03 13:09:00,2010-11-10 13:23:00
14400.0,3,1732.47,1706,2010-03-18 12:11:00,2011-07-13 15:50:00
14401.0,22,6795.9,6401,2009-12-14 13:22:00,2011-12-05 13:30:00
14402.0,1,285.6,240,2010-02-25 13:20:00,2010-02-25 13:20:00
14403.0,6,1880.51,737,2010-03-10 14:00:00,2011-08-01 12:57:00
14404.0,13,2899.11,1656,2009-12-20 14:40:00,2011-11-06 12:30:00
14405.0,1,195.0,100,2010-11-18 11:40:00,2010-11-18 11:40:00
14406.0,1,156.75,77,2011-08-12 16:54:00,2011-08-12 16:54:00
14407.0,6,2157.73,1415,2011-03-08 11:59:00,2011-08-24 14:02:00
14408.0,11,4109.77,2444,2009-12-07 12:18:00,2011-11-29 11:41:00
14409.0,9,3756.09,2401,2010-05-21 16:45:00,2011-09-29 18:18:00
14410.0,11,2651.14,1377,2010-09-28 15:46:00,2011-09-08 15:08:00
14411.0,1,1063.0,196,2011-02-02 10:56:00,2011-02-02 10:56:00
14412.0,3,1426.19,1428,2010-10-11 12:33:00,2011-10-28 10:45:00
14413.0,4,770.37,280,2010-01-19 14:27:00,2010-12-12 13:37:00
14414.0,8,2399.33,2877,2010-11-30 10:12:00,2011-09-09 12:09:00
14415.0,23,12091.6,6304,2009-12-16 14:08:00,2011-12-08 14:38:00
14416.0,2,490.22,326,2011-10-28 15:10:00,2011-11-17 15:22:00
14417.0,1,604.2,567,2010-11-17 10:55:00,2010-11-17 10:55:00
14418.0,3,1937.25,1711,2011-08-23 17:18:00,2011-12-06 11:39:00
14419.0,7,1260.91,556,2010-11-22 11:09:00,2011-11-29 11:22:00
14420.0,4,1639.17,1120,2010-01-17 12:41:00,2011-09-01 18:07:00
14421.0,6,2469.37,1342,2010-01-17 11:30:00,2011-10-13 13:24:00
14422.0,19,10271.52,6067,2009-12-17 12:12:00,2011-12-09 11:26:00
14423.0,3,916.6099999999999,419,2010-01-14 11:49:00,2011-05-05 15:12:00
14424.0,1,322.08,48,2011-11-22 11:48:00,2011-11-22 11:48:00
14425.0,3,661.39,325,2009-12-02 11:31:00,2010-10-01 10:24:00
14426.0,17,11727.94,7023,2010-03-04 14:36:00,2011-11-16 12:25:00
14427.0,4,1263.52,538,2010-03-18 09:49:00,2011-10-20 14:23:00
14428.0,5,1244.83,436,2011-01-18 16:39:00,2011-12-02 13:17:00
14429.0,1,516.28,286,2010-11-01 10:08:00,2010-11-01 10:08:00
14430.0,3,1220.9,446,2010-04-11 15:59:00,2010-07-16 11:35:00
14431.0,4,2614.2,1202,2010-01-21 10:49:00,2011-02-10 10:40:00
14432.0,6,2255.51,2070,2011-09-11 14:09:00,2011-11-30 08:04:00
14433.0,1,289.6,134,2010-08-31 12:35:00,2010-08-31 12:35:00
14434.0,6,1372.8,368,2011-09-28 15:31:00,2011-11-18 08:56:00
14435.0,1,90.42,282,2010-07-26 12:33:00,2010-07-26 12:33:00
14436.0,2,271.70000000000005,297,2010-06-04 11:32:00,2011-09-02 10:13:00
14437.0,5,958.84,486,2010-05-05 12:20:00,2010-12-09 09:27:00
14438.0,1,131.9,82,2011-02-06 14:56:00,2011-02-06 14:56:00
14439.0,5,9443.04,2244,2010-01-21 14:01:00,2011-01-24 11:39:00
14440.0,13,6638.7300000000005,1755,2009-12-02 12:13:00,2011-12-01 15:42:00
14441.0,11,4611.6900000000005,1260,2010-01-18 10:40:00,2011-12-09 09:07:00
14442.0,7,5367.0199999999995,1431,2010-01-18 12:59:00,2011-05-19 11:36:00
14443.0,5,2386.47,1520,2010-11-25 14:18:00,2011-10-17 10:10:00
14444.0,1,132.04,180,2010-09-09 18:56:00,2010-09-09 18:56:00
14445.0,1,221.65,83,2010-09-10 11:09:00,2010-09-10 11:09:00
14446.0,5,1241.31,1116,2010-11-18 12:08:00,2011-12-09 11:34:00
14447.0,6,1711.73,913,2010-11-04 13:32:00,2011-11-21 08:28:00
14448.0,2,375.35,104,2010-12-10 17:26:00,2011-11-30 13:50:00
14449.0,8,2482.8,1778,2010-09-29 13:15:00,2011-11-21 12:06:00
14450.0,7,1128.44,522,2010-04-08 12:09:00,2011-06-12 10:46:00
14451.0,12,3308.77,1757,2010-01-17 10:35:00,2011-10-10 13:38:00
14452.0,4,665.59,289,2010-07-06 13:13:00,2011-11-29 12:06:00
14453.0,1,119.93,49,2011-06-02 14:15:00,2011-06-02 14:15:00
14454.0,5,977.3,400,2009-12-06 12:56:00,2010-11-28 13:26:00
14455.0,4,628.21,719,2010-08-01 13:26:00,2010-10-03 15:48:00
14456.0,9,3062.4,2908,2011-07-20 13:06:00,2011-12-04 13:59:00
14457.0,1,113.64,88,2011-02-02 09:39:00,2011-02-02 09:39:00
14458.0,1,237.42,328,2010-11-24 12:43:00,2010-11-24 12:43:00
14459.0,2,5375.741,2303,2010-02-26 13:26:00,2011-07-07 13:35:00
14460.0,9,1093.5,1879,2009-12-15 19:06:00,2011-08-21 14:19:00
14461.0,13,6713.5,3027,2010-01-18 12:48:00,2011-07-14 17:11:00
14462.0,12,2270.01,1072,2010-10-03 14:13:00,2011-10-04 15:55:00
14463.0,4,786.5699999999999,210,2010-07-28 11:35:00,2011-09-02 15:20:00
14464.0,2,111.0,62,2010-03-22 15:20:00,2010-05-20 18:00:00
14465.0,11,3946.03,2546,2010-01-07 15:03:00,2011-04-07 12:38:00
14466.0,13,4646.9,2644,2009-12-13 15:44:00,2011-11-10 14:07:00
14467.0,12,2220.9900000000002,1196,2009-12-02 12:44:00,2011-11-22 12:48:00
14468.0,1,204.24,164,2009-12-06 12:21:00,2009-12-06 12:21:00
14469.0,4,2112.21,980,2010-01-29 11:12:00,2010-10-19 14:30:00
14470.0,3,712.04,282,2010-10-05 12:39:00,2011-11-28 10:31:00
14471.0,2,400.95,187,2009-12-07 12:26:00,2010-04-27 17:12:00
14472.0,9,2228.22,1305,2010-01-19 13:09:00,2011-08-28 11:01:00
14473.0,2,234.34000000000003,88,2011-03-02 13:56:00,2011-09-26 15:10:00
14474.0,2,1278.08,453,2010-05-09 12:12:00,2011-10-24 13:26:00
14475.0,4,1151.15,541,2010-10-27 09:20:00,2011-09-29 10:46:00
14476.0,1,215.7,132,2011-03-27 15:39:00,2011-03-27 15:39:00
14477.0,7,1969.6,1120,2010-01-04 15:41:00,2011-11-20 11:11:00
14478.0,4,1276.66,1226,2009-12-01 13:20:00,2010-11-22 15:29:00
14479.0,4,1299.11,620,2009-12-06 13:48:00,2011-03-31 09:07:00
14480.0,4,1299.52,670,2009-12-21 16:32:00,2011-11-28 16:35:00
14481.0,5,2311.4900000000002,1584,2010-01-31 12:43:00,2011-06-28 10:38:00
14482.0,12,4357.91,2891,2010-08-26 14:13:00,2011-11-21 13:14:00
14483.0,2,257.1,193,2009-12-03 10:16:00,2011-03-03 10:26:00
14484.0,4,1070.98,744,2009-12-17 10:57:00,2011-10-20 14:11:00
14485.0,1,165.75,71,2011-11-01 12:25:00,2011-11-01 12:25:00
14486.0,2,175.5,90,2010-06-04 10:30:00,2010-07-16 09:42:00
14487.0,7,1453.61,837,2010-11-25 13:36:00,2011-11-13 12:17:00
14488.0,1,1064.28,799,2011-10-03 09:30:00,2011-10-03 09:30:00
14489.0,4,1574.93,1011,2010-04-06 09:52:00,2011-05-16 14:51:00
14490.0,2,1273.47,933,2010-10-07 11:36:00,2010-10-29 15:04:00
14491.0,2,468.13,179,2010-12-02 12:10:00,2011-06-17 15:22:00
14492.0,7,1921.91,751,2010-03-30 14:23:00,2010-10-05 13:21:00
14493.0,10,5130.15,3183,2010-03-08 08:33:00,2011-12-02 16:14:00
14494.0,3,401.46,210,2009-12-08 13:25:00,2011-11-14 09:21:00
14495.0,3,174.8,68,2010-02-18 08:49:00,2011-10-20 12:28:00
14496.0,7,2668.23,991,2010-03-16 13:15:00,2011-02-01 09:01:00
14497.0,2,697.0600000000001,332,2010-02-04 09:59:00,2011-02-03 17:01:00
14498.0,10,3911.27,2122,2010-06-07 16:05:00,2011-10-28 12:09:00
14499.0,7,2138.9700000000003,1250,2010-08-27 11:57:00,2011-11-13 13:01:00
14500.0,3,356.85,117,2011-06-03 10:08:00,2011-09-12 16:45:00
14501.0,2,251.21,161,2011-01-24 10:43:00,2011-06-09 12:02:00
14502.0,11,2470.67,1498,2011-01-30 15:52:00,2011-11-20 11:50:00
14503.0,6,3543.26,2004,2011-06-14 10:00:00,2011-12-06 13:30:00
14504.0,4,673.26,308,2011-03-06 14:38:00,2011-10-23 16:00:00
14505.0,19,12001.84,5383,2009-12-09 14:48:00,2011-11-22 15:45:00
14506.0,7,3290.67,1078,2010-04-19 08:27:00,2011-11-22 13:02:00
14507.0,11,3284.43,1536,2009-12-10 17:04:00,2011-11-16 12:21:00
14508.0,5,874.94,359,2010-06-17 13:02:00,2011-11-17 19:48:00
14509.0,1,110.95,38,2010-06-23 13:21:00,2010-06-23 13:21:00
14510.0,3,1007.28,821,2010-09-29 13:35:00,2010-11-29 12:46:00
14511.0,5,1314.81,784,2011-07-29 12:13:00,2011-11-28 17:05:00
14512.0,7,1223.47,742,2009-12-07 13:49:00,2011-06-05 12:39:00
14513.0,6,788.01,593,2010-05-20 17:57:00,2011-08-31 11:25:00
14514.0,9,4598.9800000000005,2496,2009-12-13 13:21:00,2011-10-09 16:05:00
14515.0,12,3749.2599999999998,1917,2010-06-07 12:37:00,2011-11-22 11:37:00
14516.0,1,163.92,68,2010-07-11 14:07:00,2010-07-11 14:07:00
14517.0,2,330.45,91,2011-07-21 11:42:00,2011-11-06 14:20:00
14518.0,1,174.37,278,2011-10-06 14:43:00,2011-10-06 14:43:00
14519.0,2,206.09,82,2009-12-11 10:40:00,2010-01-25 11:18:00
14520.0,2,270.6,146,2011-02-22 09:15:00,2011-12-08 09:46:00
14521.0,1,199.45000000000002,211,2010-08-05 16:35:00,2010-08-05 16:35:00
14522.0,8,1758.6200000000001,968,2010-01-24 13:55:00,2011-11-15 13:24:00
14523.0,1,241.09,251,2011-08-23 13:13:00,2011-08-23 13:13:00
14524.0,13,2933.71,1176,2010-10-19 11:44:00,2011-11-08 12:29:00
14525.0,17,8240.64,5235,2009-12-13 14:01:00,2011-11-20 11:37:00
14526.0,1,262.4,179,2010-11-15 13:32:00,2010-11-15 13:32:00
14527.0,122,27792.3,6762,2009-12-02 12:06:00,2011-12-07 12:19:00
14528.0,1,364.21999999999997,278,2011-11-02 17:09:00,2011-11-02 17:09:00
14529.0,3,620.04,348,2011-08-21 14:10:00,2011-10-10 15:27:00
14530.0,16,6197.4,3014,2010-01-21 11:25:00,2011-11-14 10:38:00
14531.0,1,376.34,260,2010-08-17 10:16:00,2010-08-17 10:16:00
14532.0,11,3859.1800000000003,1115,2010-01-10 11:47:00,2011-04-17 13:05:00
14533.0,11,3466.37,6038,2010-04-08 12:13:00,2011-11-15 12:05:00
14534.0,26,6271.11,2856,2010-03-15 14:16:00,2011-12-07 12:19:00
14535.0,9,6030.7300000000005,3240,2010-02-24 15:03:00,2011-10-10 15:39:00
14536.0,1,171.8,40,2011-03-25 12:21:00,2011-03-25 12:21:00
14537.0,2,641.4,228,2010-03-26 13:44:00,2011-10-13 10:54:00
14538.0,5,1370.8400000000001,284,2010-01-25 15:42:00,2011-10-06 10:31:00
14539.0,2,537.48,428,2011-10-26 12:03:00,2011-11-24 09:50:00
14540.0,11,3795.34,1619,2009-12-07 13:00:00,2011-11-30 10:15:00
14541.0,14,2499.68,1129,2010-01-07 11:59:00,2011-10-12 10:08:00
14542.0,1,103.25,19,2011-06-07 08:19:00,2011-06-07 08:19:00
14543.0,39,14906.77,2697,2009-12-01 13:47:00,2011-11-11 12:45:00
14544.0,3,2982.43,2438,2010-08-26 16:00:00,2011-11-15 15:06:00
14545.0,1,349.25,236,2010-02-03 15:23:00,2010-02-03 15:23:00
14546.0,11,5197.9,2696,2009-12-06 13:10:00,2011-12-04 13:00:00
14547.0,8,4007.54,2668,2011-10-16 14:35:00,2011-12-06 11:06:00
14548.0,9,2627.49,1021,2009-12-06 14:00:00,2011-07-12 12:19:00
14549.0,4,916.5500000000001,395,2009-12-02 14:06:00,2011-02-01 13:47:00
14550.0,4,1353.31,776,2010-08-13 12:05:00,2011-11-29 12:12:00
14551.0,7,880.04,487,2010-01-27 12:06:00,2011-11-21 13:36:00
14552.0,3,511.28000000000003,261,2010-04-26 13:44:00,2011-07-11 12:49:00
14553.0,9,1841.54,1140,2010-07-18 12:07:00,2011-11-20 13:20:00
14554.0,4,2381.04,1478,2011-10-18 13:04:00,2011-11-29 16:44:00
14555.0,6,2315.63,850,2009-12-18 11:39:00,2011-10-13 16:24:00
14556.0,3,835.34,331,2010-01-20 11:49:00,2010-04-22 14:57:00
14557.0,1,788.38,510,2011-09-15 15:48:00,2011-09-15 15:48:00
14558.0,3,655.5,162,2009-12-08 10:41:00,2010-02-23 12:51:00
14559.0,1,75.6,72,2010-11-14 16:05:00,2010-11-14 16:05:00
14560.0,44,6114.03,4580,2009-12-02 10:15:00,2011-12-02 15:22:00
14561.0,3,1080.76,1014,2011-06-08 13:26:00,2011-09-25 12:39:00
14562.0,26,6729.400000000001,2604,2010-02-07 14:10:00,2011-12-06 11:05:00
14563.0,2,679.44,335,2010-04-26 12:51:00,2010-07-18 12:01:00
14564.0,2,2605.62,1295,2009-12-04 09:27:00,2010-10-01 09:02:00
14565.0,5,3859.2200000000003,1940,2010-08-23 09:48:00,2011-09-05 09:07:00
14566.0,4,4092.0,2400,2010-06-24 10:34:00,2011-08-21 11:05:00
14567.0,2,1530.3600000000001,412,2011-08-01 13:48:00,2011-10-14 10:21:00
14568.0,1,919.7,645,2010-09-30 17:15:00,2010-09-30 17:15:00
14569.0,4,598.98,258,2010-04-15 11:49:00,2011-12-08 14:58:00
14570.0,3,613.75,431,2010-09-22 13:07:00,2011-03-04 10:58:00
14571.0,1,161.65,57,2010-10-10 15:06:00,2010-10-10 15:06:00
14572.0,11,5615.18,2933,2010-03-28 13:47:00,2011-12-06 14:40:00
14573.0,13,2621.42,835,2010-01-08 16:34:00,2011-06-13 11:15:00
14574.0,1,143.70000000000002,63,2009-12-07 12:42:00,2009-12-07 12:42:00
14575.0,1,460.71,176,2010-08-08 14:51:00,2010-08-08 14:51:00
14576.0,1,70.80000000000001,24,2010-12-02 17:51:00,2010-12-02 17:51:00
14577.0,7,1374.25,573,2009-12-11 12:09:00,2011-11-27 12:47:00
14578.0,1,168.63,240,2011-12-06 17:18:00,2011-12-06 17:18:00
14579.0,1,105.56,56,2010-10-03 14:36:00,2010-10-03 14:36:00
14580.0,1,14.850000000000001,3,2010-07-09 15:20:00,2010-07-09 15:20:00
14581.0,2,433.8,309,2010-06-13 15:48:00,2011-11-23 12:39:00
14582.0,1,114.11,73,2011-10-30 11:56:00,2011-10-30 11:56:00
14583.0,8,1781.03,1155,2010-03-28 15:16:00,2011-12-04 12:32:00
14584.0,8,1747.91,963,2010-02-17 14:01:00,2011-06-23 18:33:00
14585.0,5,1143.27,630,2010-10-19 12:17:00,2011-10-20 14:33:00
14586.0,1,237.36,444,2011-03-08 10:04:00,2011-03-08 10:04:00
14587.0,9,1601.14,761,2011-01-12 13:16:00,2011-11-21 11:34:00
14588.0,1,135.39,62,2010-05-10 15:08:00,2010-05-10 15:08:00
14589.0,1,79.5,10,2010-12-03 11:42:00,2010-12-03 11:42:00
14590.0,20,3006.62,904,2009-12-07 14:10:00,2010-10-11 12:06:00
14591.0,4,1447.14,1297,2011-05-10 14:09:00,2011-11-24 13:57:00
14592.0,3,570.46,415,2011-10-06 18:08:00,2011-11-04 16:35:00
14593.0,12,3712.0099999999998,1875,2009-12-09 12:57:00,2011-11-18 12:48:00
14594.0,2,634.83,331,2010-12-01 13:54:00,2011-12-02 13:28:00
14595.0,8,2164.45,1228,2010-01-20 13:59:00,2011-11-20 12:12:00
14596.0,1,229.47,79,2010-03-23 12:13:00,2010-03-23 12:13:00
14597.0,6,2201.54,1447,2010-09-28 13:17:00,2011-11-28 13:13:00
14598.0,2,384.04,354,2010-05-19 13:07:00,2011-10-26 13:19:00
14599.0,2,474.54,295,2010-07-18 15:54:00,2010-11-14 14:49:00
14600.0,2,865.1700000000001,487,2010-11-11 15:56:00,2011-02-07 09:48:00
14601.0,1,213.96,168,2011-11-29 09:48:00,2011-11-29 09:48:00
14602.0,1,205.35999999999999,80,2010-02-21 15:47:00,2010-02-21 15:47:00
14603.0,1,660.0,400,2011-03-10 10:27:00,2011-03-10 10:27:00
14604.0,1,143.85999999999999,88,2010-03-16 13:00:00,2010-03-16 13:00:00
14605.0,4,937.16,424,2009-12-08 13:59:00,2010-11-30 14:07:00
14606.0,192,30861.06,15635,2009-12-03 12:40:00,2011-12-08 19:28:00
14607.0,22,24137.63,15585,2009-12-15 11:25:00,2011-11-24 10:35:00
14608.0,11,3352.94,927,2009-12-06 12:34:00,2011-12-05 16:52:00
14609.0,10,1486.2,12720,2010-02-09 09:48:00,2011-09-28 12:54:00
14610.0,2,24.35,15,2010-07-13 16:06:00,2010-11-09 10:58:00
14611.0,2,604.3299999999999,582,2010-04-20 10:19:00,2010-09-22 09:19:00
14612.0,1,877.7,134,2010-10-20 16:01:00,2010-10-20 16:01:00
14613.0,1,76.32000000000001,72,2010-01-28 13:02:00,2010-01-28 13:02:00
14614.0,1,295.13,189,2010-11-18 13:04:00,2010-11-18 13:04:00
14615.0,5,951.76,495,2010-06-09 13:59:00,2010-11-10 13:36:00
14616.0,5,527.78,170,2010-06-09 09:42:00,2011-04-11 09:54:00
14617.0,2,190.47000000000003,81,2010-10-20 10:40:00,2010-11-02 11:41:00
14618.0,7,1342.32,704,2010-06-11 10:11:00,2011-11-30 13:45:00
14619.0,2,1291.24,594,2010-06-16 14:41:00,2011-04-08 07:37:00
14620.0,2,412.78000000000003,214,2011-03-01 08:30:00,2011-05-18 11:58:00
14621.0,9,3000.57,1706,2010-01-25 09:08:00,2011-12-08 16:22:00
14622.0,1,320.58000000000004,146,2011-06-08 12:42:00,2011-06-08 12:42:00
14623.0,10,2059.58,1059,2010-04-16 17:12:00,2011-11-07 13:56:00
14624.0,6,814.07,645,2010-04-14 10:44:00,2011-10-13 13:44:00
14625.0,11,4497.88,2155,2009-12-16 13:23:00,2011-05-27 15:32:00
14626.0,11,5410.92,3135,2009-12-10 14:57:00,2011-11-16 10:37:00
14627.0,1,462.75,284,2010-11-25 16:32:00,2010-11-25 16:32:00
14628.0,5,1998.0,1147,2010-01-25 14:40:00,2011-09-09 14:58:00
14629.0,2,959.01,380,2011-10-23 16:13:00,2011-12-05 16:55:00
14630.0,1,338.65,111,2010-08-12 16:38:00,2010-08-12 16:38:00
14631.0,6,2025.69,1407,2010-08-09 14:45:00,2011-10-20 11:17:00
14632.0,1,114.56,96,2011-03-22 08:49:00,2011-03-22 08:49:00
14633.0,1,344.90000000000003,96,2011-03-18 17:07:00,2011-03-18 17:07:00
14634.0,4,2124.46,1906,2010-06-16 09:48:00,2010-09-28 10:40:00
14635.0,1,215.22,118,2010-09-12 10:47:00,2010-09-12 10:47:00
14636.0,2,609.85,241,2011-03-16 09:52:00,2011-11-03 16:12:00
14637.0,1,106.67999999999999,100,2010-01-31 15:52:00,2010-01-31 15:52:00
14638.0,1,443.6,166,2011-10-20 10:10:00,2011-10-20 10:10:00
14639.0,9,4978.96,2410,2010-02-16 12:35:00,2011-10-18 15:06:00
14640.0,10,3667.06,1651,2010-01-22 15:44:00,2011-11-15 13:07:00
14641.0,1,110.46,90,2011-11-18 10:42:00,2011-11-18 10:42:00
14642.0,1,96.12,76,2011-10-12 11:08:00,2011-10-12 11:08:00
14643.0,5,1679.89,1377,2009-12-11 11:52:00,2011-06-22 14:41:00
14644.0,7,2247.72,770,2009-12-03 16:24:00,2011-10-03 08:30:00
14645.0,3,876.89,587,2010-03-15 11:33:00,2011-07-06 09:15:00
14646.0,151,528602.52,367193,2009-12-02 16:52:00,2011-12-08 12:12:00
14647.0,2,519.97,180,2010-07-04 13:27:00,2011-05-22 13:40:00
14648.0,15,4546.86,3326,2009-12-10 13:59:00,2010-10-19 13:12:00
14649.0,9,3775.31,2464,2010-01-20 13:10:00,2011-12-05 12:30:00
14650.0,1,62.5,22,2010-04-29 20:27:00,2010-04-29 20:27:00
14651.0,9,2034.1200000000001,886,2010-03-18 11:39:00,2011-10-03 15:52:00
14652.0,1,114.18,53,2011-09-23 14:21:00,2011-09-23 14:21:00
14653.0,12,3614.54,1976,2009-12-02 11:51:00,2011-12-08 13:45:00
14654.0,1,246.86,273,2009-12-01 12:57:00,2009-12-01 12:57:00
14655.0,7,3878.51,2341,2010-04-22 14:29:00,2011-12-01 16:28:00
14656.0,5,814.65,318,2010-04-15 12:10:00,2011-06-23 13:51:00
14657.0,6,1460.8700000000001,885,2010-09-30 19:57:00,2011-11-22 12:47:00
14658.0,2,247.15,47,2011-08-14 15:42:00,2011-12-04 15:35:00
14659.0,9,2529.93,1195,2011-01-28 12:43:00,2011-12-01 12:17:00
14660.0,2,285.74,228,2011-08-31 10:40:00,2011-09-14 11:34:00
14661.0,1,107.95,35,2011-11-13 11:51:00,2011-11-13 11:51:00
14662.0,7,1416.33,935,2009-12-03 16:47:00,2011-11-11 12:13:00
14663.0,2,490.6,397,2010-10-05 13:12:00,2010-10-05 13:21:00
14664.0,2,637.89,466,2011-11-06 14:56:00,2011-11-20 10:59:00
14665.0,7,2749.65,1144,2010-04-26 11:17:00,2011-10-10 09:14:00
14666.0,1,195.25,161,2011-11-15 12:57:00,2011-11-15 12:57:00
14667.0,54,21927.14,13010,2009-12-02 12:38:00,2011-11-29 11:30:00
14668.0,1,111.63,49,2010-09-20 15:03:00,2010-09-20 15:03:00
14669.0,7,3243.93,2054,2009-12-02 13:06:00,2011-04-12 11:43:00
14670.0,3,602.0,434,2009-12-07 13:59:00,2011-03-04 14:13:00
14671.0,2,1127.45,571,2010-05-20 18:21:00,2010-06-08 13:39:00
14672.0,4,1113.14,646,2010-01-28 11:33:00,2011-04-19 10:19:00
14673.0,7,3410.81,2035,2010-10-26 10:14:00,2011-12-06 14:31:00
14674.0,1,173.66,103,2010-07-18 14:25:00,2010-07-18 14:25:00
14675.0,2,1066.9,726,2010-11-16 12:22:00,2011-11-23 12:58:00
14676.0,12,8356.79,8792,2010-03-10 09:30:00,2011-11-08 13:29:00
14677.0,1,184.91,139,2010-04-26 09:48:00,2010-04-26 09:48:00
14678.0,1,403.39,179,2010-05-09 14:32:00,2010-05-09 14:32:00
14679.0,3,1289.44,794,2009-12-08 17:13:00,2010-11-23 11:51:00
14680.0,58,57412.77,27364,2009-12-04 12:36:00,2011-11-14 16:59:00
14681.0,6,875.1500000000001,172,2010-02-24 08:54:00,2011-09-29 15:52:00
14682.0,6,1514.81,949,2010-02-05 14:47:00,2011-06-05 12:12:00
14683.0,1,146.56,386,2010-04-30 17:18:00,2010-04-30 17:18:00
14684.0,6,1468.55,1039,2010-11-14 14:07:00,2011-11-14 11:33:00
14685.0,8,4619.79,2012,2009-12-13 11:32:00,2010-05-12 13:08:00
14686.0,5,885.83,475,2010-02-18 18:29:00,2010-10-21 18:31:00
14687.0,3,1402.06,850,2010-06-06 10:36:00,2011-08-25 11:59:00
14688.0,28,7713.57,5580,2010-09-09 12:35:00,2011-12-02 12:26:00
14689.0,1,112.8,76,2011-05-15 11:22:00,2011-05-15 11:22:00
14690.0,4,794.33,344,2010-10-25 12:20:00,2011-10-26 15:39:00
14691.0,5,2114.33,707,2011-05-11 09:55:00,2011-11-09 12:30:00
14692.0,12,1745.09,905,2010-04-01 14:04:00,2011-07-25 15:08:00
14693.0,7,1165.36,388,2010-07-02 08:28:00,2011-03-20 12:50:00
14694.0,1,244.31,193,2010-04-01 19:46:00,2010-04-01 19:46:00
14695.0,3,1620.07,678,2009-12-07 11:05:00,2010-07-08 14:18:00
14696.0,8,2767.9,2151,2010-10-14 11:43:00,2011-12-05 13:43:00
14697.0,2,188.60999999999999,181,2011-05-05 15:29:00,2011-05-05 15:39:00
14698.0,5,1250.76,615,2011-10-19 12:54:00,2011-12-08 12:26:00
14699.0,4,702.6,484,2010-07-02 12:04:00,2011-05-09 14:54:00
14700.0,5,3116.26,1634,2010-08-11 12:19:00,2011-11-07 14:40:00
14701.0,15,4562.09,1782,2010-01-24 12:15:00,2011-11-29 12:38:00
14702.0,29,6754.22,3073,2009-12-10 20:22:00,2011-12-08 19:29:00
14703.0,1,318.17,183,2011-11-25 09:23:00,2011-11-25 09:23:00
14704.0,11,1813.57,1209,2010-03-25 17:21:00,2011-11-28 12:51:00
14705.0,1,179.0,100,2011-05-25 12:39:00,2011-05-25 12:39:00
14706.0,1,390.69,263,2010-03-31 11:09:00,2010-03-31 11:09:00
14707.0,2,139.2,96,2010-05-12 11:07:00,2010-09-30 11:37:00
14708.0,5,2212.2799999999997,1509,2010-09-10 10:26:00,2011-12-07 08:21:00
14709.0,25,8886.33,4141,2009-12-05 15:26:00,2011-11-24 15:41:00
14710.0,13,1922.59,1151,2009-12-03 17:12:00,2011-11-25 14:53:00
14711.0,11,2868.8,978,2011-03-22 13:32:00,2011-11-29 14:58:00
14712.0,4,1328.0700000000002,411,2010-10-17 14:49:00,2011-11-10 12:59:00
14713.0,21,5418.87,3456,2009-12-03 19:22:00,2011-11-30 16:26:00
14714.0,4,906.24,642,2010-01-21 11:51:00,2011-11-15 13:07:00
14715.0,8,1840.45,1034,2010-01-19 12:18:00,2011-11-15 12:10:00
14716.0,3,565.45,752,2010-09-21 12:07:00,2011-10-27 17:29:00
14717.0,1,81.3,32,2009-12-06 13:05:00,2009-12-06 13:05:00
14718.0,1,226.42,202,2010-10-25 13:07:00,2010-10-25 13:07:00
14719.0,5,1602.13,1032,2011-04-04 14:17:00,2011-12-08 12:43:00
14720.0,3,663.81,219,2011-08-05 12:06:00,2011-12-04 12:02:00
14721.0,1,115.77,59,2010-11-25 13:08:00,2010-11-25 13:08:00
14722.0,3,513.37,222,2010-08-10 13:28:00,2011-07-15 14:58:00
14723.0,11,2093.06,1308,2009-12-04 11:22:00,2011-11-29 15:23:00
14724.0,1,345.25,187,2010-04-28 13:26:00,2010-04-28 13:26:00
14725.0,4,1315.24,1340,2010-06-23 11:34:00,2011-11-15 12:42:00
14726.0,1,124.75,91,2010-02-23 12:35:00,2010-02-23 12:35:00
14727.0,3,467.92999999999995,468,2010-06-11 13:23:00,2011-03-10 14:45:00
14728.0,1,190.58,68,2010-10-22 15:57:00,2010-10-22 15:57:00
14729.0,3,907.38,574,2010-03-24 13:30:00,2010-12-01 12:43:00
14730.0,8,2005.06,1132,2011-03-08 12:49:00,2011-12-08 14:39:00
14731.0,3,380.02,256,2011-05-11 13:06:00,2011-10-23 15:54:00
14732.0,19,5517.07,2273,2009-12-09 10:48:00,2011-12-01 14:34:00
14733.0,15,16184.97,6491,2010-11-02 15:42:00,2011-11-23 15:39:00
14734.0,4,1056.42,378,2010-06-06 15:15:00,2010-10-10 12:04:00
14735.0,56,12240.16,4513,2009-12-04 11:32:00,2011-12-06 12:09:00
14736.0,2,401.08,164,2010-08-11 15:13:00,2010-08-11 15:21:00
14737.0,4,3554.17,1071,2010-11-04 11:29:00,2011-12-06 10:16:00
14738.0,9,1821.9,757,2009-12-07 10:21:00,2011-10-28 08:56:00
14739.0,25,12287.5,10172,2009-12-02 13:23:00,2011-12-05 16:54:00
14740.0,11,4161.06,2081,2010-02-25 11:40:00,2011-05-26 18:17:00
14741.0,7,1897.59,1120,2010-10-18 09:33:00,2011-11-28 08:48:00
14742.0,1,579.85,374,2010-09-30 14:07:00,2010-09-30 14:07:00
14743.0,1,50.48,40,2010-04-26 10:26:00,2010-04-26 10:26:00
14744.0,14,3885.08,2547,2010-05-18 14:06:00,2011-11-23 12:51:00
14745.0,12,2571.81,1977,2010-03-12 10:33:00,2011-08-19 10:05:00
14746.0,4,593.5,398,2010-10-12 11:06:00,2010-10-29 14:44:00
14747.0,1,328.2,84,2011-04-04 14:09:00,2011-04-04 14:09:00
14748.0,10,3152.32,2752,2010-03-04 17:08:00,2011-11-10 18:33:00
14749.0,1,310.15,403,2010-08-17 12:36:00,2010-08-17 12:36:00
14750.0,1,112.03,65,2009-12-03 17:57:00,2009-12-03 17:57:00
14751.0,2,126.45,65,2009-12-13 14:08:00,2010-01-24 13:37:00
14752.0,1,389.64,260,2011-10-27 11:55:00,2011-10-27 11:55:00
14753.0,2,869.51,412,2010-09-05 11:04:00,2011-09-13 14:50:00
14754.0,6,1550.48,1011,2010-01-18 11:04:00,2011-10-26 12:01:00
14755.0,25,9972.550000000001,4401,2009-12-03 16:51:00,2011-11-30 11:24:00
14756.0,3,2653.76,1423,2010-10-11 11:50:00,2011-11-24 18:13:00
14757.0,1,420.5,160,2011-09-25 14:36:00,2011-09-25 14:36:00
14758.0,7,2864.97,840,2010-04-08 08:27:00,2011-07-18 08:21:00
14759.0,3,1625.97,569,2011-04-21 10:55:00,2011-12-05 12:03:00
14760.0,1,89.2,40,2011-02-15 16:27:00,2011-02-15 16:27:00
14761.0,3,447.92,206,2010-09-21 14:22:00,2011-10-12 12:10:00
14762.0,2,417.57,428,2010-03-23 15:36:00,2011-03-21 08:20:00
14764.0,1,278.3,190,2011-10-24 11:54:00,2011-10-24 11:54:00
14765.0,3,254.11,135,2011-06-16 19:49:00,2011-11-10 19:53:00
14766.0,11,6556.13,4063,2010-06-06 11:11:00,2011-12-01 16:05:00
14767.0,1,382.81,117,2010-08-22 14:54:00,2010-08-22 14:54:00
14768.0,2,192.60000000000002,52,2011-08-04 13:25:00,2011-11-22 12:54:00
14769.0,17,15771.88,11255,2009-12-16 09:17:00,2011-12-07 10:24:00
14770.0,8,3637.64,1598,2010-02-25 18:58:00,2011-04-21 14:21:00
14771.0,2,594.62,622,2009-12-03 09:44:00,2010-03-28 12:52:00
14772.0,1,139.26,82,2011-08-19 15:04:00,2011-08-19 15:04:00
14773.0,1,140.55,53,2010-04-26 10:29:00,2010-04-26 10:29:00
14774.0,1,241.45,99,2010-06-29 12:26:00,2010-06-29 12:26:00
14775.0,3,1418.46,1558,2010-12-02 16:38:00,2011-10-12 15:27:00
14776.0,15,3708.3,4658,2010-09-19 14:12:00,2011-10-19 15:34:00
14777.0,1,307.56,212,2010-11-01 12:50:00,2010-11-01 12:50:00
14778.0,2,730.86,306,2011-02-04 11:43:00,2011-08-04 15:23:00
14779.0,3,386.15,84,2011-01-20 12:04:00,2011-03-04 12:42:00
14780.0,2,447.68,310,2011-09-21 15:15:00,2011-10-16 12:46:00
14782.0,1,200.10000000000002,114,2011-01-24 11:12:00,2011-01-24 11:12:00
14783.0,1,307.3,262,2010-02-18 16:16:00,2010-02-18 16:16:00
14784.0,3,449.93,363,2010-11-15 09:49:00,2011-11-13 13:30:00
14785.0,2,77.4,84,2011-11-24 13:40:00,2011-11-29 13:21:00
14786.0,1,90.96,112,2010-06-07 13:42:00,2010-06-07 13:42:00
14787.0,1,110.65,59,2010-08-25 14:38:00,2010-08-25 14:38:00
14788.0,3,1156.32,719,2010-04-22 18:16:00,2011-12-02 17:06:00
14789.0,1,197.64,116,2011-11-11 08:59:00,2011-11-11 08:59:00
14790.0,10,2526.62,2642,2009-12-11 14:37:00,2011-11-23 09:28:00
14791.0,1,303.63,127,2010-04-12 10:24:00,2010-04-12 10:24:00
14792.0,1,6.2,2,2011-10-07 09:19:00,2011-10-07 09:19:00
14793.0,2,625.9,361,2010-06-22 16:54:00,2011-11-18 14:50:00
14794.0,10,1953.9,783,2010-08-09 15:44:00,2011-12-07 10:11:00
14795.0,1,131.45000000000002,17,2011-06-26 13:04:00,2011-06-26 13:04:00
14796.0,27,10889.64,7653,2009-12-14 15:06:00,2011-12-08 15:31:00
14797.0,1,300.31,99,2010-07-20 14:07:00,2010-07-20 14:07:00
14798.0,8,724.31,601,2010-03-01 08:38:00,2011-10-18 10:58:00
14799.0,2,338.15,495,2009-12-02 11:18:00,2011-10-19 16:16:00
14800.0,17,7774.32,6967,2010-09-30 14:38:00,2011-10-23 12:46:00
14801.0,1,193.14,175,2011-10-09 15:24:00,2011-10-09 15:24:00
14802.0,2,1502.98,2,2010-09-27 16:32:00,2010-09-27 16:34:00
14803.0,3,845.55,370,2011-02-20 13:21:00,2011-06-30 13:58:00
14804.0,1,353.27,121,2011-12-01 11:20:00,2011-12-01 11:20:00
14805.0,7,1104.64,421,2010-03-28 12:34:00,2011-11-24 16:20:00
14806.0,2,303.43,423,2010-09-26 15:50:00,2011-09-25 15:32:00
14807.0,2,519.29,247,2010-02-28 11:33:00,2010-11-14 12:47:00
14808.0,8,2741.17,2147,2011-06-20 12:53:00,2011-10-31 12:21:00
14809.0,2,686.76,232,2010-03-28 15:42:00,2010-03-28 15:44:00
14810.0,13,2537.02,1247,2010-10-06 13:12:00,2011-10-30 11:19:00
14811.0,1,170.5,74,2010-11-17 13:09:00,2010-11-17 13:09:00
14812.0,1,185.8,136,2010-04-20 12:13:00,2010-04-20 12:13:00
14813.0,4,1090.87,474,2010-04-08 11:49:00,2010-12-05 11:57:00
14814.0,1,160.46,96,2010-05-07 14:10:00,2010-05-07 14:10:00
14815.0,2,778.5,744,2011-10-03 11:36:00,2011-11-03 11:36:00
14816.0,1,271.85,5,2011-05-26 13:16:00,2011-05-26 13:16:00
14817.0,7,3959.86,2462,2010-03-22 12:10:00,2011-05-23 13:35:00
14818.0,6,1170.41,546,2010-03-02 12:48:00,2011-09-27 11:01:00
14819.0,4,470.16,173,2009-12-21 15:54:00,2011-10-06 13:41:00
14820.0,9,1274.76,724,2010-01-31 12:49:00,2011-11-18 15:41:00
14821.0,7,1286.45,485,2010-02-01 13:33:00,2010-12-08 08:43:00
14822.0,1,157.70000000000002,94,2010-08-11 12:52:00,2010-08-11 12:52:00
14823.0,3,321.43,88,2011-05-29 12:48:00,2011-06-12 13:12:00
14824.0,10,4022.9100000000003,1954,2010-03-12 13:07:00,2011-11-29 14:20:00
14825.0,24,4925.08,2848,2010-04-06 14:14:00,2011-12-06 11:38:00
14826.0,2,385.2,152,2010-01-13 13:08:00,2010-05-07 09:00:00
14828.0,13,9839.460000000001,9718,2009-12-07 11:19:00,2011-05-27 10:16:00
14829.0,7,1692.84,1147,2010-09-29 13:14:00,2011-11-10 16:16:00
14830.0,1,197.13,169,2011-10-17 14:29:00,2011-10-17 14:29:00
14831.0,3,1676.57,885,2009-12-02 09:21:00,2010-01-28 14:31:00
14832.0,1,322.69,1,2010-03-19 15:14:00,2010-03-19 15:14:00
14833.0,1,94.8,58,2010-07-29 10:06:00,2010-07-29 10:06:00
14834.0,7,2206.16,872,2010-10-28 17:37:00,2011-11-22 10:30:00
14835.0,2,297.0,180,2010-04-01 19:34:00,2010-06-29 10:08:00
14836.0,3,102.44999999999999,45,2011-11-09 13:26:00,2011-11-29 16:45:00
14837.0,9,3460.32,3030,2010-01-24 10:20:00,2011-09-11 10:58:00
14838.0,2,773.6700000000001,362,2009-12-03 09:52:00,2010-10-12 15:46:00
14839.0,3,915.28,927,2010-01-04 16:29:00,2010-10-17 13:01:00
14840.0,2,362.71,179,2010-06-18 15:42:00,2011-03-17 12:00:00
14841.0,14,7163.0,4164,2009-12-02 16:49:00,2011-10-17 15:03:00
14842.0,4,2824.69,1166,2011-02-04 15:32:00,2011-10-27 12:37:00
14843.0,1,211.79999999999998,132,2010-09-29 12:39:00,2010-09-29 12:39:00
14844.0,10,6702.43,4369,2010-04-12 12:50:00,2011-10-07 10:41:00
14845.0,1,150.0,600,2010-04-19 10:19:00,2010-04-19 10:19:00
14846.0,1,437.4,193,2010-10-08 17:07:00,2010-10-08 17:07:00
14847.0,3,1348.95,533,2010-05-24 12:29:00,2011-07-14 10:52:00
14848.0,1,310.56,260,2010-10-31 12:22:00,2010-10-31 12:22:00
14849.0,43,15763.45,12026,2010-01-10 11:40:00,2011-11-18 10:58:00
14850.0,7,1794.01,1408,2010-05-20 13:28:00,2011-02-01 11:21:00
14851.0,3,829.4100000000001,631,2010-03-19 11:52:00,2011-11-16 14:20:00
14852.0,18,6147.18,4371,2010-03-05 14:51:00,2011-10-12 13:20:00
14853.0,5,1376.87,345,2010-04-13 09:26:00,2011-11-15 16:56:00
14854.0,11,4322.86,2999,2010-01-22 09:48:00,2011-09-22 17:00:00
14855.0,7,6520.3,3510,2010-04-08 10:30:00,2011-08-12 14:02:00
14856.0,3,1311.3799999999999,714,2011-10-14 09:35:00,2011-11-03 14:53:00
14857.0,7,3651.851,2081,2010-03-15 11:00:00,2011-10-11 09:23:00
14858.0,1,180.75,105,2010-07-22 10:51:00,2010-07-22 10:51:00
14859.0,5,1705.64,888,2010-06-03 10:26:00,2011-11-27 11:18:00
14860.0,1,170.32,232,2011-11-20 14:17:00,2011-11-20 14:17:00
14861.0,10,1380.73,1076,2009-12-08 12:12:00,2011-10-18 12:54:00
14862.0,2,841.1999999999999,772,2011-07-14 11:20:00,2011-11-14 10:01:00
14863.0,1,266.76,132,2011-11-10 15:04:00,2011-11-10 15:04:00
14865.0,4,129.72,300,2009-12-01 16:05:00,2011-12-02 16:25:00
14866.0,19,20850.22,9233,2010-08-26 11:54:00,2011-11-29 11:45:00
14867.0,16,2952.06,996,2009-12-05 15:47:00,2011-06-07 11:39:00
14868.0,12,4184.01,2230,2010-10-15 14:52:00,2011-12-06 14:49:00
14869.0,6,2804.24,2138,2009-12-16 11:43:00,2011-12-01 12:36:00
14870.0,6,1838.95,483,2010-01-25 09:05:00,2011-03-23 10:51:00
14871.0,9,1258.97,454,2009-12-01 11:57:00,2011-12-06 13:42:00
14872.0,3,816.6,662,2010-03-16 14:41:00,2010-08-13 12:34:00
14873.0,2,854.13,311,2010-03-16 10:51:00,2011-05-13 13:52:00
14874.0,1,116.18,148,2010-06-22 14:58:00,2010-06-22 14:58:00
14875.0,3,2862.4,1332,2010-09-24 10:28:00,2011-08-24 12:20:00
14876.0,2,256.7,162,2010-05-27 13:49:00,2010-07-06 14:57:00
14877.0,2,437.0,171,2010-03-07 12:25:00,2010-10-17 13:09:00
14878.0,25,4105.24,2432,2010-02-21 11:14:00,2011-11-27 11:15:00
14879.0,1,185.06,104,2010-01-24 11:35:00,2010-01-24 11:35:00
14880.0,3,706.19,373,2011-02-24 12:27:00,2011-09-23 13:42:00
14881.0,1,255.4,316,2011-11-20 11:06:00,2011-11-20 11:06:00
14882.0,14,3628.15,1640,2010-03-30 15:02:00,2011-11-13 12:47:00
14883.0,6,761.59,790,2011-05-12 09:49:00,2011-11-21 10:23:00
14884.0,1,120.6,72,2010-02-08 12:56:00,2010-02-08 12:56:00
14885.0,3,1598.12,1308,2010-08-31 10:11:00,2011-07-31 12:05:00
14886.0,1,364.8,160,2011-04-01 08:56:00,2011-04-01 08:56:00
14887.0,1,1862.0,1100,2011-09-21 15:32:00,2011-09-21 15:32:00
14888.0,1,369.2,184,2011-05-16 14:58:00,2011-05-16 14:58:00
14889.0,1,135.9,90,2011-01-07 15:19:00,2011-01-07 15:19:00
14890.0,3,817.25,636,2010-02-18 09:00:00,2011-03-31 11:57:00
14891.0,4,1106.73,788,2010-09-29 12:41:00,2011-07-14 18:08:00
14892.0,1,202.35000000000002,79,2010-01-18 08:58:00,2010-01-18 08:58:00
14893.0,3,1809.6100000000001,1047,2010-04-01 09:03:00,2011-11-30 12:31:00
14894.0,3,1492.81,603,2009-12-02 10:42:00,2011-09-15 13:51:00
14895.0,38,25119.54,10714,2009-12-10 14:22:00,2011-12-02 09:23:00
14896.0,8,2092.42,1117,2009-12-06 12:42:00,2011-05-19 10:20:00
14897.0,8,3140.54,1162,2009-12-15 17:05:00,2011-12-02 10:32:00
14898.0,14,3507.81,2247,2009-12-03 16:40:00,2011-11-16 14:54:00
14899.0,1,1384.88,586,2010-11-09 15:20:00,2010-11-09 15:20:00
14900.0,1,13.919999999999998,48,2010-07-05 15:09:00,2010-07-05 15:09:00
14901.0,12,2289.65,1053,2010-07-29 11:11:00,2011-11-28 17:09:00
14902.0,3,1035.6200000000001,716,2010-06-04 12:35:00,2011-11-14 10:34:00
14903.0,5,2810.63,1536,2011-03-06 11:50:00,2011-11-18 16:07:00
14904.0,4,1640.64,2549,2010-10-08 12:48:00,2011-12-07 12:55:00
14905.0,8,1971.39,1009,2009-12-03 14:36:00,2011-07-05 12:41:00
14906.0,1,68.44,1,2010-09-20 16:30:00,2010-09-20 16:30:00
14907.0,16,6165.79,2817,2010-04-16 13:40:00,2011-12-06 14:14:00
14908.0,2,381.9,182,2010-09-02 16:39:00,2011-09-26 12:56:00
14909.0,3,1404.68,888,2010-02-14 15:47:00,2010-09-28 16:56:00
14910.0,4,434.35,238,2011-10-16 11:06:00,2011-12-07 10:06:00
14911.0,398,295972.63,149987,2009-12-01 11:41:00,2011-12-08 15:54:00
14912.0,6,1889.25,1819,2010-01-26 16:29:00,2011-11-23 09:20:00
14913.0,8,4073.13,3955,2010-08-11 08:40:00,2011-11-04 08:29:00
14915.0,11,1811.25,707,2009-12-03 10:17:00,2011-09-09 13:34:00
14916.0,8,3042.95,2415,2010-04-01 10:57:00,2011-09-30 09:20:00
14917.0,2,1123.75,891,2010-04-22 09:44:00,2010-04-22 11:28:00
14918.0,9,5955.81,2551,2010-04-08 11:18:00,2011-08-16 11:50:00
14919.0,1,359.35,129,2010-06-18 13:06:00,2010-06-18 13:06:00
14920.0,3,1607.17,886,2010-05-23 15:25:00,2011-05-11 10:32:00
14921.0,2,1316.07,953,2011-05-22 12:51:00,2011-11-09 13:17:00
14922.0,2,843.74,376,2010-07-20 09:45:00,2010-11-11 11:14:00
14923.0,1,749.1,418,2011-10-20 11:51:00,2011-10-20 11:51:00
14924.0,3,931.01,312,2010-03-10 12:51:00,2011-04-08 09:25:00
14926.0,2,359.4,204,2010-04-20 09:59:00,2010-11-23 07:13:00
14927.0,1,308.2,196,2010-11-08 12:30:00,2010-11-08 12:30:00
14928.0,1,223.91000000000003,268,2010-03-22 09:14:00,2010-03-22 09:14:00
14929.0,2,836.69,487,2010-10-14 12:22:00,2011-11-07 17:21:00
14930.0,6,5246.63,2199,2010-04-12 11:22:00,2011-08-23 10:31:00
14931.0,5,1257.68,417,2011-04-13 09:32:00,2011-12-05 10:19:00
14932.0,2,1029.66,337,2010-11-19 09:16:00,2010-12-09 11:48:00
14933.0,4,1770.0,600,2010-09-21 17:29:00,2010-09-22 10:47:00
14934.0,5,3503.5,2100,2010-09-24 12:08:00,2011-09-19 10:10:00
14935.0,2,2849.83,1931,2010-03-30 11:48:00,2011-02-15 14:44:00
14936.0,12,12410.81,6274,2010-05-05 12:26:00,2011-11-06 10:30:00
14937.0,3,1621.88,484,2011-08-01 14:16:00,2011-10-14 12:29:00
14938.0,2,2322.43,1369,2010-05-26 13:35:00,2010-05-26 13:38:00
14940.0,2,531.49,384,2009-12-06 15:46:00,2010-10-18 10:47:00
14941.0,1,182.1,80,2010-05-10 11:30:00,2010-05-10 11:30:00
14942.0,4,746.56,354,2009-12-10 10:32:00,2010-11-03 10:51:00
14943.0,1,107.62,46,2010-02-14 16:04:00,2010-02-14 16:04:00
14944.0,19,9784.67,4864,2010-02-17 08:47:00,2011-11-10 09:10:00
14945.0,1,179.4,156,2010-10-22 11:26:00,2010-10-22 11:26:00
14946.0,1,100.9,22,2011-11-25 13:33:00,2011-11-25 13:33:00
14947.0,6,1049.79,416,2010-03-25 11:29:00,2011-09-28 15:48:00
14948.0,6,1101.97,673,2011-05-04 14:52:00,2011-11-16 17:16:00
14949.0,4,515.0,250,2009-12-18 15:28:00,2010-08-27 15:38:00
14950.0,1,371.2,136,2011-11-20 13:48:00,2011-11-20 13:48:00
14951.0,1,311.69,311,2011-09-21 15:15:00,2011-09-21 15:15:00
14952.0,32,17629.35,6977,2009-12-03 15:34:00,2011-10-11 10:33:00
14953.0,4,1013.77,1028,2010-09-30 12:16:00,2011-11-14 14:59:00
14954.0,2,503.44,219,2010-01-05 16:38:00,2011-11-27 14:30:00
14955.0,1,163.77,74,2009-12-07 11:35:00,2009-12-07 11:35:00
14956.0,1,1325.0,2500,2010-10-14 16:40:00,2010-10-14 16:40:00
14957.0,2,333.29,105,2010-03-05 10:50:00,2011-03-31 17:59:00
14958.0,6,957.9399999999999,249,2009-12-03 16:02:00,2011-07-15 14:20:00
14959.0,4,695.42,494,2011-02-16 13:00:00,2011-10-06 18:23:00
14960.0,2,221.27,221,2011-06-21 13:38:00,2011-12-01 12:54:00
14961.0,22,16410.15,8372,2009-12-04 11:32:00,2011-11-29 09:42:00
14962.0,4,366.91,123,2010-05-04 14:57:00,2011-03-14 09:42:00
14963.0,12,3164.48,2317,2010-07-02 12:43:00,2011-11-30 12:16:00
14964.0,1,206.21,143,2011-04-06 14:13:00,2011-04-06 14:13:00
14965.0,2,599.0,365,2011-09-04 13:15:00,2011-09-04 13:20:00
14966.0,6,1115.8400000000001,1098,2009-12-15 13:48:00,2011-11-25 12:20:00
14967.0,6,1982.6100000000001,652,2009-12-03 14:07:00,2011-10-21 11:06:00
14968.0,2,504.99,258,2010-09-07 13:28:00,2011-11-09 13:58:00
14969.0,1,906.23,665,2010-01-05 12:43:00,2010-01-05 12:43:00
14970.0,12,4919.35,982,2010-02-14 13:37:00,2011-10-02 13:44:00
14971.0,3,1116.57,644,2011-10-27 13:33:00,2011-11-04 17:07:00
14972.0,2,145.07,40,2010-11-23 16:17:00,2011-08-03 14:54:00
14973.0,3,1314.45,369,2011-04-28 12:22:00,2011-08-24 15:51:00
14974.0,1,114.39,44,2011-11-02 13:01:00,2011-11-02 13:01:00
14975.0,2,472.39,507,2010-10-14 14:11:00,2011-10-13 14:08:00
14976.0,7,790.86,234,2011-01-17 11:09:00,2011-10-13 16:37:00
14977.0,1,31.929999999999996,17,2009-12-14 10:37:00,2009-12-14 10:37:00
14978.0,10,3142.14,740,2010-04-28 10:50:00,2011-09-28 13:07:00
14979.0,1,439.46,213,2009-12-04 12:54:00,2009-12-04 12:54:00
14980.0,1,150.68,79,2009-12-02 14:09:00,2009-12-02 14:09:00
14981.0,2,372.92,241,2010-10-12 11:04:00,2011-04-07 13:45:00
14982.0,1,237.78,125,2010-05-16 15:52:00,2010-05-16 15:52:00
14983.0,1,183.20000000000002,90,2010-01-19 17:32:00,2010-01-19 17:32:00
14984.0,6,1271.41,350,2010-01-11 13:22:00,2011-11-20 14:28:00
14985.0,2,296.75,260,2010-12-16 19:51:00,2011-05-25 14:29:00
14986.0,2,566.9,342,2010-01-24 15:54:00,2010-11-28 15:25:00
14987.0,8,1713.85,671,2009-12-02 14:56:00,2011-11-24 09:59:00
14988.0,7,2066.6,1276,2010-04-16 13:34:00,2011-05-12 12:05:00
14989.0,1,342.4,200,2010-02-16 10:40:00,2010-02-16 10:40:00
14990.0,2,305.42,130,2009-12-09 13:31:00,2010-04-06 13:54:00
14991.0,1,314.67,191,2010-10-05 13:01:00,2010-10-05 13:01:00
14992.0,1,210.5,145,2010-09-23 17:48:00,2010-09-23 17:48:00
14993.0,1,36.13,21,2010-05-25 12:47:00,2010-05-25 12:47:00
14994.0,5,960.63,577,2010-03-26 14:16:00,2010-11-22 12:59:00
14995.0,2,233.23000000000002,103,2011-03-04 13:14:00,2011-11-01 11:39:00
14996.0,2,442.28999999999996,404,2010-08-15 13:41:00,2010-08-15 13:44:00
14997.0,4,776.5999999999999,1408,2010-02-22 12:11:00,2011-10-24 13:28:00
14998.0,4,770.73,367,2010-04-13 16:07:00,2011-06-22 17:30:00
14999.0,1,129.48000000000002,88,2010-04-26 10:47:00,2010-04-26 10:47:00
15000.0,1,490.52,218,2011-10-23 11:42:00,2011-10-23 11:42:00
15001.0,2,230.85999999999999,81,2010-11-10 13:31:00,2010-11-10 13:51:00
15002.0,9,4817.28,2518,2010-01-12 11:40:00,2011-08-16 10:44:00
15003.0,6,1060.7,547,2010-01-26 13:04:00,2010-08-23 15:44:00
15004.0,1,1246.32,630,2011-07-15 14:05:00,2011-07-15 14:05:00
15005.0,56,14106.2,8856,2009-12-01 14:19:00,2011-11-24 12:25:00
15006.0,2,825.14,416,2010-09-12 13:03:00,2011-10-19 15:08:00
15007.0,1,156.91,69,2011-07-03 16:00:00,2011-07-03 16:00:00
15008.0,2,360.0,1500,2010-03-12 11:13:00,2010-08-16 13:09:00
15009.0,3,1261.78,642,2011-11-14 17:40:00,2011-11-27 13:35:00
15010.0,1,308.94,184,2011-11-04 12:42:00,2011-11-04 12:42:00
15011.0,2,416.6,289,2010-10-19 12:05:00,2010-11-09 11:10:00
15012.0,3,860.62,479,2010-05-12 11:49:00,2011-10-17 12:22:00
15013.0,10,1641.3,1747,2010-01-31 12:15:00,2010-08-09 12:05:00
15014.0,2,260.17,151,2011-06-16 19:40:00,2011-10-27 20:07:00
15015.0,13,2365.02,1593,2009-12-14 14:46:00,2010-07-26 13:50:00
15016.0,5,630.3,247,2010-06-14 13:06:00,2011-06-20 12:06:00
15017.0,1,125.58,63,2011-11-06 10:33:00,2011-11-06 10:33:00
15018.0,3,607.46,210,2010-12-07 10:47:00,2011-11-01 12:47:00
15019.0,1,266.0,159,2011-03-18 12:35:00,2011-03-18 12:35:00
15020.0,1,203.42,112,2010-11-25 13:29:00,2010-11-25 13:29:00
15021.0,12,2783.83,1217,2010-07-29 16:35:00,2011-12-01 11:53:00
15022.0,5,1186.09,656,2010-01-31 16:02:00,2011-11-28 12:35:00
15023.0,20,12170.68,5052,2010-02-03 15:45:00,2011-12-06 17:23:00
15024.0,16,4075.51,2201,2010-10-11 16:14:00,2011-11-30 12:06:00
15025.0,2,1013.09,515,2010-05-20 13:28:00,2011-11-06 15:20:00
15026.0,5,1061.61,673,2010-09-17 13:52:00,2011-09-20 13:52:00
15027.0,10,3195.6,2782,2010-03-25 14:39:00,2011-11-09 10:16:00
15028.0,6,1157.71,796,2010-11-10 14:32:00,2011-12-01 14:06:00
15029.0,1,365.1,234,2010-03-30 12:16:00,2010-03-30 12:16:00
15030.0,8,1979.91,1225,2010-03-04 17:10:00,2011-09-29 10:50:00
15031.0,14,3156.58,1615,2009-12-08 13:38:00,2011-12-05 14:19:00
15032.0,8,13780.65,8259,2009-12-10 15:27:00,2011-03-28 15:03:00
15033.0,10,2586.67,1695,2011-01-14 13:28:00,2011-12-05 12:40:00
15034.0,14,8313.4,4788,2010-05-11 13:30:00,2011-11-24 12:11:00
15035.0,1,252.73000000000002,245,2011-09-11 11:08:00,2011-09-11 11:08:00
15036.0,3,465.55,327,2011-06-13 12:19:00,2011-09-28 15:42:00
15037.0,2,402.51,301,2010-11-28 12:14:00,2010-11-28 13:05:00
15038.0,9,1309.86,441,2010-10-10 14:35:00,2011-10-12 11:33:00
15039.0,93,40031.43,18183,2009-12-10 11:39:00,2011-11-30 11:31:00
15040.0,1,7.49,1,2010-06-16 11:40:00,2010-06-16 11:40:00
15041.0,2,294.02,197,2010-09-21 13:16:00,2011-06-22 16:16:00
15042.0,2,315.45,238,2010-04-23 14:01:00,2011-05-24 16:25:00
15043.0,6,2873.7999999999997,1031,2010-06-24 15:50:00,2011-11-08 14:26:00
15044.0,35,16204.33,5279,2009-12-16 15:13:00,2011-11-20 13:20:00
15045.0,2,735.66,114,2011-03-27 11:44:00,2011-07-11 11:33:00
15046.0,25,7812.389999999999,4701,2010-01-14 14:29:00,2011-11-30 15:50:00
15047.0,1,343.62,222,2011-03-15 10:49:00,2011-03-15 10:49:00
15048.0,4,482.75,227,2010-12-06 12:15:00,2011-10-05 14:55:00
15049.0,1,121.17000000000002,63,2011-03-11 12:13:00,2011-03-11 12:13:00
15050.0,5,4193.79,2628,2010-08-16 12:00:00,2011-11-14 16:17:00
15051.0,9,3935.16,3053,2009-12-01 13:29:00,2011-11-16 15:38:00
15052.0,1,215.78,82,2011-01-24 15:52:00,2011-01-24 15:52:00
15053.0,3,697.79,986,2011-03-03 12:06:00,2011-12-05 12:08:00
15054.0,2,302.1,198,2011-10-30 14:33:00,2011-11-27 15:02:00
15055.0,3,560.07,230,2009-12-16 15:48:00,2010-08-22 11:06:00
15056.0,1,133.45,81,2010-07-07 15:58:00,2010-07-07 15:58:00
15057.0,5,3255.96,1394,2009-12-05 15:27:00,2011-03-09 15:17:00
15058.0,16,3410.03,1660,2010-02-24 14:07:00,2011-11-14 14:57:00
15059.0,19,3523.57,1617,2009-12-06 12:17:00,2011-10-30 11:35:00
15060.0,4,303.09,263,2011-11-30 14:03:00,2011-12-01 13:47:00
15061.0,127,137818.52,80711,2009-12-01 12:18:00,2011-12-06 12:06:00
15062.0,8,2585.62,1872,2010-04-08 15:41:00,2011-09-29 16:51:00
15063.0,1,370.79999999999995,56,2011-05-10 13:25:00,2011-05-10 13:25:00
15064.0,4,1254.41,810,2009-12-22 16:17:00,2010-10-25 14:32:00
15065.0,5,3326.86,1446,2010-10-25 09:13:00,2011-11-02 09:45:00
15066.0,1,893.59,317,2011-10-17 13:25:00,2011-10-17 13:25:00
15067.0,5,3877.88,2163,2010-04-11 15:54:00,2011-09-22 13:20:00
15068.0,4,1176.85,835,2010-03-28 13:18:00,2011-10-24 14:47:00
15069.0,1,1109.53,520,2011-06-13 14:16:00,2011-06-13 14:16:00
15070.0,3,843.25,375,2009-12-15 13:49:00,2010-12-02 11:23:00
15071.0,4,1455.56,416,2010-05-18 12:45:00,2011-09-07 11:43:00
15072.0,1,187.51999999999998,164,2010-08-17 15:46:00,2010-08-17 15:46:00
15073.0,8,2788.02,1410,2010-01-27 08:48:00,2011-11-30 10:44:00
15074.0,3,1566.33,1063,2010-08-29 11:47:00,2011-08-26 14:45:00
15075.0,1,773.03,447,2011-09-23 12:27:00,2011-09-23 12:27:00
15076.0,3,1447.74,866,2010-07-05 14:11:00,2011-06-20 08:23:00
15077.0,2,2428.08,528,2009-12-09 17:10:00,2010-08-02 11:13:00
15078.0,53,17761.88,8990,2009-12-04 12:03:00,2011-12-02 15:41:00
15079.0,11,3767.35,1504,2009-12-08 11:22:00,2011-05-11 12:45:00
15080.0,2,546.25,287,2010-07-26 10:03:00,2010-10-08 11:52:00
15081.0,12,1965.72,806,2010-06-22 10:25:00,2011-11-17 17:08:00
15082.0,1,93.35000000000001,43,2010-02-09 10:23:00,2010-02-09 10:23:00
15083.0,1,88.2,38,2011-03-28 12:18:00,2011-03-28 12:18:00
15084.0,2,965.2,600,2010-03-04 10:45:00,2010-11-25 11:58:00
15085.0,1,347.54,169,2009-12-10 11:47:00,2009-12-10 11:47:00
15086.0,2,218.53,95,2010-03-24 13:56:00,2010-05-24 12:27:00
15087.0,1,306.94,470,2011-03-03 10:34:00,2011-03-03 10:34:00
15088.0,2,1160.07,460,2011-10-03 14:05:00,2011-11-18 13:14:00
15089.0,6,2420.84,1359,2011-08-03 14:14:00,2011-11-29 16:31:00
15090.0,1,381.32,208,2011-02-04 14:03:00,2011-02-04 14:03:00
15091.0,3,1046.6100000000001,582,2010-02-03 11:46:00,2011-10-03 12:47:00
15092.0,3,776.46,230,2010-09-03 12:33:00,2011-05-08 14:10:00
15093.0,23,14326.11,11657,2009-12-08 12:46:00,2011-11-21 13:09:00
15094.0,2,83.0,28,2010-03-05 12:56:00,2010-09-02 16:55:00
15095.0,10,3141.64,2233,2010-01-21 09:37:00,2011-08-28 12:01:00
15096.0,1,219.39000000000001,120,2011-10-28 10:27:00,2011-10-28 10:27:00
15097.0,3,908.35,424,2010-05-05 14:22:00,2011-12-05 14:03:00
15098.0,3,39916.5,121,2011-06-10 15:22:00,2011-06-10 15:33:00
15099.0,1,410.48,343,2011-09-16 13:13:00,2011-09-16 13:13:00
15100.0,7,2894.7,334,2010-01-07 14:33:00,2011-01-10 10:35:00
15101.0,6,1477.94,676,2010-04-28 15:00:00,2011-12-01 10:18:00
15102.0,2,554.67,339,2010-06-11 10:16:00,2010-06-27 12:16:00
15103.0,2,703.36,329,2011-09-14 13:54:00,2011-11-08 14:53:00
15104.0,2,1027.44,637,2011-03-02 14:16:00,2011-05-27 12:29:00
15105.0,9,3094.91,1747,2010-03-23 12:18:00,2011-11-21 16:54:00
15106.0,5,1422.52,1181,2011-03-15 12:52:00,2011-11-22 09:16:00
15107.0,9,940.35,356,2010-09-14 10:47:00,2011-02-01 14:46:00
15108.0,4,1300.25,499,2011-04-26 10:54:00,2011-07-21 10:24:00
15109.0,3,983.1,258,2009-12-04 12:33:00,2011-04-08 09:58:00
15110.0,6,1505.8500000000001,337,2010-08-11 15:49:00,2011-11-16 11:16:00
15111.0,5,2730.87,1164,2010-04-26 13:12:00,2011-11-10 16:58:00
15112.0,1,209.4,72,2010-04-07 14:17:00,2010-04-07 14:17:00
15113.0,3,3609.33,2386,2011-10-16 15:27:00,2011-11-30 08:23:00
15114.0,12,3400.12,3532,2010-10-14 16:44:00,2011-11-09 15:05:00
15115.0,2,531.85,245,2009-12-07 11:20:00,2011-11-21 14:59:00
15116.0,4,1352.75,648,2011-05-19 08:50:00,2011-11-22 12:25:00
15117.0,8,2485.9700000000003,3093,2010-03-15 13:39:00,2011-11-25 08:12:00
15118.0,1,244.8,1440,2011-07-28 14:54:00,2011-07-28 14:54:00
15119.0,1,266.4,88,2011-04-08 09:08:00,2011-04-08 09:08:00
15120.0,1,358.82,296,2011-07-29 09:48:00,2011-07-29 09:48:00
15121.0,2,457.72,199,2011-02-24 12:41:00,2011-10-20 14:51:00
15122.0,11,4497.47,2045,2010-03-30 14:05:00,2011-08-17 16:48:00
15123.0,5,4656.17,2524,2010-03-16 09:49:00,2011-12-02 13:12:00
15124.0,4,450.82,462,2010-02-26 10:49:00,2011-11-17 10:09:00
15125.0,24,17024.87,8433,2010-03-31 13:29:00,2011-11-14 13:57:00
15126.0,2,449.49,273,2010-01-21 17:09:00,2010-06-21 12:31:00
15127.0,2,711.5,464,2010-07-08 10:07:00,2011-10-05 10:30:00
15128.0,5,1783.68,1583,2010-10-05 16:46:00,2011-10-10 13:54:00
15129.0,23,6860.18,4002,2010-04-08 17:15:00,2011-10-20 14:40:00
15130.0,1,330.11,197,2011-06-23 10:15:00,2011-06-23 10:15:00
15131.0,1,80.28,88,2010-11-10 12:07:00,2010-11-10 12:07:00
15132.0,5,977.9300000000001,679,2011-03-22 12:02:00,2011-11-21 17:10:00
15133.0,5,1806.9,960,2010-07-07 12:31:00,2011-08-04 10:44:00
15134.0,10,1596.29,1057,2010-10-13 12:44:00,2011-11-25 08:55:00
15135.0,2,305.68,84,2010-06-01 13:33:00,2011-04-14 19:16:00
15136.0,4,1286.7,776,2011-09-04 16:05:00,2011-12-07 12:26:00
15137.0,2,823.4,596,2010-01-28 15:45:00,2010-07-07 09:41:00
15138.0,1,502.52,300,2010-11-11 09:16:00,2010-11-11 09:16:00
15139.0,2,178.96,208,2011-01-07 12:44:00,2011-04-14 11:39:00
15140.0,8,3243.69,2010,2010-09-23 13:07:00,2011-10-18 14:07:00
15141.0,7,1388.47,1197,2010-03-28 15:58:00,2010-09-08 11:33:00
15142.0,6,2619.92,2155,2010-07-27 09:05:00,2011-10-24 12:51:00
15143.0,2,563.63,320,2010-10-03 13:58:00,2011-04-28 12:03:00
15144.0,29,12160.31,5251,2009-12-13 11:35:00,2011-12-01 15:12:00
15145.0,4,1194.73,756,2011-04-05 15:20:00,2011-12-05 17:21:00
15146.0,2,1327.16,1473,2011-02-21 13:07:00,2011-06-28 12:09:00
15147.0,1,623.5,366,2011-04-13 15:57:00,2011-04-13 15:57:00
15148.0,1,301.29,187,2011-11-29 08:21:00,2011-11-29 08:21:00
15149.0,5,1554.6100000000001,380,2010-02-28 11:13:00,2011-07-29 10:58:00
15150.0,13,9001.08,6183,2010-06-14 12:01:00,2011-11-22 12:52:00
15151.0,2,2085.61,795,2010-07-18 12:19:00,2010-10-12 16:37:00
15152.0,14,5263.83,2994,2010-01-07 15:15:00,2011-11-30 12:32:00
15153.0,1,329.25,198,2011-11-08 17:09:00,2011-11-08 17:09:00
15154.0,3,1388.41,349,2010-08-18 17:41:00,2011-09-25 16:05:00
15155.0,1,383.96999999999997,192,2010-11-21 12:59:00,2010-11-21 12:59:00
15156.0,3,961.49,597,2011-11-06 12:41:00,2011-12-08 18:22:00
15157.0,5,2654.11,3466,2009-12-10 14:44:00,2011-12-06 11:28:00
15158.0,2,606.02,219,2010-11-03 13:46:00,2011-10-25 13:53:00
15159.0,34,22116.73,13512,2010-10-04 09:31:00,2011-12-08 12:05:00
15160.0,4,589.27,307,2010-10-14 15:26:00,2010-12-17 14:15:00
15161.0,1,119.92,144,2010-11-16 16:08:00,2010-11-16 16:08:00
15162.0,1,312.9,74,2009-12-08 13:14:00,2009-12-08 13:14:00
15163.0,2,304.47,186,2011-05-31 15:22:00,2011-11-21 13:10:00
15164.0,9,2068.92,931,2010-01-18 13:34:00,2011-10-02 12:05:00
15165.0,1,975.5,320,2010-12-01 14:03:00,2010-12-01 14:03:00
15166.0,1,167.16,140,2010-08-29 12:31:00,2010-08-29 12:31:00
15167.0,5,1659.67,872,2010-02-04 14:13:00,2011-01-23 12:41:00
15168.0,1,106.56,52,2011-11-14 11:26:00,2011-11-14 11:26:00
15169.0,2,569.22,356,2009-12-13 11:16:00,2010-11-22 13:04:00
15170.0,1,81.15,33,2010-10-29 10:34:00,2010-10-29 10:34:00
15171.0,1,1289.5,290,2011-01-12 15:36:00,2011-01-12 15:36:00
15172.0,5,1624.05,1611,2011-04-17 11:56:00,2011-12-01 11:51:00
15173.0,7,1494.6,840,2010-04-01 12:26:00,2010-11-24 10:21:00
15174.0,2,481.46,382,2010-10-25 09:40:00,2011-01-21 09:06:00
15175.0,1,224.14,454,2011-09-29 11:31:00,2011-09-29 11:31:00
15176.0,1,988.04,448,2010-02-10 10:36:00,2010-02-10 10:36:00
15177.0,1,948.93,485,2010-10-10 12:48:00,2010-10-10 12:48:00
15178.0,1,40.5,30,2011-03-24 15:12:00,2011-03-24 15:12:00
15179.0,13,7491.92,5416,2009-12-03 12:27:00,2011-11-21 12:53:00
15180.0,3,904.4300000000001,690,2010-04-29 15:27:00,2010-12-07 14:57:00
15181.0,5,1200.2,688,2009-12-08 19:02:00,2011-10-04 13:58:00
15182.0,11,2998.952,1186,2010-02-21 12:03:00,2011-07-08 13:37:00
15183.0,3,639.93,297,2010-05-04 11:31:00,2010-06-10 10:43:00
15184.0,4,689.95,486,2009-12-16 12:06:00,2011-11-10 13:41:00
15185.0,1,310.62,666,2011-09-30 14:06:00,2011-09-30 14:06:00
15186.0,5,1403.2,716,2010-01-12 10:14:00,2011-11-25 14:58:00
15187.0,16,4777.18,1887,2011-05-11 13:49:00,2011-12-08 11:56:00
15188.0,1,310.43,233,2009-12-14 13:30:00,2009-12-14 13:30:00
15189.0,46,17524.38,6902,2010-07-18 13:37:00,2011-12-08 13:22:00
15190.0,1,834.4399999999999,790,2010-10-01 13:09:00,2010-10-01 13:09:00
15191.0,3,588.05,287,2010-01-20 12:35:00,2010-09-02 15:37:00
15192.0,5,1981.39,1644,2010-01-29 10:13:00,2011-08-12 11:41:00
15193.0,1,499.32,144,2011-10-10 08:23:00,2011-10-10 08:23:00
15194.0,28,12427.69,9169,2009-12-03 10:37:00,2011-12-06 15:10:00
15195.0,1,3861.0,1404,2011-12-07 12:20:00,2011-12-07 12:20:00
15196.0,2,316.25,131,2009-12-13 11:14:00,2010-10-03 10:50:00
15197.0,6,1877.51,1058,2009-12-11 12:56:00,2011-11-29 10:00:00
15198.0,5,571.35,327,2010-01-19 10:01:00,2011-09-08 14:42:00
15199.0,10,3122.4,894,2010-05-13 10:14:00,2011-10-11 15:12:00
15200.0,1,549.05,195,2010-08-02 09:38:00,2010-08-02 09:38:00
15201.0,7,1842.95,1660,2010-04-07 14:50:00,2011-09-13 14:53:00
15202.0,3,6001.49,3,2010-10-15 12:39:00,2010-10-15 13:05:00
15203.0,15,4400.18,4182,2009-12-08 18:06:00,2011-11-14 08:16:00
15204.0,1,316.58,258,2010-12-17 13:49:00,2010-12-17 13:49:00
15205.0,2,653.24,378,2011-08-04 16:07:00,2011-09-15 19:36:00
15206.0,4,420.29999999999995,162,2011-03-09 08:59:00,2011-11-29 13:41:00
15207.0,3,683.9200000000001,428,2010-06-10 17:29:00,2010-10-19 13:29:00
15208.0,6,970.52,356,2010-10-12 12:17:00,2011-12-08 17:24:00
15209.0,1,178.98000000000002,94,2009-12-09 17:26:00,2009-12-09 17:26:00
15210.0,3,1176.19,841,2010-05-13 14:42:00,2011-04-28 16:11:00
15211.0,2,1277.48,357,2010-12-09 16:08:00,2011-10-10 13:31:00
15212.0,2,208.28,84,2010-11-28 10:45:00,2011-04-12 13:45:00
15213.0,2,328.35,272,2011-01-14 11:05:00,2011-01-25 12:21:00
15214.0,8,1661.44,1254,2011-04-11 09:46:00,2011-12-08 12:07:00
15215.0,7,2422.43,776,2010-04-06 11:21:00,2011-10-24 11:41:00
15216.0,2,486.09,217,2010-03-31 09:52:00,2011-09-13 11:41:00
15217.0,1,426.24,190,2010-05-25 13:51:00,2010-05-25 13:51:00
15218.0,22,11516.57,6553,2010-01-26 11:33:00,2011-11-29 11:48:00
15219.0,2,685.45,271,2010-03-01 11:33:00,2011-06-16 16:57:00
15220.0,6,1778.96,1393,2011-03-04 10:24:00,2011-10-19 12:39:00
15221.0,4,2465.4500000000003,287,2010-03-12 10:40:00,2010-12-08 13:08:00
15222.0,11,3550.91,4458,2009-12-16 13:49:00,2011-01-25 08:03:00
15223.0,5,1417.95,385,2009-12-05 11:19:00,2011-04-28 11:31:00
15224.0,5,871.36,443,2010-01-15 16:14:00,2010-12-16 15:02:00
15225.0,1,409.40000000000003,226,2011-04-19 14:51:00,2011-04-19 14:51:00
15226.0,1,154.41,71,2011-02-02 11:41:00,2011-02-02 11:41:00
15227.0,9,2488.4900000000002,1217,2010-03-16 08:23:00,2011-11-03 11:59:00
15228.0,6,5580.2699999999995,3375,2010-07-28 10:21:00,2011-10-04 13:56:00
15229.0,1,160.5,114,2010-05-02 13:50:00,2010-05-02 13:50:00
15230.0,2,429.6,351,2011-04-13 11:04:00,2011-04-14 14:39:00
15231.0,1,250.26,190,2010-03-28 15:12:00,2010-03-28 15:12:00
15232.0,2,612.06,686,2011-07-22 12:21:00,2011-08-18 16:27:00
15233.0,1,59.400000000000006,12,2010-11-03 13:36:00,2010-11-03 13:36:00
15234.0,1,197.0,196,2011-03-08 08:53:00,2011-03-08 08:53:00
15235.0,16,2937.81,1735,2010-11-16 12:48:00,2011-05-06 09:44:00
15236.0,1,321.05,269,2011-02-14 10:52:00,2011-02-14 10:52:00
15237.0,4,1412.32,1071,2011-04-26 15:04:00,2011-12-08 09:46:00
15238.0,3,1071.99,692,2011-06-08 16:00:00,2011-11-10 14:28:00
15239.0,2,780.59,594,2011-09-22 09:53:00,2011-11-29 14:14:00
15240.0,12,4459.98,3214,2009-12-05 14:57:00,2011-10-26 09:50:00
15241.0,11,3050.16,3328,2010-02-23 13:59:00,2011-10-04 09:05:00
15242.0,1,302.04,196,2010-10-13 15:33:00,2010-10-13 15:33:00
15243.0,2,927.2800000000001,543,2010-09-30 17:28:00,2011-09-26 14:12:00
15244.0,3,912.08,472,2010-02-11 14:48:00,2011-10-05 13:19:00
15245.0,8,4610.84,3021,2010-04-23 14:23:00,2011-07-28 18:56:00
15246.0,3,780.4,359,2010-06-02 11:28:00,2011-04-15 14:45:00
15247.0,3,976.06,514,2010-06-20 14:08:00,2011-08-09 12:52:00
15248.0,3,1893.93,1065,2010-06-23 14:34:00,2010-10-24 13:09:00
15249.0,18,9266.0,4980,2010-03-26 14:51:00,2011-11-08 11:45:00
15250.0,1,60.0,48,2010-03-09 07:35:00,2010-03-09 07:35:00
15251.0,21,20324.54,12108,2010-01-29 12:42:00,2011-11-30 15:02:00
15252.0,5,2103.41,1430,2010-04-07 10:24:00,2011-11-03 13:30:00
15253.0,8,2055.09,1588,2010-05-02 11:17:00,2011-11-23 16:22:00
15254.0,3,1088.35,711,2010-05-28 10:08:00,2011-08-04 15:04:00
15255.0,9,3729.42,2226,2009-12-03 09:10:00,2011-10-04 12:43:00
15256.0,2,170.4,92,2010-05-27 11:41:00,2011-07-14 11:47:00
15257.0,2,685.9,71,2010-10-21 14:03:00,2011-03-01 12:58:00
15258.0,2,623.16,142,2011-05-06 14:16:00,2011-06-24 12:30:00
15259.0,4,1182.3799999999999,631,2010-01-26 09:41:00,2010-07-15 08:47:00
15260.0,25,9188.23,4722,2009-12-06 11:45:00,2011-08-31 13:55:00
15261.0,4,1508.0,806,2010-10-01 11:59:00,2011-07-27 15:20:00
15262.0,3,418.82,218,2010-08-08 15:55:00,2011-01-20 12:16:00
15263.0,1,156.51,89,2011-08-25 10:26:00,2011-08-25 10:26:00
15264.0,2,848.4,443,2010-06-27 13:29:00,2011-10-06 13:49:00
15265.0,4,3345.64,1570,2009-12-01 17:08:00,2011-07-11 14:46:00
15266.0,5,852.21,236,2010-01-07 12:19:00,2011-01-05 13:40:00
15267.0,5,1717.36,944,2011-06-10 10:24:00,2011-11-17 15:59:00
15268.0,3,961.9000000000001,428,2010-04-13 11:27:00,2010-08-18 10:33:00
15269.0,3,1225.3600000000001,372,2010-11-14 12:58:00,2011-11-16 09:32:00
15270.0,21,8524.86,4010,2009-12-17 15:02:00,2011-11-24 09:24:00
15271.0,24,4709.54,2524,2010-08-05 14:57:00,2011-12-02 14:11:00
15272.0,6,2085.48,687,2010-02-14 13:39:00,2011-10-13 12:59:00
15273.0,1,228.96,216,2010-04-19 11:31:00,2010-04-19 11:31:00
15274.0,2,716.57,619,2011-11-21 14:17:00,2011-12-05 16:57:00
15275.0,1,615.14,498,2011-11-02 11:20:00,2011-11-02 11:20:00
15276.0,4,649.53,331,2010-10-01 12:24:00,2011-10-04 16:39:00
15277.0,2,476.34,373,2010-10-10 16:02:00,2011-10-24 10:08:00
15278.0,4,496.15999999999997,458,2010-02-12 14:53:00,2010-05-27 10:03:00
15279.0,5,1580.54,802,2010-02-02 10:15:00,2010-12-20 10:48:00
15280.0,3,406.21999999999997,513,2010-05-17 14:17:00,2011-06-20 17:14:00
15281.0,16,8543.57,5233,2010-10-08 12:14:00,2011-10-12 09:10:00
15282.0,1,348.59,395,2010-05-18 16:27:00,2010-05-18 16:27:00
15283.0,3,148.33,27,2010-07-09 15:46:00,2010-11-14 14:54:00
15284.0,1,24.75,5,2010-07-27 13:25:00,2010-07-27 13:25:00
15285.0,1,94.92,120,2010-10-28 09:46:00,2010-10-28 09:46:00
15286.0,1,240.55,55,2011-10-21 11:08:00,2011-10-21 11:08:00
15287.0,5,856.03,1010,2009-12-02 12:13:00,2011-11-17 15:34:00
15288.0,10,3883.13,1404,2010-02-12 15:27:00,2011-10-27 16:58:00
15289.0,5,1593.09,1627,2010-03-28 11:45:00,2011-11-10 13:49:00
15290.0,26,10496.28,6567,2010-02-24 10:15:00,2011-12-05 11:39:00
15291.0,40,13846.56,5017,2009-12-03 11:09:00,2011-11-14 11:02:00
15292.0,1,180.94,56,2011-05-22 15:00:00,2011-05-22 15:00:00
15293.0,1,247.5,178,2010-02-12 11:54:00,2010-02-12 11:54:00
15294.0,1,233.35,97,2010-10-25 11:45:00,2010-10-25 11:45:00
15295.0,1,217.23999999999998,151,2010-02-23 13:03:00,2010-02-23 13:03:00
15296.0,12,10342.83,5464,2010-01-21 13:48:00,2011-10-20 11:47:00
15297.0,3,641.94,292,2011-10-07 09:42:00,2011-11-29 16:32:00
15298.0,23,9459.37,6286,2009-12-08 17:04:00,2011-12-07 17:17:00
15299.0,10,7991.54,5453,2010-01-12 11:34:00,2011-10-03 14:19:00
15300.0,1,496.44,292,2011-10-06 17:08:00,2011-10-06 17:08:00
15301.0,17,7603.4400000000005,4290,2010-09-15 15:41:00,2011-10-20 09:57:00
15302.0,1,308.0,102,2009-12-09 13:11:00,2009-12-09 13:11:00
15303.0,3,1224.18,514,2010-01-25 09:42:00,2011-02-22 13:59:00
15304.0,9,919.5500000000001,133,2010-10-14 10:24:00,2011-10-10 10:23:00
15305.0,1,93.6,40,2010-06-02 13:50:00,2010-06-02 13:50:00
15306.0,9,3484.73,3074,2010-02-18 17:12:00,2011-10-06 12:56:00
15307.0,1,205.3,37,2011-09-05 11:38:00,2011-09-05 11:38:00
15308.0,1,310.47,175,2011-03-10 13:08:00,2011-03-10 13:08:00
15309.0,4,797.96,440,2009-12-04 13:01:00,2010-04-08 11:11:00
15310.0,1,1634.64,1476,2010-08-18 11:38:00,2010-08-18 11:38:00
15311.0,208,116771.16,71010,2009-12-01 11:21:00,2011-12-09 12:00:00
15312.0,12,2930.19,1693,2009-12-16 09:23:00,2011-09-25 13:10:00
15313.0,1,52.0,25,2011-08-21 16:02:00,2011-08-21 16:02:00
15314.0,3,820.4499999999999,750,2010-10-07 15:41:00,2011-05-24 14:39:00
15315.0,2,570.5,862,2011-08-15 15:17:00,2011-10-06 12:51:00
15316.0,1,165.0,100,2011-01-17 11:34:00,2011-01-17 11:34:00
15317.0,1,129.75,45,2010-01-31 15:55:00,2010-01-31 15:55:00
15318.0,1,312.62,642,2011-12-06 11:30:00,2011-12-06 11:30:00
15319.0,1,204.5,175,2011-03-01 12:48:00,2011-03-01 12:48:00
15320.0,1,267.13,326,2011-10-26 13:27:00,2011-10-26 13:27:00
15321.0,12,6709.7300000000005,3653,2010-02-03 09:47:00,2011-09-30 09:40:00
15322.0,2,1390.86,971,2010-08-20 13:10:00,2011-09-15 09:34:00
15323.0,3,434.6,188,2010-02-16 09:21:00,2010-05-26 10:01:00
15324.0,1,140.22000000000003,74,2010-01-07 14:37:00,2010-01-07 14:37:00
15325.0,8,1602.01,1383,2010-02-16 13:30:00,2011-08-28 11:55:00
15326.0,5,1700.52,1351,2009-12-01 13:19:00,2011-01-10 11:38:00
15327.0,1,208.75,116,2011-10-18 11:55:00,2011-10-18 11:55:00
15328.0,1,107.24,88,2010-10-28 09:05:00,2010-10-28 09:05:00
15329.0,11,2984.33,1219,2009-12-14 12:18:00,2011-10-31 15:36:00
15330.0,2,714.96,1312,2011-10-10 12:30:00,2011-11-07 17:50:00
15331.0,3,767.91,701,2010-04-09 14:26:00,2010-07-28 09:42:00
15332.0,6,6553.74,2958,2010-07-14 13:01:00,2010-12-08 14:43:00
15333.0,1,1028.56,344,2011-05-15 13:27:00,2011-05-15 13:27:00
15334.0,3,351.67,274,2011-06-19 13:51:00,2011-07-06 11:22:00
15335.0,1,173.97,80,2011-10-17 12:50:00,2011-10-17 12:50:00
15336.0,1,240.5,84,2010-11-03 12:39:00,2010-11-03 12:39:00
15337.0,1,373.02,200,2010-10-24 15:29:00,2010-10-24 15:29:00
15338.0,1,283.43,150,2010-01-31 14:25:00,2010-01-31 14:25:00
15339.0,7,1827.84,1143,2010-02-08 13:38:00,2011-10-04 12:51:00
15340.0,1,105.5,76,2010-05-27 10:27:00,2010-05-27 10:27:00
15341.0,2,2402.7200000000003,1008,2010-09-16 16:41:00,2011-09-20 09:40:00
15342.0,1,406.09,283,2011-08-02 10:19:00,2011-08-02 10:19:00
15343.0,1,364.5,84,2011-09-13 13:55:00,2011-09-13 13:55:00
15344.0,3,563.94,116,2011-09-26 14:48:00,2011-12-09 10:45:00
15345.0,1,393.54,81,2011-10-25 11:28:00,2011-10-25 11:28:00
15346.0,3,596.12,260,2010-10-04 15:11:00,2011-01-11 11:18:00
15347.0,4,1363.6,672,2010-09-28 12:50:00,2010-12-08 15:25:00
15348.0,1,158.04,84,2011-09-28 13:17:00,2011-09-28 13:17:00
15349.0,2,473.81,327,2011-06-05 15:46:00,2011-07-04 16:06:00
15350.0,2,663.25,323,2010-11-21 15:14:00,2010-12-01 13:33:00
15351.0,10,3738.29,1491,2010-10-03 12:18:00,2011-11-27 12:52:00
15352.0,1,114.95,43,2010-06-09 11:28:00,2010-06-09 11:28:00
15353.0,7,3175.95,1551,2009-12-02 11:33:00,2011-03-30 12:15:00
15354.0,3,284.4,3,2010-04-15 16:17:00,2010-04-15 16:24:00
15355.0,2,277.05,45,2011-10-17 15:22:00,2011-11-10 13:44:00
15356.0,13,3464.95,2015,2010-10-13 13:12:00,2011-11-08 13:11:00
15358.0,42,17050.41,15378,2009-12-07 12:19:00,2011-12-05 09:04:00
15359.0,8,181.35,145,2010-01-15 11:30:00,2010-02-15 10:47:00
15360.0,1,427.93,223,2011-10-31 09:35:00,2011-10-31 09:35:00
15361.0,4,689.07,373,2010-06-14 13:27:00,2010-12-13 09:52:00
15362.0,2,613.08,368,2009-12-01 09:08:00,2010-09-17 10:37:00
15363.0,2,1004.11,527,2010-08-04 08:41:00,2010-12-02 12:28:00
15364.0,2,913.19,493,2011-03-30 13:39:00,2011-09-05 09:46:00
15365.0,13,4557.13,2131,2010-02-04 16:43:00,2011-11-14 08:29:00
15366.0,7,2389.08,2447,2010-02-26 10:10:00,2011-09-25 15:01:00
15367.0,11,5081.33,2944,2009-12-10 14:20:00,2011-10-13 14:13:00
15368.0,2,722.74,406,2010-11-10 15:52:00,2011-11-18 14:42:00
15369.0,11,6251.26,3288,2009-12-08 07:43:00,2010-08-04 13:54:00
15370.0,8,3739.01,1397,2010-10-25 12:08:00,2011-10-30 10:58:00
15371.0,1,59.400000000000006,12,2010-02-15 13:14:00,2010-02-15 13:14:00
15372.0,8,6017.06,6410,2010-02-14 11:24:00,2011-07-25 16:39:00
15373.0,17,3421.39,769,2010-05-02 11:57:00,2011-12-01 15:05:00
15374.0,2,307.32,290,2010-03-25 12:03:00,2011-08-03 09:59:00
15375.0,1,60.959999999999994,84,2010-01-18 15:38:00,2010-01-18 15:38:00
15376.0,3,1233.3600000000001,619,2011-05-01 13:45:00,2011-10-30 15:04:00
15377.0,4,1211.75,253,2010-10-20 11:42:00,2010-11-22 08:55:00
15378.0,2,246.5,130,2010-07-26 08:47:00,2010-09-03 11:30:00
15379.0,8,4877.84,3000,2010-11-04 11:59:00,2011-06-23 13:13:00
15380.0,11,3479.0600000000004,1032,2009-12-01 13:50:00,2011-12-01 12:13:00
15381.0,5,1890.5700000000002,802,2010-05-05 14:35:00,2011-05-10 11:55:00
15382.0,12,13733.550000000001,9178,2009-12-04 14:13:00,2011-11-25 10:58:00
15384.0,4,2027.79,1767,2010-04-26 12:38:00,2011-06-23 10:57:00
15385.0,3,942.08,428,2010-01-31 13:02:00,2011-10-30 15:11:00
15386.0,1,394.14,446,2011-06-06 13:47:00,2011-06-06 13:47:00
15387.0,1,468.65,335,2010-08-04 16:05:00,2010-08-04 16:05:00
15388.0,1,140.54,88,2011-03-14 13:53:00,2011-03-14 13:53:00
15389.0,5,2733.8,3940,2010-01-27 12:44:00,2011-06-20 16:18:00
15390.0,2,1216.66,894,2010-10-26 17:23:00,2010-11-08 15:19:00
15391.0,1,289.87,109,2010-05-04 15:04:00,2010-05-04 15:04:00
15392.0,7,2911.62,2144,2010-10-04 12:50:00,2011-12-05 11:01:00
15393.0,5,891.34,378,2009-12-15 17:56:00,2011-11-23 16:48:00
15394.0,11,5286.8,2372,2009-12-15 19:05:00,2011-11-30 11:49:00
15395.0,1,107.45,17,2011-01-18 12:40:00,2011-01-18 12:40:00
15396.0,2,796.38,278,2010-05-05 09:04:00,2011-08-19 10:56:00
15397.0,1,94.0,20,2011-02-23 09:25:00,2011-02-23 09:25:00
15398.0,2,1345.53,769,2011-09-22 14:56:00,2011-11-23 16:47:00
15399.0,3,815.77,611,2011-09-21 15:57:00,2011-12-08 13:04:00
15400.0,8,1302.3,662,2010-05-28 08:33:00,2011-09-08 13:57:00
15401.0,2,216.95000000000002,93,2010-05-20 10:56:00,2010-09-13 13:42:00
15402.0,6,1830.54,2034,2010-04-27 12:12:00,2011-07-14 12:17:00
15403.0,2,170.88,492,2009-12-09 12:45:00,2010-08-05 12:21:00
15404.0,1,257.06,334,2010-11-29 11:03:00,2010-11-29 11:03:00
15405.0,2,659.84,348,2010-05-12 15:56:00,2011-06-03 14:44:00
15406.0,4,975.87,547,2010-09-12 13:06:00,2011-11-08 13:22:00
15407.0,4,1056.44,558,2011-02-07 13:18:00,2011-11-06 11:55:00
15408.0,1,267.18,106,2011-03-20 15:02:00,2011-03-20 15:02:00
15409.0,1,131.25,59,2009-12-18 15:35:00,2009-12-18 15:35:00
15410.0,10,4685.72,1902,2010-04-19 08:57:00,2011-09-16 14:47:00
15411.0,4,1358.88,530,2011-06-10 12:30:00,2011-11-13 15:19:00
15412.0,1,190.53,108,2011-06-21 15:24:00,2011-06-21 15:24:00
15413.0,5,6798.72,2694,2009-12-01 10:18:00,2010-01-17 11:33:00
15414.0,3,774.9000000000001,443,2011-04-11 13:45:00,2011-11-30 09:50:00
15415.0,1,572.8100000000001,575,2011-01-30 14:13:00,2011-01-30 14:13:00
15416.0,7,4572.82,2420,2010-02-01 11:55:00,2011-10-06 09:38:00
15417.0,1,508.8,284,2011-09-15 15:26:00,2011-09-15 15:26:00
15418.0,2,452.32,266,2010-05-02 11:31:00,2010-10-10 13:38:00
15419.0,1,135.86,230,2011-11-15 09:23:00,2011-11-15 09:23:00
15420.0,6,743.0,844,2009-12-05 13:29:00,2010-10-01 15:46:00
15421.0,10,3805.34,1927,2009-12-07 15:10:00,2011-10-12 09:20:00
15422.0,7,1619.97,710,2010-02-07 11:52:00,2011-01-20 16:17:00
15423.0,3,266.89,198,2010-03-28 13:42:00,2011-11-01 14:01:00
15424.0,3,597.78,873,2010-09-02 17:17:00,2011-03-30 13:02:00
15425.0,4,1944.57,1042,2010-02-14 12:36:00,2010-11-04 18:13:00
15426.0,9,2615.39,1220,2010-05-02 15:10:00,2011-11-20 15:36:00
15427.0,3,1483.14,1013,2011-10-23 14:47:00,2011-11-06 14:29:00
15428.0,4,762.75,347,2009-12-17 17:46:00,2011-11-24 16:54:00
15429.0,2,397.35,380,2011-09-25 13:42:00,2011-11-13 12:28:00
15430.0,2,954.75,309,2010-06-29 15:04:00,2010-08-29 10:42:00
15431.0,1,153.24,84,2010-07-25 12:44:00,2010-07-25 12:44:00
15432.0,2,320.76,92,2010-06-16 14:34:00,2011-11-16 16:30:00
15433.0,2,533.3,534,2011-03-17 14:12:00,2011-05-10 10:45:00
15434.0,11,2567.06,1423,2010-01-24 15:35:00,2011-12-01 13:33:00
15435.0,1,149.29,54,2011-11-17 16:39:00,2011-11-17 16:39:00
15436.0,3,1122.53,613,2011-04-19 16:52:00,2011-11-27 16:05:00
15437.0,2,393.45,177,2010-03-09 10:45:00,2011-03-22 13:11:00
15438.0,1,156.57999999999998,59,2011-07-31 14:19:00,2011-07-31 14:19:00
15439.0,4,1269.05,572,2010-02-24 12:05:00,2010-10-31 10:38:00
15440.0,3,383.68,197,2011-05-15 11:30:00,2011-10-16 12:16:00
15441.0,3,1254.21,587,2009-12-09 14:55:00,2010-11-08 15:50:00
15442.0,1,594.0,120,2011-04-05 12:24:00,2011-04-05 12:24:00
15443.0,14,5175.93,2735,2010-03-07 12:10:00,2011-12-08 10:40:00
15444.0,2,1418.26,764,2011-10-30 16:12:00,2011-11-30 17:37:00
15445.0,2,284.5,118,2010-04-28 15:00:00,2011-03-20 15:06:00
15446.0,3,406.95,267,2009-12-13 13:53:00,2010-11-28 11:59:00
15447.0,5,492.88,228,2010-03-24 14:40:00,2011-01-13 11:26:00
15448.0,2,788.81,487,2010-02-03 13:29:00,2011-01-31 10:42:00
15449.0,3,974.52,812,2011-03-23 10:43:00,2011-11-13 15:02:00
15450.0,1,429.84,376,2011-11-09 17:11:00,2011-11-09 17:11:00
15451.0,2,233.21,79,2010-04-19 14:08:00,2010-10-01 13:40:00
15452.0,6,1799.1100000000001,1091,2010-07-16 14:23:00,2011-11-10 12:13:00
15453.0,7,1388.37,845,2011-06-05 12:37:00,2011-12-08 10:59:00
15454.0,2,307.69,148,2010-03-31 13:15:00,2010-12-12 14:21:00
15455.0,1,38.25,3,2010-04-21 12:43:00,2010-04-21 12:43:00
15456.0,10,2119.27,2826,2009-12-08 12:54:00,2011-03-01 13:51:00
15457.0,1,237.07,132,2011-03-22 15:31:00,2011-03-22 15:31:00
15458.0,2,370.43999999999994,300,2010-11-02 19:50:00,2011-11-14 13:08:00
15459.0,2,202.82999999999998,121,2010-07-30 14:31:00,2010-10-18 15:25:00
15460.0,1,216.76,109,2010-12-20 16:08:00,2010-12-20 16:08:00
15461.0,2,429.7,230,2010-03-18 12:40:00,2010-09-05 12:31:00
15462.0,4,737.05,495,2010-09-20 10:23:00,2011-09-06 13:11:00
15463.0,1,126.14,106,2011-11-10 12:57:00,2011-11-10 12:57:00
15464.0,1,1048.85,350,2011-01-05 15:56:00,2011-01-05 15:56:00
15465.0,32,12655.65,2769,2009-12-10 09:42:00,2011-11-20 10:11:00
15466.0,4,1571.01,944,2009-12-03 12:28:00,2011-09-15 14:08:00
15467.0,3,524.88,310,2011-07-10 14:42:00,2011-11-30 14:17:00
15468.0,3,1430.48,1400,2010-11-12 09:39:00,2011-10-19 13:49:00
15469.0,3,874.25,287,2010-09-27 10:09:00,2011-10-20 16:21:00
15470.0,1,63.419999999999995,232,2010-05-13 09:35:00,2010-05-13 09:35:00
15471.0,3,1316.56,683,2010-06-07 12:17:00,2011-12-07 14:12:00
15472.0,1,371.56,251,2011-08-18 15:17:00,2011-08-18 15:17:00
15473.0,8,2046.0,776,2010-09-21 09:14:00,2011-11-25 15:15:00
15474.0,1,163.1,56,2010-04-23 11:14:00,2010-04-23 11:14:00
15475.0,1,454.10999999999996,319,2011-09-23 15:20:00,2011-09-23 15:20:00
15476.0,4,2209.98,1174,2010-09-23 14:00:00,2010-11-24 15:17:00
15477.0,1,368.4,216,2010-02-28 10:37:00,2010-02-28 10:37:00
15478.0,3,2024.98,904,2010-05-13 18:49:00,2011-10-30 14:19:00
15479.0,1,147.4,38,2009-12-06 15:08:00,2009-12-06 15:08:00
15480.0,5,6279.0,1852,2010-02-01 14:52:00,2011-08-15 14:32:00
15481.0,1,1993.34,1450,2010-11-03 14:52:00,2010-11-03 14:52:00
15482.0,19,14592.56,6532,2009-12-02 16:59:00,2011-11-24 10:46:00
15483.0,10,862.2,944,2010-01-24 15:42:00,2011-07-01 13:07:00
15484.0,6,4656.0,4076,2009-12-05 15:18:00,2011-12-08 15:03:00
15485.0,7,5771.51,2594,2009-12-01 17:31:00,2011-11-09 14:31:00
15486.0,1,102.0,40,2010-06-30 13:15:00,2010-06-30 13:15:00
15487.0,1,231.32,144,2010-01-29 12:07:00,2010-01-29 12:07:00
15488.0,5,431.92,251,2010-05-05 13:03:00,2011-09-08 10:11:00
15489.0,8,2419.61,1264,2010-01-15 16:58:00,2011-11-17 08:53:00
15490.0,1,217.6,85,2010-10-05 13:11:00,2010-10-05 13:11:00
15491.0,6,3100.09,1646,2011-04-18 10:04:00,2011-09-05 15:56:00
15492.0,2,659.4599999999999,483,2011-09-26 14:02:00,2011-11-11 14:53:00
15493.0,9,4314.9800000000005,1260,2010-02-23 11:14:00,2011-11-07 12:04:00
15494.0,5,3780.05,3097,2009-12-10 20:16:00,2011-11-18 14:51:00
15495.0,1,246.5,194,2010-11-25 13:46:00,2010-11-25 13:46:00
15496.0,1,146.14000000000001,98,2010-03-18 13:16:00,2010-03-18 13:16:00
15497.0,9,8657.39,2937,2009-12-18 15:08:00,2011-11-22 11:51:00
15498.0,44,26039.58,12622,2009-12-16 17:27:00,2011-12-07 12:48:00
15499.0,1,161.6,60,2009-12-16 12:17:00,2009-12-16 12:17:00
15500.0,4,1131.56,572,2011-09-19 13:47:00,2011-12-01 13:47:00
15501.0,2,402.5,206,2010-10-20 12:47:00,2010-10-31 11:15:00
15502.0,14,13993.47,5861,2010-06-03 11:12:00,2011-11-24 12:48:00
15503.0,2,267.15,136,2009-12-13 11:34:00,2010-12-12 10:57:00
15504.0,4,423.85,148,2010-02-12 12:34:00,2011-09-19 13:45:00
15505.0,5,3610.96,2390,2011-07-07 13:33:00,2011-10-18 07:56:00
15506.0,6,2040.03,1647,2010-08-19 12:38:00,2011-11-17 12:11:00
15507.0,1,492.36,162,2011-06-21 11:19:00,2011-06-21 11:19:00
15508.0,6,1000.27,440,2011-04-18 15:31:00,2011-06-03 15:43:00
15509.0,1,166.51,72,2010-11-24 14:48:00,2010-11-24 14:48:00
15510.0,1,250.0,2,2011-01-13 12:10:00,2011-01-13 12:10:00
15511.0,5,909.23,271,2011-09-15 15:05:00,2011-11-28 09:43:00
15512.0,4,331.58,235,2010-02-01 13:23:00,2011-07-07 10:20:00
15513.0,35,27750.55,10831,2010-01-13 14:59:00,2011-11-06 14:36:00
15514.0,18,6598.55,4246,2009-12-04 16:37:00,2011-11-27 14:40:00
15515.0,1,171.81,131,2010-11-17 13:39:00,2010-11-17 13:39:00
15516.0,3,62.43,27,2011-10-24 11:33:00,2011-10-26 10:51:00
15517.0,1,267.03,293,2011-04-20 14:02:00,2011-04-20 14:02:00
15518.0,15,4218.94,2823,2009-12-20 12:21:00,2011-10-06 13:05:00
15519.0,2,344.61,116,2010-09-19 13:57:00,2010-11-21 14:35:00
15520.0,1,343.5,314,2011-12-08 10:58:00,2011-12-08 10:58:00
15521.0,16,7106.69,4516,2010-01-05 10:19:00,2011-10-30 13:42:00
15522.0,2,398.84,573,2011-09-13 12:26:00,2011-11-07 11:26:00
15523.0,16,17359.99,15873,2009-12-02 15:16:00,2011-09-16 16:29:00
15524.0,2,591.4,28,2010-04-12 09:19:00,2011-11-15 12:09:00
15525.0,4,1295.7,680,2010-11-22 12:10:00,2011-12-07 14:43:00
15526.0,2,148.44,24,2011-11-06 15:01:00,2011-11-06 15:04:00
15527.0,23,5575.64,2222,2009-12-15 17:31:00,2011-11-21 12:17:00
15528.0,1,229.33,123,2011-03-30 16:14:00,2011-03-30 16:14:00
15529.0,12,5111.95,4488,2010-11-10 14:26:00,2011-11-17 11:29:00
15530.0,5,1813.72,1340,2010-07-15 11:10:00,2011-11-18 12:25:00
15531.0,2,2007.44,1105,2011-11-09 17:47:00,2011-12-01 18:43:00
15532.0,10,3771.9,1349,2010-06-08 14:52:00,2011-11-14 14:51:00
15533.0,3,807.57,289,2011-09-11 15:41:00,2011-11-20 15:35:00
15534.0,1,162.25,63,2009-12-14 12:48:00,2009-12-14 12:48:00
15535.0,6,1087.82,323,2010-09-16 20:04:00,2011-06-19 16:02:00
15536.0,1,259.09,242,2010-10-26 16:31:00,2010-10-26 16:31:00
15537.0,1,110.92,29,2011-06-29 13:10:00,2011-06-29 13:10:00
15538.0,6,3358.3999999999996,1016,2010-02-14 12:38:00,2010-06-20 10:49:00
15539.0,1,538.46,410,2011-12-02 13:36:00,2011-12-02 13:36:00
15540.0,2,460.68,444,2010-11-29 11:10:00,2011-11-28 13:51:00
15541.0,1,85.13000000000001,49,2011-08-17 14:58:00,2011-08-17 14:58:00
15542.0,3,918.45,469,2009-12-02 11:53:00,2010-07-15 13:32:00
15543.0,2,242.84,169,2010-09-06 11:28:00,2011-02-24 15:26:00
15544.0,20,8162.43,7019,2010-01-28 14:39:00,2011-11-30 16:43:00
15545.0,2,428.05,238,2010-12-03 17:28:00,2011-10-16 13:24:00
15546.0,2,1079.1000000000001,198,2010-04-12 11:45:00,2010-04-12 11:51:00
15547.0,26,10154.39,7362,2009-12-06 13:40:00,2011-12-02 12:52:00
15548.0,1,158.09,64,2010-04-23 12:20:00,2010-04-23 12:20:00
15549.0,8,2345.96,940,2010-01-11 13:16:00,2011-09-23 16:22:00
15550.0,12,2218.8,1144,2009-12-03 15:15:00,2011-12-05 15:38:00
15551.0,7,1710.08,814,2010-06-07 15:05:00,2011-11-03 12:37:00
15552.0,2,252.52,166,2010-03-26 16:17:00,2011-05-06 14:47:00
15553.0,1,437.23,451,2011-10-10 14:02:00,2011-10-10 14:02:00
15554.0,1,217.2,74,2011-03-07 09:00:00,2011-03-07 09:00:00
15555.0,36,12112.35,9037,2009-12-06 11:58:00,2011-11-27 16:19:00
15556.0,1,279.77,236,2011-11-15 16:08:00,2011-11-15 16:08:00
15557.0,1,473.65000000000003,219,2011-11-11 12:46:00,2011-11-11 12:46:00
15558.0,1,214.13,86,2010-03-10 15:25:00,2010-03-10 15:25:00
15559.0,1,1109.4,526,2010-05-20 14:06:00,2010-05-20 14:06:00
15560.0,2,153.52,72,2010-11-07 10:14:00,2010-11-07 10:15:00
15561.0,8,1934.3899999999999,1334,2010-02-14 12:22:00,2011-11-28 11:07:00
15562.0,3,673.3800000000001,561,2009-12-13 15:17:00,2010-12-23 09:55:00
15563.0,7,2867.0,3019,2010-01-28 11:36:00,2011-11-17 14:50:00
15564.0,2,70.74000000000001,42,2010-02-01 15:58:00,2010-09-02 15:52:00
15565.0,2,173.16,60,2011-09-30 10:44:00,2011-10-20 14:33:00
15566.0,2,227.87,153,2009-12-15 14:53:00,2010-11-12 12:11:00
15567.0,1,186.01,223,2011-11-21 10:48:00,2011-11-21 10:48:00
15568.0,3,758.29,461,2011-09-27 14:37:00,2011-12-07 11:27:00
15569.0,10,3586.35,1736,2010-02-28 10:55:00,2011-08-28 10:15:00
15570.0,25,9311.04,4279,2010-03-28 14:04:00,2011-12-02 14:47:00
15571.0,14,4051.63,2506,2009-12-06 12:10:00,2011-11-28 10:02:00
15572.0,10,4068.67,2148,2010-04-14 14:38:00,2011-12-05 10:09:00
15573.0,5,1207.18,780,2009-12-10 14:19:00,2011-11-08 11:38:00
15574.0,6,1518.7,949,2010-09-01 14:37:00,2011-06-15 12:01:00
15575.0,1,30.1,6,2010-03-30 12:50:00,2010-03-30 12:50:00
15576.0,1,940.6700000000001,404,2011-11-02 12:03:00,2011-11-02 12:03:00
15577.0,5,397.98,121,2009-12-13 16:17:00,2011-07-11 17:03:00
15578.0,1,127.1,52,2011-06-30 13:03:00,2011-06-30 13:03:00
15579.0,5,1302.5,723,2010-10-03 14:37:00,2011-10-02 12:45:00
15580.0,8,1381.19,959,2010-02-07 11:21:00,2010-11-28 11:00:00
15581.0,38,7794.59,3146,2009-12-02 12:19:00,2011-08-11 09:38:00
15582.0,3,682.9100000000001,453,2011-05-03 13:36:00,2011-11-15 09:55:00
15583.0,1,107.86,63,2010-11-28 15:04:00,2010-11-28 15:04:00
15584.0,6,1277.5,487,2010-02-07 12:16:00,2011-11-16 10:55:00
15585.0,1,455.3,320,2011-06-16 08:38:00,2011-06-16 08:38:00
15586.0,3,1139.1,1338,2010-01-08 10:02:00,2010-04-26 11:00:00
15587.0,7,1522.0800000000002,528,2010-08-05 08:44:00,2011-10-20 13:37:00
15588.0,1,579.6,96,2010-01-31 12:19:00,2010-01-31 12:19:00
15589.0,3,478.53000000000003,243,2011-02-02 10:46:00,2011-03-29 09:54:00
15590.0,5,1496.6,832,2010-04-12 10:09:00,2010-11-22 14:49:00
15591.0,3,217.9,58,2010-02-04 09:20:00,2010-05-06 09:23:00
15592.0,1,388.58,354,2011-10-24 08:59:00,2011-10-24 08:59:00
15593.0,1,199.8,60,2011-09-30 11:46:00,2011-09-30 11:46:00
15594.0,5,1771.78,983,2011-04-19 10:08:00,2011-11-24 08:53:00
15595.0,1,357.6,144,2010-08-09 12:27:00,2010-08-09 12:27:00
15596.0,9,3130.04,1376,2010-07-28 11:46:00,2011-08-31 10:55:00
15597.0,2,563.37,393,2010-05-13 13:10:00,2011-11-04 13:26:00
15598.0,2,548.02,404,2010-10-08 09:20:00,2011-10-17 16:04:00
15599.0,3,1250.06,1098,2010-09-20 10:15:00,2011-11-13 11:44:00
15600.0,4,1199.31,657,2010-04-25 11:50:00,2010-10-07 14:30:00
15601.0,30,14960.12,11061,2009-12-01 14:53:00,2011-11-28 15:15:00
15602.0,16,3230.51,2349,2009-12-02 09:35:00,2011-12-01 14:14:00
15603.0,2,88.48,128,2010-03-01 16:02:00,2011-09-22 10:04:00
15604.0,1,216.39,159,2011-10-18 14:47:00,2011-10-18 14:47:00
15605.0,9,1936.8,712,2010-01-14 14:03:00,2011-11-03 14:17:00
15606.0,17,5230.99,1615,2010-03-02 14:48:00,2011-10-09 15:47:00
15607.0,9,1708.97,1470,2010-01-08 12:16:00,2011-01-07 12:44:00
15608.0,5,1785.98,1262,2010-10-20 10:10:00,2011-11-11 13:20:00
15609.0,1,298.48,148,2011-06-08 13:00:00,2011-06-08 13:00:00
15610.0,1,112.46000000000001,66,2011-10-19 10:36:00,2011-10-19 10:36:00
15611.0,26,2997.28,747,2010-01-25 14:50:00,2011-11-30 12:36:00
15612.0,2,195.15,52,2011-10-09 12:49:00,2011-11-03 14:52:00
15613.0,1,433.71999999999997,700,2010-04-08 12:51:00,2010-04-08 12:51:00
15614.0,4,3147.36,1632,2010-03-23 11:13:00,2010-09-28 10:46:00
15615.0,47,21373.97,12090,2009-12-02 15:28:00,2011-11-29 14:42:00
15616.0,1,317.11,137,2010-09-27 13:10:00,2010-09-27 13:10:00
15617.0,3,828.5500000000001,485,2010-07-20 13:16:00,2010-11-08 16:07:00
15618.0,4,776.851,454,2011-07-26 10:13:00,2011-11-07 08:34:00
15619.0,1,336.40000000000003,136,2011-11-29 08:14:00,2011-11-29 08:14:00
15620.0,4,1942.36,1249,2010-10-26 11:32:00,2011-10-14 12:41:00
15621.0,4,1293.03,501,2011-11-18 11:49:00,2011-12-05 14:01:00
15622.0,17,7852.61,4091,2010-03-04 10:29:00,2011-10-27 16:44:00
15623.0,8,2437.05,1087,2009-12-10 14:46:00,2011-07-21 17:26:00
15624.0,4,588.13,357,2011-03-28 13:32:00,2011-08-15 11:38:00
15625.0,9,3236.4,3020,2010-06-15 15:23:00,2011-08-28 10:21:00
15626.0,3,1067.52,1138,2010-10-14 17:16:00,2011-09-26 10:03:00
15627.0,2,566.9,344,2010-07-05 11:56:00,2010-09-08 14:14:00
15628.0,17,5652.26,3819,2009-12-13 13:39:00,2011-12-05 10:24:00
15629.0,4,2240.9,1518,2010-06-25 11:39:00,2010-09-15 13:46:00
15630.0,3,1481.4,987,2010-03-05 14:30:00,2011-10-25 15:36:00
15631.0,1,596.67,525,2010-03-07 14:52:00,2010-03-07 14:52:00
15632.0,8,3285.31,2109,2011-03-10 08:29:00,2011-11-24 09:51:00
15633.0,13,4352.46,2058,2009-12-08 17:51:00,2010-07-18 13:54:00
15634.0,2,554.65,227,2010-11-21 15:30:00,2011-11-22 16:28:00
15635.0,1,100.35,5,2010-11-09 08:58:00,2010-11-09 08:58:00
15636.0,4,1444.58,560,2010-05-19 11:37:00,2011-09-11 11:17:00
15637.0,5,797.59,651,2009-12-15 17:54:00,2011-10-18 08:28:00
15638.0,6,2265.2,1134,2010-04-08 14:37:00,2010-11-26 11:52:00
15639.0,3,1065.08,849,2010-04-13 13:11:00,2011-07-28 14:30:00
15640.0,29,23957.58,12390,2009-12-14 16:36:00,2011-12-05 14:35:00
15641.0,12,5345.55,4422,2009-12-06 15:31:00,2011-08-26 14:04:00
15642.0,1,105.78000000000002,270,2009-12-10 11:51:00,2009-12-10 11:51:00
15643.0,3,664.0,246,2011-03-02 14:34:00,2011-06-01 07:38:00
15644.0,4,813.0,557,2011-03-23 15:37:00,2011-06-26 14:54:00
15645.0,3,1055.17,396,2010-10-10 12:51:00,2011-11-21 11:55:00
15646.0,5,974.61,1051,2010-10-25 13:06:00,2011-07-05 09:53:00
15647.0,1,169.0,124,2010-10-20 15:09:00,2010-10-20 15:09:00
15648.0,2,657.35,221,2011-03-17 18:59:00,2011-05-19 15:53:00
15649.0,4,2170.35,485,2010-11-17 16:22:00,2011-01-07 13:34:00
15650.0,2,553.88,210,2010-03-21 11:46:00,2010-07-06 10:41:00
15651.0,5,1259.06,871,2010-04-22 13:26:00,2011-11-03 08:41:00
15652.0,5,1420.34,659,2010-08-11 16:58:00,2011-09-09 14:22:00
15653.0,2,877.4399999999999,1200,2011-08-16 09:50:00,2011-09-08 10:49:00
15654.0,2,922.53,475,2011-11-13 15:15:00,2011-11-30 13:08:00
15655.0,1,560.67,324,2011-04-10 15:25:00,2011-04-10 15:25:00
15656.0,4,748.5,343,2011-02-28 15:32:00,2011-10-25 14:56:00
15657.0,1,30.0,24,2011-11-17 12:19:00,2011-11-17 12:19:00
15658.0,8,2423.4700000000003,691,2009-12-03 11:19:00,2011-06-02 15:22:00
15659.0,3,532.49,161,2010-02-24 13:32:00,2011-10-27 09:23:00
15660.0,15,2812.99,1893,2010-02-05 16:01:00,2011-11-14 16:58:00
15661.0,8,1215.95,779,2010-05-10 07:59:00,2011-01-26 13:56:00
15662.0,2,283.73,145,2009-12-01 13:49:00,2010-02-16 16:47:00
15663.0,1,138.14,106,2011-08-25 15:50:00,2011-08-25 15:50:00
15664.0,4,1254.03,530,2010-02-28 12:50:00,2011-10-20 10:57:00
15665.0,5,4015.12,2794,2010-03-14 15:07:00,2011-06-24 14:57:00
15666.0,2,632.9399999999999,469,2010-08-01 15:41:00,2010-08-24 16:14:00
15667.0,1,301.32,240,2011-10-31 10:56:00,2011-10-31 10:56:00
15668.0,1,76.32000000000001,72,2011-05-06 10:39:00,2011-05-06 10:39:00
15669.0,4,684.34,342,2011-03-21 09:13:00,2011-10-30 16:03:00
15670.0,2,325.2,132,2010-06-01 15:34:00,2011-02-16 10:50:00
15671.0,7,2657.13,1699,2011-03-14 09:37:00,2011-11-21 12:43:00
15672.0,1,45.300000000000004,10,2009-12-14 16:52:00,2009-12-14 16:52:00
15673.0,9,6414.79,3361,2010-02-22 14:28:00,2011-09-12 16:12:00
15674.0,13,6948.2300000000005,3648,2009-12-08 17:08:00,2011-09-27 15:17:00
15675.0,4,542.04,624,2010-10-31 14:14:00,2011-09-19 13:48:00
15676.0,3,3435.76,2252,2011-03-01 10:19:00,2011-11-21 12:40:00
15677.0,3,1305.63,675,2010-09-02 12:08:00,2011-10-21 15:36:00
15678.0,3,1893.89,1067,2010-07-05 12:49:00,2011-10-18 09:25:00
15679.0,4,781.28,1170,2011-06-10 08:24:00,2011-11-15 16:19:00
15680.0,10,4507.58,3074,2009-12-02 12:15:00,2011-11-30 13:46:00
15681.0,14,2989.7,1392,2010-05-24 14:18:00,2011-11-14 16:30:00
15682.0,2,318.24,222,2010-01-21 14:37:00,2010-04-19 15:30:00
15683.0,2,524.54,332,2010-08-23 12:01:00,2011-08-14 12:56:00
15684.0,3,173.95,77,2009-12-04 16:13:00,2010-06-10 18:51:00
15685.0,1,55.980000000000004,36,2010-09-15 13:43:00,2010-09-15 13:43:00
15686.0,1,90.0,72,2010-10-15 13:50:00,2010-10-15 13:50:00
15687.0,9,2993.1,1310,2011-01-13 15:13:00,2011-12-01 08:33:00
15688.0,1,190.57,95,2010-10-17 12:06:00,2010-10-17 12:06:00
15689.0,3,521.03,207,2010-04-01 09:53:00,2011-08-12 09:37:00
15690.0,2,239.76,408,2011-08-31 11:40:00,2011-12-05 15:59:00
15691.0,4,571.3,212,2009-12-06 16:01:00,2011-04-01 15:13:00
15692.0,1,191.04,138,2011-11-11 14:12:00,2011-11-11 14:12:00
15693.0,1,37.5,30,2010-02-18 14:37:00,2010-02-18 14:37:00
15694.0,24,10810.81,2658,2009-12-07 15:43:00,2011-12-09 09:44:00
15695.0,4,1131.04,484,2010-01-27 10:56:00,2011-03-18 08:32:00
15696.0,13,3906.57,1399,2010-01-24 14:36:00,2011-11-06 14:02:00
15697.0,1,246.75,127,2010-01-19 09:10:00,2010-01-19 09:10:00
15698.0,1,46.2,60,2010-03-25 17:38:00,2010-03-25 17:38:00
15699.0,1,309.65,113,2011-11-22 08:26:00,2011-11-22 08:26:00
15700.0,2,696.68,357,2011-06-19 15:36:00,2011-06-20 16:53:00
15701.0,4,1542.14,923,2011-08-21 12:36:00,2011-12-07 14:39:00
15702.0,2,140.39000000000001,103,2010-01-26 17:23:00,2010-08-20 14:50:00
15703.0,1,211.5,66,2011-03-20 10:51:00,2011-03-20 10:51:00
15704.0,6,3817.96,1723,2010-05-05 14:51:00,2011-07-22 13:35:00
15705.0,1,143.1,62,2011-05-22 15:37:00,2011-05-22 15:37:00
15706.0,4,1060.56,321,2011-08-15 14:32:00,2011-10-07 10:09:00
15707.0,4,945.58,605,2011-09-14 14:19:00,2011-11-04 14:35:00
15708.0,9,4378.72,1675,2010-10-10 11:33:00,2011-10-30 10:54:00
15709.0,2,327.85,169,2010-04-29 18:31:00,2011-03-01 10:38:00
15710.0,1,898.87,641,2010-10-18 17:05:00,2010-10-18 17:05:00
15711.0,2,420.25,199,2010-01-24 12:13:00,2010-06-01 12:14:00
15712.0,12,3472.4100000000003,1277,2009-12-01 11:17:00,2011-11-30 14:09:00
15713.0,4,1010.79,510,2009-12-16 09:41:00,2011-07-19 13:34:00
15714.0,5,784.8100000000001,362,2010-06-02 12:08:00,2011-11-28 11:26:00
15715.0,5,658.02,246,2010-03-30 12:17:00,2010-06-02 09:56:00
15716.0,11,3056.81,1821,2009-12-07 12:42:00,2011-07-17 11:59:00
15717.0,5,607.0,224,2010-04-26 10:41:00,2011-04-19 13:21:00
15718.0,1,293.79,95,2010-06-17 16:20:00,2010-06-17 16:20:00
15719.0,31,10223.06,5368,2009-12-01 12:47:00,2011-11-07 12:29:00
15720.0,2,741.92,329,2010-06-07 15:40:00,2011-11-15 14:48:00
15721.0,1,507.08,409,2011-11-28 12:14:00,2011-11-28 12:14:00
15722.0,11,5258.1,2283,2010-03-09 15:05:00,2011-11-04 11:43:00
15723.0,4,947.65,444,2010-05-14 12:55:00,2010-12-10 11:12:00
15724.0,3,310.85,117,2010-11-04 10:22:00,2011-05-22 14:40:00
15725.0,1,415.25,221,2011-11-24 14:51:00,2011-11-24 14:51:00
15726.0,1,321.91,123,2010-11-14 16:12:00,2010-11-14 16:12:00
15727.0,15,9445.51,5942,2010-01-24 12:12:00,2011-11-23 12:36:00
15728.0,2,544.6,132,2010-09-21 14:46:00,2010-11-25 10:39:00
15729.0,3,192.55,47,2010-11-01 13:44:00,2011-05-11 12:36:00
15730.0,5,1726.58,1061,2010-10-04 14:15:00,2011-10-05 12:31:00
15731.0,1,125.3,122,2010-06-04 10:10:00,2010-06-04 10:10:00
15732.0,10,1682.07,1361,2010-02-04 10:10:00,2011-05-11 14:24:00
15733.0,1,162.3,62,2011-03-02 09:05:00,2011-03-02 09:05:00
15734.0,4,2263.3,516,2010-06-10 14:25:00,2011-08-17 10:50:00
15735.0,1,327.68,206,2010-10-14 13:38:00,2010-10-14 13:38:00
15736.0,2,1815.72,1268,2010-09-30 14:19:00,2010-09-30 14:20:00
15737.0,8,1205.1200000000001,599,2011-04-11 10:01:00,2011-11-25 11:21:00
15738.0,41,13372.970000000001,9285,2009-12-10 15:52:00,2011-11-21 08:26:00
15739.0,1,449.12,472,2011-10-04 13:42:00,2011-10-04 13:42:00
15740.0,1,154.88,152,2011-10-21 14:29:00,2011-10-21 14:29:00
15741.0,2,208.62,70,2010-03-31 11:55:00,2010-09-07 16:21:00
15742.0,1,156.87,51,2010-03-30 15:25:00,2010-03-30 15:25:00
15743.0,4,784.46,216,2011-06-08 10:14:00,2011-11-23 17:19:00
15744.0,1,34.8,120,2011-09-23 09:52:00,2011-09-23 09:52:00
15745.0,4,1094.59,421,2011-04-17 13:04:00,2011-11-20 13:45:00
15746.0,1,196.88,178,2011-07-28 15:21:00,2011-07-28 15:21:00
15747.0,9,2562.61,1370,2010-01-18 11:21:00,2011-11-27 12:26:00
15748.0,3,614.7600000000001,262,2010-09-16 16:52:00,2011-10-30 12:51:00
15749.0,3,44534.3,18028,2011-01-11 12:55:00,2011-04-18 13:20:00
15750.0,18,6797.191,4593,2009-12-01 17:19:00,2011-12-07 12:34:00
15751.0,11,1380.44,443,2009-12-06 13:08:00,2010-09-05 12:44:00
15752.0,9,4207.54,2967,2010-09-08 11:56:00,2011-10-31 11:37:00
15753.0,1,79.2,144,2011-02-08 12:41:00,2011-02-08 12:41:00
15754.0,9,3037.61,1762,2010-02-22 13:31:00,2011-10-19 14:40:00
15755.0,17,5993.12,4034,2009-12-04 08:24:00,2011-11-29 14:57:00
15756.0,4,532.96,242,2011-04-04 14:00:00,2011-10-09 13:30:00
15757.0,6,2940.36,1757,2010-06-10 13:47:00,2011-10-05 12:14:00
15758.0,1,205.25,47,2011-11-15 10:48:00,2011-11-15 10:48:00
15759.0,7,830.9300000000001,523,2009-12-02 10:08:00,2011-05-05 15:13:00
15760.0,2,13916.34,2,2010-03-19 11:35:00,2010-03-19 11:45:00
15761.0,1,143.05,31,2010-09-23 09:33:00,2010-09-23 09:33:00
15762.0,2,583.75,251,2011-09-23 15:17:00,2011-10-05 16:15:00
15763.0,2,1086.92,271,2011-09-23 12:10:00,2011-11-08 09:44:00
15764.0,8,4503.08,2945,2010-08-18 13:58:00,2011-09-12 17:58:00
15765.0,1,370.63,335,2010-02-11 10:25:00,2010-02-11 10:25:00
15766.0,3,831.06,334,2010-01-26 15:55:00,2011-10-06 17:03:00
15768.0,34,15601.09,4259,2009-12-03 12:10:00,2011-08-16 10:48:00
15769.0,46,88704.32,49104,2009-12-11 09:58:00,2011-12-02 13:52:00
15770.0,1,321.45,67,2010-04-06 11:47:00,2010-04-06 11:47:00
15771.0,3,1006.54,512,2010-01-15 12:14:00,2010-04-14 13:56:00
15772.0,1,280.88,110,2010-10-17 13:33:00,2010-10-17 13:33:00
15773.0,2,774.52,410,2010-10-26 15:27:00,2011-12-04 12:48:00
15774.0,6,1329.94,473,2010-02-21 12:57:00,2011-10-02 12:04:00
15775.0,2,150.5,260,2010-03-18 07:32:00,2011-04-08 12:56:00
15776.0,1,241.62,138,2011-07-29 13:46:00,2011-07-29 13:46:00
15777.0,7,1762.61,599,2010-05-20 10:37:00,2011-04-12 16:43:00
15778.0,1,307.95,101,2010-10-04 15:10:00,2010-10-04 15:10:00
15779.0,2,124.08000000000001,20,2010-06-25 15:55:00,2010-09-02 16:40:00
15780.0,3,475.28000000000003,220,2010-12-17 11:43:00,2011-06-09 12:01:00
15781.0,3,345.46,180,2011-02-07 09:15:00,2011-11-14 14:57:00
15782.0,4,4014.1,1844,2010-10-05 15:43:00,2011-11-30 10:49:00
15783.0,1,246.3,212,2011-11-29 09:50:00,2011-11-29 09:50:00
15784.0,2,848.3299999999999,381,2010-02-05 14:42:00,2010-08-29 10:38:00
15785.0,16,5969.93,4479,2009-12-15 16:28:00,2011-11-07 11:33:00
15786.0,5,8514.82,5981,2010-06-21 10:13:00,2011-10-24 14:13:00
15787.0,3,948.05,540,2011-10-09 13:11:00,2011-11-13 14:55:00
15788.0,1,221.82999999999998,115,2010-07-19 12:48:00,2010-07-19 12:48:00
15789.0,6,1962.01,2499,2010-03-26 11:21:00,2010-12-16 14:35:00
15790.0,1,220.85,114,2011-11-29 14:53:00,2011-11-29 14:53:00
15791.0,5,3608.34,1970,2010-03-08 09:41:00,2011-10-27 10:14:00
15792.0,2,933.84,606,2010-03-31 09:42:00,2010-11-05 08:21:00
15793.0,8,2399.57,1685,2009-12-01 12:54:00,2011-11-25 09:31:00
15794.0,2,777.0,288,2009-12-02 15:10:00,2009-12-03 13:04:00
15795.0,8,1979.8700000000001,1411,2010-01-18 11:31:00,2011-07-13 10:43:00
15796.0,17,5175.83,1735,2010-03-31 13:10:00,2011-12-08 19:55:00
15797.0,6,2821.08,1281,2010-01-27 13:12:00,2011-08-18 17:04:00
15798.0,3,1535.37,915,2010-01-27 11:55:00,2010-08-04 09:13:00
15799.0,4,1424.29,1342,2010-10-17 14:26:00,2011-09-25 12:46:00
15800.0,7,1242.58,588,2010-03-31 13:17:00,2011-08-24 14:23:00
15801.0,3,1063.95,570,2011-08-22 09:53:00,2011-10-24 13:52:00
15802.0,1,451.42,1,2011-07-20 11:38:00,2011-07-20 11:38:00
15803.0,4,1929.66,1030,2010-02-01 16:29:00,2011-10-19 14:56:00
15804.0,13,4206.39,2565,2011-05-25 10:12:00,2011-12-09 12:31:00
15805.0,30,10189.23,6225,2009-12-10 12:57:00,2011-11-16 16:32:00
15806.0,3,784.58,602,2011-03-08 09:24:00,2011-10-24 14:35:00
15807.0,5,1817.52,1532,2010-02-11 15:32:00,2011-10-20 14:10:00
15808.0,21,18409.93,7229,2009-12-01 16:30:00,2011-02-06 14:33:00
15809.0,7,1274.44,700,2010-06-22 14:23:00,2011-11-03 16:40:00
15810.0,8,2999.04,1653,2010-02-04 18:18:00,2011-09-22 09:38:00
15811.0,7,3890.52,1922,2010-11-16 16:46:00,2011-11-17 15:31:00
15812.0,12,5201.47,3450,2009-12-15 13:40:00,2011-08-24 14:19:00
15813.0,2,1303.9099999999999,603,2011-04-14 09:09:00,2011-05-16 08:13:00
15814.0,6,2634.44,1728,2010-04-15 14:31:00,2011-11-23 08:17:00
15815.0,5,2100.6,1856,2011-03-25 08:43:00,2011-10-07 12:42:00
15816.0,2,144.14999999999998,54,2010-06-15 12:54:00,2010-06-15 13:36:00
15817.0,3,2766.4,1596,2010-06-14 13:31:00,2010-10-15 11:07:00
15818.0,1,340.5,284,2010-04-30 12:58:00,2010-04-30 12:58:00
15819.0,10,3934.79,2928,2010-03-18 11:08:00,2011-10-21 14:50:00
15820.0,1,206.98,128,2011-01-24 12:00:00,2011-01-24 12:00:00
15821.0,2,570.96,202,2011-10-09 13:28:00,2011-10-26 15:48:00
15822.0,6,1840.06,950,2009-12-06 15:12:00,2011-12-06 14:50:00
15823.0,3,3897.17,1775,2009-12-08 15:12:00,2010-12-02 15:08:00
15824.0,2,890.94,478,2010-06-25 15:10:00,2010-09-12 13:20:00
15825.0,1,532.94,220,2011-06-20 13:27:00,2011-06-20 13:27:00
15826.0,4,2598.28,1824,2010-05-20 17:00:00,2011-10-14 16:05:00
15827.0,28,3794.07,1824,2010-01-08 11:25:00,2011-09-27 15:35:00
15828.0,1,1108.82,367,2010-11-29 16:41:00,2010-11-29 16:41:00
15829.0,2,636.14,996,2011-07-22 10:23:00,2011-09-01 16:45:00
15830.0,1,576.0,415,2011-11-02 10:40:00,2011-11-02 10:40:00
15831.0,3,801.76,1105,2011-01-19 14:52:00,2011-10-12 13:14:00
15832.0,1,836.79,465,2011-03-30 15:29:00,2011-03-30 15:29:00
15833.0,1,80.4,24,2009-12-02 11:59:00,2009-12-02 11:59:00
15834.0,7,3772.9900000000002,1819,2010-10-11 14:05:00,2011-09-30 14:41:00
15835.0,4,954.09,439,2011-01-13 10:35:00,2011-10-26 15:47:00
15836.0,1,137.37,26,2011-10-20 17:13:00,2011-10-20 17:13:00
15837.0,2,777.01,405,2010-08-11 10:16:00,2011-10-06 09:01:00
15838.0,34,74163.0,64664,2009-12-15 09:51:00,2011-11-28 14:00:00
15839.0,3,1048.49,675,2011-07-14 16:35:00,2011-11-06 13:54:00
15840.0,2,355.56,396,2011-06-20 11:42:00,2011-10-12 09:08:00
15841.0,9,2742.41,2391,2009-12-10 08:29:00,2011-09-28 12:15:00
15842.0,2,548.8,296,2010-06-30 09:06:00,2010-11-11 14:08:00
15843.0,1,118.95000000000002,27,2011-02-09 10:19:00,2011-02-09 10:19:00
15844.0,1,130.73999999999998,134,2011-10-24 15:19:00,2011-10-24 15:19:00
15845.0,11,4426.28,2128,2010-01-26 14:44:00,2011-11-22 09:42:00
15846.0,1,107.01,79,2010-11-19 14:40:00,2010-11-19 14:40:00
15847.0,5,822.57,643,2010-03-08 08:47:00,2011-11-01 14:41:00
15848.0,1,139.94,46,2010-03-28 10:54:00,2010-03-28 10:54:00
15850.0,6,1058.72,1379,2009-12-13 13:27:00,2011-11-20 14:14:00
15851.0,1,109.73,67,2010-07-01 12:34:00,2010-07-01 12:34:00
15852.0,3,257.26,60,2010-07-01 10:16:00,2011-06-06 11:22:00
15853.0,1,110.8,135,2011-10-19 10:38:00,2011-10-19 10:38:00
15854.0,21,5583.81,1704,2009-12-10 12:08:00,2011-12-05 13:39:00
15855.0,6,1052.72,712,2010-08-20 17:15:00,2011-07-26 10:20:00
15856.0,52,34220.340000000004,20432,2009-12-03 14:02:00,2011-12-05 17:09:00
15857.0,2,570.48,584,2010-10-05 16:43:00,2011-11-21 12:18:00
15858.0,13,3960.37,2919,2009-12-10 11:42:00,2011-11-24 12:48:00
15859.0,1,438.46,174,2010-10-03 12:52:00,2010-10-03 12:52:00
15860.0,17,2505.21,1342,2009-12-06 12:31:00,2011-10-30 11:25:00
15861.0,12,4401.79,3860,2010-01-28 19:41:00,2011-11-27 15:59:00
15862.0,13,2928.29,1680,2009-12-17 11:33:00,2011-12-01 13:28:00
15863.0,5,358.7,164,2009-12-17 10:20:00,2011-11-14 12:49:00
15864.0,7,2180.76,1486,2010-11-23 15:02:00,2011-11-17 13:32:00
15865.0,5,2248.92,1147,2010-01-05 13:58:00,2011-10-30 12:43:00
15866.0,1,230.53,126,2011-08-30 14:09:00,2011-08-30 14:09:00
15867.0,31,9063.95,5139,2009-12-14 15:16:00,2011-12-04 13:32:00
15868.0,1,94.53,57,2010-05-05 14:11:00,2010-05-05 14:11:00
15869.0,3,323.65999999999997,274,2010-03-23 16:50:00,2011-03-07 17:23:00
15870.0,4,862.61,508,2010-09-19 16:22:00,2011-11-07 10:58:00
15871.0,1,33.099999999999994,5,2010-09-28 14:16:00,2010-09-28 14:16:00
15872.0,4,795.68,506,2010-06-07 14:53:00,2011-11-25 11:55:00
15873.0,4,313.91999999999996,1152,2010-07-27 11:58:00,2010-07-28 12:41:00
15874.0,21,11284.76,5102,2010-01-07 13:56:00,2011-10-07 12:31:00
15875.0,1,111.72,76,2010-03-03 16:51:00,2010-03-03 16:51:00
15876.0,2,1449.1399999999999,886,2010-09-17 15:26:00,2010-10-26 18:58:00
15877.0,2,493.28,371,2011-11-22 11:18:00,2011-12-08 11:53:00
15878.0,2,330.77,243,2009-12-06 12:28:00,2010-05-27 12:17:00
15879.0,4,1157.3,643,2009-12-17 19:54:00,2010-10-31 16:21:00
15880.0,1,686.5600000000001,422,2010-12-05 13:00:00,2010-12-05 13:00:00
15881.0,5,501.39000000000004,260,2010-12-10 13:32:00,2011-01-31 16:59:00
15882.0,8,1495.98,814,2009-12-10 15:33:00,2011-05-25 11:35:00
15883.0,2,396.48,223,2011-11-06 14:50:00,2011-12-07 17:05:00
15884.0,2,249.70000000000002,158,2009-12-03 18:23:00,2010-10-03 15:55:00
15885.0,15,1951.82,622,2010-01-21 12:47:00,2011-09-08 10:43:00
15886.0,4,1052.8700000000001,667,2010-04-20 15:03:00,2011-10-10 14:25:00
15887.0,3,1027.15,605,2010-06-02 11:53:00,2010-10-29 08:36:00
15888.0,3,429.16,139,2010-07-01 11:51:00,2011-09-20 12:30:00
15889.0,8,1806.28,989,2009-12-10 12:21:00,2011-07-06 11:10:00
15890.0,5,535.65,119,2010-04-14 08:43:00,2010-11-10 12:46:00
15891.0,1,524.52,442,2011-04-27 12:35:00,2011-04-27 12:35:00
15892.0,1,128.2,46,2010-02-08 16:23:00,2010-02-08 16:23:00
15893.0,1,305.28000000000003,288,2010-08-15 11:12:00,2010-08-15 11:12:00
15894.0,2,420.29,283,2010-12-05 14:06:00,2011-03-31 13:50:00
15895.0,1,179.17,94,2011-07-13 10:27:00,2011-07-13 10:27:00
15897.0,2,222.05,261,2011-05-29 13:32:00,2011-05-29 13:50:00
15898.0,25,5596.31,2418,2009-12-11 16:11:00,2011-12-08 15:23:00
15899.0,1,112.5,78,2010-12-06 10:36:00,2010-12-06 10:36:00
15900.0,4,900.4,661,2010-05-26 11:27:00,2011-11-16 12:19:00
15901.0,7,703.22,702,2010-06-14 12:39:00,2011-11-23 12:43:00
15902.0,1,145.01,124,2010-11-24 16:57:00,2010-11-24 16:57:00
15903.0,12,8939.84,3926,2010-01-14 10:57:00,2011-11-30 08:08:00
15904.0,1,164.68,84,2011-12-01 14:50:00,2011-12-01 14:50:00
15905.0,1,114.69,82,2010-06-14 16:00:00,2010-06-14 16:00:00
15906.0,10,2555.64,751,2010-09-15 12:17:00,2011-11-20 12:24:00
15907.0,3,967.45,509,2011-05-13 13:01:00,2011-12-06 12:21:00
15908.0,2,764.57,174,2010-07-15 19:21:00,2010-08-06 11:56:00
15909.0,1,191.94,98,2011-06-19 10:38:00,2011-06-19 10:38:00
15910.0,15,2681.8,2171,2010-01-21 11:51:00,2011-12-09 10:51:00
15911.0,8,1702.34,811,2009-12-09 13:26:00,2010-03-26 12:06:00
15912.0,9,1074.7,759,2009-12-10 12:58:00,2011-06-14 14:29:00
15913.0,1,6.300000000000001,3,2010-06-23 16:31:00,2010-06-23 16:31:00
15914.0,2,205.99,149,2010-11-26 16:09:00,2010-11-26 16:10:00
15915.0,1,429.21,451,2010-11-03 11:13:00,2010-11-03 11:13:00
15916.0,13,3427.17,1703,2009-12-10 16:21:00,2011-11-23 13:46:00
15917.0,5,560.63,263,2009-12-02 14:55:00,2011-04-06 10:40:00
15918.0,3,582.88,240,2010-03-18 11:40:00,2011-06-02 11:42:00
15919.0,2,910.61,787,2010-12-06 11:26:00,2011-11-20 11:28:00
15920.0,9,571.64,240,2009-12-14 13:09:00,2011-07-08 15:31:00
15921.0,4,802.11,342,2010-03-09 11:03:00,2011-06-20 11:03:00
15922.0,1,739.0,276,2010-12-01 13:51:00,2010-12-01 13:51:00
15923.0,1,254.16,244,2010-12-02 12:16:00,2010-12-02 12:16:00
15924.0,1,102.82,103,2009-12-08 15:00:00,2009-12-08 15:00:00
15925.0,1,207.15,93,2011-05-29 15:35:00,2011-05-29 15:35:00
15926.0,1,134.44,155,2010-06-15 15:23:00,2010-06-15 15:23:00
15927.0,1,123.39,69,2010-03-02 13:25:00,2010-03-02 13:25:00
15928.0,1,293.53,164,2010-02-21 15:16:00,2010-02-21 15:16:00
15929.0,1,594.0,120,2010-03-05 14:56:00,2010-03-05 14:56:00
15930.0,1,426.63,139,2011-10-03 14:52:00,2011-10-03 14:52:00
15931.0,1,239.9,118,2010-10-07 16:46:00,2010-10-07 16:46:00
15932.0,8,2495.87,2325,2011-02-23 14:50:00,2011-12-05 17:13:00
15933.0,3,1107.46,885,2011-09-14 12:05:00,2011-11-18 13:14:00
15934.0,2,2190.66,2166,2010-10-06 12:08:00,2010-10-18 10:13:00
15935.0,2,416.86,115,2011-04-12 09:35:00,2011-04-14 13:27:00
15936.0,2,282.79,211,2010-08-29 11:42:00,2010-11-25 16:39:00
15937.0,1,145.35,73,2011-10-06 15:48:00,2011-10-06 15:48:00
15938.0,9,734.81,449,2010-06-01 09:42:00,2011-08-19 12:56:00
15939.0,16,9060.39,6260,2010-11-30 12:07:00,2011-09-11 11:30:00
15940.0,1,35.8,4,2011-02-01 16:18:00,2011-02-01 16:18:00
15941.0,1,405.0,60,2010-03-12 14:45:00,2010-03-12 14:45:00
15942.0,1,337.44,232,2011-07-29 09:01:00,2011-07-29 09:01:00
15943.0,2,271.28999999999996,183,2010-01-31 11:04:00,2010-02-28 12:49:00
15944.0,4,2164.24,859,2009-12-13 12:57:00,2011-03-08 10:33:00
15945.0,4,827.27,397,2009-12-01 13:47:00,2010-12-09 13:14:00
15946.0,3,2304.18,1614,2010-03-16 10:49:00,2010-07-25 12:18:00
15947.0,1,1708.24,898,2011-09-18 10:46:00,2011-09-18 10:46:00
15948.0,3,1509.0900000000001,852,2010-10-11 12:16:00,2011-12-01 15:32:00
15949.0,2,364.72,284,2011-09-29 17:34:00,2011-11-23 09:09:00
15950.0,10,7180.71,3384,2010-01-26 11:39:00,2011-11-08 11:09:00
15951.0,3,1013.17,420,2010-11-23 18:20:00,2011-12-01 08:34:00
15952.0,4,806.57,399,2011-04-28 12:55:00,2011-11-06 11:18:00
15953.0,18,3669.5499999999997,1852,2009-12-03 14:00:00,2011-11-24 15:32:00
15954.0,1,190.75,119,2010-04-29 13:35:00,2010-04-29 13:35:00
15955.0,22,8658.36,4213,2010-02-23 16:36:00,2011-11-15 14:15:00
15956.0,2,617.6,278,2009-12-13 11:16:00,2010-06-06 13:06:00
15957.0,3,930.1,458,2010-10-15 12:11:00,2011-11-08 12:14:00
15958.0,4,492.99,164,2010-06-07 10:59:00,2011-09-26 13:41:00
15959.0,3,579.49,282,2010-01-26 16:19:00,2010-01-26 16:38:00
15960.0,4,410.95,258,2010-09-30 15:50:00,2010-11-30 15:57:00
15961.0,1,451.28999999999996,154,2010-11-25 15:59:00,2010-11-25 15:59:00
15962.0,1,295.83,235,2010-09-16 13:48:00,2010-09-16 13:48:00
15963.0,2,470.76,298,2011-10-25 13:05:00,2011-11-20 11:33:00
15964.0,1,272.96000000000004,94,2010-02-14 15:30:00,2010-02-14 15:30:00
15965.0,13,3013.09,1433,2009-12-03 11:45:00,2011-11-22 16:44:00
15966.0,1,426.53000000000003,275,2010-09-15 10:44:00,2010-09-15 10:44:00
15967.0,12,3041.6,1204,2009-12-01 13:29:00,2011-11-16 15:41:00
15968.0,1,418.05,253,2010-11-16 13:04:00,2010-11-16 13:04:00
15969.0,5,1127.05,223,2010-07-05 13:10:00,2011-12-07 11:06:00
15970.0,2,1017.32,498,2010-04-20 11:30:00,2011-02-09 12:08:00
15971.0,18,5902.83,2251,2009-12-08 09:46:00,2011-11-22 12:50:00
15972.0,5,1810.27,480,2010-04-18 14:06:00,2010-09-09 13:20:00
15973.0,3,988.44,301,2010-10-06 15:00:00,2010-12-08 11:42:00
15974.0,7,3442.15,2262,2011-02-24 10:10:00,2011-10-31 13:13:00
15975.0,1,371.01,243,2011-09-16 13:33:00,2011-09-16 13:33:00
15976.0,6,1746.6399999999999,1078,2010-06-06 14:01:00,2011-06-27 13:00:00
15977.0,2,1054.73,1016,2011-10-31 16:24:00,2011-11-22 13:29:00
15978.0,3,3279.42,2444,2010-03-05 14:39:00,2011-09-23 15:21:00
15979.0,1,329.22,450,2010-04-16 11:35:00,2010-04-16 11:35:00
15980.0,7,6593.68,4862,2010-06-01 14:40:00,2011-09-12 09:41:00
15981.0,21,9362.77,4827,2010-03-29 10:07:00,2011-11-15 08:00:00
15982.0,1,324.51,131,2010-04-13 15:47:00,2010-04-13 15:47:00
15983.0,8,3958.8199999999997,2450,2009-12-06 12:52:00,2011-11-17 17:34:00
15984.0,30,8759.32,6084,2009-12-01 13:38:00,2011-12-07 12:16:00
15985.0,7,2715.28,2750,2010-05-27 15:51:00,2011-08-08 16:31:00
15986.0,2,354.42,368,2010-11-23 10:02:00,2011-11-09 15:17:00
15987.0,8,1682.13,1715,2010-11-25 12:56:00,2011-11-27 15:38:00
15988.0,3,770.09,486,2010-02-21 11:36:00,2011-11-20 13:23:00
15989.0,2,372.51,171,2009-12-02 15:51:00,2010-11-29 12:03:00
15990.0,7,2010.05,1090,2010-02-28 12:30:00,2011-10-26 15:58:00
15991.0,1,150.55,41,2010-06-23 15:50:00,2010-06-23 15:50:00
15992.0,3,896.6,514,2010-09-12 11:52:00,2011-12-06 11:00:00
15993.0,7,2797.57,2051,2011-10-26 16:21:00,2011-12-01 10:45:00
15994.0,3,1202.18,469,2010-03-14 11:55:00,2011-10-16 12:28:00
15995.0,1,696.19,353,2010-10-21 13:57:00,2010-10-21 13:57:00
15996.0,7,1686.9,747,2010-11-07 15:49:00,2011-09-12 15:14:00
15998.0,16,8308.34,5372,2009-12-01 11:45:00,2011-11-03 12:45:00
15999.0,1,20.4,24,2009-12-04 12:31:00,2009-12-04 12:31:00
16000.0,3,12393.7,5110,2011-12-07 12:14:00,2011-12-07 12:17:00
16001.0,1,583.39,337,2010-11-23 17:10:00,2010-11-23 17:10:00
16002.0,1,169.21,70,2010-03-24 13:08:00,2010-03-24 13:08:00
16003.0,10,5613.83,2210,2009-12-03 18:51:00,2011-11-10 09:57:00
16004.0,5,2146.39,1076,2010-01-25 13:56:00,2010-08-22 11:48:00
16005.0,10,2436.22,1310,2010-09-15 13:21:00,2011-11-27 13:47:00
16006.0,2,347.17,211,2010-11-17 12:03:00,2011-05-12 13:12:00
16007.0,7,3075.14,2643,2010-06-14 13:18:00,2011-10-23 11:05:00
16008.0,15,5384.13,3273,2010-03-19 11:07:00,2011-11-16 10:32:00
16009.0,4,992.71,378,2011-07-03 11:26:00,2011-11-17 16:51:00
16010.0,11,1724.06,931,2010-10-24 10:54:00,2011-04-08 10:14:00
16011.0,29,5880.46,3471,2009-12-01 12:02:00,2011-12-01 16:31:00
16012.0,5,2989.79,1766,2010-06-28 11:39:00,2011-11-04 13:25:00
16013.0,84,57446.44,25952,2009-12-08 10:24:00,2011-12-06 10:36:00
16014.0,5,1130.27,478,2010-01-31 12:43:00,2011-11-02 12:04:00
16015.0,3,705.39,909,2011-10-21 12:56:00,2011-12-06 10:58:00
16016.0,11,2533.94,1059,2010-11-02 13:27:00,2011-12-06 14:35:00
16017.0,5,1553.83,640,2010-01-05 12:06:00,2011-10-23 12:56:00
16018.0,4,698.13,503,2009-12-07 13:57:00,2011-10-31 14:13:00
16019.0,27,17465.85,6976,2009-12-14 14:12:00,2011-10-24 11:51:00
16020.0,3,851.01,487,2011-10-05 13:54:00,2011-11-23 11:18:00
16021.0,2,532.25,297,2010-06-13 11:05:00,2010-11-09 14:48:00
16022.0,1,628.28,261,2011-03-24 13:16:00,2011-03-24 13:16:00
16023.0,3,719.81,358,2011-03-18 13:32:00,2011-10-24 16:34:00
16024.0,3,484.2,505,2010-10-24 11:40:00,2011-11-27 13:26:00
16025.0,1,439.65999999999997,338,2011-11-10 11:45:00,2011-11-10 11:45:00
16026.0,1,236.09,243,2011-10-27 13:53:00,2011-10-27 13:53:00
16027.0,15,2048.36,2099,2010-01-08 13:21:00,2011-09-09 10:47:00
16028.0,1,82.2,18,2010-04-23 11:45:00,2010-04-23 11:45:00
16029.0,107,122209.14,56486,2009-12-08 11:23:00,2011-11-01 10:27:00
16030.0,1,331.24,283,2011-02-03 11:28:00,2011-02-03 11:28:00
16031.0,2,548.94,423,2011-04-06 14:23:00,2011-09-08 13:07:00
16032.0,6,1970.45,1480,2010-07-04 13:31:00,2010-09-09 18:00:00
16033.0,27,10836.13,4288,2010-08-11 16:44:00,2011-12-04 12:44:00
16034.0,6,928.72,597,2010-10-26 13:00:00,2011-05-27 16:17:00
16035.0,1,217.73,33,2010-05-28 15:09:00,2010-05-28 15:09:00
16036.0,4,2556.84,1369,2010-03-29 14:47:00,2011-09-13 14:53:00
16037.0,5,1509.34,766,2010-03-01 12:31:00,2011-03-15 09:13:00
16038.0,3,471.78000000000003,244,2011-05-22 11:29:00,2011-12-02 12:40:00
16039.0,2,456.4,409,2010-03-21 15:17:00,2010-10-12 10:44:00
16040.0,7,2416.9,1185,2010-04-09 10:12:00,2011-10-05 13:47:00
16041.0,3,3166.4,1584,2011-07-21 16:27:00,2011-11-09 12:25:00
16042.0,8,2265.12,1442,2010-09-12 12:00:00,2011-11-17 17:50:00
16043.0,8,1856.5900000000001,1011,2010-08-15 11:26:00,2011-11-02 12:50:00
16044.0,1,340.84000000000003,170,2010-09-30 18:12:00,2010-09-30 18:12:00
16045.0,8,3434.9300000000003,2108,2010-07-29 12:50:00,2011-08-12 12:41:00
16046.0,1,235.78,248,2010-05-26 13:18:00,2010-05-26 13:18:00
16047.0,1,107.14,1,2010-01-26 16:34:00,2010-01-26 16:34:00
16048.0,4,1075.23,569,2010-06-08 12:36:00,2010-12-01 15:28:00
16049.0,6,1899.68,1165,2010-07-11 13:53:00,2011-10-30 13:19:00
16050.0,3,300.7,388,2010-11-03 15:55:00,2011-06-19 11:44:00
16051.0,1,188.44,80,2010-01-27 09:38:00,2010-01-27 09:38:00
16052.0,1,362.06,282,2011-10-16 15:13:00,2011-10-16 15:13:00
16053.0,6,3634.84,3067,2010-04-08 11:11:00,2011-11-07 11:21:00
16054.0,4,2111.88,791,2010-04-01 18:37:00,2011-07-17 13:08:00
16055.0,1,134.8,22,2011-05-03 09:26:00,2011-05-03 09:26:00
16056.0,1,664.85,347,2011-10-25 15:19:00,2011-10-25 15:19:00
16057.0,10,3854.85,1691,2010-01-07 17:11:00,2011-11-23 15:23:00
16058.0,1,62.7,18,2010-10-29 16:48:00,2010-10-29 16:48:00
16059.0,12,3217.77,1509,2010-05-19 13:04:00,2011-10-05 09:56:00
16060.0,3,541.95,243,2010-08-02 15:26:00,2010-11-04 12:10:00
16061.0,1,89.65,19,2010-10-04 15:29:00,2010-10-04 15:29:00
16062.0,8,2863.45,2035,2010-06-21 13:32:00,2011-11-30 12:15:00
16063.0,1,335.32,262,2011-03-24 14:55:00,2011-03-24 14:56:00
16064.0,1,111.0,56,2009-12-14 16:11:00,2009-12-14 16:11:00
16065.0,8,2382.62,1447,2010-09-02 13:27:00,2010-12-09 13:03:00
16066.0,5,1521.87,936,2011-08-07 14:33:00,2011-11-23 11:54:00
16067.0,3,3395.29,1279,2010-02-02 18:01:00,2010-05-26 12:33:00
16068.0,1,122.93,52,2010-04-25 11:52:00,2010-04-25 11:52:00
16069.0,1,457.7,138,2010-10-18 10:32:00,2010-10-18 10:32:00
16070.0,2,852.15,457,2011-11-07 16:36:00,2011-11-17 15:50:00
16071.0,4,1076.8,697,2010-02-22 14:48:00,2011-10-26 11:14:00
16072.0,4,4328.89,1611,2010-06-08 16:47:00,2011-02-24 14:32:00
16073.0,1,122.39999999999999,48,2011-02-15 15:41:00,2011-02-15 15:41:00
16074.0,1,265.25,39,2010-11-14 13:19:00,2010-11-14 13:19:00
16075.0,2,736.9300000000001,271,2010-05-24 15:57:00,2010-07-25 11:31:00
16076.0,10,2234.73,1435,2011-05-15 12:31:00,2011-12-06 14:59:00
16077.0,1,2300.4,840,2010-03-24 10:42:00,2010-03-24 10:42:00
16078.0,2,362.99,200,2010-02-08 13:29:00,2011-03-01 09:47:00
16079.0,3,1352.0,864,2011-10-30 13:06:00,2011-11-23 12:48:00
16080.0,4,602.5600000000001,298,2010-09-15 14:19:00,2011-09-19 10:42:00
16081.0,8,4460.18,2244,2010-02-03 12:46:00,2011-10-14 13:06:00
16082.0,1,106.75,39,2010-02-07 15:16:00,2010-02-07 15:16:00
16083.0,4,2351.42,1514,2010-11-16 11:53:00,2011-08-31 10:47:00
16084.0,1,436.18,216,2011-02-13 16:05:00,2011-02-13 16:05:00
16085.0,12,2343.53,1384,2010-01-20 14:03:00,2011-11-16 13:24:00
16086.0,10,2864.9900000000002,1526,2009-12-02 13:20:00,2011-10-11 13:09:00
16087.0,5,1739.92,664,2010-01-19 12:30:00,2010-11-15 16:44:00
16088.0,2,1437.43,373,2010-04-27 10:56:00,2010-05-13 10:16:00
16089.0,2,271.44,122,2010-07-18 15:51:00,2010-11-18 13:51:00
16090.0,1,205.91,65,2010-03-25 13:05:00,2010-03-25 13:05:00
16091.0,2,315.06,154,2011-05-25 09:18:00,2011-07-08 08:45:00
16092.0,6,1587.94,1188,2010-05-09 16:10:00,2011-08-17 10:46:00
16093.0,1,17.0,20,2011-08-25 11:09:00,2011-08-25 11:09:00
16094.0,11,3695.56,2020,2010-04-16 14:00:00,2011-11-28 12:45:00
16095.0,1,447.05,265,2010-09-09 16:54:00,2010-09-09 16:54:00
16096.0,4,1584.97,700,2010-03-04 15:44:00,2011-03-20 13:38:00
16097.0,1,185.04999999999998,87,2011-04-13 13:47:00,2011-04-13 13:47:00
16098.0,14,4448.1,2150,2009-12-15 09:40:00,2011-09-13 09:59:00
16099.0,7,1573.2,960,2010-03-03 11:13:00,2011-10-20 13:13:00
16100.0,1,582.64,438,2010-09-03 11:39:00,2010-09-03 11:39:00
16101.0,4,3229.16,1844,2010-05-27 12:50:00,2011-09-30 10:18:00
16102.0,3,1842.14,942,2011-08-03 12:50:00,2011-10-28 13:19:00
16103.0,22,6191.71,2639,2010-01-08 12:08:00,2011-12-02 14:16:00
16104.0,9,2778.61,1048,2009-12-06 10:41:00,2011-10-09 10:23:00
16105.0,5,2386.19,2125,2010-04-14 13:27:00,2011-04-05 10:13:00
16106.0,1,108.38,74,2011-10-05 10:37:00,2011-10-05 10:37:00
16107.0,7,3204.1600000000003,1176,2011-06-09 18:42:00,2011-11-22 09:40:00
16108.0,4,2235.92,1473,2010-03-18 14:14:00,2011-09-16 11:48:00
16109.0,3,939.48,1092,2010-01-10 10:37:00,2011-05-05 09:17:00
16110.0,4,1819.27,902,2010-07-05 13:04:00,2011-10-25 14:35:00
16111.0,1,562.48,236,2010-10-07 19:51:00,2010-10-07 19:51:00
16112.0,4,195.73999999999998,574,2011-01-05 11:47:00,2011-07-19 14:28:00
16113.0,1,161.38,176,2011-06-09 16:16:00,2011-06-09 16:16:00
16114.0,1,135.75000000000003,43,2011-06-22 10:13:00,2011-06-22 10:13:00
16115.0,12,2575.14,1601,2010-05-14 11:59:00,2011-11-30 11:32:00
16116.0,1,612.78,248,2011-05-12 12:01:00,2011-05-12 12:01:00
16117.0,3,654.4,321,2010-04-27 11:50:00,2011-06-03 11:42:00
16118.0,1,4376.25,2851,2010-02-25 09:40:00,2010-02-25 09:40:00
16119.0,8,1720.81,811,2009-12-16 11:56:00,2011-12-01 15:11:00
16120.0,6,3056.91,2205,2010-10-13 15:07:00,2011-10-11 14:22:00
16121.0,5,1477.09,897,2010-05-23 10:52:00,2011-10-13 12:59:00
16122.0,6,1001.34,1398,2010-10-10 15:26:00,2011-09-27 15:34:00
16123.0,1,307.78,170,2011-10-19 09:18:00,2011-10-19 09:18:00
16124.0,4,1772.49,797,2009-12-07 10:33:00,2011-01-26 14:45:00
16125.0,14,4587.65,1944,2009-12-14 15:38:00,2010-12-07 15:48:00
16126.0,15,14646.800000000001,6142,2009-12-02 13:34:00,2011-11-10 16:03:00
16127.0,2,801.31,391,2009-12-13 12:19:00,2011-10-31 13:58:00
16128.0,11,3801.05,2445,2010-07-16 16:30:00,2011-11-22 11:14:00
16129.0,3,1396.05,1261,2010-07-20 12:32:00,2010-10-28 14:29:00
16130.0,4,987.48,296,2010-04-01 13:58:00,2010-10-13 15:14:00
16131.0,12,9957.42,4768,2009-12-02 10:09:00,2011-10-19 11:53:00
16132.0,2,664.1999999999999,280,2010-03-22 10:25:00,2010-06-13 13:49:00
16133.0,56,22992.260000000002,13653,2010-03-31 12:21:00,2011-12-06 11:24:00
16134.0,5,2145.34,1637,2010-06-17 09:48:00,2011-11-18 10:05:00
16135.0,2,819.45,395,2010-05-05 09:35:00,2011-03-22 12:30:00
16136.0,4,946.8,674,2010-02-14 12:49:00,2011-10-11 09:10:00
16137.0,1,422.7,210,2010-01-28 15:04:00,2010-01-28 15:04:00
16138.0,3,910.35,774,2010-04-28 09:51:00,2010-11-26 12:13:00
16139.0,5,1111.15,602,2009-12-03 13:51:00,2011-11-21 08:37:00
16140.0,3,1557.6000000000001,1376,2010-09-24 12:03:00,2011-10-05 12:15:00
16141.0,2,955.94,410,2010-10-18 14:12:00,2011-09-12 13:11:00
16142.0,1,535.34,422,2011-04-04 10:16:00,2011-04-04 10:16:00
16143.0,12,4910.83,2011,2009-12-10 09:44:00,2011-12-06 14:13:00
16144.0,1,175.2,16,2011-04-07 10:09:00,2011-04-07 10:09:00
16145.0,19,6805.4400000000005,5270,2010-05-04 13:31:00,2011-12-01 10:33:00
16146.0,4,946.38,544,2010-09-17 10:46:00,2011-07-05 14:20:00
16147.0,5,2398.91,1395,2010-02-05 12:26:00,2011-07-29 09:57:00
16148.0,2,386.62,250,2010-09-29 10:12:00,2011-02-16 14:01:00
16149.0,3,422.22,598,2010-10-06 15:54:00,2011-12-05 11:29:00
16150.0,10,4395.59,2164,2009-12-17 15:33:00,2011-10-28 12:39:00
16152.0,1,1829.04,642,2011-03-16 09:47:00,2011-03-16 09:47:00
16153.0,11,5133.49,3693,2010-05-26 12:41:00,2011-10-21 10:50:00
16155.0,5,796.9,495,2010-06-18 11:23:00,2010-11-23 12:03:00
16156.0,20,6218.18,3240,2009-12-02 17:06:00,2011-12-01 12:42:00
16157.0,3,656.69,347,2011-09-28 11:48:00,2011-11-24 11:41:00
16158.0,9,628.32,182,2009-12-05 15:00:00,2010-07-05 13:55:00
16159.0,4,1232.79,635,2009-12-03 11:51:00,2011-03-03 12:27:00
16160.0,2,1025.44,1162,2011-09-15 10:53:00,2011-10-05 14:19:00
16161.0,43,12831.8,6380,2010-02-08 11:06:00,2011-12-08 12:10:00
16162.0,1,37.4,4,2011-04-01 15:03:00,2011-04-01 15:03:00
16163.0,6,2849.58,768,2009-12-02 10:00:00,2011-04-21 15:15:00
16164.0,3,822.48,433,2011-10-28 09:12:00,2011-11-22 15:04:00
16165.0,1,79.9,2,2010-07-22 14:17:00,2010-07-22 14:17:00
16166.0,2,435.83,173,2010-01-17 14:16:00,2010-10-07 15:44:00
16167.0,5,1386.1200000000001,1494,2009-12-01 10:46:00,2010-10-21 15:33:00
16168.0,66,10636.47,5099,2009-12-03 12:38:00,2011-11-29 12:45:00
16169.0,4,1822.97,1325,2011-09-25 11:33:00,2011-12-01 15:28:00
16170.0,20,6869.0,6056,2010-02-18 13:50:00,2011-10-20 08:21:00
16171.0,1,73.2,24,2011-10-11 14:51:00,2011-10-11 14:51:00
16172.0,8,1884.55,1419,2010-07-14 15:34:00,2011-09-05 13:22:00
16173.0,6,1418.32,575,2011-09-02 15:23:00,2011-11-24 10:53:00
16174.0,7,2246.75,1431,2010-04-15 15:12:00,2011-08-05 13:26:00
16175.0,7,1836.44,932,2010-05-25 12:01:00,2011-09-06 14:32:00
16176.0,4,2052.69,952,2010-03-29 14:52:00,2010-10-14 13:54:00
16177.0,8,2247.31,1021,2010-03-02 14:03:00,2011-10-20 12:57:00
16178.0,2,612.6,304,2010-11-03 14:46:00,2011-07-24 16:05:00
16179.0,1,215.83,99,2011-10-10 09:41:00,2011-10-10 09:41:00
16180.0,13,16249.87,9813,2010-06-23 13:19:00,2011-08-31 16:28:00
16181.0,1,305.54,152,2011-09-27 13:38:00,2011-09-27 13:38:00
16182.0,9,9971.65,5887,2010-03-09 09:34:00,2011-09-28 13:23:00
16183.0,4,1077.81,351,2010-10-28 14:43:00,2011-10-03 14:59:00
16184.0,6,1158.79,561,2011-05-12 13:33:00,2011-10-06 17:43:00
16185.0,3,644.72,321,2010-05-24 11:04:00,2011-11-23 09:41:00
16186.0,26,9026.11,6825,2009-12-09 15:36:00,2011-11-17 12:43:00
16187.0,15,6911.4400000000005,5048,2011-02-28 13:34:00,2011-11-08 09:50:00
16188.0,5,1087.66,838,2010-10-27 11:50:00,2011-10-26 12:19:00
16189.0,2,215.48,134,2011-09-15 15:21:00,2011-11-24 11:47:00
16190.0,8,2723.55,1231,2009-12-14 11:59:00,2011-10-30 15:59:00
16191.0,24,15688.02,9360,2009-12-11 12:24:00,2011-12-07 11:26:00
16192.0,1,351.3,208,2009-12-04 12:28:00,2009-12-04 12:28:00
16193.0,2,630.43,379,2010-10-25 10:25:00,2011-04-17 11:45:00
16194.0,1,308.59999999999997,140,2010-11-29 13:28:00,2010-11-29 13:28:00
16195.0,1,323.25,123,2009-12-16 14:09:00,2009-12-16 14:09:00
16196.0,1,93.3,26,2010-08-08 11:40:00,2010-08-08 11:40:00
16197.0,9,2016.71,1420,2009-12-16 11:44:00,2010-08-27 12:56:00
16198.0,2,1030.0410000000002,384,2010-09-28 13:59:00,2011-09-25 14:58:00
16199.0,7,942.75,321,2010-03-18 18:47:00,2010-11-12 12:55:00
16200.0,12,5643.45,3089,2009-12-02 15:04:00,2011-12-05 14:40:00
16201.0,5,2112.12,1421,2010-10-20 12:00:00,2011-12-06 16:02:00
16202.0,9,2501.9900000000002,1307,2009-12-02 10:48:00,2010-12-14 10:43:00
16203.0,6,1114.54,607,2010-07-23 13:09:00,2011-10-12 12:31:00
16204.0,3,944.24,686,2009-12-08 17:44:00,2011-11-16 13:40:00
16205.0,7,1830.61,1455,2010-06-15 11:58:00,2011-11-09 09:32:00
16206.0,13,2602.32,1384,2010-01-24 15:25:00,2011-10-16 10:41:00
16207.0,1,394.38,140,2011-11-14 13:51:00,2011-11-14 13:51:00
16208.0,10,3440.45,1541,2010-02-24 14:24:00,2011-10-26 11:36:00
16209.0,9,4146.78,1895,2010-06-11 11:58:00,2011-09-12 11:58:00
16210.0,35,38489.51,14263,2009-12-02 12:54:00,2011-12-08 12:36:00
16211.0,3,1090.59,519,2010-09-27 15:24:00,2011-09-12 12:11:00
16212.0,4,1293.71,571,2010-02-07 15:26:00,2011-11-20 13:00:00
16213.0,1,159.0,48,2011-09-22 10:03:00,2011-09-22 10:03:00
16214.0,4,2038.25,1308,2010-09-30 13:57:00,2011-06-22 11:30:00
16215.0,1,242.35,104,2011-09-20 10:18:00,2011-09-20 10:18:00
16216.0,1,914.9300000000001,254,2011-03-17 15:34:00,2011-03-17 15:34:00
16217.0,2,304.25,91,2011-03-02 15:28:00,2011-04-18 13:31:00
16218.0,13,4439.97,3237,2010-05-27 16:09:00,2011-11-10 09:59:00
16219.0,1,40.8,48,2010-07-27 11:44:00,2010-07-27 11:44:00
16221.0,9,2235.5099999999998,1515,2010-08-10 13:32:00,2011-11-03 11:43:00
16222.0,2,1345.22,503,2009-12-18 14:31:00,2011-01-25 13:38:00
16223.0,2,1102.3500000000001,651,2010-11-09 12:07:00,2010-11-30 11:50:00
16224.0,5,1616.54,1555,2010-11-17 13:14:00,2011-10-13 17:51:00
16225.0,15,2867.4100000000003,1285,2010-02-07 12:41:00,2011-10-26 08:30:00
16226.0,5,672.1700000000001,521,2010-10-22 11:19:00,2011-05-20 14:41:00
16227.0,3,1027.22,436,2010-06-22 13:28:00,2011-04-28 13:33:00
16228.0,3,890.8100000000001,561,2010-11-04 18:54:00,2010-11-19 14:20:00
16229.0,6,2867.86,1292,2010-05-24 12:59:00,2011-09-13 17:16:00
16230.0,2,542.03,365,2011-05-03 15:12:00,2011-06-03 10:06:00
16231.0,4,1078.22,564,2010-04-21 12:06:00,2010-11-25 15:00:00
16232.0,7,2712.97,1849,2010-06-07 14:04:00,2011-10-27 12:16:00
16233.0,9,1965.71,689,2009-12-02 13:23:00,2011-09-29 17:27:00
16234.0,3,333.18,170,2010-05-27 10:39:00,2010-08-20 14:33:00
16235.0,9,2053.71,788,2010-08-26 12:10:00,2011-10-30 10:56:00
16236.0,1,432.2,184,2011-09-22 14:10:00,2011-09-22 14:10:00
16237.0,1,136.65,57,2010-09-28 17:02:00,2010-09-28 17:02:00
16238.0,1,63.66,85,2010-10-13 12:36:00,2010-10-13 12:36:00
16239.0,6,1492.2,692,2010-09-02 19:17:00,2011-10-14 08:29:00
16240.0,2,3718.8,1641,2011-09-23 13:44:00,2011-11-15 14:30:00
16241.0,16,4329.31,2377,2010-10-25 13:40:00,2011-11-30 11:08:00
16242.0,14,7474.4,3955,2010-03-15 16:02:00,2011-12-01 15:12:00
16243.0,2,409.1,110,2011-10-16 12:09:00,2011-11-06 12:32:00
16244.0,2,2579.38,1474,2010-12-02 11:41:00,2011-05-12 10:18:00
16245.0,3,1413.66,1014,2011-03-28 09:30:00,2011-11-16 10:14:00
16246.0,2,827.25,338,2010-02-08 12:32:00,2010-09-06 12:04:00
16247.0,1,114.56,182,2011-06-22 14:23:00,2011-06-22 14:23:00
16248.0,1,152.94,78,2011-10-09 11:32:00,2011-10-09 11:32:00
16249.0,5,1800.07,950,2011-04-14 13:50:00,2011-10-18 10:07:00
16250.0,3,791.38,376,2010-11-18 10:43:00,2011-03-23 15:07:00
16251.0,1,128.31,44,2010-07-15 14:55:00,2010-07-15 14:55:00
16252.0,1,295.09000000000003,158,2010-11-22 11:57:00,2010-11-22 11:57:00
16253.0,7,7310.15,6061,2009-12-08 17:24:00,2011-10-04 09:09:00
16254.0,3,985.14,549,2010-03-17 15:43:00,2010-11-26 13:22:00
16255.0,15,4906.8,3050,2010-01-24 12:21:00,2011-11-23 12:40:00
16256.0,3,1629.37,1590,2010-04-21 10:34:00,2011-03-18 12:18:00
16257.0,1,46.95,2,2011-06-16 10:11:00,2011-06-16 10:11:00
16258.0,15,11942.52,7200,2010-03-10 14:19:00,2011-10-25 13:30:00
16259.0,3,361.94,162,2010-04-13 16:57:00,2010-10-25 14:27:00
16260.0,1,1035.45,311,2011-10-20 09:40:00,2011-10-20 09:40:00
16261.0,6,1059.45,459,2010-09-23 16:40:00,2011-11-22 17:23:00
16262.0,1,755.15,446,2010-11-26 13:22:00,2010-11-26 13:22:00
16263.0,1,351.01,200,2010-10-12 14:52:00,2010-10-12 14:52:00
16264.0,2,837.53,632,2010-09-19 16:14:00,2010-09-27 15:00:00
16265.0,12,6935.17,3214,2010-10-28 15:18:00,2011-11-30 16:41:00
16266.0,14,1757.95,791,2010-02-04 16:21:00,2011-09-27 12:08:00
16267.0,1,186.66,198,2010-04-27 14:10:00,2010-04-27 14:10:00
16268.0,2,667.65,533,2011-09-29 18:30:00,2011-09-29 18:30:00
16269.0,1,717.57,579,2010-09-28 11:50:00,2010-09-28 11:50:00
16270.0,1,1141.24,688,2010-12-21 14:26:00,2010-12-21 14:26:00
16271.0,10,3463.02,2399,2010-03-07 12:03:00,2011-12-07 12:45:00
16272.0,1,411.7,224,2011-08-15 10:53:00,2011-08-15 10:54:00
16273.0,2,336.03999999999996,46,2010-02-21 16:02:00,2010-03-01 13:24:00
16274.0,1,715.9,310,2010-12-01 15:35:00,2010-12-01 15:35:00
16275.0,3,2151.11,1268,2010-03-08 14:41:00,2011-05-27 12:41:00
16276.0,3,2629.3900000000003,1467,2010-04-11 12:02:00,2011-06-16 09:34:00
16277.0,1,188.69,33,2009-12-06 11:27:00,2009-12-06 11:27:00
16278.0,3,1117.84,342,2010-07-28 15:40:00,2011-08-31 17:12:00
16279.0,9,5705.08,3691,2010-04-22 14:09:00,2011-11-18 15:00:00
16280.0,1,238.05,101,2009-12-14 15:49:00,2009-12-14 15:49:00
16281.0,3,3424.02,1570,2010-01-26 13:41:00,2011-09-28 14:57:00
16282.0,3,1307.58,790,2009-12-21 11:52:00,2011-01-04 11:42:00
16283.0,8,4403.82,2889,2010-02-28 14:12:00,2011-12-04 12:08:00
16284.0,3,1029.77,683,2010-11-11 13:27:00,2011-11-08 16:12:00
16285.0,1,176.9,60,2010-03-03 16:03:00,2010-03-03 16:03:00
16286.0,2,328.95,101,2010-03-26 09:58:00,2010-08-19 14:48:00
16287.0,5,1006.98,1426,2010-01-19 09:46:00,2011-06-23 09:08:00
16288.0,1,129.85,19,2010-08-26 14:45:00,2010-08-26 14:45:00
16289.0,1,136.31,97,2010-09-03 14:02:00,2010-09-03 14:02:00
16290.0,4,2069.3,1001,2010-05-23 11:46:00,2010-09-01 11:52:00
16291.0,1,117.72,1,2010-01-26 16:26:00,2010-01-26 16:26:00
16292.0,5,1253.76,688,2010-04-14 13:29:00,2011-08-10 12:24:00
16293.0,15,4657.95,2022,2009-12-11 09:58:00,2011-11-18 09:58:00
16294.0,1,126.05000000000001,54,2010-08-20 12:01:00,2010-08-20 12:01:00
16295.0,4,1328.55,841,2011-10-06 10:45:00,2011-11-30 08:17:00
16296.0,4,1313.67,645,2009-12-18 12:03:00,2010-03-23 13:11:00
16297.0,1,301.9,206,2011-03-16 08:29:00,2011-03-16 08:29:00
16298.0,7,1085.7,308,2010-09-23 15:23:00,2011-11-17 11:59:00
16299.0,1,193.65,107,2010-08-19 17:46:00,2010-08-19 17:46:00
16300.0,3,1392.43,658,2010-02-02 11:40:00,2010-10-05 13:14:00
16301.0,1,107.33,41,2009-12-03 10:20:00,2009-12-03 10:20:00
16302.0,1,233.22,158,2011-08-05 09:44:00,2011-08-05 09:44:00
16303.0,7,7928.27,3859,2010-03-18 14:12:00,2011-11-14 10:49:00
16304.0,1,381.66,228,2010-01-14 08:30:00,2010-01-14 08:30:00
16305.0,1,361.21999999999997,256,2011-07-24 12:18:00,2011-07-24 12:18:00
16306.0,7,1192.82,742,2010-10-01 09:36:00,2011-05-10 12:12:00
16307.0,3,1194.92,1123,2010-05-11 14:40:00,2010-10-06 14:31:00
16308.0,7,5120.0,16000,2009-12-15 15:48:00,2011-11-02 11:24:00
16309.0,2,706.57,467,2011-04-13 11:46:00,2011-08-25 15:35:00
16310.0,2,460.08,270,2010-03-07 15:41:00,2010-10-21 14:47:00
16311.0,2,616.26,394,2011-10-21 13:13:00,2011-11-22 08:54:00
16312.0,1,171.15,53,2010-10-03 14:15:00,2010-10-03 14:15:00
16313.0,2,274.15000000000003,165,2011-10-21 09:04:00,2011-12-06 13:02:00
16314.0,3,1491.4,636,2010-08-24 11:52:00,2010-11-15 12:06:00
16315.0,2,402.71,143,2010-06-21 13:53:00,2011-01-13 11:57:00
16316.0,13,5744.91,3057,2010-08-03 14:38:00,2011-10-06 13:48:00
16317.0,5,2192.51,1236,2010-05-04 10:17:00,2011-08-12 12:46:00
16318.0,1,328.15,199,2011-11-04 13:05:00,2011-11-04 13:05:00
16319.0,1,404.40000000000003,72,2011-05-06 11:27:00,2011-05-06 11:27:00
16320.0,6,5628.99,3319,2010-01-27 13:29:00,2011-06-20 15:25:00
16321.0,7,604.5500000000001,259,2009-12-01 10:36:00,2011-09-28 14:55:00
16322.0,2,326.75,231,2011-11-03 14:33:00,2011-12-08 15:41:00
16323.0,2,353.66,146,2010-05-11 09:48:00,2011-05-27 14:48:00
16324.0,3,428.68,282,2011-06-15 14:26:00,2011-08-03 12:58:00
16325.0,12,3597.5,2464,2009-12-04 13:21:00,2011-10-24 08:48:00
16326.0,24,4826.99,1120,2010-01-28 13:23:00,2011-12-04 10:11:00
16327.0,16,10731.34,8540,2009-12-14 13:06:00,2011-11-25 13:23:00
16328.0,1,310.83,141,2010-05-25 14:02:00,2010-05-25 14:02:00
16329.0,4,1703.07,826,2009-12-01 11:34:00,2010-10-08 12:44:00
16330.0,7,634.33,327,2010-02-15 12:36:00,2011-11-22 12:24:00
16331.0,6,2037.7,756,2010-03-07 10:55:00,2010-10-03 13:47:00
16332.0,11,2010.41,1132,2010-04-29 13:41:00,2011-11-11 14:22:00
16333.0,22,26626.8,32184,2011-02-03 10:50:00,2011-12-02 12:19:00
16334.0,1,277.48,211,2010-08-04 16:38:00,2010-08-04 16:38:00
16335.0,7,2774.0,1016,2009-12-04 10:18:00,2010-06-06 11:35:00
16336.0,4,3517.69,1473,2010-03-18 08:05:00,2010-10-15 12:32:00
16337.0,1,151.05,87,2011-11-03 10:03:00,2011-11-03 10:03:00
16338.0,1,214.79999999999998,94,2011-07-05 13:56:00,2011-07-05 13:56:00
16339.0,1,109.95,23,2011-02-28 13:41:00,2011-02-28 13:41:00
16340.0,3,1526.06,1345,2010-06-06 13:26:00,2011-08-24 14:53:00
16341.0,7,3850.79,3022,2010-04-09 10:30:00,2011-11-15 09:12:00
16342.0,4,322.41,157,2011-06-13 10:10:00,2011-09-25 14:36:00
16343.0,3,687.0699999999999,422,2010-10-28 14:15:00,2011-11-23 17:45:00
16344.0,4,842.42,706,2010-02-09 12:16:00,2011-07-04 15:50:00
16345.0,2,1198.74,620,2010-08-13 17:13:00,2011-10-26 16:03:00
16346.0,1,224.51,289,2010-11-19 15:55:00,2010-11-19 15:55:00
16347.0,11,3509.41,1750,2010-03-12 12:41:00,2011-11-28 13:14:00
16348.0,8,1798.22,1178,2010-10-05 13:57:00,2011-11-07 15:44:00
16349.0,1,53.5,9,2011-02-22 12:40:00,2011-02-22 12:40:00
16350.0,9,2253.89,1077,2010-10-07 16:33:00,2011-11-18 15:53:00
16351.0,13,3330.0299999999997,2165,2009-12-04 16:12:00,2011-01-11 10:26:00
16352.0,2,494.44,300,2011-11-02 08:44:00,2011-11-22 10:32:00
16353.0,38,9999.460000000001,3531,2009-12-07 13:55:00,2011-12-06 12:23:00
16354.0,5,1129.51,599,2010-04-27 13:33:00,2011-10-07 14:28:00
16355.0,1,416.35,179,2010-11-29 14:21:00,2010-11-29 14:21:00
16356.0,6,415.87,190,2010-06-06 11:26:00,2011-05-26 11:51:00
16357.0,4,868.37,389,2010-11-23 18:52:00,2011-11-06 16:04:00
16358.0,5,2919.65,2065,2010-11-10 11:36:00,2011-12-08 15:09:00
16359.0,16,2697.75,1764,2010-02-16 10:39:00,2011-12-02 17:04:00
16360.0,6,3512.53,2144,2011-09-12 13:50:00,2011-12-05 12:16:00
16361.0,4,896.66,421,2011-09-29 13:13:00,2011-11-30 12:32:00
16362.0,6,946.94,478,2010-09-28 09:24:00,2011-11-07 13:01:00
16363.0,1,109.36000000000001,52,2011-10-17 14:14:00,2011-10-17 14:14:00
16364.0,2,707.04,280,2011-07-25 14:35:00,2011-11-28 11:27:00
16365.0,15,3307.2,1135,2009-12-11 12:41:00,2011-11-22 11:24:00
16366.0,4,1548.1299999999999,882,2009-12-16 10:39:00,2011-11-21 08:19:00
16367.0,3,1362.4,1117,2010-11-21 13:23:00,2011-11-02 13:13:00
16368.0,3,640.21,317,2010-09-30 11:30:00,2011-12-07 13:12:00
16369.0,7,2664.81,1594,2010-04-07 16:52:00,2011-11-21 16:25:00
16370.0,4,1320.56,647,2011-04-28 16:40:00,2011-09-18 15:55:00
16371.0,1,157.2,108,2010-09-17 12:09:00,2010-09-17 12:09:00
16372.0,5,1328.61,748,2010-04-11 15:20:00,2011-11-06 13:08:00
16373.0,2,309.49,119,2010-10-24 13:10:00,2010-11-22 15:50:00
16374.0,5,1771.45,800,2010-04-30 13:10:00,2011-10-04 15:21:00
16375.0,2,104.0,74,2010-08-26 14:12:00,2010-08-26 14:25:00
16376.0,2,987.01,694,2011-11-22 16:47:00,2011-12-01 11:38:00
16377.0,2,1308.48,2928,2010-04-01 10:36:00,2011-03-17 15:41:00
16378.0,3,362.95,267,2011-02-02 12:42:00,2011-04-06 15:07:00
16379.0,4,2157.4,1410,2011-09-22 09:33:00,2011-12-05 15:38:00
16380.0,1,1780.59,1524,2011-10-09 15:40:00,2011-10-09 15:40:00
16381.0,2,258.7,112,2010-10-17 13:06:00,2010-11-09 09:56:00
16382.0,2,353.1,167,2010-06-07 12:42:00,2010-10-27 16:23:00
16383.0,7,2974.84,1620,2010-02-04 13:18:00,2011-09-26 12:45:00
16384.0,4,1358.95,861,2010-04-28 14:01:00,2011-09-11 11:19:00
16385.0,5,1030.61,549,2010-03-18 12:45:00,2011-10-10 13:12:00
16386.0,3,1102.59,723,2010-11-17 11:19:00,2011-11-11 12:28:00
16387.0,5,918.55,457,2010-03-11 12:22:00,2011-01-21 11:34:00
16388.0,1,186.05,83,2010-02-24 10:20:00,2010-02-24 10:20:00
16389.0,4,1382.07,1242,2011-03-01 15:47:00,2011-10-17 14:41:00
16390.0,3,467.5,122,2010-01-29 15:25:00,2010-06-21 10:11:00
16391.0,4,1103.61,748,2010-05-27 11:27:00,2010-11-04 12:27:00
16392.0,3,763.05,609,2010-05-27 11:17:00,2011-03-15 12:11:00
16393.0,23,5561.66,3132,2009-12-01 12:13:00,2011-12-07 12:51:00
16394.0,5,1555.34,2604,2011-02-23 10:58:00,2011-10-14 09:48:00
16395.0,14,3537.85,2919,2009-12-06 12:26:00,2011-10-10 12:50:00
16396.0,1,137.8,80,2010-08-20 14:17:00,2010-08-20 14:17:00
16397.0,1,127.88,50,2010-03-21 15:36:00,2010-03-21 15:36:00
16398.0,2,1705.8,758,2011-03-31 09:38:00,2011-07-08 15:16:00
16399.0,3,641.82,456,2010-11-15 15:03:00,2011-11-20 16:12:00
16400.0,9,3159.44,2159,2009-12-08 12:38:00,2011-09-06 12:27:00
16401.0,23,6849.15,6035,2010-06-02 13:13:00,2011-12-08 18:15:00
16402.0,2,511.4,254,2010-12-05 13:42:00,2011-03-20 12:25:00
16403.0,1,177.5,114,2011-01-31 13:39:00,2011-01-31 13:39:00
16404.0,1,443.05,157,2011-09-30 14:55:00,2011-09-30 14:55:00
16405.0,2,167.25,187,2011-02-02 17:08:00,2011-02-10 15:24:00
16406.0,3,552.68,271,2010-02-24 11:51:00,2011-11-21 11:57:00
16407.0,14,2821.65,1484,2010-10-03 13:56:00,2011-11-27 11:05:00
16408.0,1,231.93,227,2010-04-27 14:08:00,2010-04-27 14:08:00
16409.0,12,5709.04,3706,2009-12-13 15:38:00,2011-11-03 16:45:00
16410.0,1,130.32,348,2009-12-05 14:51:00,2009-12-05 14:51:00
16411.0,4,910.1899999999999,543,2010-10-07 15:09:00,2011-11-20 13:23:00
16412.0,5,647.23,311,2010-02-04 13:46:00,2011-10-17 12:35:00
16413.0,2,528.98,284,2010-11-29 12:49:00,2011-10-14 12:08:00
16414.0,5,559.71,202,2010-01-14 10:21:00,2011-11-18 09:42:00
16415.0,3,719.44,527,2010-02-01 12:30:00,2011-10-26 13:35:00
16416.0,9,2972.88,2210,2010-02-23 12:00:00,2011-11-13 12:50:00
16417.0,1,35.7,6,2010-08-04 09:08:00,2010-08-04 09:08:00
16418.0,5,1101.94,580,2010-10-13 12:31:00,2011-10-26 12:39:00
16419.0,8,1487.42,721,2010-02-09 13:26:00,2011-08-19 12:33:00
16420.0,1,75.0,120,2010-11-08 15:15:00,2010-11-08 15:15:00
16421.0,3,526.27,123,2010-08-27 12:02:00,2010-11-28 13:31:00
16422.0,109,63651.47,66369,2010-01-12 11:57:00,2011-11-22 14:00:00
16423.0,1,346.12,230,2011-11-15 09:21:00,2011-11-15 09:21:00
16424.0,2,443.06,212,2010-11-22 11:24:00,2011-06-01 13:40:00
16425.0,1,302.7,199,2011-02-10 14:30:00,2011-02-10 14:30:00
16426.0,10,1908.25,1243,2011-03-08 15:45:00,2011-12-07 14:01:00
16427.0,2,241.06,156,2011-02-28 15:18:00,2011-03-21 17:10:00
16428.0,3,660.28,595,2010-07-30 12:10:00,2010-10-22 12:22:00
16429.0,1,284.55,9,2011-08-25 13:54:00,2011-08-25 13:54:00
16430.0,7,1117.94,307,2010-01-27 12:45:00,2011-10-13 14:47:00
16431.0,3,642.81,453,2011-02-15 14:02:00,2011-05-10 14:09:00
16432.0,1,287.4,276,2011-10-06 13:59:00,2011-10-06 13:59:00
16433.0,2,384.52,214,2010-10-27 12:26:00,2011-11-11 14:09:00
16434.0,12,2741.74,1338,2010-01-17 14:51:00,2011-11-10 14:28:00
16435.0,3,1011.5699999999999,609,2010-07-13 13:29:00,2010-07-15 18:22:00
16436.0,3,329.34,239,2009-12-06 16:02:00,2010-02-09 13:19:00
16437.0,2,301.25,197,2010-10-06 12:34:00,2010-11-23 16:59:00
16438.0,5,798.35,463,2011-09-18 13:31:00,2011-12-04 10:51:00
16439.0,1,310.70000000000005,74,2009-12-17 14:22:00,2009-12-17 14:22:00
16440.0,6,3856.9700000000003,2108,2010-08-03 11:32:00,2011-12-02 12:02:00
16441.0,5,1034.43,484,2010-03-22 18:00:00,2011-10-03 17:48:00
16442.0,5,899.47,583,2009-12-13 11:05:00,2011-12-08 11:43:00
16443.0,1,162.24,96,2010-07-07 11:57:00,2010-07-07 11:57:00
16444.0,17,3656.58,1959,2010-03-24 14:06:00,2011-10-24 13:50:00
16445.0,4,602.73,299,2010-10-24 12:39:00,2011-11-06 12:32:00
16446.0,2,168472.5,80997,2011-05-18 09:52:00,2011-12-09 09:15:00
16447.0,3,775.14,323,2010-02-17 14:09:00,2011-07-27 12:45:00
16448.0,2,367.87,179,2010-08-25 16:58:00,2011-05-25 16:28:00
16449.0,2,707.69,367,2011-03-04 12:15:00,2011-05-26 10:25:00
16450.0,3,1505.73,681,2010-02-21 15:46:00,2011-07-13 11:47:00
16451.0,3,1013.15,524,2009-12-04 15:11:00,2011-09-13 09:17:00
16452.0,2,332.17,199,2010-01-15 12:22:00,2010-03-19 12:39:00
16453.0,2,251.71,139,2010-06-09 13:15:00,2010-06-27 12:46:00
16454.0,4,30.950000000000003,9,2010-04-07 15:54:00,2011-10-26 11:40:00
16455.0,11,4384.37,3103,2010-03-30 10:31:00,2011-10-07 12:17:00
16456.0,13,6862.91,3725,2010-03-29 11:16:00,2011-09-01 13:50:00
16457.0,1,208.36,140,2011-05-05 13:19:00,2011-05-05 13:19:00
16458.0,30,5715.34,3406,2010-05-26 14:38:00,2011-12-07 09:34:00
16459.0,1,71.78999999999999,59,2009-12-10 12:42:00,2009-12-10 12:42:00
16460.0,3,814.72,879,2011-09-19 10:15:00,2011-11-11 13:46:00
16461.0,3,1615.22,1039,2010-03-03 13:57:00,2011-06-15 12:07:00
16462.0,3,136.0,16,2011-03-01 08:58:00,2011-09-27 10:24:00
16463.0,4,1422.4,1163,2011-05-19 14:45:00,2011-11-18 14:01:00
16464.0,3,1314.68,963,2011-07-20 13:53:00,2011-11-20 12:11:00
16465.0,2,746.24,504,2010-09-21 10:46:00,2010-10-15 09:27:00
16466.0,15,3838.59,1806,2010-03-07 14:31:00,2011-11-06 11:35:00
16467.0,7,2869.16,7384,2009-12-02 11:59:00,2010-07-19 11:49:00
16468.0,3,787.52,371,2010-08-15 13:10:00,2011-09-26 14:13:00
16469.0,5,828.91,345,2010-07-13 13:17:00,2011-11-16 12:25:00
16470.0,11,2458.6,1357,2009-12-11 12:21:00,2011-10-19 12:11:00
16471.0,4,1189.98,670,2010-02-25 10:07:00,2011-03-10 09:41:00
16472.0,2,789.6,252,2010-04-21 11:48:00,2010-10-01 13:56:00
16473.0,4,470.83,296,2010-11-30 16:29:00,2011-06-28 09:10:00
16474.0,7,1871.5,943,2011-07-17 14:51:00,2011-12-02 13:02:00
16475.0,4,544.3,319,2011-03-11 09:39:00,2011-09-12 14:37:00
16476.0,1,350.35,187,2010-10-04 10:29:00,2010-10-04 10:29:00
16477.0,11,4320.02,2632,2010-08-12 09:43:00,2011-10-07 09:44:00
16478.0,3,331.0,224,2011-10-05 12:02:00,2011-11-14 15:51:00
16479.0,2,300.83,102,2011-11-29 13:04:00,2011-11-29 13:40:00
16480.0,1,769.29,455,2011-09-25 11:40:00,2011-09-25 11:40:00
16481.0,1,453.38,201,2010-01-26 13:09:00,2010-01-26 13:09:00
16482.0,1,220.62,346,2011-11-24 12:33:00,2011-11-24 12:33:00
16483.0,1,139.35,44,2011-05-31 13:08:00,2011-05-31 13:08:00
16484.0,2,404.3,200,2011-06-02 10:39:00,2011-06-19 12:06:00
16485.0,5,2294.68,1154,2009-12-06 12:28:00,2011-09-23 15:50:00
16486.0,1,134.36,24,2010-06-20 12:16:00,2010-06-20 12:16:00
16487.0,2,209.4,163,2010-02-18 17:36:00,2010-05-11 13:38:00
16488.0,3,498.8,728,2011-07-14 11:46:00,2011-11-06 13:42:00
16489.0,2,303.7,38,2010-09-29 15:02:00,2010-11-24 14:40:00
16490.0,1,205.41000000000003,113,2010-09-29 16:30:00,2010-09-29 16:30:00
16491.0,2,1533.16,1060,2010-10-22 15:42:00,2011-10-24 10:18:00
16492.0,1,385.56,235,2010-06-17 08:20:00,2010-06-17 08:20:00
16493.0,7,2132.09,1988,2010-03-26 13:05:00,2011-09-21 11:10:00
16494.0,1,826.53,675,2011-02-16 12:49:00,2011-02-16 12:49:00
16495.0,3,684.41,337,2011-03-08 16:38:00,2011-12-06 13:20:00
16496.0,6,2330.77,1764,2010-07-18 13:42:00,2011-12-01 10:31:00
16497.0,23,6695.28,3050,2009-12-03 14:11:00,2011-10-21 10:55:00
16498.0,2,100.97,45,2011-06-30 19:52:00,2011-07-01 15:07:00
16499.0,8,2578.34,1364,2010-06-11 12:22:00,2010-12-14 13:31:00
16500.0,9,843.9100000000001,386,2010-06-14 14:54:00,2011-12-05 12:04:00
16501.0,1,1237.23,642,2010-11-21 14:10:00,2010-11-21 14:10:00
16502.0,2,266.5,251,2010-03-29 13:39:00,2010-03-29 13:44:00
16503.0,11,3614.34,1535,2010-06-21 14:07:00,2011-08-25 11:46:00
16504.0,1,484.38,524,2011-11-14 15:18:00,2011-11-14 15:18:00
16505.0,1,777.6,576,2011-11-08 12:14:00,2011-11-08 12:14:00
16506.0,2,90.30000000000001,42,2011-10-30 15:50:00,2011-11-20 12:17:00
16507.0,1,152.76,116,2010-05-16 12:56:00,2010-05-16 12:56:00
16508.0,1,248.8,106,2010-03-19 13:41:00,2010-03-19 13:41:00
16509.0,1,363.7,64,2011-02-16 09:25:00,2011-02-16 09:25:00
16510.0,6,2100.0,1076,2010-01-17 12:30:00,2010-12-02 13:39:00
16511.0,6,1819.02,787,2010-03-01 12:21:00,2011-11-18 10:41:00
16513.0,4,874.59,407,2011-10-27 14:56:00,2011-12-05 10:18:00
16515.0,10,3216.3,1601,2010-06-17 12:17:00,2011-10-18 13:10:00
16516.0,1,101.69999999999999,58,2011-11-09 14:59:00,2011-11-09 14:59:00
16517.0,1,162.7,96,2011-03-07 13:50:00,2011-03-07 13:50:00
16518.0,4,959.37,524,2010-06-01 13:31:00,2011-10-09 15:04:00
16519.0,4,556.26,176,2010-03-01 13:51:00,2011-11-14 15:41:00
16520.0,6,2482.62,1266,2010-03-02 16:50:00,2011-06-06 13:24:00
16521.0,3,1148.01,1016,2010-03-01 13:22:00,2010-10-20 13:09:00
16522.0,2,433.36,212,2010-09-15 13:32:00,2010-09-30 10:54:00
16523.0,28,11916.33,4979,2010-01-24 13:14:00,2011-12-08 09:06:00
16524.0,2,308.14,260,2010-01-17 13:16:00,2010-09-19 13:37:00
16525.0,48,24582.64,14630,2009-12-02 13:53:00,2011-12-07 15:07:00
16526.0,2,717.21,279,2010-05-04 16:34:00,2011-06-21 12:02:00
16527.0,2,1272.44,726,2010-10-11 13:25:00,2011-09-19 16:21:00
16528.0,1,244.41,171,2011-12-06 12:45:00,2011-12-06 12:45:00
16529.0,4,2012.0,751,2010-06-27 13:29:00,2011-06-02 17:23:00
16530.0,1,48.349999999999994,17,2010-02-09 15:30:00,2010-02-09 15:30:00
16531.0,11,2298.33,1863,2010-09-24 09:49:00,2011-11-17 16:29:00
16532.0,5,8756.64,2544,2010-03-29 10:26:00,2011-11-22 11:08:00
16533.0,3,1095.56,612,2011-10-02 15:07:00,2011-11-20 13:08:00
16534.0,1,635.9,168,2010-03-07 15:47:00,2010-03-07 15:47:00
16535.0,3,1001.59,685,2010-01-28 15:26:00,2011-12-04 15:18:00
16536.0,1,548.97,251,2011-08-21 15:54:00,2011-08-21 15:54:00
16537.0,1,23.35,59,2010-03-08 13:41:00,2010-03-08 13:41:00
16538.0,3,399.62,257,2010-04-23 16:25:00,2010-06-16 16:59:00
16539.0,10,3732.01,1315,2010-06-25 15:24:00,2011-12-07 08:41:00
16540.0,1,226.70000000000002,114,2010-10-21 17:22:00,2010-10-21 17:22:00
16541.0,1,424.03,173,2009-12-04 13:22:00,2009-12-04 13:22:00
16542.0,2,257.32,142,2010-11-03 14:44:00,2011-10-17 10:47:00
16543.0,1,292.21,317,2010-04-27 11:38:00,2010-04-27 11:38:00
16544.0,4,376.70000000000005,150,2010-02-15 13:20:00,2010-07-08 11:11:00
16545.0,2,689.82,322,2010-11-29 10:39:00,2011-06-28 10:37:00
16546.0,5,5606.47,4367,2010-09-23 15:43:00,2011-02-22 11:20:00
16547.0,1,111.71,113,2010-06-11 13:02:00,2010-06-11 13:02:00
16548.0,1,30.15,6,2010-04-19 16:15:00,2010-04-19 16:15:00
16549.0,34,13182.19,7278,2010-03-28 15:45:00,2011-11-29 15:06:00
16550.0,18,9435.13,5727,2009-12-02 11:24:00,2011-08-23 11:12:00
16551.0,7,2237.12,2076,2009-12-13 16:12:00,2011-09-05 09:38:00
16552.0,2,475.02000000000004,258,2010-12-01 12:36:00,2011-04-11 10:04:00
16553.0,33,16644.01,16475,2010-02-11 18:46:00,2011-06-29 15:42:00
16554.0,8,2841.72,1346,2009-12-15 09:42:00,2011-10-28 14:51:00
16555.0,6,1915.68,1816,2010-07-22 13:39:00,2011-11-04 14:31:00
16556.0,17,8012.58,4353,2009-12-07 10:51:00,2011-10-04 11:36:00
16557.0,2,281.85,111,2011-07-25 13:28:00,2011-11-15 14:04:00
16558.0,38,13873.51,8088,2009-12-03 18:11:00,2011-12-09 10:20:00
16559.0,1,185.20000000000002,73,2010-11-07 13:52:00,2010-11-07 13:52:00
16560.0,8,3048.38,1603,2009-12-08 12:05:00,2011-11-13 10:35:00
16561.0,2,511.12,244,2011-10-11 09:53:00,2011-12-04 11:50:00
16562.0,1,223.85999999999999,264,2010-08-20 11:45:00,2010-08-20 11:45:00
16563.0,6,4422.76,2596,2009-12-01 18:35:00,2011-10-17 11:51:00
16564.0,1,87.8,40,2010-05-19 14:41:00,2010-05-19 14:41:00
16565.0,4,773.05,211,2010-06-02 12:47:00,2010-12-10 15:21:00
16566.0,5,614.66,362,2011-02-20 10:29:00,2011-11-24 16:34:00
16567.0,2,865.6,996,2011-01-07 09:31:00,2011-05-29 13:57:00
16568.0,2,1020.9000000000001,366,2010-03-08 14:51:00,2010-10-08 10:54:00
16569.0,5,1455.23,988,2009-12-16 15:05:00,2011-12-06 15:32:00
16570.0,20,7434.31,4292,2010-03-30 09:32:00,2011-11-24 17:02:00
16571.0,10,4248.74,3703,2010-03-18 09:12:00,2011-11-13 11:46:00
16572.0,3,1009.6,532,2011-03-09 12:04:00,2011-08-04 16:34:00
16573.0,2,663.61,360,2011-02-22 15:14:00,2011-09-16 09:13:00
16574.0,3,1301.78,1002,2010-02-19 11:46:00,2011-09-29 13:39:00
16576.0,2,540.87,323,2010-07-06 10:42:00,2010-10-15 13:37:00
16577.0,1,380.0,142,2010-02-11 09:45:00,2010-02-11 09:45:00
16578.0,1,156.6,108,2010-03-23 15:11:00,2010-03-23 15:11:00
16579.0,1,295.05,119,2010-10-10 11:58:00,2010-10-10 11:58:00
16581.0,1,105.84,134,2011-06-10 10:05:00,2011-06-10 10:05:00
16582.0,1,313.62,164,2011-08-18 17:02:00,2011-08-18 17:02:00
16583.0,2,531.4,264,2010-02-04 12:18:00,2010-12-01 12:03:00
16584.0,5,3163.67,1919,2010-02-16 10:41:00,2011-09-20 13:45:00
16585.0,2,341.59,151,2010-01-13 13:31:00,2010-04-25 10:34:00
16586.0,3,1462.78,348,2010-03-14 11:24:00,2011-04-05 09:32:00
16587.0,1,225.15,71,2011-04-21 15:51:00,2011-04-21 15:51:00
16588.0,4,1361.28,882,2010-05-14 13:43:00,2010-11-18 17:56:00
16589.0,4,612.36,536,2010-09-15 14:56:00,2011-09-29 14:50:00
16590.0,2,605.9,240,2010-10-21 12:09:00,2010-11-04 09:06:00
16591.0,1,213.5,41,2011-10-02 10:43:00,2011-10-02 10:43:00
16592.0,28,7807.91,5504,2009-12-18 15:57:00,2011-12-05 13:49:00
16593.0,8,1071.1399999999999,377,2009-12-05 10:44:00,2011-10-20 12:41:00
16594.0,1,181.09,64,2011-09-25 14:08:00,2011-09-25 14:08:00
16595.0,5,1810.18,1378,2010-01-17 12:12:00,2011-10-09 13:15:00
16596.0,4,579.63,227,2009-12-10 13:09:00,2011-11-24 10:02:00
16597.0,1,90.04,184,2011-12-05 15:44:00,2011-12-05 15:44:00
16598.0,1,145.04999999999998,73,2011-02-27 11:42:00,2011-02-27 11:42:00
16599.0,1,172.8,159,2010-11-19 12:45:00,2010-11-19 12:45:00
16600.0,13,2153.41,2420,2009-12-18 12:59:00,2011-12-05 16:00:00
16601.0,3,684.25,395,2010-03-26 13:39:00,2011-10-30 11:09:00
16602.0,2,763.33,429,2010-11-16 09:13:00,2011-11-03 15:54:00
16603.0,2,482.47,480,2011-09-09 13:02:00,2011-09-26 10:06:00
16604.0,2,432.45,175,2010-05-20 16:34:00,2010-05-26 09:10:00
16605.0,1,60.48,144,2009-12-15 19:03:00,2009-12-15 19:03:00
16606.0,2,357.66,148,2010-10-01 13:21:00,2010-10-31 13:57:00
16607.0,25,5706.87,4436,2010-04-29 14:01:00,2011-11-22 10:24:00
16608.0,2,1288.72,613,2010-02-14 11:57:00,2010-09-12 11:44:00
16609.0,7,5493.46,2420,2011-04-01 10:11:00,2011-11-24 13:32:00
16610.0,1,75.66,66,2011-05-04 13:13:00,2011-05-04 13:13:00
16611.0,6,1785.13,874,2010-03-10 16:07:00,2011-06-06 15:46:00
16612.0,9,3245.43,1419,2009-12-03 15:54:00,2011-11-07 07:38:00
16613.0,1,618.59,293,2011-09-30 15:52:00,2011-09-30 15:52:00
16614.0,3,1179.79,349,2010-05-10 15:18:00,2011-06-10 11:36:00
16615.0,1,291.5,211,2010-03-23 15:13:00,2010-03-23 15:13:00
16616.0,2,500.42,370,2011-07-05 13:38:00,2011-11-24 16:31:00
16617.0,1,151.85,91,2011-04-18 10:35:00,2011-04-18 10:35:00
16618.0,5,2647.59,1363,2011-01-21 11:55:00,2011-11-08 13:52:00
16619.0,4,1938.33,1055,2010-02-22 12:05:00,2011-03-21 08:18:00
16620.0,6,1758.93,1146,2009-12-01 14:35:00,2011-12-06 12:19:00
16621.0,4,813.48,302,2011-03-07 11:32:00,2011-10-19 11:38:00
16622.0,1,225.4,44,2010-06-14 10:44:00,2010-06-14 10:44:00
16623.0,4,1015.24,442,2010-04-26 14:04:00,2011-04-08 10:09:00
16624.0,2,810.5699999999999,488,2011-05-26 14:20:00,2011-09-20 12:39:00
16625.0,5,1654.03,1057,2010-06-14 11:56:00,2011-03-10 12:50:00
16626.0,17,4413.1,2690,2011-03-18 12:27:00,2011-12-09 11:56:00
16627.0,1,322.8,162,2011-09-21 14:38:00,2011-09-21 14:38:00
16628.0,7,2318.1,1260,2010-03-08 12:24:00,2011-11-10 12:45:00
16629.0,2,417.73,493,2011-09-04 16:12:00,2011-09-27 10:34:00
16630.0,1,106.80000000000001,72,2010-10-28 14:30:00,2010-10-28 14:30:00
16631.0,7,1892.52,775,2010-02-26 10:49:00,2010-08-15 11:20:00
16632.0,2,406.4,256,2010-05-07 16:46:00,2010-08-11 11:39:00
16633.0,6,2883.1,1138,2011-04-19 14:36:00,2011-11-22 13:41:00
16634.0,6,1814.61,1321,2010-01-21 09:30:00,2011-05-01 12:09:00
16635.0,1,473.0,277,2010-10-29 09:41:00,2010-10-29 09:41:00
16636.0,4,3802.04,2186,2010-03-03 14:06:00,2010-09-27 13:13:00
16637.0,4,1154.47,927,2011-04-28 10:20:00,2011-11-07 13:17:00
16638.0,15,2430.53,1651,2010-08-18 13:33:00,2011-11-17 11:09:00
16639.0,4,1747.98,751,2010-10-26 18:23:00,2011-11-08 13:20:00
16640.0,1,179.4,146,2010-11-07 10:48:00,2010-11-07 10:48:00
16641.0,2,554.5,454,2010-01-07 12:22:00,2011-08-26 12:49:00
16642.0,3,1077.45,775,2010-10-20 14:22:00,2011-12-05 11:31:00
16643.0,2,923.11,553,2010-10-13 09:47:00,2011-04-08 08:24:00
16644.0,2,833.78,826,2011-05-11 12:53:00,2011-06-15 12:39:00
16645.0,1,160.39,117,2009-12-04 09:49:00,2009-12-04 09:49:00
16646.0,1,678.8,1072,2010-09-16 13:28:00,2010-09-16 13:28:00
16647.0,4,541.9,396,2010-06-13 15:52:00,2011-06-23 11:47:00
16648.0,3,672.8,503,2010-04-28 14:58:00,2011-10-28 08:58:00
16649.0,1,306.58000000000004,82,2010-07-07 15:41:00,2010-07-07 15:41:00
16650.0,7,1916.11,1511,2010-07-08 14:18:00,2011-09-29 09:51:00
16651.0,1,136.2,60,2010-05-02 11:46:00,2010-05-02 11:46:00
16652.0,16,17550.39,7477,2010-03-17 10:22:00,2011-10-12 09:38:00
16653.0,2,1212.66,733,2011-09-29 13:38:00,2011-11-23 14:51:00
16654.0,8,1711.47,703,2010-04-06 13:29:00,2011-07-21 15:23:00
16655.0,13,6548.37,4013,2010-01-31 15:40:00,2011-11-22 11:25:00
16656.0,30,16833.170000000002,15433,2009-12-04 12:59:00,2011-11-17 14:43:00
16657.0,4,933.62,1229,2011-03-30 12:02:00,2011-11-30 11:48:00
16658.0,6,814.07,317,2010-03-30 16:24:00,2010-12-06 13:47:00
16659.0,1,39.12,72,2011-06-03 15:03:00,2011-06-03 15:03:00
16660.0,7,1879.55,991,2010-01-14 11:09:00,2011-11-23 14:53:00
16661.0,4,986.63,385,2009-12-17 15:39:00,2010-06-17 15:24:00
16662.0,1,163.8,36,2010-11-10 16:56:00,2010-11-10 16:56:00
16663.0,1,165.0,100,2009-12-10 13:12:00,2009-12-10 13:12:00
16664.0,1,109.2,24,2010-05-19 17:11:00,2010-05-19 17:11:00
16665.0,1,135.39999999999998,59,2010-12-12 14:03:00,2010-12-12 14:03:00
16666.0,2,225.94,367,2010-03-28 15:13:00,2011-11-20 14:01:00
16667.0,2,570.13,237,2011-02-28 12:57:00,2011-10-02 15:26:00
16668.0,13,862.42,773,2010-03-18 18:25:00,2011-11-24 17:43:00
16669.0,3,1374.8700000000001,888,2011-09-22 14:13:00,2011-11-16 12:26:00
16670.0,20,8030.150000000001,4534,2009-12-10 15:28:00,2011-11-23 09:34:00
16671.0,3,1692.27,875,2011-06-28 11:20:00,2011-11-11 13:40:00
16672.0,20,8134.9400000000005,2832,2011-03-18 10:15:00,2011-12-07 16:29:00
16673.0,1,188.83,101,2010-01-29 14:22:00,2010-01-29 14:22:00
16674.0,2,319.61,188,2011-09-02 13:59:00,2011-10-16 11:31:00
16675.0,2,608.86,296,2010-08-18 13:11:00,2010-09-24 12:15:00
16676.0,6,2361.9,927,2010-10-17 13:07:00,2011-11-06 12:01:00
16677.0,2,880.62,457,2010-02-25 16:11:00,2010-10-24 14:53:00
16678.0,12,3109.99,2397,2011-03-02 09:24:00,2011-12-07 12:17:00
16679.0,3,793.06,276,2010-06-10 18:35:00,2010-12-08 13:51:00
16680.0,3,821.45,377,2010-06-23 09:30:00,2011-10-27 17:35:00
16681.0,7,1921.84,1492,2010-03-08 14:10:00,2011-09-28 11:11:00
16682.0,5,1028.0,1040,2011-06-05 11:02:00,2011-12-05 12:13:00
16683.0,1,320.25,190,2010-06-24 10:36:00,2010-06-24 10:36:00
16684.0,55,147142.77,104810,2009-12-07 12:56:00,2011-12-05 14:06:00
16685.0,2,324.24,396,2011-10-09 13:44:00,2011-10-09 13:58:00
16686.0,16,5070.92,3510,2009-12-06 15:48:00,2011-10-23 13:49:00
16687.0,1,157.63,141,2010-11-14 11:46:00,2010-11-14 11:46:00
16688.0,4,1260.86,804,2011-10-10 12:23:00,2011-12-08 15:24:00
16689.0,2,422.59999999999997,330,2011-09-18 13:29:00,2011-09-25 11:39:00
16690.0,4,353.03,209,2010-09-14 15:00:00,2011-09-28 15:02:00
16691.0,2,178.83,92,2010-05-27 14:55:00,2010-10-17 15:03:00
16692.0,4,1914.6999999999998,878,2010-09-24 11:31:00,2011-03-28 14:46:00
16693.0,5,1199.46,688,2010-02-21 12:42:00,2011-10-02 11:10:00
16694.0,1,98.30000000000001,26,2009-12-16 15:45:00,2009-12-16 15:45:00
16695.0,2,193.15,185,2010-05-27 12:24:00,2010-05-27 12:36:00
16696.0,4,657.9000000000001,146,2011-04-05 15:20:00,2011-07-27 14:23:00
16697.0,1,112.75,27,2011-04-12 17:12:00,2011-04-12 17:12:00
16698.0,2,1998.0,840,2011-03-31 13:33:00,2011-04-27 10:52:00
16699.0,7,994.6,640,2009-12-04 13:31:00,2010-11-24 14:38:00
16700.0,25,9167.710000000001,6882,2009-12-02 10:51:00,2011-12-01 11:00:00
16701.0,26,9916.73,11046,2009-12-01 19:19:00,2011-12-01 11:10:00
16702.0,4,1110.83,692,2009-12-07 16:40:00,2010-10-20 14:10:00
16704.0,2,695.66,455,2010-02-05 14:14:00,2010-03-31 14:02:00
16705.0,42,43515.051,22302,2009-12-09 13:34:00,2011-12-09 12:08:00
16706.0,3,531.35,249,2011-08-17 15:53:00,2011-11-02 13:50:00
16707.0,4,551.11,402,2010-03-09 15:16:00,2010-11-04 14:39:00
16708.0,1,656.63,285,2011-10-25 12:20:00,2011-10-25 12:20:00
16709.0,14,9087.460000000001,3276,2009-12-09 13:16:00,2011-09-16 10:56:00
16710.0,22,6349.09,4399,2009-12-04 13:41:00,2011-11-20 14:50:00
16711.0,9,2868.48,1212,2009-12-02 13:22:00,2011-12-06 16:32:00
16712.0,13,4266.99,2093,2010-11-03 15:45:00,2011-11-30 13:48:00
16713.0,32,14560.69,8683,2009-12-15 12:49:00,2011-11-21 12:36:00
16714.0,4,1529.8,849,2010-02-07 11:17:00,2011-05-05 11:09:00
16715.0,2,625.52,1174,2010-05-26 12:35:00,2011-09-22 18:15:00
16716.0,3,2149.6800000000003,912,2010-03-19 11:05:00,2011-03-18 10:03:00
16717.0,14,6986.2300000000005,3226,2009-12-07 15:55:00,2011-11-16 12:16:00
16718.0,5,3647.53,2343,2009-12-06 13:07:00,2010-12-05 13:03:00
16719.0,14,3973.3,2536,2009-12-13 10:59:00,2011-11-25 09:27:00
16720.0,3,795.48,479,2009-12-17 17:54:00,2011-11-13 16:22:00
16721.0,1,292.47,172,2011-03-22 16:08:00,2011-03-22 16:08:00
16722.0,22,8989.08,8580,2009-12-03 19:23:00,2011-11-22 13:28:00
16723.0,4,1301.63,1002,2009-12-04 13:23:00,2011-09-09 13:01:00
16724.0,1,147.35,69,2010-10-31 11:40:00,2010-10-31 11:40:00
16725.0,14,1882.11,784,2009-12-13 15:54:00,2011-02-10 16:52:00
16726.0,7,2088.41,1356,2010-10-24 16:09:00,2011-11-13 14:53:00
16727.0,4,1437.42,1109,2010-01-20 10:48:00,2010-12-10 13:48:00
16728.0,4,1054.67,677,2011-03-20 13:28:00,2011-10-24 14:36:00
16729.0,21,7239.92,5783,2011-04-12 14:22:00,2011-11-01 14:29:00
16730.0,3,743.11,994,2011-01-24 14:01:00,2011-10-18 14:11:00
16731.0,1,174.05,127,2010-03-01 15:05:00,2010-03-01 15:05:00
16732.0,4,4387.64,2414,2009-12-08 13:04:00,2011-11-08 09:54:00
16733.0,1,259.68,112,2010-06-28 10:12:00,2010-06-28 10:12:00
16734.0,3,650.51,346,2011-08-17 15:00:00,2011-10-18 13:44:00
16735.0,14,6270.56,4281,2009-12-08 09:24:00,2011-09-22 11:49:00
16736.0,5,2956.56,1050,2009-12-03 16:12:00,2010-07-22 10:09:00
16737.0,2,835.1999999999999,576,2010-05-11 09:53:00,2011-10-17 13:03:00
16738.0,1,3.75,3,2011-02-15 09:46:00,2011-02-15 09:46:00
16739.0,2,786.43,391,2010-06-21 09:38:00,2011-06-16 09:17:00
16740.0,1,236.81,116,2010-11-09 13:34:00,2010-11-09 13:34:00
16741.0,1,173.06,81,2010-03-24 15:15:00,2010-03-24 15:15:00
16742.0,14,2852.6099999999997,2600,2009-12-16 17:22:00,2011-10-24 12:02:00
16743.0,14,4253.26,3738,2010-04-22 13:21:00,2011-11-10 13:13:00
16744.0,7,1304.76,805,2011-06-19 15:13:00,2011-11-28 13:06:00
16745.0,17,7194.3,6735,2011-02-01 11:31:00,2011-09-14 11:58:00
16746.0,42,18066.4,11906,2009-12-04 13:00:00,2011-12-05 12:33:00
16747.0,2,836.06,583,2011-10-03 10:18:00,2011-11-02 11:37:00
16748.0,14,3637.33,2127,2009-12-10 12:28:00,2011-11-22 10:17:00
16749.0,2,4387.08,2078,2009-12-15 14:05:00,2010-04-27 13:06:00
16750.0,5,623.93,214,2011-04-21 16:53:00,2011-10-26 12:48:00
16751.0,1,1764.72,1031,2011-11-09 10:48:00,2011-11-09 10:48:00
16752.0,1,415.0,108,2010-12-02 12:18:00,2010-12-02 12:18:00
16753.0,1,223.92000000000002,189,2011-10-12 13:14:00,2011-10-12 13:14:00
16754.0,29,67502.47,67831,2010-03-08 11:32:00,2010-12-02 17:38:00
16755.0,7,2900.58,1999,2009-12-09 14:25:00,2011-08-17 13:21:00
16756.0,7,1312.3700000000001,707,2010-03-09 15:56:00,2011-05-09 09:33:00
16757.0,2,270.48,180,2010-10-26 15:09:00,2011-01-25 11:59:00
16758.0,1,369.34000000000003,203,2011-10-05 14:47:00,2011-10-05 14:47:00
16759.0,3,789.79,609,2011-11-09 09:06:00,2011-12-02 12:42:00
16760.0,1,228.0,168,2010-10-05 15:55:00,2010-10-05 15:55:00
16761.0,1,316.62,341,2011-09-04 11:15:00,2011-09-04 11:15:00
16762.0,3,1501.38,618,2011-07-18 12:52:00,2011-11-20 11:43:00
16763.0,2,964.6999999999999,492,2009-12-01 15:26:00,2011-05-25 11:52:00
16764.0,13,2799.25,1259,2011-07-19 17:17:00,2011-12-06 11:41:00
16765.0,2,454.75,311,2010-11-22 13:42:00,2011-02-18 15:41:00
16766.0,2,1145.6,536,2011-03-11 13:34:00,2011-03-11 15:22:00
16767.0,15,8073.8,7121,2010-04-28 16:49:00,2011-11-09 09:42:00
16768.0,9,1708.12,777,2009-12-07 11:47:00,2011-10-23 10:38:00
16769.0,4,1141.75,301,2009-12-14 11:10:00,2011-03-24 13:41:00
16770.0,9,1932.13,1120,2010-08-22 16:08:00,2011-10-13 12:21:00
16771.0,10,3967.6,2314,2009-12-09 11:52:00,2011-11-06 13:28:00
16772.0,3,3723.5499999999997,689,2009-12-18 10:50:00,2010-10-12 13:19:00
16773.0,3,421.24,252,2009-12-06 15:01:00,2011-10-13 14:37:00
16774.0,8,1594.45,785,2010-02-16 16:53:00,2011-10-03 12:41:00
16775.0,16,3056.89,1020,2010-09-23 17:34:00,2011-11-29 15:22:00
16776.0,2,619.85,450,2010-10-20 12:13:00,2011-10-10 13:04:00
16777.0,5,1307.76,475,2010-03-17 12:42:00,2011-09-20 13:41:00
16778.0,2,245.94,194,2011-03-10 15:21:00,2011-09-26 13:48:00
16779.0,53,33268.24,19626,2009-12-03 13:03:00,2011-12-07 14:54:00
16780.0,3,605.55,355,2010-10-28 19:41:00,2011-08-31 16:09:00
16781.0,2,934.25,305,2010-02-08 13:56:00,2010-12-02 14:26:00
16782.0,38,10438.41,4285,2009-12-09 11:58:00,2011-11-29 13:20:00
16783.0,1,391.95,163,2010-09-29 11:53:00,2010-09-29 11:53:00
16784.0,5,896.53,496,2010-03-28 12:55:00,2011-11-20 12:20:00
16785.0,1,533.78,313,2010-10-26 10:36:00,2010-10-26 10:36:00
16786.0,1,51.839999999999996,72,2010-11-11 08:25:00,2010-11-11 08:25:00
16787.0,4,1035.43,474,2010-01-10 11:12:00,2010-11-07 11:01:00
16788.0,5,1950.3,985,2010-02-07 12:40:00,2011-08-08 14:53:00
16789.0,1,80.8,32,2011-12-01 15:12:00,2011-12-01 15:12:00
16790.0,6,1545.6200000000001,898,2011-11-02 11:23:00,2011-12-06 11:53:00
16791.0,15,4038.69,1874,2009-12-03 18:08:00,2011-11-10 19:12:00
16792.0,5,623.46,324,2010-01-04 13:47:00,2011-03-02 14:41:00
16793.0,1,243.84,146,2011-10-13 15:08:00,2011-10-13 15:08:00
16794.0,15,2090.91,1602,2010-03-25 15:17:00,2011-12-08 17:54:00
16795.0,3,2492.39,1459,2010-01-25 13:14:00,2010-12-09 14:08:00
16796.0,1,305.62,186,2011-09-11 14:01:00,2011-09-11 14:01:00
16797.0,5,1827.77,909,2009-12-02 13:33:00,2010-11-11 19:14:00
16798.0,3,848.71,209,2009-12-10 19:35:00,2010-06-03 19:01:00
16799.0,2,495.98,176,2010-09-12 12:46:00,2010-10-03 14:28:00
16800.0,1,1201.49,540,2011-11-28 14:06:00,2011-11-28 14:06:00
16801.0,4,1619.73,499,2011-03-11 13:56:00,2011-06-29 15:33:00
16802.0,2,582.61,369,2009-12-09 13:00:00,2010-01-29 13:44:00
16803.0,1,332.3,245,2011-10-05 14:28:00,2011-10-05 14:28:00
16804.0,3,536.99,246,2011-03-14 15:48:00,2011-11-16 16:43:00
16805.0,5,1097.24,1122,2009-12-08 14:29:00,2011-06-19 11:23:00
16806.0,4,801.49,378,2011-04-14 19:59:00,2011-08-28 15:27:00
16807.0,6,2123.88,1433,2010-03-26 14:38:00,2011-07-20 12:00:00
16808.0,2,288.42,196,2011-03-10 19:05:00,2011-09-01 19:34:00
16809.0,9,1727.43,1093,2010-04-13 15:34:00,2011-11-16 15:45:00
16810.0,2,842.0400000000001,372,2010-10-15 15:32:00,2011-05-31 15:32:00
16811.0,2,547.07,477,2011-11-22 17:19:00,2011-12-05 11:39:00
16812.0,4,2392.0,1116,2010-11-22 14:36:00,2010-12-14 12:35:00
16813.0,10,1692.98,1525,2011-05-19 13:28:00,2011-12-01 14:03:00
16814.0,36,12499.710000000001,5066,2010-04-11 12:45:00,2011-11-25 13:27:00
16815.0,2,410.97,238,2010-06-21 12:05:00,2010-09-12 10:59:00
16816.0,4,417.06,274,2010-12-16 17:01:00,2011-08-28 14:16:00
16817.0,13,2804.9,1565,2010-10-04 09:06:00,2011-12-07 11:03:00
16818.0,11,3349.57,2164,2011-05-18 11:42:00,2011-11-29 10:41:00
16819.0,2,182.59,253,2010-08-31 17:31:00,2010-08-31 17:37:00
16820.0,1,497.61,307,2011-09-05 12:06:00,2011-09-05 12:06:00
16821.0,1,113.35,13,2010-11-23 10:04:00,2010-11-23 10:04:00
16822.0,1,181.39,171,2010-01-22 14:22:00,2010-01-22 14:22:00
16823.0,7,2260.09,1168,2009-12-02 09:57:00,2011-04-26 15:00:00
16824.0,3,686.24,390,2010-11-11 12:21:00,2011-11-24 12:38:00
16825.0,5,1826.89,1297,2010-06-23 13:14:00,2011-11-01 11:51:00
16826.0,1,341.7,158,2011-10-19 14:05:00,2011-10-19 14:05:00
16827.0,5,392.13,125,2010-04-29 19:07:00,2010-11-11 14:04:00
16828.0,2,128.5,59,2011-08-19 13:24:00,2011-09-07 15:10:00
16829.0,2,513.32,215,2010-11-16 18:11:00,2011-07-06 10:48:00
16830.0,4,1207.5,699,2009-12-13 12:11:00,2011-11-01 11:35:00
16831.0,1,91.8,48,2010-05-24 09:08:00,2010-05-24 09:08:00
16832.0,5,417.61,179,2010-09-07 12:35:00,2011-06-08 15:36:00
16833.0,6,2409.04,878,2010-03-26 15:31:00,2011-12-08 14:39:00
16834.0,2,898.96,760,2010-02-03 14:24:00,2011-04-26 09:37:00
16835.0,6,1538.41,515,2010-05-19 08:41:00,2011-08-03 13:50:00
16836.0,4,782.37,539,2010-05-14 12:52:00,2011-10-31 10:05:00
16837.0,11,3170.98,1563,2011-04-08 08:48:00,2011-11-08 14:27:00
16838.0,4,1159.61,509,2010-02-14 15:27:00,2011-05-26 13:13:00
16839.0,44,22310.49,11527,2010-02-11 15:02:00,2011-12-01 09:03:00
16840.0,2,139.85,117,2010-02-03 12:42:00,2010-04-15 15:48:00
16841.0,12,4006.06,3478,2010-01-12 11:32:00,2011-11-03 11:51:00
16842.0,3,1264.19,693,2011-02-10 14:51:00,2011-08-31 10:42:00
16843.0,35,19571.43,18502,2009-12-10 11:40:00,2011-10-28 09:06:00
16844.0,2,614.34,281,2010-05-06 09:16:00,2010-05-26 10:29:00
16845.0,1,253.88,167,2010-03-31 13:09:00,2010-03-31 13:09:00
16846.0,3,842.41,517,2010-03-10 12:03:00,2011-10-20 13:55:00
16847.0,2,614.89,255,2010-03-31 13:32:00,2011-10-27 13:29:00
16848.0,4,1411.62,780,2010-10-03 11:01:00,2011-10-18 08:42:00
16849.0,1,124.57,33,2011-06-06 09:16:00,2011-06-06 09:16:00
16850.0,1,332.41,249,2011-01-10 11:09:00,2011-01-10 11:09:00
16851.0,3,342.45,271,2011-10-19 09:48:00,2011-12-05 13:32:00
16852.0,2,144.91000000000003,56,2011-06-16 15:49:00,2011-11-29 13:22:00
16854.0,2,1408.96,997,2010-03-09 14:32:00,2010-10-18 16:31:00
16855.0,2,328.4,164,2011-10-27 16:31:00,2011-11-16 12:03:00
16856.0,3,358.49,171,2010-09-23 13:11:00,2011-11-25 08:59:00
16857.0,1,352.8,168,2010-09-23 10:49:00,2010-09-23 10:49:00
16858.0,10,4668.28,1514,2009-12-15 11:09:00,2010-12-06 09:52:00
16859.0,7,1932.41,1899,2010-03-04 12:37:00,2011-07-18 12:19:00
16860.0,3,1610.62,625,2010-02-15 13:46:00,2010-09-13 10:05:00
16861.0,5,946.59,616,2010-07-19 11:44:00,2011-10-11 09:05:00
16862.0,4,662.33,513,2010-01-07 12:57:00,2010-06-10 13:05:00
16863.0,3,998.52,745,2010-10-26 10:03:00,2011-11-08 15:26:00
16864.0,2,409.25,283,2010-04-20 11:56:00,2010-10-01 16:16:00
16865.0,1,130.95,157,2010-11-03 11:34:00,2010-11-03 11:34:00
16866.0,3,207.73999999999998,60,2011-07-01 12:34:00,2011-07-22 10:06:00
16867.0,1,76.74000000000001,58,2010-01-19 09:11:00,2010-01-19 09:11:00
16868.0,3,393.39,116,2010-04-25 11:31:00,2010-11-10 13:17:00
16869.0,4,825.42,585,2011-06-17 13:01:00,2011-11-17 12:02:00
16870.0,1,450.15999999999997,278,2010-08-27 13:53:00,2010-08-27 13:53:00
16871.0,6,2812.34,1253,2011-03-14 10:31:00,2011-11-17 19:27:00
16872.0,6,1213.13,1079,2010-09-02 17:36:00,2011-09-23 16:05:00
16873.0,12,14617.39,8601,2010-02-09 14:17:00,2011-12-05 12:05:00
16874.0,1,217.74,81,2010-11-25 13:08:00,2010-11-25 13:08:00
16875.0,11,4234.53,2099,2010-01-05 09:16:00,2011-10-03 13:39:00
16876.0,1,136.01,181,2010-11-01 11:59:00,2010-11-01 11:59:00
16877.0,6,853.72,463,2011-05-15 16:13:00,2011-11-27 13:47:00
16878.0,1,13.3,12,2011-09-16 17:39:00,2011-09-16 17:39:00
16880.0,8,1840.86,911,2010-08-03 13:54:00,2011-11-09 11:33:00
16881.0,1,432.0,600,2011-10-04 10:33:00,2011-10-04 10:33:00
16882.0,3,705.12,424,2011-01-26 17:43:00,2011-10-04 10:42:00
16883.0,19,2396.59,1080,2009-12-04 12:07:00,2011-06-05 12:51:00
16884.0,4,1073.92,521,2010-05-18 12:00:00,2011-11-02 11:52:00
16885.0,4,710.74,376,2010-11-19 12:51:00,2011-11-24 13:40:00
16886.0,1,134.0,48,2010-09-09 15:08:00,2010-09-09 15:08:00
16887.0,3,660.72,424,2009-12-01 13:41:00,2011-11-04 14:07:00
16888.0,3,437.15,147,2010-01-07 13:07:00,2010-11-04 12:39:00
16889.0,6,2530.9,1616,2010-05-23 10:46:00,2011-05-29 11:05:00
16890.0,3,285.41,243,2010-05-06 16:27:00,2010-08-20 11:23:00
16891.0,11,2056.82,774,2009-12-04 12:37:00,2011-12-08 11:15:00
16892.0,7,762.1,370,2009-12-08 14:20:00,2011-12-08 13:18:00
16893.0,2,401.77,182,2010-11-28 15:14:00,2010-12-08 12:06:00
16894.0,3,1324.06,507,2010-06-22 14:21:00,2010-07-25 15:43:00
16895.0,5,1121.42,433,2010-02-12 11:07:00,2011-10-06 12:15:00
16896.0,1,103.95,18,2010-06-02 15:40:00,2010-06-02 15:40:00
16897.0,2,289.78,73,2011-01-30 11:52:00,2011-02-13 15:02:00
16898.0,5,1016.37,805,2010-05-12 12:18:00,2011-11-13 15:44:00
16899.0,8,1721.02,818,2010-11-07 15:00:00,2011-12-02 12:03:00
16900.0,3,887.11,833,2011-10-07 13:17:00,2011-11-23 10:32:00
16901.0,1,204.26,42,2009-12-10 16:30:00,2009-12-10 16:30:00
16902.0,1,1706.88,629,2011-08-15 14:17:00,2011-08-15 14:17:00
16903.0,3,1062.28,747,2010-10-20 14:42:00,2011-11-10 15:32:00
16904.0,21,5132.37,2809,2010-10-24 16:03:00,2011-12-05 13:10:00
16905.0,17,5034.15,2059,2009-12-10 20:04:00,2011-12-04 14:01:00
16906.0,7,1448.8,613,2010-05-13 13:23:00,2011-09-19 11:49:00
16907.0,9,1707.9,532,2010-07-01 17:30:00,2011-11-10 18:04:00
16908.0,1,252.59,61,2009-12-17 13:35:00,2009-12-17 13:35:00
16909.0,1,379.14,436,2011-09-28 16:45:00,2011-09-28 16:45:00
16910.0,8,1510.06,886,2011-09-09 14:14:00,2011-12-05 12:51:00
16911.0,2,255.25,161,2010-02-16 16:12:00,2010-03-14 12:18:00
16912.0,15,4480.31,1693,2009-12-09 12:32:00,2011-11-11 12:18:00
16913.0,3,423.90999999999997,229,2010-02-26 12:06:00,2011-02-22 12:56:00
16914.0,1,208.46,121,2011-11-03 15:27:00,2011-11-03 15:27:00
16915.0,11,1543.18,190,2010-05-19 13:32:00,2011-11-30 16:39:00
16916.0,4,1123.4,764,2010-10-20 12:56:00,2011-11-16 12:08:00
16917.0,2,1857.83,793,2010-03-17 15:24:00,2011-03-08 11:55:00
16918.0,16,3213.29,2069,2009-12-03 12:27:00,2011-10-21 12:50:00
16919.0,24,5125.91,2425,2010-08-19 15:28:00,2011-07-06 13:35:00
16920.0,1,355.45,81,2010-10-24 14:07:00,2010-10-24 14:07:00
16921.0,3,446.67,299,2010-04-18 15:34:00,2011-10-09 16:22:00
16922.0,1,611.08,281,2010-05-16 11:24:00,2010-05-16 11:24:00
16923.0,32,13378.36,6269,2010-01-31 11:14:00,2011-11-27 13:00:00
16924.0,3,846.75,493,2011-09-16 12:54:00,2011-11-18 12:53:00
16925.0,1,125.65,123,2010-06-17 15:03:00,2010-06-17 15:03:00
16926.0,5,1421.35,237,2010-07-01 12:57:00,2010-12-03 13:42:00
16927.0,3,543.05,993,2010-12-13 11:57:00,2011-08-16 11:10:00
16928.0,29,4113.23,2755,2010-02-03 12:30:00,2011-09-20 15:10:00
16929.0,7,1295.39,929,2011-07-07 12:39:00,2011-12-06 08:37:00
16930.0,3,380.55,341,2011-10-02 14:25:00,2011-11-13 16:13:00
16931.0,23,5233.62,3463,2010-11-07 13:24:00,2011-12-04 13:15:00
16932.0,3,440.71,229,2010-05-17 14:15:00,2011-10-17 14:12:00
16933.0,9,3181.25,1547,2009-12-09 15:03:00,2011-12-08 12:54:00
16934.0,6,2110.9900000000002,939,2010-03-28 12:43:00,2011-10-16 12:40:00
16935.0,3,535.1,278,2010-10-14 13:09:00,2010-11-23 09:16:00
16936.0,2,551.17,342,2010-11-19 11:54:00,2011-11-14 11:04:00
16937.0,1,202.1,126,2010-07-28 17:56:00,2010-07-28 17:56:00
16938.0,9,7043.18,5084,2010-02-17 14:47:00,2011-12-01 10:20:00
16939.0,3,449.0,232,2010-02-28 13:33:00,2010-08-08 12:24:00
16940.0,8,6427.66,4503,2009-12-08 13:08:00,2011-10-18 13:15:00
16941.0,1,33.0,12,2010-04-07 11:13:00,2010-04-07 11:13:00
16942.0,9,1920.59,811,2011-04-26 11:59:00,2011-11-27 12:40:00
16943.0,5,1299.49,147,2010-03-25 13:34:00,2011-05-12 11:57:00
16944.0,1,101.36,27,2010-04-09 11:03:00,2010-04-09 11:03:00
16945.0,33,8548.16,5889,2009-12-09 11:33:00,2011-11-18 11:39:00
16946.0,5,1222.04,509,2010-03-02 10:49:00,2010-11-21 14:06:00
16947.0,5,955.21,655,2010-03-03 10:54:00,2011-04-18 09:38:00
16948.0,7,868.77,2091,2010-02-21 13:48:00,2011-07-24 12:46:00
16949.0,6,1286.27,791,2011-01-27 12:11:00,2011-12-06 11:07:00
16950.0,10,3784.37,2492,2010-01-24 11:26:00,2011-10-14 09:06:00
16951.0,3,1277.75,1318,2011-02-08 14:58:00,2011-07-28 12:05:00
16952.0,5,798.78,344,2009-12-11 13:52:00,2011-08-22 13:03:00
16953.0,1,20.8,10,2011-11-09 15:54:00,2011-11-09 15:54:00
16954.0,20,6081.88,4086,2010-01-18 14:49:00,2011-12-09 09:46:00
16955.0,6,1309.41,823,2010-01-31 11:38:00,2011-06-08 10:36:00
16956.0,1,308.74,114,2011-11-22 08:56:00,2011-11-22 08:56:00
16957.0,2,416.64,172,2011-03-03 09:25:00,2011-04-14 13:56:00
16958.0,1,809.44,561,2010-09-30 14:25:00,2010-09-30 14:25:00
16959.0,1,117.35000000000001,49,2011-09-13 15:03:00,2011-09-13 15:03:00
16960.0,8,2043.43,1515,2010-03-02 13:36:00,2011-11-01 11:35:00
16961.0,3,794.56,482,2010-06-25 14:36:00,2011-08-15 13:46:00
16962.0,1,251.04,158,2010-10-26 11:36:00,2010-10-26 11:36:00
16963.0,1,110.55000000000001,35,2011-06-05 13:48:00,2011-06-05 13:48:00
16964.0,2,207.85,49,2009-12-06 12:51:00,2009-12-06 12:53:00
16965.0,1,201.19,291,2011-04-27 12:08:00,2011-04-27 12:08:00
16966.0,7,2154.97,1981,2011-04-13 14:17:00,2011-12-01 13:40:00
16967.0,1,319.02,333,2011-06-03 14:24:00,2011-06-03 14:24:00
16968.0,2,439.43,326,2011-08-24 10:51:00,2011-12-05 15:02:00
16969.0,3,650.41,816,2011-06-01 12:10:00,2011-10-31 13:12:00
16970.0,1,71.4,12,2010-03-23 13:50:00,2010-03-23 13:50:00
16971.0,1,357.21,72,2011-11-01 15:06:00,2011-11-01 15:06:00
16972.0,2,786.25,190,2010-09-09 11:20:00,2010-11-22 10:59:00
16973.0,1,127.0,60,2010-11-18 13:56:00,2010-11-18 13:56:00
16974.0,2,365.5,70,2010-05-24 10:43:00,2010-07-05 10:18:00
16975.0,3,926.12,586,2010-07-22 11:38:00,2010-10-12 17:53:00
16976.0,1,251.51999999999998,88,2011-03-17 16:33:00,2011-03-17 16:33:00
16977.0,4,496.0,142,2010-03-18 11:06:00,2010-11-09 13:17:00
16978.0,3,768.88,285,2010-02-11 16:27:00,2011-09-23 12:50:00
16979.0,9,2859.74,1451,2010-09-15 14:30:00,2011-12-06 12:21:00
16980.0,3,1473.3300000000002,1039,2010-10-07 14:05:00,2011-03-29 16:36:00
16982.0,1,384.06,182,2011-10-10 12:28:00,2011-10-10 12:28:00
16983.0,11,3710.22,2508,2010-09-19 12:38:00,2011-11-27 12:10:00
16984.0,9,10754.8,5330,2010-03-07 15:34:00,2011-09-12 13:43:00
16985.0,23,10923.16,3103,2009-12-10 13:34:00,2011-11-22 13:33:00
16986.0,11,4888.75,2539,2010-02-04 14:46:00,2011-11-10 11:55:00
16987.0,11,2535.9,679,2009-12-02 14:34:00,2011-12-06 17:26:00
16988.0,2,382.67,158,2010-11-25 09:22:00,2011-12-04 16:02:00
16989.0,6,1133.25,1233,2011-07-12 09:11:00,2011-12-02 16:39:00
16990.0,2,344.0,200,2010-10-13 11:42:00,2011-05-05 08:30:00
16991.0,1,1041.21,793,2010-10-14 14:08:00,2010-10-14 14:08:00
16992.0,13,5476.5,2061,2010-02-11 12:36:00,2011-11-29 11:50:00
16993.0,2,1950.9499999999998,285,2010-05-12 13:55:00,2010-09-02 12:16:00
16996.0,9,2123.61,919,2010-10-18 12:24:00,2011-11-09 16:43:00
16997.0,3,702.0,360,2011-01-18 11:51:00,2011-02-24 17:28:00
16998.0,5,402.0,104,2010-09-21 14:39:00,2011-07-13 09:44:00
16999.0,2,484.82,294,2011-09-26 15:43:00,2011-11-16 13:53:00
17000.0,2,406.3,305,2010-10-27 14:16:00,2010-11-08 13:35:00
17001.0,19,6640.8,3782,2010-03-25 12:41:00,2011-12-09 09:38:00
17002.0,7,2571.55,1265,2010-03-08 15:46:00,2011-09-15 12:40:00
17003.0,4,830.16,495,2010-05-10 11:20:00,2010-11-02 13:15:00
17004.0,4,2425.16,1281,2010-10-11 15:43:00,2011-10-24 14:25:00
17005.0,2,742.36,787,2010-04-30 10:55:00,2010-08-26 10:57:00
17006.0,8,1636.32,573,2010-03-05 13:33:00,2011-12-05 12:09:00
17007.0,7,1120.1,717,2010-09-28 13:51:00,2011-10-20 10:47:00
17008.0,1,81.36,24,2010-10-06 15:19:00,2010-10-06 15:19:00
17009.0,1,242.06,336,2010-06-06 16:01:00,2010-06-06 16:01:00
17010.0,1,195.36,118,2011-11-21 14:49:00,2011-11-21 14:49:00
17011.0,3,671.7,792,2010-02-26 09:47:00,2011-11-09 13:30:00
17012.0,1,384.16,268,2009-12-14 17:34:00,2009-12-14 17:34:00
17014.0,3,586.33,245,2011-10-04 11:36:00,2011-12-01 14:09:00
17015.0,3,1842.56,1981,2011-06-07 13:19:00,2011-11-11 10:45:00
17016.0,1,552.4,309,2010-05-12 12:32:00,2010-05-12 12:32:00
17017.0,29,14110.61,10591,2009-12-03 13:22:00,2011-12-07 09:32:00
17018.0,6,2287.7,456,2009-12-05 10:27:00,2011-10-30 11:42:00
17019.0,11,4012.2,2643,2009-12-02 11:52:00,2011-11-28 13:06:00
17020.0,2,935.62,860,2010-03-03 12:27:00,2010-06-15 13:06:00
17021.0,6,1182.22,992,2010-04-29 20:05:00,2010-09-23 20:01:00
17022.0,2,260.0,180,2010-10-03 10:27:00,2011-11-08 17:09:00
17023.0,3,800.18,530,2010-01-11 15:09:00,2010-10-18 15:37:00
17024.0,3,95.85,69,2011-07-05 09:31:00,2011-10-25 13:47:00
17025.0,5,1510.6399999999999,1024,2010-03-08 13:37:00,2011-10-10 09:06:00
17026.0,3,208.98,132,2010-10-18 15:22:00,2011-06-07 14:28:00
17027.0,9,1327.1100000000001,653,2009-12-10 12:10:00,2011-09-22 12:24:00
17028.0,3,1593.83,856,2009-12-18 14:28:00,2010-05-07 15:33:00
17029.0,7,2137.3,1265,2010-02-14 10:19:00,2011-08-21 11:06:00
17030.0,1,146.87,146,2011-10-07 08:49:00,2011-10-07 08:49:00
17031.0,6,2773.85,1595,2010-05-07 14:52:00,2011-11-28 10:23:00
17032.0,8,3004.6,1695,2009-12-10 15:36:00,2010-06-10 12:16:00
17033.0,4,1332.79,871,2010-11-07 12:55:00,2011-09-14 14:34:00
17034.0,5,1283.92,700,2010-07-14 12:55:00,2011-11-23 15:14:00
17035.0,4,613.59,327,2009-12-03 10:37:00,2011-04-08 11:23:00
17036.0,1,176.9,76,2010-11-21 14:26:00,2010-11-21 14:26:00
17037.0,1,1267.32,656,2011-09-13 12:49:00,2011-09-13 12:49:00
17038.0,2,743.17,535,2010-10-20 16:04:00,2011-11-09 13:50:00
17039.0,1,1954.99,689,2010-04-14 12:56:00,2010-04-14 12:56:00
17040.0,2,463.25,189,2010-06-07 15:08:00,2011-07-25 10:19:00
17041.0,6,1686.28,1337,2010-04-18 14:25:00,2011-11-13 11:21:00
17042.0,5,1044.3799999999999,994,2011-04-06 14:53:00,2011-12-07 12:26:00
17043.0,8,2616.55,1624,2009-12-09 15:20:00,2011-11-07 15:33:00
17044.0,12,11962.3,5722,2009-12-07 12:25:00,2011-11-14 14:28:00
17045.0,5,827.6800000000001,294,2010-10-06 14:52:00,2011-08-18 17:09:00
17046.0,5,1906.07,1636,2010-03-29 13:46:00,2011-07-05 14:24:00
17047.0,6,2289.23,1184,2009-12-08 08:48:00,2011-09-15 13:27:00
17048.0,7,2071.68,1068,2010-01-18 13:55:00,2011-08-14 11:49:00
17049.0,19,9947.48,4276,2010-03-04 10:23:00,2011-12-07 10:48:00
17050.0,11,4691.79,2451,2010-01-26 14:54:00,2011-09-04 13:48:00
17051.0,4,714.39,513,2010-03-21 14:55:00,2011-05-29 14:13:00
17052.0,1,413.75,261,2011-11-11 14:50:00,2011-11-11 14:50:00
17053.0,1,498.48,122,2011-08-01 10:23:00,2011-08-01 10:23:00
17054.0,5,1356.33,804,2011-04-08 13:14:00,2011-11-11 12:56:00
17055.0,1,239.55,87,2010-09-20 12:21:00,2010-09-20 12:21:00
17056.0,1,128.60000000000002,26,2009-12-01 12:55:00,2009-12-01 12:55:00
17057.0,1,294.74,129,2010-04-22 19:21:00,2010-04-22 19:21:00
17058.0,3,1179.89,592,2011-04-14 09:18:00,2011-09-19 10:13:00
17059.0,9,5602.53,3584,2010-01-26 14:43:00,2011-11-10 12:27:00
17060.0,1,234.24,216,2011-03-18 13:27:00,2011-03-18 13:27:00
17061.0,11,5232.2300000000005,1526,2011-04-21 13:29:00,2011-09-27 11:24:00
17062.0,6,1208.22,922,2010-09-26 11:57:00,2011-01-30 11:01:00
17063.0,13,3638.53,1899,2009-12-01 12:36:00,2011-11-18 16:19:00
17064.0,3,859.35,318,2011-01-16 16:10:00,2011-10-12 10:18:00
17065.0,2,194.7,82,2010-03-12 11:40:00,2010-03-12 11:41:00
17066.0,1,228.34,93,2009-12-13 13:24:00,2009-12-13 13:24:00
17067.0,3,454.54,322,2009-12-08 12:03:00,2009-12-15 08:39:00
17068.0,47,9161.08,4435,2010-03-28 14:26:00,2011-11-27 13:14:00
17069.0,14,5794.28,3333,2009-12-03 12:27:00,2011-11-11 17:13:00
17070.0,2,445.32,234,2010-10-25 15:57:00,2011-08-17 17:01:00
17071.0,13,3801.2000000000003,1935,2010-01-24 13:05:00,2011-11-11 16:31:00
17072.0,1,282.05,218,2010-03-24 16:33:00,2010-03-24 16:33:00
17073.0,4,1446.09,759,2011-08-22 14:37:00,2011-11-22 11:47:00
17074.0,1,203.05,19,2010-05-26 12:04:00,2010-05-26 12:04:00
17075.0,10,2241.73,787,2009-12-14 11:24:00,2011-11-22 11:58:00
17076.0,6,1242.75,514,2009-12-04 12:12:00,2011-11-03 17:53:00
17077.0,1,306.0,36,2010-05-10 16:36:00,2010-05-10 16:36:00
17078.0,2,378.2,788,2011-11-03 18:49:00,2011-11-03 19:17:00
17079.0,1,118.80000000000001,24,2011-09-22 15:34:00,2011-09-22 15:34:00
17080.0,7,957.53,569,2010-07-01 16:03:00,2011-11-17 12:59:00
17081.0,6,964.39,389,2010-02-22 13:19:00,2011-11-14 12:56:00
17082.0,6,4732.03,2526,2009-12-15 11:25:00,2011-11-06 15:17:00
17083.0,9,4049.79,1955,2010-02-09 11:46:00,2011-08-22 15:43:00
17084.0,3,5202.97,3292,2010-11-08 14:20:00,2011-11-04 14:54:00
17085.0,28,7891.41,3603,2009-12-06 12:16:00,2011-08-08 14:15:00
17086.0,6,2050.08,1859,2011-10-07 11:22:00,2011-12-02 13:54:00
17087.0,1,221.53,113,2009-12-02 10:41:00,2009-12-02 10:41:00
17088.0,4,1991.01,868,2011-03-31 09:48:00,2011-11-11 14:23:00
17089.0,1,128.45,35,2010-11-18 15:33:00,2010-11-18 15:33:00
17090.0,13,3149.48,1362,2010-07-19 16:02:00,2011-12-05 13:44:00
17091.0,19,7811.1,3845,2009-12-16 15:45:00,2011-12-07 10:43:00
17092.0,11,5594.96,3801,2010-02-02 16:42:00,2011-10-20 19:51:00
17093.0,1,235.88,114,2010-04-26 10:22:00,2010-04-26 10:22:00
17094.0,2,402.20000000000005,212,2010-10-12 10:48:00,2011-01-21 13:09:00
17095.0,7,2572.25,1695,2009-12-15 12:32:00,2011-11-17 12:21:00
17096.0,11,3759.18,1571,2010-06-02 14:48:00,2011-11-24 15:01:00
17097.0,9,1340.45,660,2010-10-05 14:09:00,2011-12-07 17:05:00
17098.0,3,591.0699999999999,125,2010-06-17 10:30:00,2010-11-23 12:13:00
17099.0,1,582.17,317,2010-06-24 16:25:00,2010-06-24 16:25:00
17100.0,2,971.74,800,2011-11-21 16:36:00,2011-11-21 16:36:00
17101.0,7,2507.05,1175,2010-06-07 15:12:00,2011-11-29 13:57:00
17102.0,1,25.5,2,2011-03-23 10:08:00,2011-03-23 10:08:00
17103.0,1,424.3,471,2009-12-17 14:08:00,2009-12-17 14:08:00
17104.0,1,474.03,149,2010-10-12 12:21:00,2010-10-12 12:21:00
17105.0,2,665.78,693,2011-02-06 14:46:00,2011-07-03 15:53:00
17106.0,1,491.23,156,2010-11-15 14:11:00,2010-11-15 14:11:00
17107.0,10,16075.42,7544,2010-01-31 15:47:00,2011-11-06 14:14:00
17108.0,1,174.95,31,2010-02-14 12:22:00,2010-02-14 12:22:00
17109.0,8,1295.46,789,2010-07-30 12:42:00,2011-11-10 16:59:00
17110.0,3,510.7,142,2010-04-08 13:32:00,2011-06-27 12:58:00
17111.0,2,476.58,601,2010-10-10 15:21:00,2011-10-23 15:59:00
17112.0,1,205.17,134,2010-07-25 11:14:00,2010-07-25 11:14:00
17113.0,6,2322.59,915,2010-01-11 10:14:00,2010-05-14 13:59:00
17114.0,8,808.62,219,2011-01-09 11:39:00,2011-12-04 12:17:00
17115.0,7,2761.4900000000002,885,2009-12-05 12:13:00,2011-12-01 14:30:00
17116.0,1,389.78,392,2010-03-01 16:29:00,2010-03-01 16:29:00
17117.0,1,116.19999999999999,68,2011-02-24 13:54:00,2011-02-24 13:54:00
17118.0,1,157.02,154,2011-01-26 12:19:00,2011-01-26 12:19:00
17119.0,2,606.91,334,2011-10-11 11:03:00,2011-12-06 14:40:00
17120.0,1,307.46,120,2011-04-20 15:21:00,2011-04-20 15:21:00
17121.0,1,314.74,106,2010-11-02 11:47:00,2010-11-02 11:47:00
17122.0,4,570.5,368,2010-07-28 09:34:00,2011-08-12 14:33:00
17123.0,3,977.17,676,2010-05-16 11:52:00,2011-07-01 10:47:00
17124.0,1,298.89,130,2011-06-07 14:02:00,2011-06-07 14:02:00
17125.0,1,259.35,291,2011-10-20 14:41:00,2011-10-20 14:41:00
17126.0,9,2070.44,1468,2010-08-31 13:41:00,2011-07-10 13:52:00
17127.0,5,1155.0300000000002,340,2009-12-04 15:18:00,2010-10-07 09:54:00
17128.0,1,157.09,76,2011-01-09 12:02:00,2011-01-09 12:02:00
17129.0,1,31.85,5,2010-07-07 13:46:00,2010-07-07 13:46:00
17131.0,5,2463.17,983,2011-09-25 12:42:00,2011-12-04 12:52:00
17132.0,2,1272.8,980,2010-08-08 13:49:00,2010-09-13 16:31:00
17133.0,12,14622.33,10107,2010-03-21 12:31:00,2011-11-24 12:27:00
17134.0,3,637.1,148,2010-09-23 18:32:00,2011-08-25 09:53:00
17135.0,10,1954.16,1922,2010-05-09 16:03:00,2011-11-23 16:48:00
17136.0,1,231.68,256,2010-02-15 13:13:00,2010-02-15 13:13:00
17137.0,6,1133.63,697,2010-01-31 12:27:00,2010-10-19 14:51:00
17138.0,7,4417.27,2024,2010-02-04 14:19:00,2011-03-09 11:54:00
17139.0,25,19584.46,9859,2010-01-11 11:31:00,2011-11-24 10:12:00
17140.0,1,465.32,302,2011-04-06 13:33:00,2011-04-06 13:33:00
17141.0,4,754.33,436,2010-01-24 14:19:00,2010-10-17 14:54:00
17142.0,4,1283.75,323,2010-01-24 15:23:00,2011-04-14 18:22:00
17143.0,2,924.11,330,2010-07-12 13:26:00,2010-10-18 15:27:00
17144.0,2,984.57,483,2011-09-16 12:50:00,2011-12-08 17:57:00
17145.0,4,3120.91,2591,2010-02-19 12:07:00,2010-07-15 09:02:00
17146.0,13,5860.24,2192,2010-02-02 09:39:00,2011-08-26 12:44:00
17147.0,9,3199.95,1308,2010-01-11 09:38:00,2011-11-17 12:32:00
17148.0,1,124.88,82,2011-10-19 09:59:00,2011-10-19 09:59:00
17149.0,1,143.10000000000002,18,2010-09-14 14:56:00,2010-09-14 14:56:00
17150.0,6,1375.65,403,2009-12-06 10:51:00,2010-11-28 11:27:00
17151.0,1,231.90000000000003,42,2009-12-04 14:56:00,2009-12-04 14:56:00
17152.0,4,2016.5,577,2010-10-10 12:40:00,2011-05-29 12:19:00
17153.0,1,213.78,104,2011-11-15 13:42:00,2011-11-15 13:42:00
17154.0,1,329.34,490,2011-09-25 13:42:00,2011-09-25 13:42:00
17155.0,7,892.46,987,2009-12-03 11:34:00,2011-11-22 12:38:00
17156.0,1,591.87,391,2010-08-05 11:30:00,2010-08-05 11:30:00
17157.0,19,5151.9,2092,2009-12-04 13:00:00,2011-12-02 09:10:00
17158.0,5,1980.0,1147,2010-03-07 15:50:00,2011-11-07 15:15:00
17159.0,5,2099.59,1348,2010-03-04 14:53:00,2011-11-18 10:52:00
17160.0,17,10209.16,8390,2009-12-04 10:57:00,2011-11-08 14:05:00
17161.0,1,856.01,537,2010-09-21 16:44:00,2010-09-21 16:44:00
17162.0,10,1715.46,1001,2011-02-07 12:27:00,2011-11-11 11:34:00
17163.0,4,699.78,531,2010-02-02 10:39:00,2011-11-18 08:57:00
17164.0,7,2467.35,1501,2011-03-11 14:26:00,2011-11-07 09:14:00
17165.0,6,1794.32,788,2009-12-11 09:18:00,2011-02-28 16:39:00
17166.0,2,206.34,78,2011-05-20 08:18:00,2011-11-01 09:46:00
17167.0,3,867.11,429,2010-09-20 14:02:00,2010-11-25 10:05:00
17168.0,1,400.2,220,2010-07-29 12:33:00,2010-07-29 12:33:00
17169.0,3,1156.73,671,2010-05-10 13:00:00,2011-10-13 10:25:00
17170.0,2,178.68,152,2010-11-15 16:23:00,2010-11-30 15:55:00
17171.0,2,384.59,225,2010-02-16 12:02:00,2011-02-23 16:37:00
17172.0,3,956.5699999999999,1215,2009-12-13 11:46:00,2011-09-22 09:36:00
17173.0,8,3766.6,1122,2011-07-31 15:26:00,2011-12-04 14:40:00
17174.0,1,59.9,41,2011-05-06 11:47:00,2011-05-06 11:47:00
17175.0,4,1443.69,866,2011-02-16 14:56:00,2011-10-26 15:31:00
17176.0,3,902.3199999999999,576,2010-01-31 15:49:00,2011-05-22 12:41:00
17177.0,1,119.5,40,2010-07-22 14:53:00,2010-07-22 14:53:00
17178.0,1,436.71,101,2009-12-08 16:20:00,2009-12-08 16:20:00
17179.0,6,1507.26,625,2010-05-26 11:22:00,2011-06-14 16:48:00
17180.0,11,2256.98,1828,2010-01-21 17:43:00,2011-10-14 15:46:00
17181.0,3,465.37,484,2010-04-23 11:21:00,2011-10-13 14:48:00
17182.0,2,321.3,54,2009-12-21 15:22:00,2010-10-13 10:09:00
17183.0,6,3347.31,1296,2011-08-26 15:25:00,2011-12-02 10:07:00
17184.0,2,198.41000000000003,73,2009-12-09 14:17:00,2010-05-19 14:24:00
17185.0,3,229.46,119,2010-04-20 13:49:00,2010-04-27 12:15:00
17186.0,2,144.0,200,2011-10-10 12:52:00,2011-10-24 10:20:00
17187.0,2,467.71,426,2010-07-01 14:38:00,2011-04-27 12:39:00
17188.0,13,4592.93,2569,2009-12-08 19:16:00,2011-11-28 13:53:00
17189.0,5,957.63,604,2009-12-02 11:45:00,2011-08-25 19:39:00
17190.0,7,1743.04,2225,2010-03-05 13:21:00,2011-10-12 11:33:00
17191.0,15,4836.05,2536,2009-12-01 16:34:00,2011-11-11 16:58:00
17192.0,1,77.83,46,2010-06-21 16:07:00,2010-06-21 16:07:00
17193.0,9,2310.04,1668,2009-12-02 10:02:00,2011-11-04 12:47:00
17194.0,3,812.5,420,2010-06-27 13:16:00,2011-03-11 12:05:00
17195.0,1,562.98,486,2010-02-22 13:05:00,2010-02-22 13:05:00
17196.0,1,352.9,168,2010-10-08 11:31:00,2010-10-08 11:31:00
17197.0,1,1013.01,191,2011-11-10 10:32:00,2011-11-10 10:32:00
17198.0,3,1213.88,599,2010-12-03 14:54:00,2011-11-16 10:39:00
17199.0,1,145.12,304,2010-05-06 13:53:00,2010-05-06 13:53:00
17200.0,4,356.71,367,2010-02-25 13:23:00,2010-11-17 13:04:00
17201.0,4,1242.04,1075,2010-02-10 12:26:00,2011-10-17 11:55:00
17202.0,1,160.65,55,2010-10-15 11:25:00,2010-10-15 11:25:00
17203.0,10,5575.88,4606,2010-11-16 12:52:00,2011-11-04 12:27:00
17204.0,9,5504.6900000000005,2651,2010-06-10 11:37:00,2011-06-17 14:46:00
17205.0,3,999.35,2214,2010-05-24 15:36:00,2011-10-17 12:46:00
17206.0,1,204.24,76,2011-10-17 13:25:00,2011-10-17 13:25:00
17207.0,1,303.21999999999997,241,2010-02-25 19:08:00,2010-02-25 19:08:00
17208.0,1,115.35,103,2010-11-09 12:50:00,2010-11-09 12:50:00
17209.0,3,611.6,731,2009-12-03 11:10:00,2010-02-28 16:01:00
17210.0,1,253.37,243,2010-11-12 12:15:00,2010-11-12 12:15:00
17211.0,13,4046.65,2345,2009-12-13 13:17:00,2011-11-13 12:03:00
17212.0,3,794.41,727,2010-08-10 09:22:00,2011-03-31 19:42:00
17213.0,13,5182.3,2179,2009-12-15 10:28:00,2011-10-30 14:53:00
17214.0,6,1069.1200000000001,276,2010-12-15 15:14:00,2011-10-10 13:17:00
17215.0,1,186.15,104,2010-09-01 13:39:00,2010-09-01 13:39:00
17216.0,1,65.05,22,2010-06-03 13:03:00,2010-06-03 13:03:00
17217.0,2,218.0,95,2010-03-30 13:35:00,2011-04-19 17:19:00
17218.0,18,4192.68,2200,2010-01-25 16:12:00,2011-12-05 13:52:00
17219.0,2,259.13,188,2010-10-19 11:29:00,2011-11-08 11:25:00
17220.0,21,4481.75,2699,2010-01-20 11:57:00,2011-11-15 13:47:00
17221.0,5,978.52,715,2010-04-11 15:34:00,2011-12-02 13:35:00
17222.0,6,1605.01,863,2010-01-10 15:24:00,2011-10-05 13:58:00
17223.0,3,873.53,222,2010-11-29 17:19:00,2011-02-02 15:57:00
17224.0,1,100.86,65,2010-07-26 13:30:00,2010-07-26 13:30:00
17225.0,1,131.15,36,2010-05-07 11:38:00,2010-05-07 11:38:00
17226.0,3,900.12,855,2010-02-12 14:31:00,2011-02-04 11:52:00
17227.0,12,2022.03,1774,2010-01-15 15:05:00,2011-11-21 10:51:00
17228.0,13,3177.24,2568,2010-03-12 11:54:00,2011-11-24 10:24:00
17229.0,2,318.76,185,2011-07-20 12:38:00,2011-09-04 13:56:00
17230.0,18,9924.95,3903,2009-12-08 13:41:00,2011-03-20 16:12:00
17231.0,25,7197.04,3738,2009-12-07 16:38:00,2011-11-27 15:18:00
17232.0,2,421.52,203,2011-11-25 12:24:00,2011-12-07 12:21:00
17233.0,3,560.86,298,2009-12-15 12:03:00,2011-11-04 14:06:00
17234.0,1,149.89000000000001,55,2011-06-10 11:20:00,2011-06-10 11:20:00
17235.0,8,1904.8799999999999,971,2010-06-04 17:01:00,2011-11-14 15:51:00
17236.0,12,1929.26,804,2010-03-07 13:00:00,2011-11-27 12:00:00
17237.0,4,1002.08,415,2010-11-23 11:45:00,2011-11-28 15:02:00
17238.0,32,7783.1,3720,2009-12-01 10:59:00,2011-12-07 11:35:00
17239.0,4,1189.45,515,2010-07-01 10:53:00,2011-01-31 09:41:00
17240.0,1,130.6,108,2010-04-22 15:44:00,2010-04-22 15:44:00
17241.0,12,2744.14,865,2010-02-15 14:47:00,2010-11-19 13:01:00
17242.0,5,2889.28,1459,2010-01-24 10:27:00,2011-08-23 14:55:00
17243.0,69,20889.86,8198,2009-12-01 15:36:00,2011-12-08 13:26:00
17244.0,5,1826.04,1419,2009-12-06 11:27:00,2011-10-17 15:19:00
17245.0,2,371.63,307,2010-01-19 15:39:00,2011-05-19 10:43:00
17246.0,2,38.92,36,2009-12-01 17:45:00,2010-06-11 12:36:00
17247.0,1,282.19,106,2011-11-24 15:21:00,2011-11-24 15:21:00
17248.0,2,546.16,292,2010-08-15 11:55:00,2011-08-11 13:34:00
17249.0,1,68.03,79,2010-10-07 11:33:00,2010-10-07 11:33:00
17250.0,2,384.52,168,2011-03-23 16:45:00,2011-12-06 12:15:00
17251.0,3,812.4300000000001,379,2009-12-15 10:36:00,2010-12-12 11:06:00
17252.0,2,353.86,193,2011-06-06 16:41:00,2011-08-15 09:45:00
17253.0,1,178.26,43,2011-11-21 12:59:00,2011-11-21 12:59:00
17254.0,3,470.73,398,2010-11-03 14:00:00,2011-12-05 12:46:00
17255.0,4,799.13,594,2010-09-19 15:53:00,2011-10-30 12:18:00
17256.0,5,498.93,299,2010-04-18 13:40:00,2011-08-24 13:30:00
17257.0,2,192.73,188,2010-09-29 12:49:00,2010-09-29 12:51:00
17258.0,2,417.3,188,2010-02-12 15:51:00,2010-11-08 12:37:00
17259.0,6,1889.34,1158,2010-02-22 13:38:00,2011-07-14 15:01:00
17260.0,1,120.95,23,2010-10-24 13:21:00,2010-10-24 13:21:00
17261.0,1,230.44,98,2010-07-18 11:49:00,2010-07-18 11:49:00
17262.0,11,2757.62,709,2009-12-15 11:26:00,2011-10-18 12:56:00
17263.0,1,63.440000000000005,36,2011-05-15 14:32:00,2011-05-15 14:32:00
17264.0,1,279.59,227,2010-10-11 12:52:00,2010-10-11 12:52:00
17265.0,2,562.9,394,2011-06-12 12:00:00,2011-07-24 10:49:00
17266.0,5,517.73,252,2010-03-09 10:42:00,2011-12-07 14:12:00
17267.0,2,317.62,159,2011-08-04 17:19:00,2011-08-04 17:22:00
17268.0,11,1733.8899999999999,1395,2009-12-08 11:46:00,2011-08-24 10:06:00
17269.0,1,537.46,336,2010-11-19 11:12:00,2010-11-19 11:12:00
17270.0,2,604.4,421,2009-12-07 17:18:00,2010-08-27 14:09:00
17271.0,1,210.39,117,2009-12-03 13:49:00,2009-12-03 13:49:00
17272.0,4,2148.63,1778,2011-03-22 12:05:00,2011-10-28 16:37:00
17273.0,1,141.12,133,2010-10-11 15:57:00,2010-10-11 15:57:00
17274.0,2,577.38,273,2010-11-09 12:06:00,2011-11-04 13:16:00
17275.0,1,114.52,72,2010-11-21 13:26:00,2010-11-21 13:26:00
17276.0,1,508.39,189,2010-11-02 16:20:00,2010-11-02 16:20:00
17277.0,2,1065.3500000000001,430,2011-01-21 12:37:00,2011-04-26 12:47:00
17278.0,2,271.24,195,2010-05-23 13:49:00,2011-04-12 13:10:00
17279.0,1,187.82999999999998,48,2011-10-13 11:58:00,2011-10-13 11:58:00
17280.0,1,118.85999999999999,74,2010-09-27 16:46:00,2010-09-27 16:46:00
17281.0,6,797.8499999999999,295,2010-02-04 13:00:00,2010-11-30 18:05:00
17282.0,5,2339.66,2351,2010-06-09 12:07:00,2011-08-01 14:29:00
17283.0,1,188.46,179,2010-11-26 11:53:00,2010-11-26 11:53:00
17284.0,8,2793.16,2071,2010-09-20 16:18:00,2011-10-10 14:38:00
17285.0,2,428.34,140,2010-02-14 14:10:00,2010-03-21 13:38:00
17286.0,3,395.48,371,2010-11-04 13:43:00,2011-11-18 12:47:00
17287.0,21,4111.96,2101,2009-12-03 12:45:00,2011-11-13 13:27:00
17288.0,11,2499.98,1706,2010-11-10 14:44:00,2011-11-30 16:09:00
17289.0,9,2079.39,1260,2010-03-08 12:52:00,2011-11-08 12:01:00
17290.0,8,1501.44,1147,2009-12-13 13:28:00,2011-12-06 12:38:00
17291.0,1,550.8000000000001,72,2011-02-04 13:04:00,2011-02-04 13:04:00
17292.0,2,271.75,131,2010-05-09 14:52:00,2010-08-24 17:14:00
17293.0,17,3774.23,2234,2009-12-03 15:09:00,2011-12-01 14:37:00
17294.0,2,467.78999999999996,297,2010-02-08 14:21:00,2010-02-08 16:12:00
17295.0,3,556.95,294,2011-10-06 12:22:00,2011-11-11 10:49:00
17296.0,1,338.13,216,2009-12-09 14:01:00,2009-12-09 14:01:00
17297.0,1,131.78,67,2011-11-22 14:43:00,2011-11-22 14:43:00
17298.0,5,957.5600000000001,854,2010-03-08 08:56:00,2011-08-30 16:43:00
17299.0,6,1016.08,934,2010-08-15 16:00:00,2011-11-28 12:01:00
17300.0,2,393.64,467,2010-08-15 11:02:00,2010-11-14 10:56:00
17301.0,2,330.43,229,2010-03-25 13:16:00,2011-11-18 13:43:00
17302.0,5,1135.63,575,2011-02-07 10:14:00,2011-11-25 09:36:00
17303.0,1,250.04,144,2010-12-13 13:32:00,2010-12-13 13:32:00
17304.0,1,111.5,73,2010-06-23 16:23:00,2010-06-23 16:23:00
17305.0,1,2135.46,1006,2010-03-01 12:47:00,2010-03-01 12:47:00
17306.0,21,9782.35,13747,2010-11-01 11:38:00,2011-11-29 12:14:00
17307.0,11,3999.8900000000003,3667,2010-01-19 16:38:00,2010-11-09 13:40:00
17308.0,2,4511.76,5148,2010-09-13 09:35:00,2010-11-11 13:19:00
17309.0,3,330.59000000000003,193,2010-02-04 15:49:00,2011-09-05 15:20:00
17310.0,2,1025.1,402,2010-06-23 11:38:00,2010-11-17 16:00:00
17311.0,6,3566.56,2755,2010-02-03 12:38:00,2011-09-22 14:11:00
17312.0,3,644.3,372,2011-07-03 13:12:00,2011-07-24 11:52:00
17313.0,1,2328.84,1402,2011-11-08 15:45:00,2011-11-08 15:45:00
17314.0,17,4904.43,3663,2009-12-03 11:25:00,2011-11-15 09:41:00
17315.0,43,9650.6,5124,2010-09-27 12:45:00,2011-12-08 12:15:00
17316.0,1,124.45,44,2010-10-15 14:35:00,2010-10-15 14:35:00
17317.0,3,2600.34,1146,2011-09-11 12:45:00,2011-10-24 17:19:00
17318.0,1,164.28,60,2009-12-14 13:11:00,2009-12-14 13:11:00
17319.0,1,29.1,14,2010-02-08 15:47:00,2010-02-08 15:47:00
17320.0,6,2895.77,1392,2010-01-21 16:29:00,2011-08-31 13:31:00
17321.0,6,1741.18,817,2010-05-11 12:10:00,2011-12-01 13:41:00
17322.0,5,922.59,631,2009-12-03 11:46:00,2010-11-28 14:41:00
17323.0,12,1565.59,1442,2010-01-10 11:58:00,2011-11-24 17:29:00
17324.0,12,2301.87,1537,2009-12-18 15:29:00,2011-11-22 10:34:00
17325.0,3,609.5699999999999,465,2010-03-08 11:31:00,2011-03-04 13:09:00
17326.0,2,321.95,140,2010-06-28 14:05:00,2010-10-27 15:38:00
17327.0,2,152.35,59,2010-05-26 11:20:00,2010-10-26 09:54:00
17328.0,1,104.7,86,2010-02-04 17:11:00,2010-02-04 17:11:00
17329.0,5,1004.4300000000001,432,2009-12-03 16:09:00,2011-11-25 14:24:00
17330.0,4,423.8,122,2010-03-02 09:20:00,2011-11-17 08:56:00
17331.0,1,175.2,16,2011-08-08 11:55:00,2011-08-08 11:55:00
17332.0,5,838.27,794,2010-02-21 14:41:00,2010-06-29 16:10:00
17333.0,1,494.25,375,2011-09-15 10:11:00,2011-09-15 10:11:00
17334.0,3,635.15,566,2010-10-29 12:16:00,2011-02-10 14:59:00
17335.0,2,508.0,216,2010-01-24 11:15:00,2010-11-21 10:17:00
17336.0,1,81.12,48,2010-08-24 15:37:00,2010-08-24 15:37:00
17337.0,4,2027.8700000000001,1269,2011-02-02 17:06:00,2011-07-11 14:55:00
17338.0,17,12142.57,5879,2010-03-10 16:09:00,2011-11-22 14:23:00
17339.0,3,362.36,188,2010-07-18 13:08:00,2011-09-06 13:29:00
17340.0,18,22404.82,11210,2010-02-14 14:54:00,2011-11-10 10:45:00
17341.0,5,1889.83,1169,2010-06-17 18:17:00,2011-07-06 12:33:00
17342.0,4,1227.54,521,2010-02-08 09:16:00,2010-11-25 11:07:00
17343.0,6,1259.94,454,2009-12-03 18:30:00,2010-12-19 15:07:00
17344.0,2,468.11,213,2009-12-11 12:31:00,2011-10-24 12:56:00
17345.0,10,1604.68,2013,2009-12-01 16:17:00,2011-11-24 15:03:00
17346.0,26,5323.0,3653,2010-04-18 12:18:00,2011-12-06 12:18:00
17347.0,1,228.96,216,2011-09-14 13:12:00,2011-09-14 13:12:00
17348.0,9,2476.41,2793,2010-03-10 12:13:00,2011-11-25 11:25:00
17349.0,5,852.25,840,2010-03-18 14:26:00,2011-06-13 14:29:00
17350.0,7,1906.041,1216,2010-02-01 15:38:00,2011-12-01 15:47:00
17351.0,12,1988.23,383,2009-12-10 18:43:00,2011-11-03 18:45:00
17352.0,1,36.25,15,2010-01-12 16:13:00,2010-01-12 16:13:00
17353.0,4,3242.0,2168,2010-03-25 12:52:00,2011-08-02 17:19:00
17354.0,4,3143.46,2535,2010-10-07 13:22:00,2011-10-20 10:34:00
17355.0,1,285.11,257,2010-11-18 13:18:00,2010-11-18 13:18:00
17356.0,5,946.47,925,2010-01-20 12:14:00,2011-02-01 11:07:00
17357.0,2,388.14,153,2011-11-15 16:29:00,2011-11-15 16:30:00
17358.0,5,866.05,442,2010-02-24 16:42:00,2011-02-09 16:57:00
17359.0,2,284.46,237,2010-03-01 14:48:00,2011-11-28 14:37:00
17360.0,6,1231.3799999999999,636,2010-10-01 12:07:00,2011-11-22 13:11:00
17361.0,5,880.64,383,2010-02-01 14:30:00,2011-10-21 15:43:00
17362.0,7,1024.04,549,2010-01-06 10:53:00,2011-04-14 14:43:00
17363.0,3,940.86,523,2010-11-02 17:25:00,2010-11-09 17:11:00
17364.0,28,12070.42,7513,2009-12-07 15:28:00,2011-12-09 09:00:00
17365.0,15,8224.98,8056,2010-02-01 11:56:00,2011-11-27 12:13:00
17366.0,2,1096.24,510,2010-09-09 19:46:00,2010-10-03 16:04:00
17367.0,1,168.4,150,2011-04-15 14:21:00,2011-04-15 14:21:00
17368.0,14,2826.14,2343,2009-12-15 17:45:00,2011-11-16 15:26:00
17369.0,1,979.1999999999999,1152,2010-09-10 09:49:00,2010-09-10 09:49:00
17370.0,4,446.18,540,2011-06-23 11:50:00,2011-09-28 10:14:00
17371.0,6,662.55,283,2009-12-08 12:25:00,2011-11-22 13:30:00
17372.0,28,4377.56,1876,2009-12-03 18:41:00,2011-10-30 11:37:00
17373.0,7,1167.5,738,2010-02-28 14:17:00,2011-10-30 15:28:00
17374.0,3,727.11,155,2010-11-09 17:14:00,2011-05-05 09:05:00
17375.0,4,660.55,480,2010-10-04 09:14:00,2011-05-24 15:45:00
17376.0,4,453.64,244,2010-07-05 11:11:00,2011-09-30 12:36:00
17377.0,78,18319.41,7589,2009-12-02 12:39:00,2011-11-16 11:17:00
17378.0,1,10.95,1,2010-11-30 18:46:00,2010-11-30 18:46:00
17379.0,1,404.66,663,2011-11-28 13:56:00,2011-11-28 13:56:00
17380.0,3,645.0,252,2010-06-23 11:24:00,2010-10-01 16:42:00
17381.0,38,40002.37,45767,2010-06-09 12:55:00,2011-12-01 11:59:00
17382.0,8,902.28,457,2010-05-19 11:33:00,2011-10-05 13:05:00
17383.0,2,309.99,162,2010-09-12 14:54:00,2011-12-05 17:36:00
17384.0,3,507.55,121,2010-08-29 16:01:00,2011-11-20 15:48:00
17385.0,1,261.11,201,2011-11-25 11:02:00,2011-11-25 11:02:00
17386.0,7,2812.77,1955,2010-11-19 13:40:00,2011-12-02 11:28:00
17387.0,2,784.11,542,2011-11-06 11:25:00,2011-11-20 11:00:00
17388.0,11,2691.57,2567,2009-12-10 11:45:00,2011-09-23 10:31:00
17389.0,61,57224.68,17882,2009-12-04 12:06:00,2011-12-09 09:38:00
17390.0,1,149.3,49,2010-10-15 11:29:00,2010-10-15 11:29:00
17391.0,2,508.8,480,2011-06-28 12:21:00,2011-06-29 09:58:00
17392.0,3,626.56,493,2010-09-15 16:17:00,2011-02-06 12:48:00
17393.0,2,381.15,238,2010-08-08 15:53:00,2010-10-25 11:10:00
17394.0,1,203.86999999999998,241,2011-05-04 13:22:00,2011-05-04 13:22:00
17395.0,1,97.5,66,2010-07-19 15:34:00,2010-07-19 15:34:00
17396.0,14,8807.1,2419,2010-09-24 13:04:00,2011-10-31 14:12:00
17397.0,3,1233.18,697,2010-10-19 13:20:00,2011-11-17 14:08:00
17398.0,3,653.38,310,2011-03-29 13:04:00,2011-08-17 09:48:00
17400.0,8,4677.05,2199,2009-12-17 15:41:00,2011-08-05 15:38:00
17401.0,1,114.85,34,2010-06-16 16:54:00,2010-06-16 16:54:00
17402.0,23,5096.18,1571,2009-12-16 17:40:00,2011-12-05 10:15:00
17403.0,2,400.57,194,2010-09-15 12:29:00,2011-11-03 15:18:00
17404.0,23,47781.12,50679,2010-01-07 11:31:00,2011-12-05 16:26:00
17405.0,3,1031.41,726,2011-07-12 14:17:00,2011-12-08 17:12:00
17406.0,13,4905.05,2124,2009-12-06 13:45:00,2011-01-10 15:07:00
17407.0,1,552.9,426,2010-10-24 11:57:00,2010-10-24 11:57:00
17408.0,3,316.09000000000003,163,2010-07-13 14:02:00,2011-06-29 12:53:00
17409.0,10,7793.51,4089,2009-12-11 12:17:00,2011-06-08 10:36:00
17410.0,5,1214.72,616,2011-05-08 15:21:00,2011-11-23 15:46:00
17411.0,5,1425.38,608,2009-12-03 12:02:00,2011-11-27 14:25:00
17412.0,16,4417.52,2604,2009-12-02 13:51:00,2011-12-07 11:36:00
17413.0,2,560.14,302,2010-05-19 11:11:00,2010-10-31 12:33:00
17414.0,6,2249.52,6256,2009-12-03 16:49:00,2011-10-27 12:13:00
17415.0,1,507.84,114,2011-09-21 12:50:00,2011-09-21 12:50:00
17416.0,22,17298.45,8769,2009-12-14 16:29:00,2011-11-10 12:47:00
17417.0,1,164.18,76,2010-06-09 10:00:00,2010-06-09 10:00:00
17418.0,3,670.0600000000001,521,2010-11-17 13:42:00,2011-10-28 13:00:00
17419.0,18,6500.52,3087,2010-01-25 13:19:00,2011-11-28 13:47:00
17420.0,6,1084.43,499,2010-11-03 13:09:00,2011-10-20 14:52:00
17421.0,3,1059.41,807,2009-12-04 15:43:00,2010-11-18 16:57:00
17422.0,11,3594.76,3538,2010-06-23 10:19:00,2011-11-23 13:27:00
17423.0,3,1118.95,790,2010-11-11 12:26:00,2011-10-24 13:36:00
17425.0,2,759.17,407,2011-10-10 11:37:00,2011-11-20 15:30:00
17426.0,13,8077.77,5187,2010-02-17 13:39:00,2011-12-01 18:07:00
17427.0,1,100.8,34,2011-09-29 11:29:00,2011-09-29 11:29:00
17428.0,45,31819.760000000002,17504,2009-12-01 17:28:00,2011-12-09 09:45:00
17429.0,5,1357.46,1286,2010-10-06 12:30:00,2011-08-03 13:22:00
17430.0,4,735.17,515,2010-08-17 11:52:00,2011-11-07 09:24:00
17431.0,1,403.3,292,2011-01-30 14:36:00,2011-01-30 14:36:00
17432.0,9,1751.39,1016,2009-12-03 19:13:00,2011-11-21 17:33:00
17433.0,2,569.96,305,2010-11-19 13:37:00,2011-09-12 14:24:00
17434.0,7,2373.82,1693,2011-09-15 13:54:00,2011-12-07 13:16:00
17435.0,1,331.35,195,2010-10-24 13:55:00,2010-10-24 13:55:00
17436.0,5,534.06,178,2009-12-07 12:31:00,2011-12-08 12:30:00
17437.0,1,373.17,284,2010-06-28 11:11:00,2010-06-28 11:11:00
17438.0,5,1422.77,553,2010-03-08 16:53:00,2011-03-31 10:26:00
17439.0,1,325.74,370,2010-02-22 12:48:00,2010-02-22 12:48:00
17440.0,4,323.58,282,2010-06-08 14:40:00,2011-07-06 11:54:00
17441.0,1,293.35,245,2009-12-07 13:32:00,2009-12-07 13:32:00
17442.0,15,4620.3,3134,2010-02-15 15:54:00,2011-11-03 09:17:00
17443.0,1,534.24,504,2011-05-04 10:47:00,2011-05-04 10:47:00
17444.0,3,2940.04,2119,2011-06-20 09:04:00,2011-07-15 12:05:00
17446.0,2,120.9,198,2011-02-02 14:40:00,2011-06-16 10:42:00
17447.0,2,541.53,443,2011-09-29 10:10:00,2011-10-30 14:18:00
17448.0,46,14556.97,11548,2010-03-04 17:29:00,2010-07-30 14:07:00
17449.0,13,4951.15,2535,2009-12-09 14:16:00,2011-12-07 16:56:00
17450.0,51,246973.09,84720,2010-09-27 16:59:00,2011-12-01 13:29:00
17451.0,7,1721.4,1203,2011-08-26 11:54:00,2011-12-08 15:02:00
17453.0,2,486.71999999999997,219,2011-10-06 17:02:00,2011-11-22 09:42:00
17454.0,10,1547.94,727,2010-01-15 15:40:00,2011-05-31 13:58:00
17455.0,1,131.7,66,2011-05-20 12:31:00,2011-05-20 12:31:00
17456.0,2,1225.42,730,2010-09-09 15:28:00,2010-12-09 15:23:00
17457.0,14,5984.8099999999995,2695,2009-12-07 14:52:00,2011-08-05 12:48:00
17458.0,2,529.58,282,2010-11-23 11:43:00,2011-11-24 13:01:00
17459.0,2,657.3,537,2011-10-10 17:00:00,2011-10-27 13:25:00
17460.0,16,2228.27,980,2010-01-22 13:25:00,2011-09-06 15:04:00
17461.0,3,757.46,799,2011-11-10 12:01:00,2011-11-17 10:21:00
17462.0,2,675.69,227,2011-02-28 17:01:00,2011-10-10 13:56:00
17463.0,7,2557.91,1490,2010-04-29 17:57:00,2011-11-23 13:40:00
17464.0,3,1000.94,652,2010-03-30 13:15:00,2011-07-04 13:19:00
17465.0,7,2542.79,1477,2009-12-03 13:25:00,2010-10-10 11:56:00
17466.0,2,763.28,306,2011-09-22 09:16:00,2011-11-29 13:15:00
17467.0,1,102.6,20,2010-11-09 12:58:00,2010-11-09 12:58:00
17468.0,3,194.8,184,2010-11-29 17:25:00,2011-11-29 15:33:00
17469.0,17,5051.25,2304,2009-12-16 15:06:00,2011-11-23 13:15:00
17470.0,11,2804.87,2843,2010-07-19 16:16:00,2011-10-26 12:42:00
17471.0,1,321.65000000000003,153,2010-08-22 11:53:00,2010-08-22 11:53:00
17472.0,4,935.1,558,2010-03-21 13:27:00,2011-06-01 14:57:00
17473.0,2,607.0,270,2010-09-09 19:03:00,2010-10-27 11:45:00
17474.0,1,1047.0,200,2010-04-19 10:43:00,2010-04-19 10:43:00
17475.0,1,194.37,178,2011-09-21 14:55:00,2011-09-21 14:55:00
17476.0,2,489.86,224,2009-12-02 12:09:00,2010-11-09 10:21:00
17477.0,2,1144.3,225,2010-03-02 11:53:00,2010-04-06 10:06:00
17478.0,2,1272.8,516,2010-03-16 14:19:00,2010-10-27 15:01:00
17479.0,1,389.26000000000005,266,2010-03-17 09:26:00,2010-03-17 09:26:00
17480.0,2,902.03,593,2010-09-21 12:31:00,2011-09-23 11:39:00
17481.0,4,1255.59,1061,2011-09-07 09:57:00,2011-12-06 12:28:00
17482.0,2,778.19,241,2010-05-10 14:10:00,2010-08-09 15:33:00
17483.0,4,591.73,265,2010-10-21 12:43:00,2011-10-05 13:10:00
17484.0,2,209.57,339,2010-03-25 16:17:00,2010-05-12 15:41:00
17486.0,1,396.87,191,2011-03-23 14:00:00,2011-03-23 14:00:00
17487.0,1,160.55,37,2009-12-11 15:06:00,2009-12-11 15:06:00
17488.0,1,336.5,136,2010-03-08 14:07:00,2010-03-08 14:07:00
17489.0,2,376.64,428,2011-05-11 11:34:00,2011-10-12 08:56:00
17490.0,9,2750.5,1531,2010-05-19 12:40:00,2011-12-09 09:08:00
17491.0,17,5981.07,3630,2010-04-28 11:57:00,2011-12-08 16:18:00
17492.0,3,1122.42,450,2010-07-09 13:27:00,2011-04-05 15:21:00
17493.0,1,100.91000000000001,62,2010-11-19 16:57:00,2010-11-19 16:57:00
17494.0,1,54.699999999999996,26,2010-07-26 10:06:00,2010-07-26 10:06:00
17495.0,3,806.72,367,2010-11-14 11:50:00,2011-12-02 12:08:00
17496.0,4,1412.89,675,2010-01-14 13:36:00,2010-12-16 08:39:00
17497.0,2,287.25,59,2010-04-08 08:01:00,2010-11-14 14:17:00
17498.0,1,272.22,394,2011-09-25 12:25:00,2011-09-25 12:25:00
17499.0,2,1341.39,1086,2010-05-27 09:59:00,2011-02-23 09:14:00
17500.0,3,1138.0,17,2011-11-10 09:08:00,2011-11-22 14:25:00
17501.0,2,288.6,160,2011-05-03 09:46:00,2011-05-03 09:47:00
17502.0,4,689.1,376,2011-11-10 16:39:00,2011-11-30 13:13:00
17503.0,2,558.96,486,2011-11-01 11:12:00,2011-12-07 09:18:00
17504.0,18,9565.12,5517,2010-02-08 09:22:00,2011-05-17 12:59:00
17505.0,5,2435.48,1242,2010-04-13 16:33:00,2011-07-01 12:50:00
17506.0,1,302.2,139,2011-09-25 11:39:00,2011-09-25 11:39:00
17507.0,2,605.58,359,2011-02-03 18:08:00,2011-03-23 11:48:00
17508.0,8,4579.23,2891,2009-12-07 11:46:00,2011-03-04 08:10:00
17509.0,8,6115.14,3534,2011-10-07 13:14:00,2011-10-13 10:26:00
17510.0,2,514.56,422,2010-10-15 10:20:00,2011-11-15 10:00:00
17511.0,60,175603.55,119656,2009-12-02 10:52:00,2011-12-07 10:12:00
17512.0,18,5467.820000000001,5434,2009-12-10 19:35:00,2011-11-11 12:11:00
17513.0,3,1158.8,440,2010-08-17 15:08:00,2011-09-28 16:42:00
17514.0,2,542.83,295,2010-02-08 14:00:00,2011-08-03 15:45:00
17515.0,9,1617.46,528,2010-06-07 13:29:00,2011-11-08 14:04:00
17516.0,6,957.55,527,2010-11-26 12:50:00,2011-11-24 16:51:00
17517.0,1,153.94,102,2011-02-04 11:48:00,2011-02-04 11:48:00
17518.0,2,329.42,267,2010-03-28 13:31:00,2010-10-10 12:40:00
17519.0,15,5109.47,3414,2009-12-01 09:57:00,2011-11-22 16:43:00
17520.0,1,546.81,365,2011-10-17 12:04:00,2011-10-17 12:04:00
17521.0,5,1278.06,806,2010-10-01 11:49:00,2011-11-10 11:22:00
17522.0,5,1070.71,1034,2011-05-05 16:31:00,2011-12-08 12:31:00
17523.0,4,652.74,872,2011-11-20 13:40:00,2011-11-28 13:20:00
17524.0,3,539.14,362,2010-09-27 16:20:00,2010-12-13 14:32:00
17525.0,3,1161.9,338,2010-10-07 09:12:00,2010-12-15 12:05:00
17526.0,12,4166.04,1482,2009-12-17 16:18:00,2011-12-05 11:05:00
17527.0,4,939.37,488,2011-05-05 13:43:00,2011-10-17 12:32:00
17528.0,8,3628.5,2138,2011-09-29 13:04:00,2011-12-08 13:27:00
17529.0,2,1240.25,790,2010-01-11 12:29:00,2010-04-08 17:51:00
17530.0,12,3141.51,1965,2009-12-06 16:17:00,2011-12-08 18:42:00
17531.0,3,1266.82,472,2010-03-31 12:57:00,2011-06-02 19:17:00
17532.0,1,65.34,30,2010-11-19 08:13:00,2010-11-19 08:13:00
17533.0,1,34.8,24,2010-10-01 09:14:00,2010-10-01 09:14:00
17534.0,5,1668.83,860,2010-02-25 16:55:00,2011-10-17 12:47:00
17535.0,1,164.4,136,2011-03-04 15:20:00,2011-03-04 15:20:00
17536.0,3,364.83,201,2010-01-26 12:00:00,2011-06-15 13:23:00
17537.0,2,897.62,700,2011-02-09 13:37:00,2011-11-10 10:56:00
17538.0,1,98.42,134,2011-11-14 12:12:00,2011-11-14 12:12:00
17539.0,4,1226.57,747,2009-12-13 12:36:00,2010-04-01 12:07:00
17540.0,6,1590.6000000000001,588,2010-04-19 09:47:00,2011-11-15 11:56:00
17541.0,1,124.46,46,2010-07-18 11:36:00,2010-07-18 11:36:00
17542.0,3,341.7,324,2010-03-08 12:08:00,2011-03-15 11:45:00
17543.0,1,120.05,62,2010-06-08 12:41:00,2010-06-08 12:41:00
17544.0,3,960.69,439,2010-11-14 14:47:00,2010-11-14 15:08:00
17545.0,6,1448.54,733,2010-05-11 10:04:00,2011-10-27 14:04:00
17547.0,2,727.85,223,2010-02-12 14:34:00,2010-11-29 09:41:00
17548.0,4,731.26,494,2010-11-08 16:19:00,2011-04-20 12:01:00
17549.0,2,148.86,210,2011-10-19 10:05:00,2011-11-16 09:59:00
17550.0,9,2547.64,989,2010-02-07 15:07:00,2011-05-26 14:09:00
17551.0,1,306.84,150,2010-12-15 14:12:00,2010-12-15 14:12:00
17552.0,12,3085.29,2095,2010-03-22 09:19:00,2011-10-10 17:00:00
17553.0,4,3757.6,2288,2010-04-08 09:44:00,2011-08-02 10:00:00
17554.0,5,1952.45,1763,2011-07-14 20:01:00,2011-12-08 14:15:00
17555.0,5,1057.74,747,2010-05-02 16:02:00,2011-11-20 12:22:00
17556.0,2,300.67,184,2010-11-25 17:00:00,2011-05-18 10:48:00
17557.0,4,575.46,310,2009-12-07 10:15:00,2011-11-25 12:57:00
17558.0,1,259.17,54,2010-11-11 14:36:00,2010-11-11 14:36:00
17559.0,1,167.62,270,2010-07-15 12:02:00,2010-07-15 12:02:00
17560.0,8,1895.8,1588,2010-02-17 12:11:00,2011-09-06 09:18:00
17561.0,4,722.34,396,2009-12-06 13:29:00,2011-11-20 12:53:00
17562.0,7,1122.38,817,2011-06-19 13:06:00,2011-11-25 14:21:00
17563.0,2,392.38,256,2010-04-07 10:02:00,2010-05-10 14:54:00
17564.0,3,454.01,146,2011-09-20 14:00:00,2011-11-15 13:27:00
17565.0,1,131.83,67,2010-05-02 11:54:00,2010-05-02 11:54:00
17566.0,2,901.21,518,2011-11-14 13:42:00,2011-12-01 19:54:00
17567.0,9,5356.03,3152,2010-09-24 10:48:00,2011-12-02 15:48:00
17568.0,1,382.79,283,2010-03-16 16:45:00,2010-03-16 16:45:00
17569.0,1,344.14,159,2011-01-11 14:15:00,2011-01-11 14:15:00
17570.0,1,100.0,1,2010-11-23 11:56:00,2010-11-23 11:56:00
17571.0,5,1703.75,1020,2010-06-15 12:50:00,2011-10-20 15:57:00
17572.0,10,723.01,351,2009-12-15 10:00:00,2011-09-29 17:53:00
17573.0,3,380.6,308,2011-09-07 10:36:00,2011-11-10 13:01:00
17574.0,1,185.65,77,2011-04-11 09:47:00,2011-04-11 09:47:00
17575.0,1,171.7,72,2010-02-10 13:48:00,2010-02-10 13:48:00
17576.0,41,9056.81,4740,2009-12-03 16:54:00,2011-12-01 17:56:00
17577.0,2,348.75,179,2010-02-09 10:10:00,2010-03-04 13:01:00
17578.0,7,1047.33,529,2010-06-28 11:55:00,2011-05-05 18:38:00
17579.0,4,753.28,375,2010-05-10 14:28:00,2011-12-05 12:28:00
17580.0,5,545.27,224,2010-10-13 14:28:00,2011-04-01 12:41:00
17581.0,43,18757.75,9972,2009-12-03 12:34:00,2011-12-09 12:21:00
17582.0,5,1450.7,606,2010-03-26 12:23:00,2011-04-17 13:18:00
17583.0,1,135.95,55,2010-05-28 14:24:00,2010-05-28 14:24:00
17584.0,6,5309.42,2464,2010-01-25 08:17:00,2011-12-02 17:12:00
17585.0,7,2093.3,2539,2010-08-18 16:39:00,2011-08-22 13:30:00
17586.0,1,167.4,68,2010-03-30 13:12:00,2010-03-30 13:12:00
17587.0,1,181.66,68,2010-03-21 14:16:00,2010-03-21 14:16:00
17588.0,7,2939.55,1379,2010-03-12 12:34:00,2011-08-31 13:37:00
17589.0,18,14049.87,8788,2010-03-07 13:48:00,2011-10-10 16:58:00
17590.0,3,1479.22,828,2011-10-30 14:05:00,2011-12-07 12:55:00
17591.0,8,2776.67,1173,2010-01-17 16:09:00,2011-09-27 13:42:00
17592.0,1,148.3,38,2009-12-01 10:49:00,2009-12-01 10:49:00
17593.0,11,8095.8,5607,2009-12-04 14:35:00,2011-12-06 10:30:00
17594.0,4,2497.88,1368,2010-04-14 08:53:00,2011-09-15 16:34:00
17595.0,2,388.79,229,2011-11-02 16:19:00,2011-11-27 16:08:00
17596.0,13,4920.67,7619,2009-12-15 13:21:00,2011-11-16 14:11:00
17597.0,5,3484.09,2215,2010-05-05 15:33:00,2011-05-10 11:54:00
17598.0,1,409.98,126,2010-11-23 17:43:00,2010-11-23 17:43:00
17599.0,1,52.05,11,2010-08-19 12:50:00,2010-08-19 12:50:00
17600.0,1,161.67000000000002,144,2011-11-22 09:43:00,2011-11-22 09:43:00
17601.0,2,421.48,299,2010-11-24 14:29:00,2011-04-14 18:02:00
17602.0,14,7451.13,5936,2010-03-30 17:25:00,2011-12-07 13:53:00
17603.0,4,1793.48,640,2009-12-10 09:44:00,2011-09-22 14:18:00
17604.0,6,945.9300000000001,616,2010-01-27 12:19:00,2011-05-06 13:43:00
17605.0,1,160.75,71,2010-04-28 14:45:00,2010-04-28 14:45:00
17606.0,1,87.30000000000001,42,2009-12-02 13:32:00,2009-12-02 13:32:00
17607.0,1,333.81,269,2010-11-28 13:11:00,2010-11-28 13:11:00
17608.0,4,498.53,539,2010-04-11 13:37:00,2011-11-06 13:06:00
17609.0,11,1894.34,1325,2010-04-09 16:54:00,2011-10-30 12:28:00
17610.0,5,1529.49,902,2009-12-06 16:07:00,2010-06-17 16:34:00
17611.0,28,8371.98,5356,2009-12-01 13:29:00,2011-12-02 13:29:00
17612.0,18,5394.86,3521,2009-12-17 11:59:00,2011-10-17 14:59:00
17613.0,14,4559.150000000001,2496,2011-02-07 11:20:00,2011-11-17 10:51:00
17614.0,1,390.07,238,2011-10-13 16:01:00,2011-10-13 16:01:00
17615.0,6,733.2,386,2010-08-11 12:54:00,2011-08-01 14:06:00
17616.0,4,1060.8,416,2010-09-14 10:43:00,2011-06-19 10:11:00
17617.0,1,395.33,255,2010-05-30 12:48:00,2010-05-30 12:48:00
17618.0,11,4073.2400000000002,1820,2010-01-24 11:03:00,2011-12-04 11:50:00
17619.0,1,218.52,127,2011-01-31 14:18:00,2011-01-31 14:18:00
17620.0,1,81.44,60,2011-10-11 12:08:00,2011-10-11 12:08:00
17621.0,6,3175.12,1110,2010-10-04 09:37:00,2011-11-18 17:11:00
17622.0,2,1130.21,379,2010-04-20 13:38:00,2010-04-21 12:36:00
17623.0,7,2383.67,801,2009-12-14 14:36:00,2011-11-07 11:32:00
17624.0,4,1568.63,958,2009-12-20 12:35:00,2011-11-25 10:52:00
17625.0,8,6067.8,3551,2009-12-15 11:49:00,2011-11-21 13:36:00
17626.0,1,254.0,202,2010-04-16 12:15:00,2010-04-16 12:15:00
17627.0,1,296.36,676,2010-08-18 11:27:00,2010-08-18 11:27:00
17628.0,1,75.75,79,2011-09-19 15:21:00,2011-09-19 15:21:00
17629.0,10,2455.52,1903,2010-10-14 13:35:00,2011-12-04 10:56:00
17630.0,2,503.59999999999997,158,2011-04-21 14:03:00,2011-06-23 11:58:00
17631.0,7,998.49,591,2009-12-09 14:15:00,2011-12-08 09:47:00
17633.0,7,2057.39,899,2010-11-15 14:55:00,2011-11-08 13:25:00
17634.0,9,2361.9700000000003,840,2011-01-06 12:45:00,2011-11-03 13:09:00
17635.0,3,1265.58,770,2010-04-28 10:51:00,2010-10-11 15:12:00
17636.0,1,285.56,182,2011-11-20 14:40:00,2011-11-20 14:40:00
17637.0,2,547.0600000000001,280,2011-08-16 13:25:00,2011-11-08 12:51:00
17638.0,2,842.4,432,2009-12-18 09:58:00,2010-03-02 14:32:00
17639.0,6,615.17,576,2010-08-13 11:59:00,2011-03-08 15:22:00
17640.0,6,3168.94,1692,2010-03-23 09:15:00,2011-09-14 09:13:00
17642.0,5,1824.49,1475,2009-12-05 16:01:00,2011-08-12 09:11:00
17643.0,2,541.25,297,2010-07-22 13:07:00,2010-12-01 14:38:00
17644.0,20,6028.6,3469,2010-02-16 08:44:00,2011-12-08 13:43:00
17646.0,12,4149.79,1418,2009-12-16 09:37:00,2011-05-04 13:17:00
17647.0,3,331.65999999999997,82,2010-02-08 14:39:00,2011-10-05 15:38:00
17648.0,5,2216.37,954,2010-11-19 16:41:00,2011-10-10 09:41:00
17649.0,3,1578.89,723,2010-08-24 13:01:00,2011-07-24 15:53:00
17650.0,1,166.08,150,2011-11-18 14:52:00,2011-11-18 14:52:00
17651.0,16,5703.52,4086,2010-07-01 12:17:00,2011-11-28 10:29:00
17652.0,12,4867.72,2509,2011-03-03 14:05:00,2011-11-14 12:55:00
17653.0,4,1207.56,1409,2011-08-11 15:24:00,2011-11-03 12:46:00
17654.0,1,117.55,41,2011-03-07 13:17:00,2011-03-07 13:17:00
17655.0,9,3652.48,1542,2010-10-19 10:20:00,2011-11-29 11:34:00
17656.0,5,1674.69,1399,2011-08-03 10:45:00,2011-09-27 13:04:00
17657.0,1,126.0,60,2010-10-05 14:52:00,2010-10-05 14:52:00
17658.0,2,595.42,616,2011-05-12 15:23:00,2011-11-14 12:07:00
17659.0,14,3834.79,1816,2010-11-18 14:20:00,2011-11-22 13:29:00
17660.0,2,359.47,268,2009-12-02 16:02:00,2011-07-21 13:37:00
17662.0,2,412.92,184,2009-12-17 09:54:00,2010-02-16 09:38:00
17663.0,17,5175.83,2297,2010-03-04 11:42:00,2011-11-14 08:56:00
17664.0,4,1166.23,1058,2010-03-29 17:17:00,2011-11-21 11:29:00
17665.0,1,563.1,690,2010-08-03 13:12:00,2010-08-03 13:12:00
17666.0,5,2047.8,1552,2010-06-30 12:03:00,2011-12-06 09:06:00
17667.0,9,3950.7,2192,2010-02-23 09:57:00,2011-10-04 14:32:00
17668.0,2,347.75,93,2011-11-01 14:45:00,2011-12-08 13:25:00
17669.0,10,6142.35,3505,2010-04-01 18:48:00,2011-10-28 08:53:00
17670.0,1,205.7,110,2011-04-26 09:12:00,2011-04-26 09:12:00
17671.0,5,2403.34,1177,2010-11-29 11:53:00,2011-11-24 12:21:00
17672.0,7,5778.63,2758,2010-01-26 17:20:00,2011-10-20 14:18:00
17673.0,13,4233.58,3338,2010-03-19 14:02:00,2011-12-08 12:50:00
17674.0,2,851.7,1021,2010-12-06 10:20:00,2011-09-26 13:35:00
17675.0,70,38259.6,16416,2009-12-10 16:10:00,2011-12-08 18:03:00
17676.0,10,2765.84,1932,2010-03-30 10:49:00,2011-12-05 15:16:00
17677.0,54,36692.91,21936,2009-12-16 11:23:00,2011-12-08 09:56:00
17678.0,2,599.76,368,2010-04-15 13:54:00,2011-03-21 11:52:00
17679.0,7,3577.61,1755,2009-12-03 17:32:00,2011-10-18 07:43:00
17680.0,3,497.45,155,2010-07-16 16:07:00,2011-11-16 12:42:00
17681.0,5,731.2,450,2010-01-15 11:53:00,2010-04-21 17:22:00
17682.0,11,4456.78,2491,2010-03-08 09:49:00,2011-11-29 15:59:00
17683.0,3,819.01,781,2010-06-03 17:15:00,2010-11-19 10:11:00
17684.0,1,239.41,145,2011-10-27 11:10:00,2011-10-27 11:10:00
17685.0,12,5943.17,3854,2010-02-11 13:44:00,2011-11-23 11:36:00
17686.0,9,8296.81,3583,2010-06-24 09:49:00,2011-12-02 15:39:00
17687.0,1,432.68,210,2010-10-15 12:30:00,2010-10-15 12:30:00
17688.0,1,304.2,114,2010-11-11 10:41:00,2010-11-11 10:41:00
17689.0,2,317.08,300,2010-08-22 13:54:00,2010-11-16 13:22:00
17690.0,20,7448.1,3126,2010-02-03 14:26:00,2011-11-09 15:17:00
17691.0,4,780.0500000000001,373,2010-06-11 11:50:00,2010-12-16 17:20:00
17692.0,12,2975.8,2338,2010-06-17 11:14:00,2011-08-04 14:01:00
17693.0,1,200.47,231,2011-07-25 15:48:00,2011-07-25 15:48:00
17694.0,3,1695.97,1493,2010-05-26 08:27:00,2011-07-21 12:00:00
17695.0,5,1746.04,1809,2010-01-28 09:27:00,2011-07-31 10:40:00
17696.0,27,7679.59,5891,2009-12-10 17:09:00,2011-11-01 13:43:00
17697.0,1,338.95,93,2011-04-17 15:40:00,2011-04-17 15:40:00
17698.0,1,154.95,93,2011-03-24 11:34:00,2011-03-24 11:34:00
17699.0,2,442.0,208,2010-05-27 11:53:00,2010-08-20 09:39:00
17700.0,14,6679.97,3469,2009-12-01 11:37:00,2011-11-23 11:51:00
17701.0,1,417.95,109,2011-04-01 12:25:00,2011-04-01 12:25:00
17702.0,6,3144.04,2153,2010-11-04 12:09:00,2011-11-09 16:03:00
17703.0,4,1094.84,897,2010-10-17 16:16:00,2011-11-04 15:51:00
17704.0,2,885.19,343,2011-04-14 09:28:00,2011-06-24 09:40:00
17705.0,11,2083.9,1301,2010-05-12 09:47:00,2011-12-06 13:45:00
17706.0,31,20749.98,8049,2010-01-19 12:13:00,2011-12-05 13:34:00
17707.0,8,609.3000000000001,546,2009-12-07 12:19:00,2011-06-07 15:03:00
17708.0,4,887.9300000000001,388,2010-10-12 12:13:00,2011-06-05 10:12:00
17709.0,5,671.01,295,2010-04-15 14:48:00,2011-06-23 11:55:00
17710.0,1,293.5,158,2010-10-12 07:49:00,2010-10-12 07:49:00
17711.0,2,385.1,246,2011-02-23 11:32:00,2011-11-29 11:40:00
17712.0,1,522.91,215,2011-10-26 12:28:00,2011-10-26 12:28:00
17713.0,4,1198.09,989,2010-06-09 09:33:00,2010-11-22 16:50:00
17714.0,5,1410.18,608,2010-07-14 10:41:00,2011-01-23 10:32:00
17715.0,2,489.59999999999997,576,2010-04-26 12:17:00,2011-05-23 12:32:00
17716.0,24,15956.97,8819,2009-12-02 17:18:00,2011-11-17 12:00:00
17717.0,1,376.92,344,2010-10-14 12:54:00,2010-10-14 12:54:00
17718.0,2,439.18,274,2010-03-05 08:01:00,2011-04-21 13:39:00
17719.0,15,5396.04,2466,2011-03-29 11:29:00,2011-11-02 10:36:00
17720.0,10,2768.91,1613,2010-05-10 09:58:00,2011-11-13 15:04:00
17721.0,1,307.21000000000004,107,2010-02-18 15:18:00,2010-02-18 15:18:00
17722.0,5,4430.36,2937,2010-11-29 09:44:00,2011-09-04 15:22:00
17723.0,7,3378.4000000000005,912,2010-11-29 10:35:00,2011-08-04 18:37:00
17724.0,3,1033.0,300,2011-07-24 13:26:00,2011-09-29 15:26:00
17725.0,11,3439.08,2162,2011-03-17 19:47:00,2011-11-23 16:34:00
17726.0,7,1092.06,444,2010-01-26 14:58:00,2010-11-09 13:37:00
17727.0,1,1060.25,645,2011-11-24 17:06:00,2011-11-24 17:06:00
17728.0,5,4238.76,2146,2010-09-12 14:58:00,2011-12-06 08:52:00
17729.0,1,438.65000000000003,247,2010-04-22 15:03:00,2010-04-22 15:03:00
17730.0,20,7773.8,5300,2010-04-29 11:48:00,2011-12-06 15:43:00
17731.0,6,1708.99,707,2010-02-09 12:37:00,2011-09-21 15:02:00
17732.0,8,2470.39,1151,2010-08-09 08:41:00,2010-12-02 09:29:00
17733.0,2,692.19,463,2011-03-23 09:54:00,2011-11-01 08:16:00
17734.0,6,1442.32,741,2010-03-07 13:55:00,2011-10-17 12:33:00
17735.0,26,17244.93,10901,2010-07-30 13:25:00,2011-12-07 16:47:00
17736.0,3,377.44,238,2011-08-18 14:33:00,2011-11-30 15:36:00
17737.0,2,168.24,108,2011-10-12 14:42:00,2011-11-30 15:16:00
17738.0,13,4183.56,2776,2010-03-19 10:07:00,2011-11-20 15:05:00
17739.0,18,7730.59,2335,2009-12-07 10:48:00,2011-11-28 09:12:00
17740.0,6,426.9,222,2010-01-11 13:11:00,2010-11-15 16:33:00
17741.0,2,101.1,114,2010-05-28 12:11:00,2010-10-29 11:59:00
17742.0,11,2098.48,653,2009-12-01 13:16:00,2011-08-18 15:28:00
17743.0,1,229.2,96,2010-09-17 14:54:00,2010-09-17 14:54:00
17744.0,7,2649.14,3826,2010-11-24 09:34:00,2011-12-06 12:11:00
17745.0,2,600.34,164,2010-06-02 09:03:00,2010-08-19 12:30:00
17746.0,4,904.1800000000001,688,2010-04-08 12:54:00,2011-04-13 14:31:00
17747.0,1,71.4,12,2011-08-19 08:13:00,2011-08-19 08:13:00
17748.0,1,358.15,111,2010-06-30 13:49:00,2010-06-30 13:49:00
17749.0,3,1026.18,446,2010-06-11 14:56:00,2011-06-14 15:45:00
17750.0,9,1797.57,3957,2011-06-28 15:44:00,2011-12-04 14:09:00
17751.0,1,157.85999999999999,147,2010-10-14 13:57:00,2010-10-14 13:57:00
17752.0,1,80.64,192,2010-12-15 16:19:00,2010-12-15 16:19:00
17753.0,4,390.56,128,2010-01-06 14:20:00,2010-09-01 15:49:00
17754.0,13,4577.53,4441,2009-12-11 15:52:00,2011-12-09 11:20:00
17756.0,3,733.7,400,2010-11-10 12:54:00,2010-11-29 12:20:00
17757.0,56,9422.45,5163,2010-01-13 15:56:00,2011-12-08 15:31:00
17758.0,12,5012.53,3236,2010-05-20 13:18:00,2011-11-20 14:45:00
17759.0,5,1276.91,976,2010-05-05 11:40:00,2011-11-22 16:02:00
17760.0,6,918.93,696,2010-02-28 12:15:00,2011-11-18 10:56:00
17761.0,1,712.78,398,2011-11-07 10:23:00,2011-11-07 10:23:00
17762.0,1,129.75,129,2010-09-09 17:40:00,2010-09-09 17:40:00
17763.0,4,86.15,41,2010-02-18 14:32:00,2011-03-21 14:25:00
17764.0,5,1623.64,729,2009-12-03 14:28:00,2011-10-20 11:03:00
17765.0,4,530.8,197,2010-09-17 12:45:00,2011-07-04 12:41:00
17766.0,2,299.61,155,2010-11-23 14:17:00,2010-11-23 14:29:00
17767.0,2,413.05,198,2010-10-25 16:22:00,2011-11-24 14:42:00
17768.0,7,3509.51,2433,2009-12-02 12:26:00,2011-12-01 13:22:00
17769.0,17,7103.08,3176,2010-01-19 11:33:00,2011-11-27 11:18:00
17770.0,5,1143.27,365,2011-03-02 13:35:00,2011-05-25 12:34:00
17771.0,4,387.41,373,2010-04-29 13:21:00,2011-10-14 11:43:00
17772.0,3,384.77,122,2010-11-12 11:31:00,2011-11-29 11:05:00
17773.0,2,585.27,260,2010-01-18 14:32:00,2010-07-13 14:07:00
17774.0,9,3328.05,1609,2010-02-08 16:06:00,2011-09-04 12:49:00
17775.0,1,56.4,72,2011-03-30 10:50:00,2011-03-30 10:50:00
17776.0,2,338.56,277,2009-12-16 14:59:00,2010-11-18 12:14:00
17777.0,3,665.86,507,2011-08-31 14:35:00,2011-11-15 12:02:00
17778.0,1,197.70000000000002,214,2010-02-16 12:44:00,2010-02-16 12:44:00
17779.0,3,658.57,397,2011-07-19 12:19:00,2011-11-18 14:15:00
17780.0,3,352.91,158,2010-01-24 11:21:00,2010-02-10 13:43:00
17781.0,2,188.02,34,2011-03-31 19:54:00,2011-07-03 16:00:00
17782.0,2,679.02,538,2010-11-22 10:03:00,2010-11-22 11:15:00
17783.0,3,379.91,439,2010-07-15 12:50:00,2011-09-28 16:07:00
17784.0,1,112.86,72,2010-06-07 16:08:00,2010-06-07 16:08:00
17785.0,3,403.38,227,2010-05-23 13:01:00,2011-10-17 13:43:00
17786.0,2,278.74,200,2011-01-26 14:35:00,2011-09-15 12:51:00
17787.0,4,2601.4700000000003,1266,2010-12-03 13:43:00,2011-07-10 11:24:00
17788.0,2,1117.9,211,2011-08-02 10:38:00,2011-09-27 10:09:00
17789.0,2,397.15,199,2010-02-16 13:16:00,2011-03-03 13:14:00
17790.0,20,2783.61,1389,2010-06-13 13:30:00,2011-11-13 11:30:00
17791.0,1,106.1,46,2011-11-10 12:09:00,2011-11-10 12:09:00
17792.0,2,370.05,151,2010-08-18 13:08:00,2010-08-29 14:30:00
17793.0,1,323.04,232,2011-11-14 14:24:00,2011-11-14 14:24:00
17794.0,2,147.3,46,2010-01-20 12:17:00,2010-01-22 10:18:00
17795.0,2,350.39,341,2011-03-20 12:02:00,2011-06-13 12:36:00
17796.0,7,1361.99,379,2010-10-14 13:37:00,2011-10-30 15:38:00
17797.0,8,1985.87,1090,2009-12-15 14:30:00,2011-11-17 13:21:00
17798.0,1,183.09,142,2010-05-07 11:42:00,2010-05-07 11:42:00
17799.0,20,6341.89,3707,2009-12-13 16:03:00,2011-11-17 15:16:00
17800.0,9,1199.01,736,2011-01-09 13:50:00,2011-11-02 12:57:00
17801.0,3,798.3299999999999,838,2010-01-17 11:31:00,2010-09-14 14:32:00
17802.0,10,5053.12,2786,2009-12-13 13:39:00,2011-09-18 14:56:00
17803.0,1,184.66,98,2010-11-12 13:53:00,2010-11-12 13:53:00
17804.0,3,385.23,195,2009-12-01 12:22:00,2010-11-28 14:01:00
17805.0,2,927.03,1126,2010-04-08 14:36:00,2011-09-27 11:49:00
17806.0,1,546.04,727,2011-11-28 14:12:00,2011-11-28 14:12:00
17807.0,3,437.87,262,2010-01-04 14:00:00,2010-11-09 16:21:00
17808.0,4,262.64,143,2010-05-07 16:26:00,2010-06-09 10:44:00
17809.0,20,11337.39,3353,2009-12-02 14:52:00,2011-11-23 12:59:00
17810.0,2,374.81,119,2010-01-25 10:26:00,2010-02-09 10:47:00
17811.0,47,9609.8,5327,2010-09-20 11:24:00,2011-12-05 13:46:00
17812.0,7,1165.8899999999999,612,2010-06-27 13:34:00,2011-11-27 11:47:00
17813.0,5,1770.8799999999999,790,2011-09-29 15:57:00,2011-11-25 16:13:00
17814.0,2,1617.32,1440,2010-10-13 14:03:00,2010-11-29 14:21:00
17815.0,1,591.96,612,2010-11-11 14:39:00,2010-11-11 14:39:00
17816.0,6,112.32,96,2009-12-15 15:27:00,2011-11-03 11:34:00
17817.0,6,807.85,365,2010-10-13 15:07:00,2011-12-05 14:39:00
17818.0,1,130.18,90,2009-12-02 11:34:00,2009-12-02 11:34:00
17819.0,12,6612.5199999999995,1849,2009-12-13 15:24:00,2011-09-29 10:52:00
17820.0,1,183.56,112,2010-11-30 17:43:00,2010-11-30 17:43:00
17821.0,1,334.62,162,2010-10-29 13:20:00,2010-10-29 13:20:00
17822.0,5,2188.5,1389,2010-05-28 12:15:00,2010-10-15 13:47:00
17823.0,2,494.25,262,2010-10-14 16:14:00,2010-10-14 16:24:00
17824.0,1,298.4,408,2011-10-19 14:14:00,2011-10-19 14:14:00
17825.0,4,731.96,540,2009-12-14 12:09:00,2010-04-20 12:01:00
17826.0,1,134.59,85,2010-11-30 13:23:00,2010-11-30 13:23:00
17827.0,6,2388.05,1592,2010-03-28 12:20:00,2011-12-04 15:00:00
17828.0,4,1820.09,667,2011-06-08 08:31:00,2011-11-17 08:41:00
17829.0,5,4756.74,3009,2010-02-22 15:39:00,2011-02-14 12:46:00
17830.0,3,398.7,92,2011-02-24 10:15:00,2011-12-08 12:28:00
17831.0,1,35.400000000000006,12,2011-11-06 15:09:00,2011-11-06 15:09:00
17832.0,1,155.37,208,2011-10-21 11:43:00,2011-10-21 11:43:00
17833.0,1,342.36,145,2009-12-16 13:40:00,2009-12-16 13:40:00
17834.0,2,730.47,687,2010-09-20 15:32:00,2010-10-21 12:09:00
17835.0,3,350.64,348,2011-11-16 16:30:00,2011-12-07 11:48:00
17836.0,1,110.21000000000001,88,2011-10-23 16:13:00,2011-10-23 16:13:00
17837.0,8,1593.38,518,2011-06-29 16:44:00,2011-10-28 16:13:00
17838.0,13,6722.900000000001,4149,2010-03-19 09:53:00,2011-11-13 11:20:00
17839.0,1,338.8,285,2011-10-28 17:27:00,2011-10-28 17:27:00
17840.0,1,185.72,138,2010-09-22 12:24:00,2010-09-22 12:24:00
17841.0,211,70884.07,37558,2009-12-02 15:41:00,2011-12-08 12:07:00
17842.0,1,430.69,89,2010-04-16 14:23:00,2010-04-16 14:23:00
17843.0,2,326.23,276,2010-10-24 10:56:00,2011-02-09 15:33:00
17844.0,1,51.559999999999995,52,2011-08-25 11:27:00,2011-08-25 11:27:00
17845.0,4,598.19,196,2010-05-12 13:04:00,2010-06-02 15:20:00
17846.0,1,2033.1,1,2011-09-15 15:20:00,2011-09-15 15:20:00
17847.0,2,129.69,29,2010-03-04 12:57:00,2010-07-12 10:00:00
17848.0,30,3650.9,1438,2009-12-06 13:19:00,2011-09-19 16:49:00
17849.0,8,1063.76,224,2010-03-14 15:17:00,2011-05-05 13:46:00
17850.0,155,56600.08,22785,2009-12-05 12:28:00,2010-12-02 15:27:00
17851.0,6,1563.34,938,2009-12-03 17:46:00,2010-10-13 15:13:00
17852.0,5,663.21,376,2009-12-08 12:51:00,2011-11-28 12:36:00
17853.0,3,1608.19,627,2009-12-03 15:09:00,2010-10-28 15:29:00
17854.0,6,1071.45,610,2009-12-08 11:13:00,2011-06-07 16:21:00
17855.0,1,417.94,394,2010-12-02 09:44:00,2010-12-02 09:44:00
17856.0,4,1418.03,842,2011-03-03 11:40:00,2011-12-08 09:40:00
17857.0,24,28682.24,22060,2010-03-08 12:09:00,2011-12-05 13:13:00
17858.0,30,12797.65,5483,2009-12-06 15:41:00,2011-12-04 11:56:00
17859.0,1,148.21,127,2011-02-08 10:32:00,2011-02-08 10:32:00
17860.0,4,1015.54,817,2009-12-11 16:48:00,2010-12-06 12:41:00
17861.0,18,5127.69,4574,2009-12-10 11:27:00,2011-12-06 16:21:00
17862.0,4,1279.09,443,2010-05-25 17:22:00,2011-01-20 12:23:00
17863.0,12,5745.2,4952,2010-02-25 12:01:00,2011-10-11 13:45:00
17864.0,5,924.32,1121,2010-10-08 11:49:00,2011-11-27 11:15:00
17865.0,46,26374.39,12985,2009-12-01 10:49:00,2011-11-09 12:08:00
17866.0,3,1134.95,535,2009-12-14 16:01:00,2011-07-20 11:07:00
17867.0,15,1621.2800000000002,672,2009-12-02 13:39:00,2011-11-09 14:15:00
17868.0,1,234.65,91,2010-11-18 18:55:00,2010-11-18 18:55:00
17869.0,7,1036.16,560,2010-06-10 13:47:00,2011-08-24 16:16:00
17870.0,13,3108.15,1877,2010-11-23 11:39:00,2011-12-07 15:07:00
17871.0,5,1118.99,713,2010-01-15 14:48:00,2011-05-19 11:32:00
17872.0,1,235.87,176,2010-11-23 12:02:00,2010-11-23 12:02:00
17873.0,18,6515.88,4312,2009-12-16 15:11:00,2011-09-20 16:41:00
17874.0,6,683.46,221,2011-03-29 11:25:00,2011-06-07 12:54:00
17875.0,1,167.1,98,2010-01-20 15:30:00,2010-01-20 15:30:00
17876.0,3,3424.02,1958,2010-02-02 13:00:00,2010-11-05 10:52:00
17877.0,1,237.61,98,2011-06-22 13:00:00,2011-06-22 13:00:00
17878.0,3,1412.33,1038,2010-11-09 13:50:00,2011-10-27 11:24:00
17879.0,1,178.51999999999998,45,2011-06-19 12:36:00,2011-06-19 12:36:00
17880.0,3,824.9200000000001,466,2009-12-09 16:13:00,2010-12-10 10:21:00
17881.0,1,133.35000000000002,32,2011-02-08 17:16:00,2011-02-08 17:16:00
17882.0,2,313.46,134,2010-11-25 14:35:00,2010-11-25 14:40:00
17883.0,7,995.85,481,2010-02-25 20:07:00,2011-12-06 17:49:00
17884.0,20,3072.89,3088,2009-12-04 16:23:00,2011-12-06 11:33:00
17885.0,1,190.19,167,2011-11-27 14:40:00,2011-11-27 14:40:00
17886.0,6,1608.38,725,2010-04-29 11:10:00,2011-11-08 10:09:00
17887.0,1,111.35,30,2011-08-02 17:29:00,2011-08-02 17:29:00
17888.0,25,1820.44,1544,2009-12-21 16:34:00,2011-11-18 13:45:00
17889.0,7,774.87,417,2010-03-31 10:54:00,2011-05-11 16:26:00
17890.0,2,602.09,416,2010-12-13 15:12:00,2011-01-21 11:19:00
17891.0,1,203.85999999999999,393,2011-06-30 20:08:00,2011-06-30 20:08:00
17892.0,3,244.1,109,2011-07-07 12:56:00,2011-10-14 16:49:00
17893.0,1,112.25,161,2011-04-28 13:50:00,2011-04-28 13:50:00
17894.0,18,2453.38,1020,2010-08-27 14:13:00,2011-09-29 09:23:00
17895.0,1,98.0,130,2011-10-26 17:00:00,2011-10-26 17:00:00
17896.0,1,256.32,288,2011-11-16 13:59:00,2011-11-16 13:59:00
17897.0,9,2585.0,1043,2010-05-12 16:03:00,2011-06-20 11:23:00
17898.0,4,299.18,251,2010-05-21 17:22:00,2011-09-15 14:56:00
17899.0,1,155.8,171,2011-07-03 14:58:00,2011-07-03 14:58:00
17900.0,2,112.19999999999999,73,2011-06-02 14:28:00,2011-06-02 14:38:00
17901.0,3,260.08,38,2010-07-06 10:54:00,2011-11-10 17:29:00
17902.0,1,216.39999999999998,526,2010-06-11 12:25:00,2010-06-11 12:25:00
17903.0,1,381.09000000000003,142,2010-11-10 15:39:00,2010-11-10 15:39:00
17904.0,1,191.67,63,2011-11-18 12:57:00,2011-11-18 12:57:00
17905.0,13,2383.52,1373,2010-01-28 17:54:00,2011-09-29 17:33:00
17906.0,1,72.9,26,2011-04-06 17:25:00,2011-04-06 17:25:00
17907.0,1,291.76,1046,2010-03-09 12:33:00,2010-03-09 12:33:00
17908.0,5,1411.54,856,2009-12-14 12:24:00,2010-12-01 11:45:00
17909.0,1,132.55,41,2009-12-02 13:10:00,2009-12-02 13:10:00
17910.0,1,261.7,121,2009-12-13 16:04:00,2009-12-13 16:04:00
17911.0,1,366.23,223,2011-11-30 14:52:00,2011-11-30 14:52:00
17912.0,6,375.5,216,2010-11-29 13:53:00,2011-02-02 14:25:00
17913.0,14,3479.64,1745,2009-12-03 13:02:00,2011-10-12 10:45:00
17914.0,1,336.43,473,2011-12-06 11:58:00,2011-12-06 11:58:00
17915.0,1,242.13,191,2010-06-06 13:22:00,2010-06-06 13:22:00
17916.0,2,43.87,90,2009-12-06 14:10:00,2010-03-21 12:26:00
17917.0,3,341.28,187,2010-12-12 12:08:00,2011-10-25 13:20:00
17918.0,3,396.39,352,2010-07-22 14:20:00,2010-07-27 11:51:00
17919.0,2,1840.32,1452,2010-09-27 10:40:00,2011-09-12 13:41:00
17920.0,54,24516.46,12666,2009-12-06 10:37:00,2011-12-05 14:29:00
17921.0,10,2423.5,1002,2010-07-15 20:05:00,2011-10-06 18:56:00
17922.0,1,170.4,49,2010-06-14 16:32:00,2010-06-14 16:32:00
17923.0,3,497.0,140,2010-06-13 13:58:00,2011-03-02 15:15:00
17924.0,8,3536.7000000000003,1268,2010-10-21 12:17:00,2011-11-28 09:11:00
17925.0,1,488.16,144,2010-12-02 10:10:00,2010-12-02 10:10:00
17926.0,5,1035.49,572,2010-05-09 14:07:00,2011-07-29 14:39:00
17927.0,1,294.0,108,2009-12-18 11:03:00,2009-12-18 11:03:00
17928.0,3,341.24,222,2010-05-17 15:30:00,2011-10-25 13:52:00
17929.0,12,3082.1,434,2009-12-09 11:40:00,2011-11-28 16:01:00
17930.0,13,4275.22,3795,2010-03-04 10:41:00,2011-11-04 10:23:00
17931.0,14,3437.29,1937,2010-02-16 15:47:00,2011-07-28 18:33:00
17932.0,3,1331.57,789,2011-05-12 13:58:00,2011-11-10 19:49:00
17933.0,1,114.69,63,2010-03-17 15:11:00,2010-03-17 15:11:00
17934.0,3,1049.15,628,2010-10-29 12:23:00,2011-10-19 11:16:00
17935.0,7,686.14,244,2009-12-04 14:33:00,2011-07-24 13:18:00
17936.0,1,389.84,262,2011-12-04 13:32:00,2011-12-04 13:32:00
17937.0,7,4301.22,1754,2010-12-12 14:43:00,2011-12-01 11:45:00
17938.0,1,144.29,53,2010-10-15 14:27:00,2010-10-15 14:27:00
17939.0,1,99.14,40,2011-07-03 12:27:00,2011-07-03 12:27:00
17940.0,16,30393.19,85580,2009-12-03 12:31:00,2011-10-21 13:27:00
17941.0,4,1433.28,1108,2010-01-06 15:37:00,2011-08-01 08:30:00
17942.0,1,77.50000000000001,38,2011-12-02 10:45:00,2011-12-02 10:45:00
17944.0,1,75.41,85,2010-10-12 16:25:00,2010-10-12 16:25:00
17945.0,3,360.35,244,2010-01-12 11:33:00,2010-01-12 11:40:00
17946.0,2,149.57999999999998,75,2011-03-25 14:34:00,2011-04-20 17:00:00
17947.0,1,176.68,168,2011-11-02 13:05:00,2011-11-02 13:05:00
17948.0,1,358.56000000000006,144,2011-07-15 12:58:00,2011-07-15 12:58:00
17949.0,118,118628.08,60658,2009-12-02 11:07:00,2011-12-08 18:46:00
17950.0,7,1432.81,847,2010-01-04 17:39:00,2011-09-28 15:18:00
17951.0,4,1636.0800000000002,898,2010-10-31 15:15:00,2011-10-31 12:30:00
17952.0,4,819.61,504,2010-06-16 11:54:00,2010-11-26 13:54:00
17953.0,1,160.82,99,2010-06-17 15:08:00,2010-06-17 15:08:00
17954.0,19,3966.05,3265,2009-12-09 13:22:00,2011-12-04 14:15:00
17955.0,6,949.9,681,2010-02-12 16:27:00,2011-05-25 12:00:00
17956.0,1,12.75,1,2011-04-04 13:47:00,2011-04-04 13:47:00
17957.0,1,111.68,287,2011-10-04 14:58:00,2011-10-04 14:58:00
17958.0,2,973.88,284,2009-12-11 15:37:00,2011-08-15 12:19:00
17959.0,1,140.75,49,2010-04-26 14:12:00,2010-04-26 14:12:00
17960.0,3,135.08,60,2010-03-08 12:22:00,2011-06-21 14:15:00
17961.0,100,2995.54,1537,2009-12-01 14:48:00,2011-11-18 16:55:00
17962.0,4,687.42,651,2010-01-13 15:24:00,2011-07-20 14:16:00
17963.0,4,651.51,344,2010-01-19 17:25:00,2010-08-25 15:58:00
17964.0,2,733.46,496,2010-12-02 13:32:00,2011-11-08 10:44:00
17965.0,29,7240.9800000000005,4525,2009-12-14 13:19:00,2011-11-02 09:31:00
17966.0,10,1974.42,3943,2010-01-18 13:24:00,2011-11-02 10:26:00
17967.0,2,357.28999999999996,198,2010-10-19 13:19:00,2010-12-03 11:19:00
17968.0,4,888.04,525,2010-07-15 15:01:00,2010-12-01 12:23:00
17969.0,20,2369.94,1017,2009-12-06 13:53:00,2011-06-26 13:00:00
17970.0,1,582.59,525,2011-05-12 20:03:00,2011-05-12 20:03:00
17971.0,1,161.94,62,2010-06-09 14:04:00,2010-06-09 14:04:00
17972.0,1,136.04,37,2011-04-12 12:16:00,2011-04-12 12:16:00
17973.0,1,337.04,176,2011-10-19 10:34:00,2011-10-19 10:34:00
17974.0,6,1858.06,1243,2010-10-28 20:03:00,2011-11-15 11:37:00
17975.0,24,7028.83,2271,2010-08-06 11:24:00,2011-11-24 13:27:00
17976.0,1,706.38,212,2010-12-02 13:49:00,2010-12-02 13:49:00
17977.0,2,1565.6299999999999,2062,2010-11-04 14:26:00,2011-11-10 13:28:00
17978.0,4,1461.76,1797,2009-12-08 13:27:00,2010-12-09 14:05:00
17979.0,4,757.71,397,2011-03-25 11:34:00,2011-11-04 12:05:00
17980.0,4,1033.42,782,2010-11-11 14:42:00,2011-06-27 12:01:00
17981.0,1,239.12,260,2010-10-25 10:40:00,2010-10-25 10:40:00
17982.0,1,138.18,117,2010-01-28 09:38:00,2010-01-28 09:38:00
17983.0,1,171.71,108,2010-11-09 13:23:00,2010-11-09 13:24:00
17984.0,5,1191.27,973,2009-12-01 11:51:00,2011-07-17 15:59:00
17985.0,1,634.95,183,2011-11-17 14:24:00,2011-11-17 14:24:00
17986.0,1,20.8,10,2011-10-14 14:22:00,2011-10-14 14:22:00
17987.0,5,1003.64,1015,2010-06-07 11:23:00,2011-06-07 14:22:00
17988.0,14,489.54,186,2009-12-07 13:35:00,2011-11-28 11:00:00
17989.0,1,228.82999999999998,329,2010-11-25 13:49:00,2010-11-25 13:49:00
17990.0,6,1527.6100000000001,777,2009-12-07 15:19:00,2011-04-17 11:44:00
17991.0,3,320.55,100,2010-04-27 12:46:00,2011-04-28 15:58:00
17992.0,1,254.13,131,2010-11-15 13:04:00,2010-11-15 13:04:00
17993.0,1,235.19,112,2010-04-01 14:23:00,2010-04-01 14:23:00
17994.0,11,2313.32,2194,2010-03-29 10:37:00,2011-08-10 11:41:00
17995.0,3,495.48,263,2010-11-17 17:01:00,2011-03-03 12:30:00
17996.0,3,482.33,587,2010-06-11 11:48:00,2010-11-25 11:00:00
17997.0,8,1970.6699999999998,2298,2011-06-28 17:28:00,2011-09-26 16:13:00
17998.0,3,639.24,561,2009-12-01 13:07:00,2010-11-24 15:31:00
17999.0,3,730.9,395,2010-11-26 13:16:00,2011-11-02 15:56:00
18000.0,1,124.25,109,2010-05-24 17:34:00,2010-05-24 17:34:00
18001.0,6,953.84,893,2009-12-02 15:38:00,2011-11-27 16:02:00
18002.0,4,249.92,72,2009-12-08 11:07:00,2010-11-29 10:57:00
18003.0,1,358.61,299,2010-11-28 15:09:00,2010-11-28 15:09:00
18004.0,1,169.47,78,2010-12-12 13:47:00,2010-12-12 13:47:00
18005.0,2,249.72,93,2011-10-23 14:40:00,2011-12-06 11:51:00
18006.0,4,997.86,403,2009-12-17 12:27:00,2011-11-16 16:52:00
18007.0,1,220.32,252,2010-11-12 11:08:00,2010-11-12 11:08:00
18008.0,23,19787.13,7830,2010-01-06 12:35:00,2011-09-30 15:17:00
18009.0,8,2155.83,653,2010-02-25 11:49:00,2011-04-18 13:36:00
18010.0,1,174.8,60,2011-03-28 12:27:00,2011-03-28 12:27:00
18011.0,2,527.03,198,2010-05-21 13:28:00,2010-12-01 17:35:00
18012.0,1,115.3,63,2009-12-16 13:16:00,2009-12-16 13:16:00
18013.0,2,187.29,285,2011-07-07 14:08:00,2011-07-07 14:11:00
18014.0,1,166.42,68,2011-11-11 15:28:00,2011-11-11 15:28:00
18015.0,1,120.03,157,2011-12-05 14:49:00,2011-12-05 14:49:00
18016.0,7,1960.46,1209,2010-01-27 16:00:00,2011-11-07 13:25:00
18017.0,4,688.0,400,2010-10-04 15:11:00,2011-09-19 16:15:00
18018.0,4,297.99,186,2010-10-15 11:05:00,2011-08-23 17:37:00
18019.0,1,38.45,7,2011-10-19 12:10:00,2011-10-19 12:10:00
18020.0,1,190.48000000000002,67,2010-06-14 12:31:00,2010-06-14 12:31:00
18021.0,2,227.06,169,2010-07-15 18:47:00,2010-07-18 10:52:00
18022.0,5,1651.79,1390,2010-06-11 13:59:00,2011-11-04 12:45:00
18024.0,2,389.78,184,2011-07-10 12:28:00,2011-07-10 12:40:00
18025.0,6,1177.72,1053,2010-03-30 17:33:00,2010-11-25 12:37:00
18026.0,2,2074.07,530,2010-07-22 16:21:00,2010-07-27 10:37:00
18027.0,1,115.31,78,2011-09-02 10:38:00,2011-09-02 10:38:00
18028.0,1,192.05,133,2010-05-05 13:28:00,2010-05-05 13:28:00
18029.0,1,433.77,253,2010-03-07 15:30:00,2010-03-07 15:30:00
18030.0,2,230.64999999999998,67,2011-10-28 13:55:00,2011-12-05 16:37:00
18031.0,1,462.09999999999997,300,2010-11-26 11:00:00,2010-11-26 11:00:00
18032.0,1,73.5,42,2011-01-09 15:32:00,2011-01-09 15:32:00
18033.0,1,97.97,253,2011-10-05 17:28:00,2011-10-05 17:28:00
18034.0,3,793.7,992,2010-11-29 12:36:00,2011-11-18 12:22:00
18035.0,5,1276.74,1161,2010-11-19 13:42:00,2011-11-04 12:39:00
18036.0,11,1563.6399999999999,748,2009-12-18 12:04:00,2011-11-07 14:40:00
18037.0,15,167.42,37,2009-12-01 13:48:00,2011-07-08 13:39:00
18038.0,1,149.41,85,2010-06-01 15:59:00,2010-06-01 15:59:00
18039.0,4,579.17,570,2010-03-09 11:19:00,2010-11-30 13:07:00
18040.0,2,357.20000000000005,148,2011-04-08 08:27:00,2011-11-20 14:20:00
18041.0,38,8752.38,7859,2010-01-14 10:04:00,2011-11-28 11:39:00
18042.0,2,281.15,69,2010-06-16 10:53:00,2011-10-17 11:49:00
18043.0,3,875.97,454,2010-12-08 12:35:00,2011-11-15 12:48:00
18044.0,18,3505.61,1598,2010-05-28 15:31:00,2011-12-05 14:26:00
18045.0,1,189.4,142,2011-10-25 13:07:00,2011-10-25 13:07:00
18046.0,1,189.63,44,2010-02-28 11:36:00,2010-02-28 11:36:00
18047.0,2,342.69,138,2010-11-23 12:57:00,2010-11-23 13:11:00
18048.0,3,401.73,258,2010-08-03 13:03:00,2011-05-20 14:58:00
18049.0,2,556.52,425,2010-04-28 13:24:00,2010-09-28 14:26:00
18050.0,2,412.06,250,2010-11-11 15:51:00,2010-12-15 14:25:00
18051.0,7,2282.28,1661,2009-12-09 12:17:00,2010-03-15 13:58:00
18052.0,1,10877.18,17766,2010-05-24 11:11:00,2010-05-24 11:11:00
18053.0,3,571.07,409,2010-06-30 12:36:00,2011-09-30 09:05:00
18054.0,1,176.5,96,2010-11-12 08:18:00,2010-11-12 08:18:00
18055.0,14,11195.57,3839,2010-10-22 13:27:00,2011-12-02 14:25:00
18056.0,2,554.6,334,2010-03-31 12:29:00,2011-02-24 14:27:00
18057.0,3,1203.56,978,2010-01-18 12:42:00,2010-11-11 16:55:00
18058.0,3,774.06,394,2010-02-10 09:38:00,2011-11-30 08:38:00
18059.0,3,306.46,258,2011-10-03 09:30:00,2011-11-16 16:49:00
18060.0,2,1185.46,902,2010-05-24 08:34:00,2010-10-27 16:41:00
18061.0,28,6488.97,3607,2009-12-04 11:36:00,2011-11-18 11:20:00
18062.0,6,1632.67,831,2010-04-21 08:55:00,2011-06-19 14:47:00
18063.0,2,186.60000000000002,48,2010-03-16 13:05:00,2010-11-14 10:46:00
18064.0,11,4495.03,2709,2010-02-01 15:01:00,2011-07-29 16:39:00
18065.0,29,5866.63,2265,2009-12-09 16:00:00,2011-12-04 10:30:00
18066.0,3,1440.4,535,2010-10-20 11:42:00,2011-09-25 15:30:00
18067.0,1,396.33,189,2011-10-30 15:58:00,2011-10-30 15:58:00
18068.0,1,101.69999999999999,6,2011-02-23 14:50:00,2011-02-23 14:50:00
18069.0,11,4540.56,3227,2010-02-28 16:14:00,2011-11-13 16:03:00
18070.0,1,314.1,86,2010-02-08 13:28:00,2010-02-08 13:28:00
18071.0,6,1428.63,835,2009-12-05 10:31:00,2011-03-27 11:59:00
18072.0,1,247.44,288,2011-06-07 10:44:00,2011-06-07 10:44:00
18073.0,12,3877.5200000000004,3108,2011-05-26 19:38:00,2011-08-17 14:02:00
18074.0,2,1509.04,551,2010-07-22 10:31:00,2010-12-01 09:53:00
18075.0,20,5783.29,3281,2010-07-29 11:47:00,2011-11-16 15:21:00
18076.0,1,151.49,164,2010-11-24 14:02:00,2010-11-24 14:02:00
18077.0,18,4338.56,3233,2009-12-07 11:40:00,2011-12-01 13:32:00
18078.0,4,844.6,431,2010-03-21 15:50:00,2011-05-06 14:32:00
18079.0,5,4242.75,8815,2010-08-05 12:19:00,2011-10-25 15:27:00
18080.0,2,1231.5,642,2011-04-11 10:10:00,2011-11-21 08:02:00
18081.0,3,343.45,195,2011-07-29 11:56:00,2011-11-03 16:30:00
18082.0,1,703.37,621,2011-11-14 12:45:00,2011-11-14 12:45:00
18083.0,1,470.72999999999996,270,2010-11-07 11:44:00,2010-11-07 11:44:00
18084.0,3,812.93,761,2010-11-16 08:09:00,2011-11-23 13:57:00
18085.0,4,1645.75,585,2010-03-21 11:57:00,2011-01-13 15:17:00
18086.0,1,101.34,106,2011-03-10 13:34:00,2011-03-10 13:34:00
18087.0,17,14761.519999999999,7775,2009-12-01 09:43:00,2011-09-02 15:12:00
18088.0,1,167.67000000000002,109,2011-10-09 13:41:00,2011-10-09 13:41:00
18089.0,1,428.45,95,2010-09-19 11:57:00,2010-09-19 11:57:00
18090.0,1,349.4,321,2010-10-14 12:32:00,2010-10-14 12:32:00
18091.0,1,360.85,539,2010-04-25 13:18:00,2010-04-25 13:18:00
18092.0,18,16179.44,8830,2009-12-04 12:37:00,2011-12-07 13:14:00
18093.0,8,4452.71,3429,2010-03-31 10:27:00,2011-09-07 15:43:00
18094.0,13,6391.52,4164,2010-01-07 11:16:00,2011-09-19 09:28:00
18095.0,5,2303.09,1623,2010-04-19 14:09:00,2011-01-31 12:50:00
18096.0,6,1805.28,1483,2010-07-14 14:30:00,2011-11-28 12:44:00
18097.0,11,4663.32,2740,2009-12-17 11:06:00,2011-12-02 11:16:00
18098.0,1,550.84,217,2010-11-08 16:31:00,2010-11-08 16:31:00
18099.0,1,168.31,149,2011-08-04 15:52:00,2011-08-04 15:52:00
18100.0,1,451.56,440,2010-06-07 14:19:00,2010-06-07 14:19:00
18101.0,5,629.16,250,2010-02-03 13:52:00,2011-11-28 13:37:00
18102.0,145,608821.65,188340,2009-12-01 09:24:00,2011-12-09 11:50:00
18103.0,1,105.8,23,2010-06-08 13:36:00,2010-06-08 13:36:00
18104.0,1,754.64,362,2011-11-02 14:07:00,2011-11-02 14:07:00
18105.0,1,113.48000000000002,46,2011-11-02 12:04:00,2011-11-02 12:04:00
18106.0,6,1461.46,512,2010-01-15 11:36:00,2011-01-14 12:23:00
18107.0,1,167.13,66,2010-09-23 13:03:00,2010-09-23 13:03:00
18108.0,3,848.8100000000001,261,2009-12-02 12:47:00,2011-03-30 13:56:00
18109.0,38,9893.96,4885,2010-07-01 12:13:00,2011-12-08 11:36:00
18110.0,2,435.43,186,2010-10-24 14:21:00,2011-11-20 12:34:00
18111.0,1,405.85,232,2010-04-29 12:58:00,2010-04-29 12:58:00
18112.0,4,775.96,447,2010-06-06 12:40:00,2011-11-27 14:43:00
18113.0,1,152.64000000000001,144,2010-12-06 12:31:00,2010-12-06 12:31:00
18114.0,1,220.1,55,2011-02-22 13:20:00,2011-02-22 13:20:00
18115.0,1,9.700000000000001,3,2010-01-11 11:57:00,2010-01-11 11:57:00
18116.0,13,2154.3,1281,2010-10-24 15:29:00,2011-10-03 11:00:00
18117.0,1,320.72,618,2011-11-14 12:47:00,2011-11-14 12:47:00
18118.0,29,6733.22,3417,2010-11-23 13:36:00,2011-11-29 11:32:00
18119.0,1,362.24,250,2010-12-07 11:59:00,2010-12-07 11:59:00
18120.0,1,111.15,31,2011-05-09 13:45:00,2011-05-09 13:45:00
18121.0,2,673.1,450,2011-07-08 12:14:00,2011-07-13 12:53:00
18122.0,6,1826.21,1234,2011-07-12 11:37:00,2011-12-01 13:08:00
18123.0,3,684.59,629,2010-07-14 12:47:00,2011-11-15 14:23:00
18124.0,1,111.53,51,2010-08-24 17:21:00,2010-08-24 17:21:00
18125.0,4,1142.99,804,2011-01-27 15:02:00,2011-11-10 12:29:00
18126.0,1,206.82999999999998,144,2011-10-10 12:19:00,2011-10-10 12:19:00
18127.0,4,561.53,252,2010-11-01 13:56:00,2011-11-20 14:05:00
18128.0,1,420.04,221,2010-06-20 13:19:00,2010-06-20 13:19:00
18129.0,1,112.55000000000001,48,2011-04-10 14:16:00,2011-04-10 14:16:00
18130.0,3,1059.39,824,2011-10-13 15:58:00,2011-11-24 14:40:00
18131.0,1,222.95999999999998,552,2010-03-18 08:48:00,2010-03-18 08:48:00
18132.0,1,226.9,216,2010-07-23 16:54:00,2010-07-23 16:54:00
18133.0,1,931.4999999999999,1350,2011-05-11 14:14:00,2011-05-11 14:14:00
18134.0,2,445.0,128,2010-01-14 11:59:00,2010-04-20 14:02:00
18135.0,10,1249.6200000000001,753,2010-03-15 13:55:00,2011-11-10 19:32:00
18136.0,5,1631.3600000000001,860,2010-09-14 15:50:00,2011-10-07 15:40:00
18137.0,2,145.99,59,2010-06-06 13:45:00,2010-06-06 14:18:00
18138.0,1,152.65,38,2011-02-17 14:51:00,2011-02-17 14:51:00
18139.0,6,8438.34,5557,2011-11-21 14:06:00,2011-11-22 10:44:00
18140.0,1,536.41,395,2010-08-23 11:58:00,2010-08-23 11:58:00
18141.0,2,882.47,433,2010-04-29 15:32:00,2010-11-03 11:44:00
18142.0,2,1019.52,1276,2011-05-08 12:31:00,2011-07-05 13:19:00
18143.0,2,1000.16,570,2011-07-21 10:44:00,2011-08-15 12:07:00
18144.0,19,5058.0,2239,2009-12-16 15:57:00,2011-12-02 12:46:00
18145.0,11,5617.79,5107,2009-12-08 12:30:00,2011-11-27 11:22:00
18146.0,2,160.35000000000002,153,2011-05-03 16:35:00,2011-07-22 12:08:00
18147.0,2,179.33999999999997,203,2011-08-23 12:22:00,2011-10-25 11:46:00
18148.0,1,114.10000000000001,64,2010-03-03 11:40:00,2010-03-03 11:40:00
18149.0,7,1624.71,918,2010-03-14 12:41:00,2011-10-20 12:04:00
18150.0,3,566.58,332,2011-05-22 10:47:00,2011-11-07 16:49:00
18151.0,6,1879.44,986,2010-03-04 10:47:00,2011-07-28 11:35:00
18152.0,1,426.69,75,2010-03-03 15:26:00,2010-03-03 15:26:00
18153.0,1,246.22,200,2010-02-18 15:50:00,2010-02-18 15:50:00
18154.0,5,932.6,626,2010-08-06 09:18:00,2011-12-06 16:41:00
18155.0,3,371.62,266,2011-02-21 10:36:00,2011-09-25 13:32:00
18156.0,2,941.1700000000001,374,2010-12-05 12:29:00,2011-11-27 12:24:00
18157.0,1,215.35,146,2010-05-17 14:09:00,2010-05-17 14:09:00
18158.0,2,453.4,354,2011-09-12 09:03:00,2011-11-30 16:19:00
18159.0,1,530.15,139,2011-02-11 14:26:00,2011-02-11 14:26:00
18160.0,3,1003.88,519,2010-11-18 16:33:00,2011-10-13 15:50:00
18161.0,6,1803.1000000000001,965,2010-11-25 15:55:00,2011-11-24 16:40:00
18162.0,1,379.16,335,2009-12-07 13:24:00,2009-12-07 13:24:00
18163.0,1,728.84,452,2010-05-04 14:51:00,2010-05-04 14:51:00
18164.0,1,399.65000000000003,184,2011-11-02 12:56:00,2011-11-02 12:56:00
18165.0,1,302.46000000000004,254,2011-06-15 13:23:00,2011-06-15 13:23:00
18166.0,1,175.5,90,2010-03-26 12:26:00,2010-03-26 12:26:00
18167.0,3,1384.8600000000001,382,2011-08-26 11:40:00,2011-11-16 15:56:00
18168.0,16,3770.27,2177,2009-12-03 17:29:00,2011-06-16 19:21:00
18169.0,1,202.65,61,2011-10-10 12:18:00,2011-10-10 12:18:00
18170.0,9,2878.0,1184,2010-01-08 14:10:00,2011-11-06 14:35:00
18171.0,9,2437.31,991,2010-01-05 10:46:00,2011-10-12 09:13:00
18172.0,52,17479.84,7413,2009-12-11 09:58:00,2011-11-25 11:12:00
18173.0,5,2696.36,1730,2010-04-06 10:43:00,2011-09-14 11:26:00
18174.0,2,162.5,80,2010-04-15 12:17:00,2011-12-02 16:56:00
18175.0,1,176.1,70,2010-02-02 10:25:00,2010-02-02 10:25:00
18176.0,1,476.35,283,2010-12-16 15:45:00,2010-12-16 15:45:00
18177.0,9,2216.87,1239,2009-12-15 18:57:00,2011-11-08 14:44:00
18178.0,11,6103.74,3850,2010-02-18 14:25:00,2011-08-03 09:30:00
18179.0,8,2547.55,1811,2010-02-14 15:51:00,2011-11-30 16:23:00
18180.0,6,1843.75,1721,2011-07-20 08:59:00,2011-12-05 08:39:00
18181.0,5,1205.94,524,2009-12-04 15:30:00,2011-11-15 15:08:00
18182.0,1,291.13,167,2010-09-02 14:25:00,2010-09-02 14:25:00
18183.0,2,632.07,371,2011-03-10 10:08:00,2011-04-26 15:26:00
18184.0,1,49.8,60,2011-11-24 15:28:00,2011-11-24 15:28:00
18185.0,1,304.25,183,2011-04-04 13:42:00,2011-04-04 13:42:00
18186.0,1,329.58,338,2009-12-17 10:22:00,2009-12-17 10:22:00
18187.0,1,724.89,310,2010-03-18 09:49:00,2010-03-18 09:49:00
18188.0,6,3280.59,1888,2010-03-26 11:37:00,2011-11-24 16:46:00
18189.0,3,1403.73,836,2010-03-24 09:57:00,2011-09-23 12:40:00
18190.0,5,745.62,490,2009-12-22 12:05:00,2011-05-31 14:48:00
18191.0,2,529.4,332,2010-08-19 17:42:00,2011-03-23 12:08:00
18192.0,1,957.97,339,2011-09-29 09:53:00,2011-09-29 09:53:00
18193.0,3,1207.35,926,2010-09-23 13:33:00,2011-06-27 13:58:00
18194.0,6,4162.04,1774,2010-01-28 15:30:00,2011-09-18 13:29:00
18195.0,1,101.16,60,2010-11-17 15:03:00,2010-11-17 15:03:00
18196.0,4,1464.31,1047,2010-03-17 14:55:00,2011-09-05 16:22:00
18197.0,1,230.1,166,2010-05-13 10:46:00,2010-05-13 10:46:00
18198.0,17,5425.56,4074,2011-01-07 13:39:00,2011-12-05 14:49:00
18199.0,1,344.75,99,2010-01-25 11:32:00,2010-01-25 11:32:00
18200.0,1,163.8,111,2011-08-25 18:45:00,2011-08-25 18:45:00
18201.0,1,447.53000000000003,191,2009-12-17 08:55:00,2009-12-17 08:55:00
18202.0,3,1396.99,581,2011-02-01 13:36:00,2011-05-24 12:12:00
18203.0,4,504.42,113,2009-12-08 13:19:00,2011-07-05 13:07:00
18204.0,3,1993.7,1200,2011-05-31 15:26:00,2011-09-29 16:44:00
18205.0,2,517.36,192,2011-09-26 12:02:00,2011-11-03 13:22:00
18206.0,1,314.65999999999997,246,2010-06-04 13:47:00,2010-06-04 13:47:00
18207.0,1,544.47,325,2010-07-28 14:26:00,2010-07-28 14:26:00
18208.0,1,360.08,82,2010-05-23 11:54:00,2010-05-23 11:54:00
18209.0,1,139.10000000000002,58,2011-11-11 12:07:00,2011-11-11 12:07:00
18210.0,7,2768.83,1499,2010-11-22 09:39:00,2011-12-08 11:02:00
18211.0,5,600.07,359,2011-03-06 12:09:00,2011-11-14 08:10:00
18212.0,2,546.72,167,2010-01-31 14:42:00,2011-01-17 16:14:00
18213.0,1,232.48000000000002,232,2011-04-17 10:21:00,2011-04-17 10:21:00
18214.0,4,1780.34,989,2010-06-03 19:47:00,2010-06-27 11:21:00
18215.0,5,2247.4900000000002,1143,2010-03-26 13:03:00,2011-09-11 16:05:00
18216.0,1,481.75,200,2011-11-08 16:55:00,2011-11-08 16:55:00
18217.0,4,945.04,740,2010-07-01 15:39:00,2011-11-10 13:18:00
18218.0,4,1142.0,1076,2010-02-17 15:11:00,2011-05-12 12:53:00
18219.0,17,3562.89,1653,2009-12-07 13:17:00,2011-12-07 11:43:00
18220.0,6,1921.76,1352,2009-12-15 11:42:00,2011-04-27 09:03:00
18221.0,6,1424.94,1000,2010-11-14 15:46:00,2011-11-17 14:40:00
18222.0,1,443.0,335,2011-09-08 10:45:00,2011-09-08 10:45:00
18223.0,26,14000.85,6644,2009-12-04 12:20:00,2011-12-05 09:11:00
18224.0,1,158.95000000000002,69,2011-03-21 10:30:00,2011-03-21 10:30:00
18225.0,26,13054.26,7304,2009-12-04 16:52:00,2011-12-06 13:27:00
18226.0,26,11878.88,7883,2010-03-05 10:05:00,2011-10-26 13:36:00
18227.0,2,388.75,22,2010-08-12 16:45:00,2011-05-06 12:23:00
18228.0,2,779.9,238,2011-09-21 10:48:00,2011-10-14 09:21:00
18229.0,28,10803.710000000001,3183,2009-12-03 14:42:00,2011-11-28 09:48:00
18230.0,9,4291.06,1996,2010-07-02 10:01:00,2011-11-30 13:22:00
18231.0,28,6880.97,2923,2010-01-10 12:13:00,2011-05-31 14:18:00
18232.0,4,592.97,302,2011-05-26 16:30:00,2011-09-19 11:49:00
18233.0,1,440.0,4,2011-01-18 08:44:00,2011-01-18 08:44:00
18234.0,1,179.6,80,2010-06-06 11:22:00,2010-06-06 11:22:00
18235.0,3,1796.48,1578,2011-05-06 13:35:00,2011-09-29 08:27:00
18236.0,12,1795.3500000000001,696,2010-04-15 13:39:00,2011-11-10 08:06:00
18237.0,5,987.1,622,2011-07-28 13:05:00,2011-12-07 12:49:00
18238.0,1,270.92,114,2010-07-12 12:51:00,2010-07-12 12:51:00
18239.0,6,2150.36,1052,2010-10-13 10:11:00,2011-05-05 12:38:00
18240.0,1,422.58,126,2011-10-24 13:06:00,2011-10-24 13:06:00
18241.0,21,2986.9900000000002,1471,2010-04-01 11:55:00,2011-11-30 12:10:00
18242.0,8,3605.21,2021,2010-01-11 08:49:00,2011-09-28 13:43:00
18243.0,1,515.78,221,2010-10-21 14:29:00,2010-10-21 14:29:00
18244.0,2,568.64,856,2010-07-25 10:30:00,2010-10-05 11:15:00
18245.0,20,6324.9800000000005,5098,2010-03-08 15:26:00,2011-12-02 14:48:00
18246.0,3,758.8199999999999,214,2010-04-09 10:19:00,2011-11-16 11:49:00
18247.0,3,839.73,335,2010-03-18 15:52:00,2010-10-21 09:49:00
18248.0,2,804.02,511,2011-06-06 13:18:00,2011-08-09 10:19:00
18249.0,1,95.34,128,2011-11-22 15:07:00,2011-11-22 15:07:00
18250.0,1,349.27,199,2011-02-02 13:16:00,2011-02-02 13:16:00
18251.0,9,26278.86,39639,2009-12-22 12:01:00,2011-09-13 15:03:00
18252.0,7,1542.09,937,2009-12-18 16:13:00,2011-10-20 12:43:00
18253.0,1,317.88,128,2010-03-07 12:38:00,2010-03-07 12:38:00
18254.0,1,267.9,188,2010-05-07 14:37:00,2010-05-07 14:37:00
18255.0,2,303.15,201,2010-09-09 16:31:00,2011-09-11 13:16:00
18256.0,1,110.7,180,2010-11-17 08:53:00,2010-11-17 08:53:00
18257.0,12,4600.15,2369,2010-02-18 16:20:00,2011-10-31 14:48:00
18258.0,6,2059.67,1981,2010-05-16 11:35:00,2010-09-01 14:20:00
18259.0,7,4318.200000000001,1390,2009-12-08 08:38:00,2011-11-15 12:34:00
18260.0,23,9962.11,5247,2009-12-15 13:50:00,2011-06-20 12:37:00
18261.0,2,324.24,146,2011-09-05 09:34:00,2011-10-27 15:36:00
18262.0,3,577.54,552,2010-04-16 09:05:00,2011-07-22 16:04:00
18263.0,3,1213.1599999999999,1468,2011-04-01 11:48:00,2011-11-14 09:00:00
18264.0,1,603.25,241,2010-07-29 10:02:00,2010-07-29 10:02:00
18265.0,2,801.51,311,2011-07-04 15:26:00,2011-09-28 14:10:00
18266.0,1,251.1,138,2010-10-01 15:33:00,2010-10-01 15:33:00
18267.0,1,269.37,135,2010-02-05 08:43:00,2010-02-05 08:43:00
18268.0,6,1490.23,711,2009-12-11 10:27:00,2011-07-28 19:13:00
18269.0,1,337.2,152,2010-12-08 13:53:00,2010-12-08 13:53:00
18270.0,3,444.55,209,2010-10-03 10:49:00,2011-11-01 13:57:00
18271.0,2,680.85,319,2009-12-08 11:27:00,2010-04-09 09:26:00
18272.0,9,4385.9800000000005,2880,2010-03-04 12:53:00,2011-12-07 12:43:00
18273.0,4,357.0,140,2010-04-28 12:24:00,2011-12-07 13:16:00
18274.0,1,175.92,88,2011-11-09 17:03:00,2011-11-09 17:03:00
18275.0,2,741.85,417,2009-12-08 16:23:00,2010-05-10 15:46:00
18276.0,6,1656.52,1246,2009-12-10 17:14:00,2011-10-27 10:54:00
18277.0,5,1180.05,449,2010-08-02 10:26:00,2011-10-12 15:22:00
18278.0,2,414.20000000000005,140,2010-10-31 12:13:00,2011-09-27 11:58:00
18279.0,1,231.33999999999997,630,2010-07-08 14:48:00,2010-07-08 14:48:00
18280.0,2,488.15000000000003,194,2010-11-10 15:51:00,2011-03-07 09:52:00
18281.0,2,201.14,146,2010-05-11 10:49:00,2011-06-12 10:53:00
18282.0,2,178.05,103,2011-08-05 13:35:00,2011-12-02 11:43:00
18283.0,22,2736.65,1733,2010-02-19 17:16:00,2011-12-06 12:02:00
18284.0,1,461.68,494,2010-10-04 11:33:00,2010-10-04 11:33:00
18285.0,1,427.0,145,2010-02-17 10:24:00,2010-02-17 10:24:00
18286.0,2,1296.43,608,2009-12-16 10:45:00,2010-08-20 11:57:00
18287.0,7,4182.99,3013,2010-05-17 11:55:00,2011-10-28 09:29:00
