Customer ID,Frequency,First_Purchase_Date,Last_Purchase_Date,UniqueProducts,Monetary,TotalItems,Country
12346.0,2,2010-06-28 13:53:00,2011-01-18 10:01:00,20,137.80999999999767,18,United Kingdom
12347.0,4,2010-10-31 14:20:00,2011-04-07 10:43:00,90,2434.96,1626,Iceland
12348.0,4,2010-09-27 14:59:00,2011-04-05 10:47:00,24,1388.4,2488,Finland
12350.0,1,2011-02-02 16:01:00,2011-02-02 16:01:00,16,294.40000000000003,196,Norway
12352.0,6,2010-11-12 10:20:00,2011-03-22 16:08:00,36,864.98,374,Norway
12353.0,2,2010-10-27 12:44:00,2011-05-19 17:47:00,23,406.76,212,Bahrain
12354.0,1,2011-04-21 13:11:00,2011-04-21 13:11:00,58,1079.4,530,Spain
12355.0,1,2011-05-09 13:49:00,2011-05-09 13:49:00,13,459.4,240,Bahrain
12356.0,5,2010-10-11 09:42:00,2011-04-08 12:33:00,103,5553.38,3371,Portugal
12359.0,4,2010-06-22 10:24:00,2011-02-07 14:51:00,134,3391.7400000000002,958,Cyprus
12360.0,2,2010-11-12 11:31:00,2011-05-23 09:43:00,81,1614.37,965,Austria
12361.0,2,2010-09-03 15:19:00,2011-02-25 13:51:00,11,273.9,150,Belgium
12362.0,2,2011-02-17 10:30:00,2011-04-28 09:12:00,51,879.44,496,Belgium
12363.0,1,2011-04-11 13:29:00,2011-04-11 13:29:00,16,299.09999999999997,282,Unspecified
12365.0,1,2011-02-21 13:51:00,2011-02-21 13:51:00,21,320.69,173,Cyprus
12370.0,3,2010-12-14 12:58:00,2011-03-10 12:48:00,124,2682.66,1969,Cyprus
12372.0,2,2011-02-16 12:46:00,2011-05-11 10:43:00,31,842.9200000000001,588,Denmark
12373.0,1,2011-02-01 13:10:00,2011-02-01 13:10:00,13,324.6,196,Austria
12377.0,3,2010-11-23 19:24:00,2011-01-28 15:45:00,89,2055.36,1266,Switzerland
12383.0,4,2010-12-22 14:28:00,2011-04-15 14:10:00,81,1547.86,1497,Belgium
12386.0,2,2010-12-08 09:53:00,2011-01-06 12:37:00,10,401.9,354,Australia
12388.0,4,2010-09-20 12:41:00,2011-03-09 15:47:00,39,1425.0800000000002,604,Australia
12393.0,5,2010-10-07 13:49:00,2011-04-08 09:45:00,53,1855.25,1011,Australia
12394.0,1,2011-05-06 14:01:00,2011-05-06 14:01:00,20,351.08,180,Belgium
12395.0,8,2010-08-02 12:37:00,2011-05-12 10:15:00,77,1895.02,1826,Belgium
12399.0,4,2010-07-08 09:13:00,2011-05-10 10:22:00,47,1341.62,1654,Belgium
12401.0,1,2011-02-09 13:50:00,2011-02-09 13:50:00,4,69.3,10,Belgium
12402.0,4,2010-07-06 12:15:00,2011-01-20 13:49:00,28,661.55,323,Belgium
12407.0,2,2011-03-20 13:21:00,2011-04-18 12:25:00,22,450.96,416,Belgium
12408.0,5,2010-07-29 13:27:00,2011-03-24 14:47:00,65,2005.33,1119,Belgium
12410.0,3,2010-07-25 13:26:00,2011-02-04 10:39:00,35,761.46,333,Switzerland
12413.0,3,2010-11-02 13:26:00,2011-04-17 15:33:00,36,685.3000000000001,232,Spain
12414.0,4,2010-09-02 12:22:00,2011-05-06 14:51:00,19,442.41,297,Austria
12415.0,10,2010-06-30 08:30:00,2011-05-20 14:13:00,293,69409.04,45858,Australia
12417.0,10,2010-06-17 13:06:00,2011-04-28 13:09:00,131,2677.64,1114,Belgium
12421.0,3,2010-07-22 13:57:00,2011-01-24 15:09:00,26,360.01,265,Spain
12422.0,6,2010-07-02 09:27:00,2011-01-19 09:13:00,70,1656.4,1059,Switzerland
12423.0,7,2010-08-31 09:31:00,2011-05-23 10:48:00,111,1883.8500000000001,1368,Denmark
12426.0,1,2011-05-29 12:26:00,2011-05-29 12:26:00,29,510.73,254,Germany
12427.0,1,2010-12-03 10:44:00,2010-12-03 10:44:00,9,192.55,67,Germany
12428.0,5,2011-03-01 09:33:00,2011-04-11 10:04:00,226,5085.03,2724,Finland
12429.0,6,2010-06-11 13:28:00,2011-04-26 11:44:00,85,3923.09,1855,Denmark
12431.0,13,2010-06-23 15:00:00,2011-05-23 09:14:00,146,4893.14,2070,Australia
12433.0,5,2010-08-20 09:23:00,2010-12-08 16:49:00,163,7205.39,6045,Norway
12434.0,2,2010-11-23 13:38:00,2011-03-24 13:05:00,34,542.59,194,Australia
12435.0,3,2010-08-19 16:53:00,2011-03-17 07:40:00,70,8338.15,2974,Denmark
12437.0,21,2010-06-02 13:34:00,2011-05-25 10:08:00,113,4699.61,3293,France
12441.0,1,2010-12-08 10:45:00,2010-12-08 10:45:00,10,155.55,120,France
12447.0,1,2011-04-10 13:25:00,2011-04-10 13:25:00,25,431.49,187,Belgium
12451.0,5,2010-06-28 12:58:00,2011-05-05 17:34:00,259,8920.83,6876,Switzerland
12455.0,2,2010-09-20 14:39:00,2011-02-16 09:56:00,57,2152.04,1812,Cyprus
12456.0,1,2011-03-30 09:12:00,2011-03-30 09:12:00,40,780.17,441,Switzerland
12457.0,4,2010-09-30 17:59:00,2011-04-20 10:10:00,36,1116.88,527,Switzerland
12458.0,3,2010-08-09 10:33:00,2011-02-28 10:55:00,57,1077.01,745,Switzerland
12462.0,1,2011-02-09 14:44:00,2011-02-09 14:44:00,39,573.31,277,Spain
12463.0,2,2011-04-12 12:47:00,2011-05-17 10:02:00,31,570.55,349,Belgium
12464.0,4,2011-02-03 13:30:00,2011-05-23 11:49:00,5,439.85,47,Belgium
12468.0,2,2010-07-01 10:28:00,2011-01-27 13:29:00,39,726.5,594,Germany
12471.0,35,2010-06-07 10:41:00,2011-05-13 08:11:00,121,15978.3,7505,Germany
12472.0,8,2010-06-15 12:14:00,2011-03-17 12:40:00,234,7383.21,5001,Germany
12474.0,16,2010-06-13 11:19:00,2011-05-23 12:32:00,233,5862.55,3928,Germany
12476.0,12,2010-07-26 09:04:00,2011-05-05 17:13:00,272,8265.99,3945,Germany
12477.0,4,2010-07-02 08:26:00,2011-04-14 13:59:00,199,9608.17,2990,Germany
12480.0,5,2010-07-20 13:21:00,2011-03-17 13:23:00,119,3308.7400000000002,1978,Germany
12481.0,10,2010-09-15 11:56:00,2011-05-19 08:27:00,172,5794.28,3618,Germany
12483.0,10,2010-06-09 09:15:00,2011-05-18 12:50:00,36,1986.3600000000001,1000,Sweden
12484.0,3,2010-07-28 14:43:00,2011-01-07 14:04:00,136,1970.3,1238,Spain
12489.0,1,2011-01-07 13:13:00,2011-01-07 13:13:00,14,298.93,103,France
12490.0,6,2010-07-15 15:51:00,2011-05-09 09:47:00,81,2748.26,1725,France
12493.0,1,2011-05-26 14:53:00,2011-05-26 14:53:00,12,215.55,87,France
12494.0,5,2010-10-24 11:49:00,2011-05-27 13:49:00,41,775.39,334,France
12500.0,6,2010-07-05 14:47:00,2011-03-18 09:55:00,16,1472.55,1039,Germany
12501.0,1,2011-01-07 12:28:00,2011-01-07 12:28:00,148,1945.68,1714,Germany
12502.0,3,2011-02-03 10:41:00,2011-05-06 08:19:00,60,1478.65,421,Spain
12506.0,1,2011-04-21 08:54:00,2011-04-21 08:54:00,23,73.5,23,France
12507.0,1,2011-02-14 09:24:00,2011-02-14 09:24:00,12,362.16,216,Spain
12509.0,1,2011-02-28 14:45:00,2011-02-28 14:45:00,6,158.5,54,France
12510.0,2,2010-09-06 14:27:00,2011-01-18 14:04:00,55,1238.27,797,Spain
12514.0,1,2011-03-17 16:38:00,2011-03-17 16:38:00,51,1017.6800000000001,440,Italy
12515.0,1,2010-12-21 15:43:00,2010-12-21 15:43:00,15,278.7,128,Italy
12520.0,3,2011-03-11 11:35:00,2011-05-19 09:37:00,93,1465.81,926,Germany
12523.0,11,2010-06-04 11:38:00,2011-04-01 09:19:00,82,1584.15,904,France
12524.0,11,2010-08-04 14:20:00,2011-05-19 12:24:00,125,6328.44,4015,Germany
12527.0,4,2010-06-28 15:37:00,2011-02-18 09:41:00,23,653.72,512,Germany
12528.0,2,2011-01-31 09:05:00,2011-03-08 11:46:00,37,675.46,351,Germany
12530.0,5,2010-08-16 08:57:00,2011-04-20 09:31:00,62,1997.69,1653,Germany
12539.0,4,2010-09-15 09:50:00,2011-03-22 16:00:00,146,4987.03,1960,Spain
12540.0,12,2010-06-16 12:54:00,2011-05-31 13:32:00,184,9375.51,5240,Spain
12541.0,1,2011-03-04 09:32:00,2011-03-04 09:32:00,16,284.4,287,Spain
12545.0,1,2011-03-25 12:04:00,2011-03-25 12:04:00,33,544.15,343,Spain
12547.0,3,2010-07-27 13:55:00,2011-05-26 12:38:00,12,299.58,306,Spain
12551.0,1,2010-12-17 11:23:00,2010-12-17 11:23:00,10,168.0,100,Spain
12553.0,7,2010-10-12 13:35:00,2011-05-19 12:29:00,90,2270.89,1279,France
12557.0,5,2010-06-11 15:07:00,2011-03-28 16:41:00,15,9007.16,3380,Spain
12559.0,2,2011-01-24 10:12:00,2011-02-02 09:49:00,20,500.21000000000004,279,Germany
12561.0,1,2011-02-10 11:39:00,2011-02-10 11:39:00,16,238.85,177,Germany
12562.0,3,2010-09-30 13:13:00,2011-05-25 12:44:00,42,1432.14,720,France
12564.0,1,2011-03-23 14:55:00,2011-03-23 14:55:00,20,402.9,130,France
12565.0,1,2011-02-24 10:34:00,2011-02-24 10:34:00,9,131.17000000000002,75,Saudi Arabia
12567.0,7,2010-06-29 10:35:00,2011-05-22 13:01:00,198,4803.39,2247,France
12569.0,5,2011-04-01 13:47:00,2011-05-05 09:23:00,28,816.62,468,Germany
12573.0,5,2010-08-31 17:25:00,2011-04-26 15:52:00,107,717.41,479,France
12574.0,1,2011-01-28 09:20:00,2011-01-28 09:20:00,10,182.45000000000002,59,France
12576.0,5,2010-07-01 13:46:00,2011-05-05 15:08:00,73,1118.54,828,Poland
12577.0,5,2010-10-26 12:22:00,2010-12-15 16:21:00,182,975.84,777,France
12578.0,3,2010-09-22 11:19:00,2011-01-13 15:34:00,108,2966.6,1871,Italy
12580.0,1,2011-04-07 10:24:00,2011-04-07 10:24:00,23,379.7,236,Germany
12582.0,3,2010-10-13 10:52:00,2011-04-15 08:45:00,47,983.29,611,Finland
12583.0,12,2010-06-03 15:29:00,2011-05-23 09:48:00,81,5962.24,3977,France
12584.0,1,2011-03-04 15:15:00,2011-03-04 15:15:00,17,369.73,79,Italy
12585.0,2,2010-12-23 12:58:00,2011-04-19 13:39:00,76,1766.81,1246,Germany
12590.0,1,2011-05-12 14:46:00,2011-05-12 14:46:00,67,9336.31,4281,Germany
12591.0,3,2010-10-27 10:42:00,2011-01-26 14:35:00,62,1114.95,645,Italy
12592.0,3,2010-07-08 14:06:00,2011-05-10 13:44:00,38,1535.84,1742,Germany
12593.0,1,2011-05-05 09:29:00,2011-05-05 09:29:00,10,200.0,98,France
12594.0,9,2010-06-14 09:40:00,2011-05-31 14:14:00,65,3170.1400000000003,1757,Italy
12596.0,1,2011-04-11 13:22:00,2011-04-11 13:22:00,14,213.95,154,Spain
12597.0,1,2011-03-16 14:00:00,2011-03-16 14:00:00,29,432.15000000000003,227,Spain
12598.0,3,2010-09-02 14:22:00,2011-05-03 08:40:00,64,1831.94,1188,France
12599.0,8,2010-06-09 08:46:00,2011-05-15 13:45:00,31,1066.52,1154,France
12600.0,11,2010-08-11 10:53:00,2011-05-19 15:36:00,22,2039.68,542,Germany
12601.0,5,2010-10-31 10:57:00,2011-05-19 15:41:00,20,515.66,261,Germany
12604.0,1,2011-03-23 12:06:00,2011-03-23 12:06:00,9,160.5,136,France
12609.0,4,2010-07-29 12:03:00,2011-01-25 15:13:00,73,1391.19,743,Germany
12613.0,6,2010-06-16 12:45:00,2011-05-26 09:18:00,124,2957.78,2191,Germany
12614.0,1,2011-03-07 10:22:00,2011-03-07 10:22:00,20,315.6,76,Germany
12616.0,2,2010-11-16 11:38:00,2011-02-15 14:17:00,25,545.5,294,France
12619.0,2,2011-03-31 13:10:00,2011-04-19 14:02:00,10,595.66,510,Germany
12620.0,1,2011-05-19 12:10:00,2011-05-19 12:10:00,33,561.66,434,France
12621.0,21,2010-06-20 12:09:00,2011-05-23 15:38:00,206,13880.05,8396,Germany
12622.0,1,2011-04-21 16:39:00,2011-04-21 16:39:00,10,162.1,68,Germany
12623.0,4,2010-06-13 12:32:00,2011-03-08 13:50:00,53,1247.25,814,Germany
12625.0,3,2010-07-18 15:56:00,2011-05-12 09:54:00,118,3747.69,2729,Germany
12626.0,2,2011-01-17 11:01:00,2011-01-27 13:42:00,56,986.5500000000001,416,Germany
12633.0,5,2010-07-02 11:44:00,2011-05-27 10:29:00,208,4698.13,2962,Germany
12637.0,8,2010-06-14 13:36:00,2011-04-14 14:15:00,227,4491.41,2328,France
12639.0,2,2010-10-01 12:17:00,2011-04-15 12:48:00,45,858.79,481,Sweden
12643.0,6,2010-09-20 16:39:00,2011-05-03 12:03:00,10,3837.2999999999997,2522,France
12645.0,4,2010-09-01 09:25:00,2011-05-04 12:11:00,63,1572.28,1060,Germany
12647.0,18,2010-06-08 12:53:00,2011-05-24 10:19:00,151,6992.12,3275,Germany
12649.0,3,2010-10-12 08:08:00,2011-05-11 14:37:00,55,1136.54,1123,Germany
12651.0,4,2010-08-31 15:21:00,2011-01-09 12:46:00,30,365.3,262,France
12652.0,2,2010-10-01 15:16:00,2011-01-12 15:00:00,50,885.58,526,Germany
12653.0,2,2010-07-01 09:56:00,2011-02-16 10:53:00,55,2730.08,1048,Israel
12654.0,3,2011-02-17 13:16:00,2011-05-26 10:43:00,18,301.75,149,Germany
12656.0,4,2010-07-28 13:05:00,2011-05-20 11:34:00,75,2654.41,1428,France
12662.0,10,2010-06-10 12:43:00,2011-04-14 17:25:00,101,2924.7000000000003,1604,Germany
12664.0,3,2010-07-13 13:28:00,2011-04-21 14:33:00,4,1742.66,470,Finland
12665.0,2,2010-10-18 11:34:00,2011-01-19 08:34:00,6,107.55,87,Germany
12668.0,5,2010-10-06 12:36:00,2011-03-25 14:53:00,157,5099.2,2512,Germany
12669.0,1,2011-03-28 10:15:00,2011-03-28 10:15:00,68,1028.3,842,France
12670.0,3,2010-11-19 10:05:00,2011-05-24 09:25:00,38,1421.03,661,France
12672.0,1,2011-01-14 09:20:00,2011-01-14 09:20:00,10,225.9,78,France
12673.0,2,2010-11-03 10:46:00,2011-01-17 11:46:00,51,786.4,517,Germany
12674.0,1,2011-05-16 09:10:00,2011-05-16 09:10:00,16,550.74,220,France
12676.0,6,2010-08-13 13:29:00,2011-03-24 11:40:00,55,1869.1,1545,Sweden
12678.0,9,2010-07-06 11:44:00,2011-03-31 13:40:00,104,11071.04,7396,France
12679.0,2,2011-03-01 12:26:00,2011-05-18 12:18:00,42,761.13,386,France
12681.0,23,2010-06-11 08:25:00,2011-05-25 12:54:00,360,16034.93,10122,France
12682.0,21,2010-06-03 09:29:00,2011-05-31 13:32:00,201,9118.09,4809,France
12683.0,11,2010-09-03 09:27:00,2011-05-12 11:50:00,135,4632.17,3078,France
12684.0,2,2011-05-10 12:55:00,2011-05-26 17:16:00,30,815.1,882,France
12686.0,1,2010-12-03 09:51:00,2010-12-03 09:51:00,6,71.14,106,France
12690.0,1,2011-05-18 09:09:00,2011-05-18 09:09:00,15,335.01,103,France
12691.0,3,2010-10-15 12:00:00,2011-01-24 15:32:00,16,468.8,198,France
12693.0,6,2010-07-05 13:56:00,2011-05-12 08:52:00,58,1173.23,477,Germany
12695.0,2,2010-06-29 16:12:00,2011-05-13 13:15:00,8,170.91,47,France
12700.0,1,2011-05-08 16:10:00,2011-05-08 16:10:00,61,984.43,773,France
12701.0,4,2010-06-01 10:42:00,2011-04-11 13:02:00,62,1312.46,925,Germany
12705.0,8,2010-06-24 09:51:00,2011-05-22 14:03:00,250,7512.110000000001,4843,Germany
12707.0,1,2011-02-21 08:38:00,2011-02-21 08:38:00,33,603.42,256,France
12708.0,8,2010-06-30 11:57:00,2011-05-23 10:13:00,75,2004.14,1177,Germany
12709.0,16,2010-06-06 14:16:00,2011-05-06 15:01:00,94,12029.06,6365,Germany
12710.0,1,2011-05-22 14:05:00,2011-05-22 14:05:00,43,646.96,382,Germany
12712.0,12,2010-07-08 09:00:00,2011-05-23 15:38:00,74,3002.13,1035,Germany
12714.0,5,2010-06-30 15:35:00,2011-05-17 09:28:00,236,5582.95,3755,France
12717.0,1,2011-04-08 10:32:00,2011-04-08 10:32:00,30,509.74,260,Greece
12720.0,14,2010-07-21 09:46:00,2011-05-31 13:15:00,187,3657.03,3161,Germany
12721.0,5,2010-08-25 11:07:00,2011-04-07 13:07:00,122,2151.52,1333,France
12724.0,4,2010-06-22 14:00:00,2011-01-11 15:00:00,68,1297.01,1041,France
12725.0,2,2010-10-21 10:28:00,2010-12-03 15:45:00,53,897.8100000000001,431,Italy
12726.0,7,2010-06-10 16:35:00,2011-05-09 15:12:00,45,1955.4199999999998,2600,France
12727.0,6,2010-06-10 09:40:00,2011-03-03 12:20:00,91,2517.83,1607,France
12728.0,4,2010-11-21 11:34:00,2011-03-27 13:07:00,38,725.15,373,France
12731.0,9,2010-06-14 11:51:00,2011-05-11 15:07:00,88,12055.35,5969,France
12733.0,3,2010-07-30 16:50:00,2011-04-19 16:19:00,70,1195.75,493,USA
12734.0,3,2010-11-12 13:26:00,2010-12-22 12:47:00,16,603.65,263,France
12735.0,2,2011-01-06 14:26:00,2011-01-28 13:37:00,37,689.5699999999999,363,France
12736.0,1,2011-01-11 07:57:00,2011-01-11 07:57:00,3,144.0,168,France
12744.0,5,2010-09-06 10:15:00,2011-04-05 10:58:00,158,6956.63,3719,Singapore
12747.0,13,2010-06-13 12:54:00,2011-05-25 09:57:00,52,4784.93,1554,United Kingdom
12748.0,160,2010-06-03 16:45:00,2011-05-31 12:50:00,1408,19395.97,13283,United Kingdom
12749.0,5,2010-07-06 15:05:00,2011-05-10 15:25:00,157,3242.39,1097,United Kingdom
12753.0,4,2010-12-12 11:44:00,2011-04-05 13:56:00,87,12701.85,6908,Japan
12754.0,3,2011-02-04 10:31:00,2011-04-18 09:00:00,49,3010.74,6481,Japan
12755.0,8,2010-07-05 12:13:00,2011-03-04 12:42:00,15,2838.25,1225,Japan
12757.0,1,2011-05-12 19:01:00,2011-05-12 19:01:00,74,602.83,311,Portugal
12758.0,3,2010-06-09 12:29:00,2011-03-08 12:05:00,89,4256.25,2522,Portugal
12759.0,4,2010-07-07 11:53:00,2011-03-09 08:09:00,100,2047.42,1548,Netherlands
12763.0,1,2010-12-05 15:46:00,2010-12-05 15:46:00,16,320.08,196,Japan
12764.0,1,2011-01-27 10:19:00,2011-01-27 10:19:00,45,1693.88,386,Lebanon
12766.0,6,2010-10-28 09:29:00,2011-04-13 13:15:00,200,5231.22,3203,Portugal
12769.0,1,2011-04-15 10:25:00,2011-04-15 10:25:00,32,1143.6,356,Brazil
12770.0,2,2010-09-09 11:43:00,2011-05-13 09:33:00,19,2984.2,1774,Japan
12775.0,5,2010-10-26 14:24:00,2011-05-20 14:23:00,37,905.16,586,Netherlands
12778.0,5,2010-09-14 12:48:00,2011-03-25 15:01:00,46,862.91,909,Netherlands
12779.0,10,2010-06-24 14:13:00,2011-05-25 12:55:00,103,4559.24,2248,Poland
12781.0,1,2011-02-28 08:43:00,2011-02-28 08:43:00,15,491.75,307,Czech Republic
12782.0,9,2010-07-08 13:31:00,2011-03-31 12:36:00,120,3142.07,1481,Portugal
12785.0,2,2010-06-22 12:16:00,2010-12-10 13:48:00,31,593.5,276,Portugal
12787.0,2,2010-10-22 14:57:00,2011-05-31 09:36:00,27,523.62,312,Netherlands
12790.0,2,2010-10-25 13:04:00,2011-05-31 14:14:00,35,518.45,297,Netherlands
12792.0,2,2010-06-23 10:49:00,2011-03-28 11:36:00,38,715.01,390,Portugal
12793.0,3,2010-11-03 13:05:00,2011-01-09 12:12:00,33,745.53,456,Portugal
12797.0,2,2010-10-11 12:53:00,2010-12-09 10:55:00,26,387.43,169,Portugal
12808.0,3,2010-09-03 10:24:00,2010-12-06 10:27:00,25,394.45,186,Portugal
12811.0,4,2010-10-08 12:20:00,2011-03-23 10:55:00,46,893.9,429,Portugal
12815.0,1,2011-05-25 13:34:00,2011-05-25 13:34:00,30,495.36,236,Poland
12817.0,3,2010-10-01 08:57:00,2011-03-03 16:28:00,15,570.98,216,Austria
12818.0,1,2011-03-23 12:06:00,2011-03-23 12:06:00,13,1182.0800000000002,920,Austria
12820.0,4,2010-07-23 09:51:00,2011-01-17 12:34:00,39,834.34,519,United Kingdom
12821.0,1,2011-05-09 15:51:00,2011-05-09 15:51:00,6,92.72,70,United Kingdom
12823.0,11,2010-06-03 15:03:00,2011-03-30 10:36:00,1,4177.0,580,United Kingdom
12826.0,7,2010-07-19 14:31:00,2011-01-27 12:06:00,76,1554.98,1201,United Kingdom
12829.0,3,2010-06-07 15:04:00,2011-01-07 11:13:00,17,345.35,549,United Kingdom
12831.0,3,2010-09-02 15:58:00,2011-03-22 13:02:00,16,451.11,303,United Kingdom
12834.0,1,2011-03-02 09:49:00,2011-03-02 09:49:00,18,312.38,110,United Kingdom
12836.0,8,2010-06-06 15:18:00,2011-05-04 15:08:00,171,3741.2,1370,United Kingdom
12839.0,9,2010-07-09 09:03:00,2011-05-25 14:18:00,88,3308.31,2252,United Kingdom
12840.0,4,2010-06-08 13:23:00,2011-05-09 14:10:00,91,2730.67,1500,United Kingdom
12841.0,27,2010-07-08 15:38:00,2011-05-01 12:54:00,221,4902.1,3507,United Kingdom
12842.0,2,2010-10-31 10:45:00,2011-02-04 12:36:00,25,712.53,329,United Kingdom
12843.0,17,2010-06-08 14:22:00,2011-05-10 11:04:00,67,3353.42,1492,United Kingdom
12845.0,4,2011-02-22 14:10:00,2011-03-17 13:34:00,26,354.09000000000003,204,United Kingdom
12849.0,4,2010-10-04 14:10:00,2011-03-16 12:26:00,85,2218.59,1529,United Kingdom
12852.0,1,2011-02-18 08:47:00,2011-02-18 08:47:00,17,299.75,145,United Kingdom
12853.0,7,2010-06-07 11:34:00,2011-04-14 12:43:00,71,2296.4,885,United Kingdom
12854.0,2,2011-01-25 13:35:00,2011-04-12 14:17:00,71,775.02,417,United Kingdom
12857.0,4,2010-08-02 14:03:00,2011-05-13 10:20:00,67,3043.35,1159,United Kingdom
12866.0,3,2010-07-25 11:37:00,2011-03-01 14:11:00,57,1092.35,544,Belgium
12867.0,7,2010-07-26 15:17:00,2011-05-09 15:34:00,242,3933.44,4151,United Kingdom
12868.0,7,2010-11-12 10:05:00,2011-05-05 15:42:00,82,1795.7,1064,United Kingdom
12871.0,2,2010-09-26 10:34:00,2011-05-16 13:32:00,9,495.38,364,United Kingdom
12872.0,7,2010-06-18 12:13:00,2011-01-17 10:52:00,134,1705.51,811,United Kingdom
12873.0,2,2010-11-07 11:15:00,2011-03-02 14:58:00,20,1534.9,538,United Kingdom
12875.0,2,2010-08-25 14:35:00,2010-12-12 12:03:00,2,648.0000000000001,2880,United Kingdom
12876.0,2,2010-11-10 12:21:00,2011-05-27 13:34:00,77,1569.66,1336,Belgium
12877.0,13,2010-06-03 14:44:00,2011-05-23 09:58:00,65,1606.47,1113,United Kingdom
12878.0,2,2011-03-18 14:02:00,2011-04-17 13:07:00,38,854.99,547,United Kingdom
12881.0,1,2011-03-09 11:44:00,2011-03-09 11:44:00,7,298.0,21,United Kingdom
12886.0,1,2011-05-04 11:21:00,2011-05-04 11:21:00,47,747.69,407,United Kingdom
12888.0,2,2011-03-29 14:31:00,2011-05-09 16:02:00,4,313.77,68,United Kingdom
12891.0,7,2010-06-10 13:04:00,2011-05-03 11:33:00,2,577.0,1650,United Kingdom
12897.0,4,2010-06-14 11:58:00,2011-05-19 12:13:00,10,514.25,249,United Kingdom
12901.0,11,2011-03-14 10:41:00,2011-05-23 13:20:00,21,7573.4,7045,United Kingdom
12902.0,1,2011-03-20 12:06:00,2011-03-20 12:06:00,10,138.68,66,United Kingdom
12908.0,3,2010-07-22 14:21:00,2011-01-31 12:37:00,1,636.0,1200,United Kingdom
12909.0,4,2010-10-11 09:44:00,2011-05-22 11:52:00,77,1834.85,980,United Kingdom
12910.0,7,2010-08-03 12:47:00,2011-05-26 10:13:00,37,2796.52,1768,United Kingdom
12913.0,6,2010-10-27 08:07:00,2011-03-02 10:49:00,19,2762.26,1148,United Kingdom
12916.0,4,2010-09-23 11:57:00,2011-05-22 10:40:00,48,2720.03,965,United Kingdom
12921.0,36,2010-06-17 10:41:00,2011-05-11 09:36:00,206,14833.23,9266,United Kingdom
12924.0,6,2010-09-13 11:01:00,2011-05-25 13:35:00,21,988.78,543,United Kingdom
12928.0,9,2010-06-08 10:16:00,2011-04-12 10:45:00,76,3022.23,1913,United Kingdom
12929.0,1,2011-02-01 12:08:00,2011-02-01 12:08:00,8,117.85,37,United Kingdom
12931.0,26,2010-06-08 10:30:00,2011-05-20 10:04:00,18,34669.52,24752,United Kingdom
12933.0,5,2010-09-14 15:55:00,2011-03-01 11:30:00,136,965.11,441,United Kingdom
12935.0,6,2010-06-28 10:39:00,2011-05-20 12:38:00,66,2063.24,1390,United Kingdom
12937.0,5,2010-06-07 14:52:00,2011-05-26 14:17:00,61,1707.0,1025,United Kingdom
12939.0,12,2010-06-08 12:10:00,2011-03-11 16:43:00,24,19538.82,7526,United Kingdom
12942.0,2,2010-12-09 09:34:00,2011-05-26 11:16:00,23,396.52,104,United Kingdom
12944.0,1,2010-12-20 10:41:00,2010-12-20 10:41:00,14,286.95,145,United Kingdom
12945.0,1,2011-02-24 14:15:00,2011-02-24 14:15:00,23,462.95,165,United Kingdom
12947.0,3,2010-12-01 16:21:00,2011-04-19 10:04:00,62,870.47,891,United Kingdom
12948.0,3,2011-03-20 10:17:00,2011-05-09 10:13:00,46,886.26,388,United Kingdom
12949.0,9,2010-07-26 08:39:00,2011-05-17 13:29:00,240,8215.72,4127,United Kingdom
12951.0,9,2010-06-27 13:26:00,2011-05-19 19:00:00,85,2049.03,1123,United Kingdom
12955.0,3,2011-03-17 09:03:00,2011-05-20 09:47:00,27,697.42,548,United Kingdom
12956.0,1,2011-02-06 16:08:00,2011-02-06 16:08:00,19,108.07,34,United Kingdom
12957.0,5,2010-06-16 08:54:00,2011-05-19 11:38:00,134,2365.05,1614,United Kingdom
12963.0,5,2010-07-08 14:45:00,2010-12-09 09:14:00,74,1671.76,904,United Kingdom
12967.0,3,2010-11-21 11:03:00,2010-12-16 19:10:00,47,2908.57,911,United Kingdom
12970.0,7,2010-11-15 15:54:00,2011-01-21 14:21:00,124,833.9399999999999,522,United Kingdom
12971.0,61,2010-06-13 13:43:00,2011-05-27 13:30:00,69,7209.66,5138,United Kingdom
12974.0,1,2011-05-26 09:33:00,2011-05-26 09:33:00,8,144.8,24,United Kingdom
12976.0,4,2010-08-19 12:16:00,2011-05-12 09:55:00,56,1537.36,1309,United Kingdom
12980.0,13,2010-06-28 11:50:00,2011-05-13 11:58:00,6,9809.76,1086,United Kingdom
12982.0,5,2010-06-18 13:51:00,2011-04-11 11:51:00,75,1243.55,778,United Kingdom
12987.0,2,2010-10-15 13:48:00,2011-05-26 12:00:00,28,597.13,251,United Kingdom
12988.0,1,2011-02-20 14:31:00,2011-02-20 14:31:00,75,505.82,126,United Kingdom
12989.0,15,2010-06-01 10:04:00,2011-05-23 15:00:00,14,6916.14,4057,United Kingdom
12990.0,4,2010-07-22 10:18:00,2011-02-02 15:39:00,6,526.5,270,United Kingdom
12993.0,4,2010-09-20 13:08:00,2011-05-16 10:28:00,34,515.35,257,United Kingdom
12994.0,1,2011-03-16 08:31:00,2011-03-16 08:31:00,22,316.4,159,United Kingdom
12997.0,4,2010-08-23 14:58:00,2011-04-17 13:02:00,47,1184.89,657,United Kingdom
12999.0,3,2011-04-08 10:26:00,2011-05-27 13:24:00,25,455.88,342,United Kingdom
13000.0,2,2010-12-10 10:26:00,2011-03-25 10:14:00,29,458.53000000000003,307,United Kingdom
13001.0,20,2010-06-13 10:35:00,2011-05-06 10:43:00,216,14712.380000000001,8677,United Kingdom
13002.0,3,2010-10-01 11:58:00,2011-01-25 15:18:00,19,414.13,201,United Kingdom
13003.0,1,2011-05-09 08:23:00,2011-05-09 08:23:00,4,59.050000000000004,31,United Kingdom
13004.0,15,2010-07-01 17:48:00,2011-05-09 12:25:00,231,4709.94,3750,United Kingdom
13005.0,3,2010-09-08 12:52:00,2011-04-07 13:32:00,38,742.98,418,United Kingdom
13008.0,2,2010-11-07 10:34:00,2011-01-20 14:24:00,21,371.82,244,United Kingdom
13012.0,5,2010-07-14 13:40:00,2011-05-10 13:33:00,60,1605.06,820,United Kingdom
13013.0,14,2010-06-11 10:49:00,2011-05-11 12:13:00,178,5183.14,2838,United Kingdom
13014.0,4,2010-10-03 11:35:00,2011-05-03 14:16:00,124,3148.38,1444,United Kingdom
13015.0,8,2010-07-30 14:00:00,2011-05-26 16:25:00,154,3622.63,1533,United Kingdom
13018.0,13,2010-09-27 11:22:00,2011-05-27 13:16:00,232,4674.72,3171,United Kingdom
13021.0,8,2010-07-01 09:59:00,2011-05-08 12:26:00,74,2034.5900000000001,975,United Kingdom
13026.0,3,2010-08-08 10:43:00,2011-05-03 10:51:00,5,304.56,528,United Kingdom
13027.0,9,2010-06-29 16:28:00,2011-04-20 09:48:00,7,9607.2,23880,United Kingdom
13029.0,3,2010-07-04 13:46:00,2010-12-21 13:53:00,6,1062.3,90,United Kingdom
13030.0,1,2010-12-06 14:31:00,2010-12-06 14:31:00,50,402.36,174,United Kingdom
13033.0,2,2010-10-06 09:37:00,2010-12-17 14:23:00,12,220.55,98,United Kingdom
13034.0,2,2010-11-03 15:22:00,2010-12-05 14:52:00,16,279.91,153,United Kingdom
13035.0,2,2010-10-04 15:41:00,2011-03-24 09:21:00,22,775.32,494,United Kingdom
13037.0,6,2010-06-17 14:14:00,2011-05-04 15:33:00,87,1855.3400000000001,958,United Kingdom
13038.0,1,2011-02-22 11:43:00,2011-02-22 11:43:00,15,395.1,186,United Kingdom
13043.0,1,2011-03-11 14:52:00,2011-03-11 14:52:00,13,471.57,251,United Kingdom
13044.0,3,2010-07-12 13:45:00,2011-02-21 15:20:00,131,1388.05,828,United Kingdom
13046.0,2,2010-09-09 13:09:00,2011-03-18 15:43:00,31,517.66,317,United Kingdom
13047.0,14,2010-06-02 13:49:00,2011-05-04 14:11:00,109,3728.7000000000003,1517,United Kingdom
13048.0,4,2010-07-21 10:42:00,2011-04-15 13:31:00,101,2228.34,1514,United Kingdom
13049.0,3,2010-11-03 15:39:00,2011-01-25 16:33:00,12,881.24,416,United Kingdom
13050.0,20,2010-06-11 16:22:00,2011-05-19 14:35:00,309,6510.21,3811,United Kingdom
13052.0,4,2010-06-07 16:06:00,2011-05-11 14:12:00,74,1240.64,651,United Kingdom
13055.0,2,2010-10-06 08:17:00,2011-05-10 08:58:00,99,1435.41,1166,United Kingdom
13059.0,8,2010-06-10 15:28:00,2011-04-04 10:40:00,83,1646.53,643,United Kingdom
13060.0,1,2011-03-31 11:37:00,2011-03-31 11:37:00,15,307.53000000000003,123,United Kingdom
13064.0,2,2010-06-07 16:28:00,2011-01-16 13:41:00,18,524.9,145,United Kingdom
13068.0,1,2011-01-24 08:20:00,2011-01-24 08:20:00,1,165.0,100,United Kingdom
13069.0,27,2010-06-14 14:27:00,2011-05-25 11:45:00,519,6842.17,11140,United Kingdom
13070.0,2,2010-09-06 12:37:00,2011-05-31 13:45:00,10,443.3,220,United Kingdom
13072.0,1,2011-03-18 08:12:00,2011-03-18 08:12:00,7,177.15,69,United Kingdom
13077.0,7,2010-06-17 16:20:00,2011-02-22 16:19:00,125,1591.03,1368,United Kingdom
13078.0,27,2010-06-07 10:39:00,2011-05-23 12:09:00,111,13229.26,5409,United Kingdom
13081.0,16,2010-07-01 11:59:00,2011-05-06 08:10:00,496,28325.31,19720,United Kingdom
13082.0,12,2010-06-07 10:37:00,2011-04-18 11:45:00,71,3714.13,4718,United Kingdom
13085.0,1,2011-02-17 13:57:00,2011-02-17 13:57:00,13,134.4,64,United Kingdom
13089.0,115,2010-06-08 14:40:00,2011-05-24 10:24:00,594,59764.61,30793,United Kingdom
13090.0,16,2010-08-02 13:58:00,2011-04-15 10:27:00,111,6993.11,1672,United Kingdom
13092.0,8,2010-06-10 16:45:00,2011-05-12 10:22:00,29,1295.5,260,United Kingdom
13093.0,38,2010-06-11 13:44:00,2011-03-09 12:14:00,171,39697.82,18345,United Kingdom
13094.0,8,2010-11-15 14:15:00,2011-05-18 11:08:00,5,1216.2,978,United Kingdom
13097.0,12,2010-06-22 12:14:00,2011-04-20 13:43:00,221,5902.9,2455,United Kingdom
13098.0,8,2011-01-26 13:46:00,2011-05-25 10:11:00,93,7028.5199999999995,3851,United Kingdom
13101.0,2,2010-07-29 14:45:00,2011-04-19 14:37:00,13,246.09,217,United Kingdom
13102.0,26,2010-06-17 10:47:00,2011-05-25 09:37:00,153,7628.42,4302,United Kingdom
13104.0,4,2010-06-24 10:02:00,2011-03-17 13:27:00,5,727.68,432,United Kingdom
13107.0,4,2010-06-15 11:46:00,2011-01-10 12:28:00,79,2860.16,2166,United Kingdom
13110.0,5,2010-06-01 15:45:00,2011-03-27 16:08:00,98,1459.69,403,United Kingdom
13113.0,26,2010-07-02 12:49:00,2011-05-31 11:09:00,97,11652.55,2657,United Kingdom
13117.0,13,2010-06-16 13:36:00,2011-05-06 10:45:00,96,1614.8700000000001,1189,United Kingdom
13118.0,7,2010-09-26 15:46:00,2011-05-15 13:22:00,85,1995.39,687,United Kingdom
13120.0,1,2011-04-15 10:19:00,2011-04-15 10:19:00,1,30.6,12,United Kingdom
13121.0,1,2011-03-15 16:47:00,2011-03-15 16:47:00,50,254.73,227,United Kingdom
13122.0,1,2011-04-13 14:12:00,2011-04-13 14:12:00,54,903.6700000000001,537,United Kingdom
13124.0,3,2010-11-19 15:50:00,2011-04-01 14:58:00,163,3401.8,2220,United Kingdom
13126.0,8,2010-07-28 10:55:00,2011-03-31 16:40:00,90,1928.6,1590,United Kingdom
13132.0,1,2011-03-23 12:44:00,2011-03-23 12:44:00,3,77.3,20,United Kingdom
13133.0,3,2010-09-06 15:30:00,2011-03-11 10:31:00,12,200.45,55,United Kingdom
13134.0,4,2010-10-19 13:21:00,2011-04-19 16:37:00,43,1171.4,462,United Kingdom
13135.0,2,2010-08-05 17:28:00,2011-05-27 10:52:00,18,3371.45,4423,United Kingdom
13136.0,7,2010-08-02 10:33:00,2011-05-11 12:47:00,92,2275.69,1039,United Kingdom
13137.0,10,2010-07-25 15:40:00,2011-04-01 11:34:00,482,4831.09,2560,United Kingdom
13138.0,3,2010-11-08 11:45:00,2011-04-13 09:59:00,31,685.72,316,United Kingdom
13139.0,3,2010-09-28 09:12:00,2011-05-08 16:03:00,123,4308.06,2647,United Kingdom
13140.0,3,2010-08-05 19:05:00,2010-12-08 15:12:00,68,790.71,461,United Kingdom
13141.0,11,2010-06-08 13:10:00,2011-05-09 15:33:00,190,4375.27,3157,United Kingdom
13144.0,2,2010-10-04 14:14:00,2011-01-11 11:15:00,6,135.35,29,United Kingdom
13148.0,13,2010-07-25 15:44:00,2011-04-21 08:43:00,278,3562.46,2034,United Kingdom
13149.0,1,2011-02-23 13:57:00,2011-02-23 13:57:00,18,376.74,276,United Kingdom
13151.0,1,2011-02-17 12:29:00,2011-02-17 12:29:00,73,1250.3700000000001,361,United Kingdom
13155.0,4,2010-08-05 09:30:00,2011-01-17 11:21:00,68,967.92,506,United Kingdom
13157.0,5,2010-08-22 13:46:00,2011-04-12 14:04:00,97,2618.57,2256,United Kingdom
13158.0,2,2010-11-16 17:12:00,2011-01-25 09:58:00,37,563.53,343,United Kingdom
13161.0,2,2010-07-27 12:44:00,2011-01-30 14:03:00,30,472.13,105,United Kingdom
13162.0,6,2010-06-13 14:35:00,2011-04-20 15:38:00,100,2996.39,2617,United Kingdom
13165.0,2,2010-10-22 17:04:00,2010-12-23 14:06:00,20,784.3199999999999,856,United Kingdom
13166.0,2,2010-10-21 14:29:00,2011-03-01 15:16:00,55,873.43,520,United Kingdom
13168.0,4,2010-06-15 15:00:00,2011-05-24 13:56:00,119,1485.15,771,United Kingdom
13169.0,1,2011-04-01 14:24:00,2011-04-01 14:24:00,6,505.20000000000005,96,United Kingdom
13171.0,1,2011-02-13 14:16:00,2011-02-13 14:16:00,23,140.35,53,United Kingdom
13173.0,2,2010-09-17 14:50:00,2010-12-07 14:30:00,50,539.81,407,United Kingdom
13174.0,4,2010-09-24 12:43:00,2011-01-27 15:36:00,310,3344.32,1603,United Kingdom
13178.0,10,2010-06-08 10:06:00,2011-05-20 10:22:00,116,7104.35,4194,United Kingdom
13183.0,7,2010-06-16 12:55:00,2011-05-15 12:46:00,36,3726.42,2205,United Kingdom
13184.0,4,2011-02-22 17:25:00,2011-04-26 14:19:00,59,722.81,756,United Kingdom
13185.0,1,2011-03-17 11:56:00,2011-03-17 11:56:00,1,71.4,12,United Kingdom
13187.0,1,2011-01-06 18:57:00,2011-01-06 18:57:00,37,236.02,95,United Kingdom
13192.0,3,2010-06-22 09:51:00,2011-05-18 14:57:00,45,737.34,414,United Kingdom
13196.0,3,2010-08-09 13:28:00,2011-03-22 14:24:00,77,1583.22,1039,United Kingdom
13198.0,5,2010-10-01 13:27:00,2011-04-04 09:55:00,207,3604.9900000000002,2472,United Kingdom
13199.0,31,2010-06-09 14:58:00,2011-05-26 14:09:00,34,6896.570000000001,6030,United Kingdom
13203.0,5,2010-06-24 14:05:00,2011-04-11 14:40:00,90,1466.58,1236,United Kingdom
13208.0,5,2010-06-24 18:06:00,2011-05-17 12:25:00,149,1391.49,968,United Kingdom
13209.0,4,2010-07-13 15:50:00,2011-04-26 11:04:00,145,2798.54,1971,United Kingdom
13211.0,4,2010-07-16 13:17:00,2010-12-13 16:17:00,42,947.35,542,United Kingdom
13213.0,7,2010-07-22 12:26:00,2011-05-24 15:33:00,114,2435.92,1612,United Kingdom
13216.0,1,2011-03-17 12:18:00,2011-03-17 12:18:00,5,333.74,297,United Kingdom
13220.0,2,2011-04-17 10:59:00,2011-05-04 11:26:00,15,559.69,108,United Kingdom
13221.0,2,2010-12-15 13:24:00,2011-04-13 16:58:00,61,844.86,243,United Kingdom
13223.0,4,2010-06-29 10:30:00,2011-05-23 13:03:00,5,566.4,280,United Kingdom
13225.0,8,2010-06-18 12:31:00,2011-05-27 12:38:00,22,7315.240000000001,3276,United Kingdom
13226.0,2,2010-11-11 13:46:00,2011-03-11 14:35:00,28,312.46,179,United Kingdom
13227.0,1,2011-05-22 11:47:00,2011-05-22 11:47:00,9,257.7,99,United Kingdom
13229.0,1,2011-04-28 12:07:00,2011-04-28 12:07:00,10,160.95,63,United Kingdom
13230.0,21,2010-06-03 19:24:00,2011-05-22 11:28:00,462,4396.46,2258,United Kingdom
13232.0,3,2011-04-10 13:48:00,2011-05-27 13:26:00,98,674.3,488,United Kingdom
13233.0,2,2010-10-15 11:49:00,2011-01-07 14:49:00,33,584.95,773,United Kingdom
13235.0,1,2011-05-11 17:13:00,2011-05-11 17:13:00,53,1031.07,441,United Kingdom
13238.0,2,2010-10-05 12:38:00,2010-12-14 14:37:00,12,280.05,117,United Kingdom
13239.0,5,2010-07-25 13:34:00,2011-03-23 10:25:00,86,1579.84,1148,United Kingdom
13240.0,3,2010-10-24 13:57:00,2011-03-27 15:33:00,118,964.68,505,United Kingdom
13242.0,4,2010-08-29 11:23:00,2011-05-10 12:28:00,15,318.5,160,United Kingdom
13243.0,4,2010-09-16 13:06:00,2011-05-20 13:14:00,126,968.76,402,United Kingdom
13246.0,9,2010-07-02 13:36:00,2011-05-17 12:38:00,207,2971.72,2512,United Kingdom
13249.0,4,2010-06-23 13:16:00,2011-03-23 15:26:00,2,883.76,716,United Kingdom
13253.0,2,2010-10-05 13:33:00,2011-01-04 15:43:00,30,1422.8,1184,United Kingdom
13258.0,3,2010-11-04 12:45:00,2011-05-18 13:11:00,14,535.47,241,United Kingdom
13261.0,2,2011-02-27 10:41:00,2011-03-16 12:22:00,8,944.1,210,United Kingdom
13262.0,2,2010-11-15 12:20:00,2011-03-21 15:06:00,24,341.04,154,United Kingdom
13263.0,18,2010-10-22 17:07:00,2011-05-25 11:12:00,372,4511.9,2541,United Kingdom
13265.0,2,2011-03-11 09:54:00,2011-04-08 15:19:00,39,1124.88,882,United Kingdom
13266.0,8,2010-07-21 15:07:00,2011-05-20 09:30:00,81,2411.22,2851,United Kingdom
13267.0,21,2010-07-14 10:14:00,2011-05-24 10:35:00,84,4546.4,1939,United Kingdom
13268.0,5,2011-03-17 13:20:00,2011-05-25 11:34:00,199,1771.49,2172,United Kingdom
13269.0,11,2010-06-30 13:17:00,2011-05-05 16:56:00,144,3645.68,2539,United Kingdom
13270.0,1,2010-12-08 14:53:00,2010-12-08 14:53:00,1,590.0,200,United Kingdom
13280.0,5,2010-10-07 16:28:00,2011-01-27 16:29:00,143,1699.33,1259,United Kingdom
13282.0,2,2010-10-29 14:11:00,2011-05-03 12:03:00,27,523.2,186,United Kingdom
13284.0,1,2011-01-13 09:23:00,2011-01-13 09:23:00,13,196.15,79,United Kingdom
13285.0,2,2011-02-22 17:13:00,2011-04-27 13:03:00,82,1173.27,914,United Kingdom
13292.0,4,2010-07-01 14:36:00,2011-02-28 15:00:00,41,658.42,300,United Kingdom
13294.0,1,2011-04-04 12:37:00,2011-04-04 12:37:00,32,483.65,317,United Kingdom
13295.0,3,2010-10-24 11:50:00,2010-12-15 11:21:00,41,776.72,440,United Kingdom
13299.0,3,2010-06-29 11:30:00,2011-03-16 12:55:00,56,1173.3,408,United Kingdom
13301.0,2,2011-02-20 13:13:00,2011-05-01 11:55:00,40,327.77,189,United Kingdom
13304.0,3,2010-06-11 13:55:00,2010-12-23 14:35:00,49,880.59,582,United Kingdom
13305.0,9,2010-07-27 15:14:00,2011-04-08 14:26:00,79,1842.12,1188,United Kingdom
13308.0,1,2011-05-20 13:13:00,2011-05-20 13:13:00,26,814.95,519,United Kingdom
13309.0,3,2010-11-12 12:10:00,2011-05-17 12:44:00,59,796.22,986,United Kingdom
13310.0,4,2010-11-02 17:03:00,2011-05-17 13:26:00,65,1195.02,616,United Kingdom
13313.0,4,2010-06-07 12:31:00,2011-05-08 13:20:00,44,1173.52,678,United Kingdom
13316.0,6,2010-08-13 15:07:00,2011-03-30 13:01:00,64,6690.61,12655,United Kingdom
13317.0,14,2010-06-09 13:00:00,2011-05-25 10:35:00,147,3823.921,1717,United Kingdom
13319.0,27,2010-06-17 14:49:00,2011-05-16 09:57:00,176,9684.82,3961,United Kingdom
13320.0,4,2010-08-18 10:29:00,2011-05-10 10:30:00,62,1135.86,824,United Kingdom
13324.0,14,2010-06-23 14:10:00,2011-05-20 14:06:00,22,6764.55,5113,United Kingdom
13327.0,10,2010-06-18 15:44:00,2011-03-25 13:35:00,72,3941.81,1707,United Kingdom
13328.0,1,2011-01-27 15:22:00,2011-01-27 15:22:00,17,1308.48,680,United Kingdom
13329.0,6,2010-07-30 14:15:00,2010-12-08 10:11:00,49,3853.37,2708,United Kingdom
13330.0,2,2010-09-10 14:12:00,2011-01-28 10:08:00,30,771.92,697,United Kingdom
13334.0,2,2010-06-21 13:52:00,2011-02-07 11:42:00,199,3160.35,1620,United Kingdom
13339.0,1,2011-05-23 08:31:00,2011-05-23 08:31:00,54,860.12,326,United Kingdom
13340.0,3,2010-07-29 10:00:00,2011-03-08 11:39:00,77,8056.05,2913,United Kingdom
13341.0,1,2011-03-24 09:50:00,2011-03-24 09:50:00,42,775.85,301,United Kingdom
13344.0,1,2011-03-07 10:28:00,2011-03-07 10:28:00,68,1656.15,599,United Kingdom
13345.0,1,2011-02-25 09:01:00,2011-02-25 09:01:00,20,377.6,139,United Kingdom
13357.0,2,2010-08-02 14:02:00,2011-03-27 13:56:00,152,1520.87,856,United Kingdom
13358.0,1,2011-03-16 11:52:00,2011-03-16 11:52:00,29,439.03,285,United Kingdom
13362.0,5,2010-10-10 15:27:00,2011-04-08 08:21:00,161,3853.61,1817,United Kingdom
13365.0,1,2011-05-06 12:00:00,2011-05-06 12:00:00,39,673.7,402,United Kingdom
13368.0,4,2010-10-12 10:43:00,2011-03-28 09:59:00,45,1086.1,594,United Kingdom
13369.0,1,2010-12-09 11:30:00,2010-12-09 11:30:00,14,263.75,127,United Kingdom
13370.0,1,2010-12-03 10:26:00,2010-12-03 10:26:00,39,721.32,336,United Kingdom
13373.0,2,2010-10-20 10:09:00,2011-03-08 14:35:00,126,3107.79,1416,United Kingdom
13376.0,2,2011-04-19 13:03:00,2011-05-20 09:08:00,34,770.0,356,United Kingdom
13381.0,5,2010-08-18 12:47:00,2011-05-16 16:22:00,87,3481.34,2350,United Kingdom
13382.0,2,2010-10-07 09:28:00,2011-03-04 10:03:00,44,731.9300000000001,461,United Kingdom
13385.0,1,2011-01-14 09:52:00,2011-01-14 09:52:00,35,534.57,281,United Kingdom
13389.0,1,2011-04-21 12:12:00,2011-04-21 12:12:00,18,257.89,115,United Kingdom
13391.0,1,2011-05-20 10:50:00,2011-05-20 10:50:00,1,59.8,4,United Kingdom
13394.0,8,2010-06-13 13:14:00,2011-05-09 12:29:00,131,2664.36,2084,United Kingdom
13396.0,1,2011-01-24 13:37:00,2011-01-24 13:37:00,15,370.92,136,United Kingdom
13397.0,3,2010-09-28 13:10:00,2011-02-18 12:13:00,24,910.1700000000001,251,United Kingdom
13398.0,2,2010-09-17 09:34:00,2011-05-31 13:17:00,37,670.34,341,United Kingdom
13404.0,1,2011-05-11 11:57:00,2011-05-11 11:57:00,9,217.81,99,United Kingdom
13405.0,3,2010-08-15 13:28:00,2011-05-19 16:31:00,26,657.65,203,United Kingdom
13408.0,44,2010-06-20 13:08:00,2011-05-16 09:54:00,168,19423.38,11763,United Kingdom
13410.0,4,2010-09-21 15:28:00,2011-03-21 15:02:00,15,914.77,627,United Kingdom
13414.0,3,2010-06-27 12:54:00,2011-02-16 12:13:00,19,1273.78,1466,United Kingdom
13417.0,3,2010-06-10 10:04:00,2011-05-18 16:26:00,20,550.26,170,United Kingdom
13418.0,16,2010-07-20 09:04:00,2011-05-19 14:05:00,189,5670.85,3251,United Kingdom
13421.0,4,2010-06-21 16:23:00,2011-02-22 15:46:00,109,2213.79,1202,United Kingdom
13425.0,2,2010-07-19 12:56:00,2011-02-18 08:34:00,64,1326.63,963,United Kingdom
13426.0,11,2010-06-18 12:37:00,2011-04-15 12:05:00,100,3646.41,2214,United Kingdom
13427.0,3,2010-06-18 09:28:00,2011-05-08 15:58:00,19,542.4300000000001,369,United Kingdom
13439.0,3,2010-07-01 14:36:00,2011-03-29 14:20:00,132,986.61,952,United Kingdom
13448.0,6,2010-09-27 12:24:00,2011-05-05 11:53:00,152,3508.2400000000002,1834,United Kingdom
13450.0,7,2010-06-10 17:31:00,2011-05-19 12:36:00,38,2206.62,2378,United Kingdom
13451.0,7,2010-06-29 16:43:00,2011-05-12 18:49:00,357,3573.1,2691,United Kingdom
13452.0,3,2010-08-24 09:53:00,2011-03-25 14:19:00,2,729.8,6,United Kingdom
13453.0,2,2010-11-02 13:23:00,2011-02-23 09:44:00,28,587.01,281,United Kingdom
13455.0,2,2010-09-12 15:15:00,2010-12-08 13:11:00,38,827.88,227,United Kingdom
13456.0,1,2011-05-16 15:34:00,2011-05-16 15:34:00,13,207.66,100,United Kingdom
13458.0,8,2010-11-16 14:01:00,2011-05-09 15:21:00,220,7893.17,4626,United Kingdom
13462.0,2,2010-10-25 10:00:00,2011-04-01 11:20:00,36,627.39,375,United Kingdom
13468.0,42,2010-06-07 13:26:00,2011-05-22 14:35:00,206,7096.29,3112,United Kingdom
13473.0,1,2011-01-11 08:45:00,2011-01-11 08:45:00,12,236.16,192,United Kingdom
13474.0,3,2010-08-01 14:40:00,2011-04-17 13:53:00,116,646.59,318,United Kingdom
13475.0,3,2011-02-14 12:36:00,2011-05-06 12:21:00,62,1278.48,934,United Kingdom
13476.0,3,2010-08-10 10:29:00,2011-03-03 14:43:00,53,1289.1000000000001,380,United Kingdom
13477.0,5,2010-06-15 14:33:00,2011-05-12 13:10:00,47,1072.73,801,United Kingdom
13479.0,4,2010-08-19 16:18:00,2011-05-23 10:45:00,45,808.5,708,United Kingdom
13481.0,5,2010-07-20 12:08:00,2011-05-31 15:26:00,87,1836.48,983,United Kingdom
13482.0,1,2011-04-21 17:03:00,2011-04-21 17:03:00,11,184.64000000000001,116,United Kingdom
13484.0,2,2010-11-21 13:48:00,2011-04-12 16:30:00,27,601.54,100,United Kingdom
13485.0,7,2010-07-09 15:11:00,2011-04-20 13:58:00,71,1654.77,902,United Kingdom
13487.0,3,2010-07-22 10:41:00,2011-05-10 16:19:00,25,576.32,285,United Kingdom
13488.0,13,2010-06-17 09:56:00,2011-05-27 10:41:00,280,9087.07,4494,United Kingdom
13489.0,2,2011-02-18 10:42:00,2011-02-23 13:43:00,6,235.68,352,United Kingdom
13491.0,16,2010-06-06 11:30:00,2011-04-06 12:56:00,76,1933.28,1159,United Kingdom
13492.0,1,2011-05-09 10:06:00,2011-05-09 10:06:00,15,315.3,114,Switzerland
13493.0,2,2011-02-25 16:42:00,2011-03-09 15:35:00,5,498.63,377,Switzerland
13494.0,1,2011-02-01 11:58:00,2011-02-01 11:58:00,18,316.26000000000005,162,United Kingdom
13495.0,5,2010-10-11 13:49:00,2011-04-21 15:15:00,39,2609.11,1419,United Kingdom
13496.0,1,2010-12-15 10:17:00,2010-12-15 10:17:00,26,465.61,217,United Kingdom
13497.0,3,2010-07-15 12:24:00,2011-03-02 09:04:00,30,557.6,252,United Kingdom
13499.0,2,2011-03-15 08:52:00,2011-04-28 14:59:00,18,454.59000000000003,259,United Kingdom
13501.0,2,2010-08-10 13:01:00,2011-02-24 18:59:00,75,2260.09,935,Switzerland
13502.0,4,2010-06-09 10:52:00,2011-03-10 08:40:00,20,671.76,334,United Kingdom
13505.0,2,2011-04-21 12:07:00,2011-05-31 15:41:00,89,1553.29,841,Switzerland
13506.0,5,2010-09-05 12:33:00,2011-01-27 13:53:00,55,1308.53,936,United Kingdom
13508.0,1,2011-04-10 11:58:00,2011-04-10 11:58:00,12,110.97,24,United Kingdom
13509.0,4,2010-07-20 12:10:00,2011-03-30 13:01:00,23,785.02,874,United Kingdom
13512.0,3,2010-08-16 09:15:00,2011-03-24 10:03:00,22,560.09,335,United Kingdom
13515.0,2,2010-09-16 15:07:00,2011-04-06 10:33:00,22,390.0,268,United Kingdom
13516.0,2,2010-10-18 08:52:00,2011-04-15 11:06:00,22,441.85,185,United Kingdom
13520.0,5,2010-08-20 12:53:00,2011-03-25 14:19:00,49,2165.67,1247,Switzerland
13523.0,4,2010-11-02 14:55:00,2011-05-24 08:51:00,117,2938.93,1065,United Kingdom
13524.0,1,2011-05-04 12:26:00,2011-05-04 12:26:00,9,159.2,100,United Kingdom
13525.0,1,2011-04-05 15:36:00,2011-04-05 15:36:00,2,282.88,208,United Kingdom
13527.0,4,2010-07-22 12:17:00,2011-05-22 12:16:00,100,1593.1100000000001,645,United Kingdom
13529.0,1,2011-05-19 11:50:00,2011-05-19 11:50:00,7,181.1,30,United Kingdom
13531.0,4,2010-07-29 13:42:00,2011-05-18 16:56:00,28,825.76,274,United Kingdom
13533.0,2,2011-03-17 12:47:00,2011-03-17 12:53:00,42,144.94,105,United Kingdom
13534.0,26,2010-07-07 15:00:00,2011-05-24 12:36:00,120,4221.9800000000005,2139,United Kingdom
13538.0,5,2010-09-28 11:43:00,2011-03-10 07:42:00,67,1523.04,564,United Kingdom
13539.0,4,2010-06-22 15:28:00,2011-04-13 13:45:00,46,882.08,499,United Kingdom
13544.0,4,2010-06-01 11:38:00,2011-04-13 12:09:00,140,437.33,208,United Kingdom
13546.0,3,2010-10-11 17:23:00,2011-05-23 12:14:00,58,647.41,337,United Kingdom
13548.0,2,2010-08-25 13:44:00,2011-04-10 11:35:00,117,504.29,286,United Kingdom
13549.0,4,2010-11-17 12:17:00,2011-05-31 09:37:00,34,598.07,402,United Kingdom
13551.0,1,2011-01-24 14:46:00,2011-01-24 14:46:00,4,91.80000000000001,12,United Kingdom
13552.0,12,2010-06-16 11:33:00,2011-05-18 15:41:00,90,3622.83,1233,United Kingdom
13555.0,6,2010-06-15 12:41:00,2011-05-22 11:24:00,160,4713.81,2422,United Kingdom
13557.0,6,2010-07-01 15:33:00,2011-03-04 12:14:00,49,1121.2,787,United Kingdom
13561.0,6,2010-06-13 11:22:00,2011-05-08 12:39:00,85,1009.27,651,United Kingdom
13562.0,3,2010-06-29 12:50:00,2011-04-08 12:42:00,49,2042.1200000000001,653,United Kingdom
13564.0,22,2010-06-04 14:32:00,2010-12-20 16:50:00,355,10395.44,5825,United Kingdom
13565.0,2,2010-10-24 15:51:00,2011-01-09 14:28:00,28,284.76,166,United Kingdom
13569.0,3,2010-10-07 13:05:00,2010-12-07 12:29:00,103,497.74,232,United Kingdom
13570.0,1,2011-04-10 13:36:00,2011-04-10 13:36:00,27,239.49,161,United Kingdom
13571.0,12,2010-06-09 12:43:00,2011-05-31 14:55:00,131,1911.59,1212,United Kingdom
13572.0,1,2011-05-18 11:59:00,2011-05-18 11:59:00,32,1384.25,534,United Kingdom
13573.0,4,2010-09-16 15:46:00,2011-03-31 14:47:00,47,564.19,313,United Kingdom
13576.0,11,2010-07-09 12:03:00,2011-05-04 14:55:00,57,4484.2,1739,United Kingdom
13577.0,4,2010-06-29 08:28:00,2011-04-12 10:33:00,49,1533.95,726,United Kingdom
13579.0,3,2010-09-10 12:24:00,2010-12-05 16:10:00,35,685.25,289,United Kingdom
13581.0,2,2010-10-21 16:30:00,2011-02-03 14:41:00,32,280.53000000000003,119,United Kingdom
13584.0,2,2010-07-29 13:36:00,2011-02-06 12:49:00,73,340.4,273,United Kingdom
13588.0,1,2011-03-29 15:53:00,2011-03-29 15:53:00,8,113.30000000000001,48,United Kingdom
13590.0,11,2010-07-28 13:36:00,2011-05-24 09:56:00,166,3848.4700000000003,3144,United Kingdom
13591.0,3,2010-09-30 08:59:00,2011-05-19 13:58:00,50,1099.23,435,United Kingdom
13592.0,3,2011-03-20 14:01:00,2011-05-18 09:13:00,12,205.51,71,United Kingdom
13593.0,8,2010-06-06 10:30:00,2011-03-21 12:10:00,141,3149.23,1240,United Kingdom
13599.0,13,2010-09-20 15:12:00,2011-05-25 14:54:00,92,3511.1800000000003,2126,United Kingdom
13600.0,1,2011-01-31 15:27:00,2011-01-31 15:27:00,19,219.52,324,United Kingdom
13601.0,3,2010-06-11 15:03:00,2011-05-12 16:52:00,114,839.87,684,United Kingdom
13606.0,2,2011-02-01 11:42:00,2011-04-10 12:52:00,37,246.63,240,United Kingdom
13610.0,5,2010-07-14 14:42:00,2011-04-10 14:27:00,105,642.37,233,United Kingdom
13611.0,5,2010-06-23 09:37:00,2010-12-15 10:31:00,101,1657.21,993,United Kingdom
13614.0,3,2010-06-06 13:42:00,2011-01-13 12:37:00,73,953.03,282,United Kingdom
13615.0,5,2010-07-21 14:41:00,2011-01-25 08:21:00,214,4472.26,2102,United Kingdom
13623.0,7,2010-06-07 12:59:00,2011-05-13 16:12:00,143,1264.31,450,United Kingdom
13626.0,2,2010-11-25 16:12:00,2011-04-01 10:05:00,44,689.49,395,United Kingdom
13627.0,3,2010-08-08 14:32:00,2011-05-19 09:47:00,61,908.95,668,United Kingdom
13629.0,9,2010-07-05 09:45:00,2011-05-13 11:25:00,7,6486.5,3800,United Kingdom
13630.0,2,2011-02-27 12:49:00,2011-04-08 15:49:00,43,716.52,448,United Kingdom
13631.0,4,2011-03-17 17:13:00,2011-05-22 10:27:00,3,1330.0,188,United Kingdom
13632.0,3,2010-11-10 12:03:00,2011-04-20 11:45:00,79,1255.58,524,United Kingdom
13634.0,7,2010-06-20 13:28:00,2011-04-11 16:17:00,143,2252.77,996,United Kingdom
13636.0,3,2011-02-27 14:29:00,2011-04-01 12:09:00,32,533.95,297,United Kingdom
13637.0,1,2011-04-27 13:06:00,2011-04-27 13:06:00,59,415.15000000000003,210,United Kingdom
13642.0,4,2010-10-03 12:23:00,2011-05-08 12:34:00,93,459.45,230,United Kingdom
13647.0,3,2010-08-02 10:29:00,2011-04-19 09:49:00,48,986.0,631,United Kingdom
13649.0,6,2010-06-30 16:35:00,2011-03-28 11:51:00,97,1453.68,782,United Kingdom
13650.0,4,2010-07-01 12:25:00,2011-05-16 14:19:00,50,913.87,460,United Kingdom
13652.0,3,2010-10-07 14:28:00,2011-03-28 09:21:00,76,1411.25,821,United Kingdom
13654.0,6,2010-08-25 11:34:00,2011-05-22 10:21:00,184,4514.83,3257,United Kingdom
13655.0,3,2010-10-15 14:50:00,2011-04-12 09:53:00,52,1144.26,449,United Kingdom
13656.0,2,2010-07-28 10:48:00,2011-01-06 15:42:00,52,511.25,295,United Kingdom
13657.0,1,2011-05-22 12:35:00,2011-05-22 12:35:00,9,152.34,132,United Kingdom
13658.0,4,2010-06-10 15:22:00,2011-05-19 17:15:00,78,3286.67,1055,United Kingdom
13659.0,6,2010-06-14 13:34:00,2011-05-18 12:37:00,134,2286.7400000000002,1235,United Kingdom
13662.0,8,2010-06-24 09:57:00,2011-05-11 13:23:00,89,1527.19,788,United Kingdom
13666.0,3,2010-10-15 15:46:00,2011-02-25 13:08:00,12,86.95,47,United Kingdom
13668.0,19,2010-06-06 12:46:00,2011-05-22 14:29:00,259,8126.31,3872,United Kingdom
13672.0,2,2011-01-11 13:54:00,2011-02-11 13:53:00,4,0.0,0,United Kingdom
13675.0,1,2011-02-28 12:14:00,2011-02-28 12:14:00,15,308.44,204,United Kingdom
13680.0,4,2010-07-29 14:00:00,2011-01-06 12:11:00,129,2941.1000000000004,1360,United Kingdom
13684.0,2,2010-11-14 11:34:00,2011-02-27 10:13:00,49,194.96,106,United Kingdom
13692.0,4,2010-10-15 13:28:00,2011-05-10 10:11:00,69,2406.21,1599,United Kingdom
13694.0,50,2010-06-02 14:48:00,2011-05-31 09:52:00,368,59704.09,51767,United Kingdom
13695.0,4,2011-03-25 11:31:00,2011-05-10 15:49:00,9,285.48,188,United Kingdom
13700.0,6,2010-10-18 11:38:00,2011-04-13 13:25:00,105,1193.96,1541,United Kingdom
13703.0,2,2010-10-20 13:11:00,2011-01-25 13:10:00,36,99.5,10,United Kingdom
13706.0,1,2011-02-10 09:21:00,2011-02-10 09:21:00,20,330.79,189,United Kingdom
13707.0,5,2010-06-21 11:57:00,2011-03-17 18:03:00,142,3365.86,2210,United Kingdom
13708.0,1,2011-03-13 13:46:00,2011-03-13 13:46:00,48,283.33,300,United Kingdom
13709.0,4,2010-06-10 08:47:00,2011-01-28 14:57:00,68,1230.1100000000001,666,United Kingdom
13711.0,3,2010-10-29 15:05:00,2011-05-05 10:31:00,21,432.14000000000004,236,United Kingdom
13712.0,1,2011-04-07 12:33:00,2011-04-07 12:33:00,10,228.84,352,United Kingdom
13715.0,14,2010-06-04 10:37:00,2011-03-03 19:21:00,195,6526.83,3939,United Kingdom
13716.0,1,2011-03-15 13:49:00,2011-03-15 13:49:00,21,138.28,138,United Kingdom
13717.0,4,2010-08-11 09:40:00,2011-04-13 09:39:00,54,873.63,875,United Kingdom
13718.0,2,2011-02-17 11:58:00,2011-04-07 13:24:00,9,306.55,173,United Kingdom
13719.0,7,2010-06-01 16:06:00,2011-05-18 12:52:00,119,1697.8,914,United Kingdom
13720.0,2,2011-03-30 09:17:00,2011-04-15 15:17:00,26,432.1,250,United Kingdom
13722.0,7,2010-07-27 10:48:00,2011-03-02 11:43:00,99,4058.9300000000003,2132,United Kingdom
13723.0,4,2010-10-20 14:23:00,2011-05-06 17:04:00,35,773.5,411,United Kingdom
13725.0,6,2011-02-04 12:18:00,2011-04-28 15:13:00,83,1714.0,688,United Kingdom
13728.0,8,2010-07-16 13:21:00,2011-05-25 10:53:00,48,1387.88,602,United Kingdom
13731.0,2,2011-04-07 10:10:00,2011-05-04 14:33:00,36,610.59,278,United Kingdom
13735.0,5,2010-07-01 12:12:00,2011-04-19 13:49:00,213,4598.56,2179,United Kingdom
13736.0,5,2010-06-13 11:36:00,2011-03-24 13:04:00,209,1629.11,890,United Kingdom
13737.0,1,2011-05-23 16:32:00,2011-05-23 16:32:00,29,339.6,125,United Kingdom
13740.0,3,2010-07-22 12:25:00,2011-04-13 10:32:00,55,975.18,736,United Kingdom
13741.0,1,2011-05-06 13:43:00,2011-05-06 13:43:00,8,160.86,75,United Kingdom
13742.0,5,2011-01-23 14:59:00,2011-05-10 09:35:00,132,1606.43,673,United Kingdom
13743.0,2,2011-03-25 14:46:00,2011-05-06 14:32:00,7,353.16,420,United Kingdom
13744.0,1,2011-02-20 14:08:00,2011-02-20 14:08:00,44,817.32,899,United Kingdom
13748.0,6,2010-10-18 09:10:00,2011-04-21 14:30:00,26,1523.85,722,United Kingdom
13750.0,6,2010-06-13 11:20:00,2011-02-16 09:08:00,22,1984.3799999999999,918,United Kingdom
13751.0,1,2011-02-24 15:56:00,2011-02-24 15:56:00,9,296.25,152,United Kingdom
13752.0,4,2010-06-30 10:23:00,2011-05-15 14:48:00,66,1129.1200000000001,693,United Kingdom
13753.0,1,2011-02-25 12:48:00,2011-02-25 12:48:00,35,741.26,512,United Kingdom
13754.0,2,2010-09-28 15:29:00,2011-01-26 14:58:00,16,320.45,183,United Kingdom
13756.0,9,2010-06-30 12:47:00,2011-05-18 09:23:00,82,3985.2500000000005,2034,United Kingdom
13758.0,8,2010-10-11 11:15:00,2011-05-22 15:12:00,116,4176.93,2468,United Kingdom
13760.0,3,2010-06-22 13:19:00,2011-03-28 12:52:00,67,913.62,353,United Kingdom
13762.0,1,2011-05-05 09:15:00,2011-05-05 09:15:00,7,3.552713678800501e-15,0,United Kingdom
13764.0,1,2011-01-06 14:53:00,2011-01-06 14:53:00,69,499.89,282,United Kingdom
13767.0,46,2010-06-06 13:47:00,2011-05-20 14:11:00,85,17606.72,7493,United Kingdom
13769.0,11,2010-06-16 11:49:00,2011-05-16 09:57:00,85,3127.9700000000003,1500,United Kingdom
13771.0,4,2010-06-08 08:50:00,2011-05-24 12:57:00,98,2798.41,1751,United Kingdom
13772.0,4,2010-07-15 13:15:00,2011-04-14 12:31:00,208,1354.23,620,United Kingdom
13777.0,35,2010-06-01 16:42:00,2011-05-16 09:23:00,34,23618.45,11002,United Kingdom
13781.0,1,2011-04-03 12:08:00,2011-04-03 12:08:00,17,127.84,30,United Kingdom
13782.0,5,2010-07-04 11:20:00,2011-04-19 14:48:00,73,652.73,260,United Kingdom
13784.0,8,2010-09-15 12:27:00,2011-05-05 09:11:00,10,1206.86,1674,United Kingdom
13786.0,2,2010-11-21 13:29:00,2010-12-07 13:53:00,25,860.3,505,United Kingdom
13787.0,3,2010-06-03 13:08:00,2010-12-10 14:45:00,30,580.1800000000001,303,United Kingdom
13792.0,2,2010-10-13 11:05:00,2011-02-25 14:03:00,14,263.0,92,United Kingdom
13798.0,59,2010-06-03 10:29:00,2011-05-27 14:10:00,127,42510.51,26747,United Kingdom
13799.0,5,2010-06-14 10:48:00,2011-02-18 14:18:00,45,1517.09,1031,United Kingdom
13800.0,2,2010-10-05 14:19:00,2011-02-03 12:27:00,54,1200.86,649,United Kingdom
13802.0,10,2010-06-09 10:12:00,2011-03-30 10:54:00,155,16827.89,9917,United Kingdom
13803.0,2,2010-10-04 10:52:00,2011-03-29 12:57:00,51,905.38,600,United Kingdom
13804.0,3,2010-09-29 10:26:00,2011-02-23 09:09:00,69,1296.36,752,United Kingdom
13807.0,1,2010-12-07 15:48:00,2010-12-07 15:48:00,7,112.6,36,United Kingdom
13809.0,3,2010-09-05 11:42:00,2011-02-07 13:15:00,23,679.7,281,Cyprus
13811.0,1,2011-04-14 18:40:00,2011-04-14 18:40:00,5,222.75,27,Germany
13815.0,4,2010-06-07 09:37:00,2011-01-25 12:16:00,132,3130.03,2592,Germany
13817.0,1,2010-12-23 11:46:00,2010-12-23 11:46:00,8,110.7,62,Germany
13819.0,3,2011-01-24 10:38:00,2011-02-11 10:38:00,26,1140.35,1109,United Kingdom
13821.0,2,2010-11-11 13:24:00,2011-03-23 11:30:00,80,579.34,229,United Kingdom
13824.0,7,2010-07-14 13:04:00,2011-05-20 14:04:00,37,2124.09,931,United Kingdom
13831.0,6,2010-06-28 13:53:00,2011-05-23 13:25:00,71,2662.27,900,United Kingdom
13835.0,2,2010-07-08 11:50:00,2011-05-08 15:22:00,24,405.2,192,United Kingdom
13837.0,2,2011-01-26 12:15:00,2011-05-12 12:10:00,17,266.59000000000003,182,United Kingdom
13838.0,6,2010-10-03 12:07:00,2010-12-05 10:45:00,194,1005.47,414,United Kingdom
13841.0,1,2011-04-01 12:10:00,2011-04-01 12:10:00,1,85.0,100,United Kingdom
13842.0,11,2010-06-10 12:21:00,2011-05-24 10:50:00,136,3241.75,1363,United Kingdom
13846.0,3,2010-11-05 09:47:00,2011-04-11 15:03:00,69,1089.21,657,United Kingdom
13848.0,5,2010-06-11 15:23:00,2011-02-15 10:17:00,3,1895.0,5700,United Kingdom
13851.0,5,2010-09-24 09:41:00,2011-02-24 17:18:00,53,1912.3200000000002,950,United Kingdom
13854.0,23,2010-06-16 11:45:00,2011-05-27 12:44:00,37,7145.41,2096,United Kingdom
13856.0,5,2010-06-09 15:22:00,2011-05-20 13:13:00,17,478.84,526,United Kingdom
13859.0,2,2010-06-28 15:36:00,2011-01-17 16:14:00,34,515.86,167,United Kingdom
13862.0,4,2010-11-15 13:43:00,2011-04-21 17:10:00,67,1189.44,839,United Kingdom
13863.0,3,2010-06-15 13:12:00,2011-04-06 10:20:00,49,913.11,436,United Kingdom
13865.0,1,2011-02-23 12:04:00,2011-02-23 12:04:00,7,123.30000000000001,42,United Kingdom
13867.0,1,2011-05-05 17:28:00,2011-05-05 17:28:00,8,138.85,31,United Kingdom
13869.0,7,2010-06-01 15:05:00,2011-03-22 10:44:00,349,4756.84,2446,United Kingdom
13870.0,6,2010-08-24 09:12:00,2011-02-25 09:09:00,79,2197.22,1567,United Kingdom
13871.0,7,2010-06-08 13:02:00,2011-05-17 10:08:00,84,3006.03,1335,United Kingdom
13873.0,5,2010-10-03 12:00:00,2011-05-05 09:13:00,36,609.12,338,United Kingdom
13874.0,3,2010-07-20 09:52:00,2010-12-16 18:20:00,31,1096.37,420,United Kingdom
13875.0,6,2010-06-30 15:18:00,2011-03-27 11:14:00,79,2143.74,1194,United Kingdom
13880.0,8,2010-08-10 15:31:00,2011-05-06 12:28:00,76,1875.15,1119,United Kingdom
13881.0,20,2010-06-09 13:22:00,2011-05-10 10:43:00,138,21578.53,15920,United Kingdom
13883.0,8,2010-09-19 14:45:00,2011-05-05 12:39:00,155,3819.9500000000003,2099,United Kingdom
13884.0,8,2010-08-26 19:57:00,2011-03-07 12:53:00,87,1197.58,510,United Kingdom
13885.0,1,2011-05-23 08:52:00,2011-05-23 08:52:00,23,399.15000000000003,159,United Kingdom
13887.0,1,2011-05-19 17:22:00,2011-05-19 17:22:00,19,349.55,147,United Kingdom
13888.0,4,2010-08-02 11:07:00,2011-05-05 14:41:00,95,1352.51,498,United Kingdom
13890.0,2,2010-11-30 12:46:00,2010-12-16 09:31:00,24,498.53000000000003,235,United Kingdom
13892.0,2,2010-08-19 09:07:00,2011-04-07 12:04:00,4,163.96,428,United Kingdom
13893.0,1,2011-02-15 11:30:00,2011-02-15 11:30:00,21,821.1,190,United Kingdom
13894.0,1,2011-02-02 12:54:00,2011-02-02 12:54:00,10,150.95,99,United Kingdom
13898.0,2,2010-10-24 15:42:00,2011-01-18 10:28:00,43,686.4,544,United Kingdom
13899.0,1,2011-03-10 09:30:00,2011-03-10 09:30:00,15,298.5,122,United Kingdom
13900.0,4,2010-07-23 14:38:00,2011-05-31 12:11:00,70,1339.0900000000001,749,United Kingdom
13901.0,9,2010-06-03 13:26:00,2011-03-28 14:33:00,99,1981.08,864,United Kingdom
13904.0,1,2011-02-18 11:18:00,2011-02-18 11:18:00,17,201.12,223,United Kingdom
13908.0,2,2011-03-08 12:04:00,2011-05-09 10:24:00,49,808.61,550,United Kingdom
13911.0,10,2010-06-21 13:12:00,2011-05-26 19:13:00,126,2543.6,2472,United Kingdom
13918.0,1,2011-03-31 18:05:00,2011-03-31 18:05:00,8,198.20000000000002,100,United Kingdom
13922.0,3,2010-08-29 14:36:00,2010-12-23 10:38:00,30,826.6500000000001,454,United Kingdom
13929.0,4,2010-08-06 14:09:00,2011-01-17 15:11:00,21,1561.98,918,United Kingdom
13931.0,6,2010-09-08 12:33:00,2011-03-04 08:43:00,99,2266.64,1372,United Kingdom
13932.0,1,2011-02-18 12:02:00,2011-02-18 12:02:00,16,307.4,72,United Kingdom
13934.0,1,2011-03-21 08:39:00,2011-03-21 08:39:00,31,922.1,390,United Kingdom
13939.0,3,2010-06-29 10:38:00,2011-02-01 11:30:00,52,860.73,769,United Kingdom
13941.0,7,2010-06-13 12:14:00,2011-02-15 12:12:00,22,4261.37,2059,United Kingdom
13946.0,3,2010-11-28 16:21:00,2011-05-22 12:03:00,21,908.88,1388,United Kingdom
13948.0,2,2010-10-24 13:46:00,2010-12-14 10:18:00,11,286.45,107,United Kingdom
13950.0,1,2011-04-07 11:29:00,2011-04-07 11:29:00,7,179.31,81,United Kingdom
13951.0,2,2011-02-18 15:21:00,2011-04-17 13:20:00,32,516.05,315,United Kingdom
13952.0,7,2010-07-21 10:09:00,2011-05-06 09:00:00,178,6223.711,2915,United Kingdom
13953.0,5,2010-08-06 12:45:00,2011-05-13 09:21:00,1,2750.0,2200,United Kingdom
13955.0,2,2010-11-29 17:35:00,2011-02-07 12:24:00,63,426.21,228,United Kingdom
13956.0,2,2011-03-13 12:51:00,2011-04-10 16:04:00,49,290.32,132,United Kingdom
13959.0,5,2010-07-16 15:11:00,2011-03-03 18:16:00,75,808.17,537,United Kingdom
13962.0,2,2010-09-30 10:35:00,2011-04-08 11:21:00,19,310.85,103,United Kingdom
13963.0,15,2010-06-15 10:24:00,2011-02-04 14:43:00,118,2344.15,1879,United Kingdom
13969.0,20,2010-06-17 19:18:00,2011-05-05 18:09:00,288,4772.12,2653,United Kingdom
13971.0,7,2010-06-17 11:46:00,2011-05-09 12:42:00,110,2231.48,1553,United Kingdom
13972.0,1,2011-05-22 11:34:00,2011-05-22 11:34:00,9,145.9,42,United Kingdom
13973.0,1,2011-02-25 15:21:00,2011-02-25 15:21:00,11,264.7,109,United Kingdom
13975.0,6,2010-06-07 17:15:00,2011-05-08 11:41:00,264,2767.07,1792,United Kingdom
13976.0,2,2010-07-21 09:27:00,2011-05-17 09:13:00,24,659.54,272,United Kingdom
13982.0,4,2010-06-21 14:25:00,2011-01-17 13:08:00,58,1674.94,1059,United Kingdom
13983.0,10,2010-06-07 16:01:00,2011-04-21 17:31:00,145,3321.36,1700,United Kingdom
13984.0,7,2010-07-01 10:44:00,2011-04-04 11:01:00,34,1320.75,1007,United Kingdom
13985.0,7,2010-09-23 15:48:00,2011-05-09 08:26:00,68,3005.35,1518,United Kingdom
13988.0,3,2010-11-21 12:40:00,2011-05-23 09:43:00,99,1649.07,941,United Kingdom
13989.0,3,2010-08-09 12:28:00,2011-04-14 15:39:00,42,1294.97,1279,United Kingdom
13990.0,1,2011-05-10 15:19:00,2011-05-10 15:19:00,16,311.3,190,United Kingdom
13993.0,10,2010-06-21 13:35:00,2011-05-18 12:21:00,82,3590.59,1231,United Kingdom
13995.0,6,2010-06-04 12:32:00,2011-04-08 08:20:00,95,2053.5,1150,United Kingdom
13999.0,13,2010-06-10 15:14:00,2011-05-09 14:40:00,108,4104.16,2354,United Kingdom
14000.0,3,2010-07-26 10:42:00,2011-05-12 16:50:00,21,994.89,1265,United Kingdom
14001.0,8,2010-08-03 12:49:00,2011-04-21 09:26:00,48,3494.9100000000003,1449,United Kingdom
14004.0,5,2010-09-30 09:39:00,2011-02-24 09:28:00,69,2575.83,1139,United Kingdom
14005.0,1,2011-05-08 10:33:00,2011-05-08 10:33:00,14,187.16,240,United Kingdom
14006.0,3,2010-06-29 12:43:00,2011-04-12 16:17:00,21,818.09,559,United Kingdom
14009.0,3,2010-09-03 12:08:00,2011-05-25 15:47:00,71,1090.23,947,United Kingdom
14012.0,1,2011-03-07 12:26:00,2011-03-07 12:26:00,11,328.8,160,United Kingdom
14013.0,2,2010-11-24 16:16:00,2011-03-09 08:59:00,29,555.85,319,United Kingdom
14016.0,6,2010-07-07 09:42:00,2011-05-16 09:40:00,220,6545.61,3114,EIRE
14021.0,5,2010-06-16 15:51:00,2011-05-12 13:37:00,61,1285.29,733,United Kingdom
14022.0,2,2010-08-10 09:38:00,2011-04-28 14:39:00,45,792.15,681,United Kingdom
14023.0,1,2011-04-03 15:50:00,2011-04-03 15:50:00,16,273.14,162,United Kingdom
14030.0,10,2010-09-27 17:15:00,2011-04-10 14:02:00,330,3423.8,1994,United Kingdom
14031.0,24,2010-06-11 17:33:00,2011-05-27 17:14:00,130,17803.07,6654,United Kingdom
14032.0,7,2010-08-31 10:47:00,2011-05-17 15:25:00,49,2143.51,1573,United Kingdom
14035.0,4,2010-09-17 11:04:00,2011-03-17 10:01:00,22,1678.46,874,United Kingdom
14036.0,1,2011-02-28 09:26:00,2011-02-28 09:26:00,38,626.65,268,United Kingdom
14037.0,2,2010-08-18 12:52:00,2010-12-10 11:39:00,51,270.73,131,United Kingdom
14038.0,2,2010-11-07 14:52:00,2011-05-16 14:05:00,76,1466.67,860,United Kingdom
14040.0,16,2010-06-14 14:05:00,2011-05-08 12:44:00,217,6315.9800000000005,2612,United Kingdom
14041.0,1,2011-03-18 13:25:00,2011-03-18 13:25:00,21,141.41,94,United Kingdom
14044.0,4,2010-08-10 14:27:00,2011-02-03 11:39:00,312,1750.86,1478,United Kingdom
14045.0,12,2010-06-16 09:47:00,2011-01-06 10:01:00,7,5907.75,2095,United Kingdom
14046.0,1,2011-02-28 14:48:00,2011-02-28 14:48:00,13,151.59,443,United Kingdom
14047.0,10,2010-07-19 14:24:00,2011-05-24 11:35:00,67,2242.27,943,United Kingdom
14048.0,3,2010-11-22 14:08:00,2011-02-07 14:53:00,126,713.89,453,United Kingdom
14049.0,9,2010-06-29 14:11:00,2011-05-23 11:07:00,388,8309.49,5596,United Kingdom
14051.0,19,2010-07-01 14:28:00,2011-05-10 15:05:00,54,8868.050000000001,2515,United Kingdom
14056.0,10,2011-02-28 15:19:00,2011-05-26 17:15:00,221,3252.54,1852,United Kingdom
14057.0,11,2010-06-17 12:23:00,2011-05-24 15:56:00,161,3968.83,3404,United Kingdom
14059.0,1,2011-03-18 10:06:00,2011-03-18 10:06:00,8,183.6,128,United Kingdom
14060.0,18,2010-07-15 14:59:00,2011-05-18 13:50:00,66,5402.72,4717,United Kingdom
14062.0,13,2010-07-19 13:02:00,2011-04-14 15:46:00,107,13335.630000000001,6318,United Kingdom
14064.0,9,2010-07-22 13:33:00,2011-05-12 12:30:00,58,1555.66,2111,United Kingdom
14066.0,1,2011-03-18 12:21:00,2011-03-18 12:21:00,7,152.55,45,United Kingdom
14068.0,1,2011-01-23 16:02:00,2011-01-23 16:02:00,22,265.85,73,United Kingdom
14071.0,2,2011-03-20 11:33:00,2011-03-24 13:28:00,22,225.4,200,United Kingdom
14075.0,3,2010-08-26 13:42:00,2011-03-23 16:35:00,47,1090.53,1009,United Kingdom
14077.0,3,2010-11-09 16:01:00,2011-04-28 14:04:00,35,315.27,191,United Kingdom
14078.0,5,2010-08-22 10:57:00,2011-05-10 13:26:00,38,692.89,236,United Kingdom
14081.0,3,2010-10-29 15:00:00,2011-02-10 16:17:00,214,1772.76,1472,United Kingdom
14082.0,2,2010-11-12 11:47:00,2010-12-10 11:02:00,48,413.36,246,United Kingdom
14083.0,6,2010-07-16 12:51:00,2011-05-24 15:22:00,89,489.06,399,United Kingdom
14085.0,17,2010-06-03 13:06:00,2011-05-25 16:08:00,306,5429.47,3971,United Kingdom
14088.0,4,2010-10-14 19:46:00,2011-01-21 13:07:00,170,20861.05,4515,United Kingdom
14090.0,1,2011-01-19 10:51:00,2011-01-19 10:51:00,1,76.32000000000001,72,United Kingdom
14092.0,11,2010-06-30 08:35:00,2011-05-27 14:44:00,112,3657.05,1831,United Kingdom
14099.0,11,2010-06-09 14:41:00,2011-05-05 15:48:00,186,2899.51,2176,United Kingdom
14101.0,9,2010-07-07 13:35:00,2011-05-26 10:15:00,17,6978.09,8498,United Kingdom
14105.0,3,2010-09-26 14:15:00,2011-04-14 17:58:00,157,3619.53,2307,United Kingdom
14107.0,6,2010-07-15 11:47:00,2011-05-03 13:31:00,70,2662.93,1918,United Kingdom
14110.0,11,2010-06-02 12:27:00,2011-05-03 13:39:00,102,5004.52,2384,United Kingdom
14111.0,1,2011-04-12 11:36:00,2011-04-12 11:36:00,2,94.2,148,United Kingdom
14112.0,6,2010-08-19 13:04:00,2011-05-20 10:36:00,104,2271.32,1486,United Kingdom
14113.0,7,2010-07-01 11:35:00,2010-12-20 12:14:00,24,2673.94,1285,United Kingdom
14114.0,6,2010-06-14 10:33:00,2011-03-11 09:42:00,53,1050.34,467,United Kingdom
14127.0,5,2010-10-10 11:53:00,2011-03-28 12:25:00,88,1642.6000000000001,704,United Kingdom
14128.0,2,2010-06-06 14:05:00,2011-03-29 10:49:00,34,577.4,516,United Kingdom
14129.0,4,2010-08-05 10:18:00,2011-03-24 08:44:00,32,1416.46,680,United Kingdom
14130.0,3,2010-10-18 12:54:00,2011-01-24 16:05:00,134,1518.9,947,United Kingdom
14133.0,1,2011-01-28 11:27:00,2011-01-28 11:27:00,16,302.7,146,United Kingdom
14135.0,14,2010-06-09 13:37:00,2011-05-03 13:22:00,92,4328.34,4778,United Kingdom
14145.0,3,2010-06-20 13:28:00,2011-05-06 13:01:00,9,3602.85,799,United Kingdom
14146.0,5,2010-09-20 15:24:00,2011-03-30 11:04:00,195,4487.99,2732,United Kingdom
14147.0,5,2010-09-28 09:13:00,2011-02-27 11:42:00,16,901.0999999999999,378,United Kingdom
14148.0,2,2010-10-21 14:08:00,2011-04-20 12:02:00,15,466.28999999999996,223,United Kingdom
14149.0,1,2011-05-03 09:44:00,2011-05-03 09:44:00,28,259.43,129,United Kingdom
14150.0,1,2010-12-15 10:04:00,2010-12-15 10:04:00,12,306.18,262,United Kingdom
14152.0,5,2010-08-02 11:46:00,2011-04-19 15:46:00,77,1367.35,1159,United Kingdom
14154.0,7,2010-07-01 17:54:00,2011-04-14 16:26:00,207,5733.26,2772,United Kingdom
14155.0,1,2011-03-18 14:13:00,2011-03-18 14:13:00,6,118.75,25,United Kingdom
14156.0,69,2010-06-03 14:44:00,2011-05-16 08:16:00,876,124765.25,64426,EIRE
14157.0,3,2010-10-18 15:48:00,2011-02-27 13:04:00,61,637.6800000000001,366,United Kingdom
14159.0,7,2010-06-07 13:03:00,2011-03-28 12:23:00,359,2409.52,1743,United Kingdom
14161.0,5,2010-08-08 12:11:00,2011-05-08 11:41:00,141,2063.23,967,United Kingdom
14162.0,1,2011-02-20 12:32:00,2011-02-20 12:32:00,13,177.68,110,United Kingdom
14163.0,3,2010-09-03 17:15:00,2011-05-24 15:06:00,26,898.5,338,United Kingdom
14165.0,1,2011-03-09 12:39:00,2011-03-09 12:39:00,23,120.44,53,United Kingdom
14167.0,4,2010-06-07 11:47:00,2011-03-21 15:33:00,35,646.4,165,United Kingdom
14173.0,1,2011-05-04 14:03:00,2011-05-04 14:03:00,11,114.04,40,United Kingdom
14175.0,4,2010-07-07 16:00:00,2011-01-14 12:22:00,94,2789.09,925,United Kingdom
14176.0,5,2010-11-23 13:21:00,2011-02-15 13:12:00,33,753.5600000000001,263,United Kingdom
14180.0,23,2010-06-09 14:56:00,2011-05-18 10:56:00,108,4444.95,598,United Kingdom
14185.0,1,2011-01-12 13:52:00,2011-01-12 13:52:00,3,197.65,6,United Kingdom
14188.0,2,2011-02-02 13:46:00,2011-05-09 10:03:00,17,760.9,413,United Kingdom
14189.0,9,2010-11-16 09:28:00,2011-05-23 10:34:00,118,2985.4900000000002,2315,United Kingdom
14191.0,3,2010-11-10 12:27:00,2011-05-24 08:49:00,28,521.35,364,United Kingdom
14193.0,2,2010-11-08 12:31:00,2011-03-15 11:38:00,39,779.34,458,United Kingdom
14194.0,15,2010-06-08 12:27:00,2011-05-27 11:41:00,255,6893.91,3528,United Kingdom
14195.0,3,2010-09-26 14:06:00,2011-05-22 10:29:00,7,1324.55,1043,United Kingdom
14198.0,4,2010-06-16 15:55:00,2011-04-14 14:54:00,34,754.59,363,United Kingdom
14199.0,4,2010-06-27 12:13:00,2011-05-05 13:44:00,15,916.5,230,United Kingdom
14201.0,4,2010-10-26 18:51:00,2011-05-08 10:20:00,22,467.01,371,United Kingdom
14205.0,6,2010-06-30 12:06:00,2011-03-20 15:07:00,58,1348.3,752,United Kingdom
14206.0,3,2010-11-02 11:37:00,2011-04-14 16:38:00,62,1145.21,926,United Kingdom
14209.0,9,2010-06-08 11:38:00,2011-05-10 10:00:00,102,3108.69,1034,United Kingdom
14210.0,11,2010-06-08 14:44:00,2011-05-26 12:46:00,115,3370.4100000000003,1635,United Kingdom
14211.0,11,2010-06-08 12:08:00,2011-05-16 10:46:00,92,2183.32,1273,United Kingdom
14214.0,1,2011-03-07 12:26:00,2011-03-07 12:26:00,37,634.5,310,United Kingdom
14215.0,4,2010-08-26 09:31:00,2011-01-28 14:53:00,63,1111.81,691,United Kingdom
14217.0,13,2010-06-30 12:54:00,2011-05-16 15:47:00,89,1964.1,780,United Kingdom
14220.0,2,2010-12-16 18:18:00,2011-04-06 13:23:00,21,632.4,272,United Kingdom
14221.0,8,2010-06-07 08:38:00,2011-05-17 11:41:00,83,2835.82,1440,United Kingdom
14223.0,1,2011-03-20 16:02:00,2011-03-20 16:02:00,18,289.0,128,United Kingdom
14224.0,7,2010-06-13 13:46:00,2011-05-08 14:08:00,167,1324.05,572,United Kingdom
14226.0,3,2010-09-24 14:32:00,2011-05-13 14:16:00,66,2427.59,1484,United Kingdom
14227.0,11,2010-06-01 12:42:00,2011-05-27 14:50:00,229,4968.29,3240,United Kingdom
14229.0,6,2010-08-25 11:47:00,2011-02-21 09:45:00,37,1683.92,604,United Kingdom
14231.0,3,2010-09-15 09:52:00,2011-04-21 18:10:00,56,904.11,489,United Kingdom
14232.0,1,2011-03-20 12:44:00,2011-03-20 12:44:00,47,691.53,567,United Kingdom
14233.0,4,2010-08-31 15:03:00,2011-05-12 10:45:00,20,1360.15,553,United Kingdom
14235.0,4,2010-07-29 17:22:00,2011-04-27 12:57:00,59,1770.02,1157,United Kingdom
14238.0,1,2011-01-17 14:40:00,2011-01-17 14:40:00,8,146.85,111,United Kingdom
14239.0,9,2010-07-06 14:44:00,2011-05-23 10:21:00,68,1969.6000000000001,870,United Kingdom
14240.0,2,2010-10-12 12:48:00,2011-04-28 11:40:00,26,584.0,316,United Kingdom
14242.0,2,2011-01-18 08:53:00,2011-04-19 11:46:00,13,280.55,123,United Kingdom
14243.0,12,2010-08-20 13:41:00,2011-04-08 10:19:00,214,6114.25,3059,United Kingdom
14245.0,2,2011-03-21 10:41:00,2011-05-04 08:40:00,107,1681.6,973,United Kingdom
14246.0,1,2011-04-08 08:25:00,2011-04-08 08:25:00,24,449.64,216,United Kingdom
14247.0,5,2010-06-06 15:07:00,2011-03-06 15:21:00,82,750.61,377,United Kingdom
14248.0,3,2010-07-12 14:27:00,2011-01-25 14:45:00,41,1032.95,692,United Kingdom
14256.0,4,2010-08-05 09:28:00,2011-03-24 13:17:00,57,1477.99,689,United Kingdom
14257.0,4,2010-07-26 13:57:00,2011-01-25 10:49:00,94,2285.53,1264,United Kingdom
14258.0,14,2010-06-16 13:22:00,2011-05-24 09:10:00,67,16303.32,10148,United Kingdom
14262.0,1,2011-04-13 12:23:00,2011-04-13 12:23:00,16,240.0,196,United Kingdom
14264.0,3,2010-09-12 14:02:00,2011-04-08 12:20:00,24,617.75,157,United Kingdom
14267.0,2,2011-03-24 11:38:00,2011-03-24 12:52:00,15,809.01,267,United Kingdom
14270.0,1,2011-01-12 09:33:00,2011-01-12 09:33:00,29,492.65000000000003,197,United Kingdom
14271.0,2,2010-10-26 17:01:00,2011-04-28 12:47:00,38,214.18,148,United Kingdom
14272.0,1,2011-03-30 13:57:00,2011-03-30 13:57:00,8,132.09,87,United Kingdom
14273.0,2,2011-04-11 13:24:00,2011-05-06 08:25:00,10,218.70000000000002,109,United Kingdom
14276.0,4,2010-08-12 10:03:00,2011-02-23 09:38:00,42,894.1,600,United Kingdom
14277.0,4,2010-08-09 13:10:00,2011-05-11 13:20:00,194,2018.4099999999999,1120,France
14280.0,1,2011-05-27 10:37:00,2011-05-27 10:37:00,8,134.04000000000002,52,United Kingdom
14282.0,13,2010-06-02 15:55:00,2011-05-20 15:08:00,74,3849.7,2669,United Kingdom
14286.0,2,2010-10-31 15:39:00,2011-04-11 08:16:00,182,3273.07,3458,United Kingdom
14287.0,2,2011-05-25 11:41:00,2011-05-25 11:44:00,4,83.28,216,United Kingdom
14288.0,1,2011-05-10 13:22:00,2011-05-10 13:22:00,16,413.85,187,United Kingdom
14289.0,3,2011-02-23 12:33:00,2011-05-24 14:47:00,30,594.22,214,United Kingdom
14290.0,2,2010-10-22 12:03:00,2010-12-13 10:24:00,30,1434.56,454,United Kingdom
14291.0,11,2010-07-30 12:21:00,2011-05-13 10:03:00,141,3574.49,2425,United Kingdom
14292.0,7,2010-07-20 13:34:00,2011-05-19 17:25:00,78,4138.6,1551,United Kingdom
14293.0,4,2010-11-21 12:09:00,2011-02-07 15:47:00,43,1105.1200000000001,450,United Kingdom
14297.0,1,2011-03-10 08:31:00,2011-03-10 08:31:00,11,232.6,78,United Kingdom
14298.0,49,2010-06-02 13:23:00,2011-05-04 11:00:00,778,48563.090000000004,56122,United Kingdom
14299.0,12,2010-07-01 10:21:00,2011-01-25 14:44:00,62,5282.93,2801,United Kingdom
14304.0,2,2010-11-25 10:20:00,2011-05-01 11:50:00,43,866.69,391,United Kingdom
14307.0,4,2010-07-19 12:26:00,2011-05-04 09:57:00,104,1950.42,1287,United Kingdom
14309.0,6,2010-06-07 10:24:00,2011-04-19 10:40:00,96,2331.31,1560,United Kingdom
14311.0,1,2011-04-11 10:14:00,2011-04-11 10:14:00,20,229.71,125,United Kingdom
14312.0,8,2010-07-23 15:05:00,2011-03-11 13:31:00,109,2072.7200000000003,1132,United Kingdom
14315.0,1,2011-03-18 12:59:00,2011-03-18 12:59:00,27,525.45,255,United Kingdom
14320.0,3,2010-06-11 12:45:00,2011-05-17 09:24:00,43,649.86,404,United Kingdom
14321.0,3,2010-08-23 12:56:00,2011-01-10 11:35:00,84,994.65,1510,United Kingdom
14323.0,1,2011-04-15 11:44:00,2011-04-15 11:44:00,19,286.72,218,United Kingdom
14326.0,3,2010-06-25 12:10:00,2011-04-11 15:04:00,54,923.98,568,United Kingdom
14329.0,6,2010-06-18 12:57:00,2011-03-11 12:17:00,203,4704.9,2661,United Kingdom
14334.0,8,2010-07-27 13:45:00,2011-05-20 10:37:00,119,2942.11,2087,United Kingdom
14336.0,3,2011-03-08 16:48:00,2011-05-25 14:44:00,53,1114.39,989,United Kingdom
14338.0,2,2010-06-21 10:32:00,2011-05-27 13:30:00,43,919.85,621,United Kingdom
14339.0,2,2010-10-07 08:50:00,2011-04-11 11:06:00,21,604.48,439,United Kingdom
14340.0,1,2011-05-05 09:44:00,2011-05-05 09:44:00,6,134.70000000000002,58,United Kingdom
14341.0,9,2010-06-28 08:31:00,2011-05-08 15:16:00,79,1730.68,949,United Kingdom
14342.0,3,2010-08-24 13:03:00,2011-05-13 13:50:00,18,484.78,264,United Kingdom
14344.0,14,2010-07-23 12:16:00,2011-05-17 09:40:00,49,1672.88,997,United Kingdom
14346.0,4,2010-07-30 10:44:00,2011-02-15 13:52:00,88,1556.61,1377,United Kingdom
14348.0,1,2011-03-24 16:23:00,2011-03-24 16:23:00,18,409.57,183,United Kingdom
14350.0,3,2010-10-05 15:52:00,2011-03-10 14:14:00,55,947.8,526,United Kingdom
14352.0,2,2011-03-11 14:58:00,2011-04-19 08:17:00,35,845.32,410,United Kingdom
14353.0,3,2010-10-04 12:38:00,2011-05-08 16:06:00,18,376.5,344,United Kingdom
14355.0,2,2010-09-16 15:23:00,2010-12-09 12:16:00,36,538.9100000000001,293,United Kingdom
14364.0,2,2011-05-12 12:56:00,2011-05-23 11:58:00,11,1117.2,600,United Kingdom
14367.0,6,2011-03-08 14:12:00,2011-05-11 14:54:00,134,2737.41,1318,United Kingdom
14368.0,1,2011-01-24 09:52:00,2011-01-24 09:52:00,8,155.0,36,United Kingdom
14371.0,1,2011-02-17 16:35:00,2011-02-17 16:35:00,4,100.5,34,United Kingdom
14373.0,1,2010-12-16 15:40:00,2010-12-16 15:40:00,4,76.55,17,United Kingdom
14377.0,1,2011-03-22 13:38:00,2011-03-22 13:38:00,4,314.6,124,United Kingdom
14379.0,3,2010-08-16 15:31:00,2011-02-17 15:03:00,75,1028.04,548,United Kingdom
14386.0,1,2011-02-16 09:45:00,2011-02-16 09:45:00,7,142.4,54,United Kingdom
14388.0,8,2010-06-09 09:05:00,2011-05-20 16:25:00,112,3119.58,2129,United Kingdom
14390.0,7,2010-10-10 14:30:00,2011-05-12 17:03:00,150,2525.44,1123,United Kingdom
14393.0,1,2011-05-05 18:16:00,2011-05-05 18:16:00,5,67.95,13,United Kingdom
14395.0,10,2010-08-05 15:14:00,2011-05-01 12:41:00,168,3715.01,1957,United Kingdom
14396.0,2,2010-08-01 12:38:00,2010-12-03 15:19:00,70,451.55,178,United Kingdom
14397.0,2,2011-05-10 12:25:00,2011-05-25 14:40:00,11,242.24,224,United Kingdom
14401.0,6,2010-06-25 10:17:00,2011-01-28 15:53:00,44,1603.71,1101,United Kingdom
14403.0,2,2011-04-06 14:23:00,2011-05-06 16:48:00,17,926.51,397,United Kingdom
14404.0,4,2010-08-01 14:18:00,2011-03-25 10:05:00,47,819.5,370,United Kingdom
14407.0,2,2011-03-08 11:59:00,2011-05-18 12:28:00,33,972.98,414,United Kingdom
14408.0,3,2010-08-25 13:08:00,2011-04-15 11:15:00,9,1126.6000000000001,618,United Kingdom
14409.0,5,2010-08-11 14:55:00,2011-01-25 11:18:00,29,1282.69,889,United Kingdom
14410.0,8,2010-09-28 15:46:00,2011-05-17 12:49:00,250,2235.63,1128,United Kingdom
14411.0,1,2011-02-02 10:56:00,2011-02-02 10:56:00,14,1063.0,196,United Kingdom
14413.0,2,2010-10-25 14:41:00,2010-12-12 13:37:00,86,299.02,138,United Kingdom
14414.0,2,2010-11-30 10:12:00,2010-12-16 11:11:00,28,1119.55,511,United Kingdom
14415.0,12,2010-06-06 12:16:00,2011-05-25 15:54:00,290,6626.81,3427,United Kingdom
14419.0,3,2010-11-22 11:09:00,2011-04-01 11:47:00,53,509.99,230,United Kingdom
14421.0,3,2010-06-07 12:35:00,2011-05-12 10:49:00,32,1089.94,514,United Kingdom
14422.0,8,2010-06-17 16:00:00,2011-03-17 17:26:00,152,3917.9900000000002,2063,United Kingdom
14423.0,2,2010-09-28 10:42:00,2011-05-05 15:12:00,12,670.16,322,United Kingdom
14426.0,8,2010-06-03 15:39:00,2011-03-08 15:17:00,331,7212.35,4283,United Kingdom
14428.0,2,2011-01-18 16:39:00,2011-04-14 09:43:00,25,326.38,141,United Kingdom
14431.0,3,2010-09-10 14:04:00,2011-02-10 10:40:00,50,2029.85,923,United Kingdom
14437.0,4,2010-06-28 09:47:00,2010-12-09 09:27:00,23,485.36,256,United Kingdom
14438.0,1,2011-02-06 14:56:00,2011-02-06 14:56:00,9,131.9,82,United Kingdom
14439.0,2,2010-09-22 14:47:00,2011-01-24 11:39:00,36,3441.3,672,Greece
14440.0,6,2010-10-05 08:45:00,2011-01-27 10:30:00,40,2604.41,743,United Kingdom
14441.0,5,2010-06-06 10:25:00,2011-03-29 12:01:00,52,2255.1,623,United Kingdom
14442.0,5,2010-09-06 11:32:00,2011-05-19 11:36:00,100,3704.52,1086,Channel Islands
14443.0,3,2010-11-25 14:18:00,2011-02-02 15:09:00,72,1251.85,759,United Kingdom
14446.0,2,2010-11-18 12:08:00,2011-04-07 12:10:00,113,492.96999999999997,493,United Kingdom
14447.0,3,2010-11-04 13:32:00,2011-05-27 14:29:00,63,1149.53,655,United Kingdom
14448.0,1,2010-12-10 17:26:00,2010-12-10 17:26:00,18,102.35,44,United Kingdom
14449.0,6,2010-09-29 13:15:00,2011-04-07 12:16:00,211,1745.07,1196,United Kingdom
14450.0,5,2010-11-03 13:48:00,2011-04-10 12:59:00,29,718.5600000000001,315,United Kingdom
14451.0,7,2010-06-13 11:00:00,2011-05-29 12:35:00,156,2039.18,1100,United Kingdom
14457.0,1,2011-02-02 09:39:00,2011-02-02 09:39:00,4,113.64,88,United Kingdom
14460.0,4,2010-10-20 12:25:00,2011-02-02 11:55:00,6,159.12,264,United Kingdom
14461.0,8,2010-07-13 12:33:00,2011-03-23 12:15:00,319,4047.22,1934,United Kingdom
14462.0,7,2010-10-03 14:13:00,2011-05-10 16:00:00,135,1160.82,507,United Kingdom
14463.0,2,2010-07-28 11:35:00,2011-05-18 14:42:00,4,372.87,127,United Kingdom
14465.0,6,2010-06-13 11:18:00,2011-04-07 12:38:00,111,2072.39,837,United Kingdom
14466.0,5,2010-06-09 15:53:00,2011-03-04 12:06:00,53,2138.1,1176,United Kingdom
14467.0,6,2010-06-07 14:39:00,2011-01-31 12:35:00,93,1376.04,709,United Kingdom
14470.0,2,2010-10-05 12:39:00,2011-02-25 11:56:00,48,548.49,227,United Kingdom
14472.0,4,2010-12-19 14:03:00,2011-03-27 12:06:00,127,1255.76,776,United Kingdom
14473.0,1,2011-03-02 13:56:00,2011-03-02 13:56:00,1,85.0,10,United Kingdom
14475.0,2,2010-10-27 09:20:00,2011-02-08 10:12:00,21,510.3,222,United Kingdom
14476.0,1,2011-03-27 15:39:00,2011-03-27 15:39:00,17,193.0,110,United Kingdom
14477.0,3,2010-06-29 09:44:00,2011-02-15 15:44:00,3,656.1,398,United Kingdom
14479.0,3,2010-10-17 11:58:00,2011-03-31 09:07:00,99,769.58,374,United Kingdom
14481.0,2,2010-10-28 19:20:00,2011-02-25 13:53:00,51,1072.64,726,United Kingdom
14482.0,7,2010-08-26 14:13:00,2011-04-14 16:41:00,99,2356.35,1267,United Kingdom
14483.0,1,2011-03-03 10:26:00,2011-03-03 10:26:00,9,137.1,97,United Kingdom
14487.0,2,2010-11-25 13:36:00,2010-12-06 13:22:00,32,213.14000000000001,85,United Kingdom
14489.0,3,2010-08-04 10:00:00,2011-05-16 14:51:00,50,1124.08,713,United Kingdom
14496.0,5,2010-10-27 12:57:00,2011-02-01 09:01:00,36,1309.8,478,United Kingdom
14497.0,1,2011-02-03 17:01:00,2011-02-03 17:01:00,29,457.47,233,United Kingdom
14498.0,6,2010-06-07 16:05:00,2010-12-13 11:29:00,154,2109.73,1092,United Kingdom
14499.0,5,2010-08-27 11:57:00,2011-03-06 11:55:00,119,1397.8700000000001,796,United Kingdom
14501.0,1,2011-01-24 10:43:00,2011-01-24 10:43:00,4,66.93,45,United Kingdom
14502.0,6,2011-01-30 15:52:00,2011-04-19 12:22:00,176,961.69,426,United Kingdom
14504.0,3,2011-03-06 14:38:00,2011-04-10 16:01:00,81,542.71,263,United Kingdom
14505.0,9,2010-06-27 13:09:00,2011-05-19 13:35:00,567,6250.9400000000005,2619,United Kingdom
14506.0,3,2010-11-02 15:48:00,2011-03-01 12:46:00,127,1162.26,393,United Kingdom
14507.0,6,2010-09-23 12:33:00,2011-05-08 14:18:00,151,1996.77,1090,United Kingdom
14512.0,3,2010-07-13 15:26:00,2011-04-21 19:05:00,36,640.66,439,United Kingdom
14513.0,4,2010-09-19 15:41:00,2011-05-17 12:21:00,12,361.21,259,United Kingdom
14514.0,5,2010-06-07 14:47:00,2011-05-22 15:12:00,144,2208.51,1092,United Kingdom
14515.0,7,2010-06-07 12:37:00,2011-05-05 12:13:00,67,2042.21,950,United Kingdom
14520.0,1,2011-02-22 09:15:00,2011-02-22 09:15:00,1,165.0,100,United Kingdom
14522.0,1,2011-05-25 16:01:00,2011-05-25 16:01:00,7,278.63,168,United Kingdom
14524.0,8,2010-10-19 11:44:00,2011-04-17 12:53:00,193,1819.76,809,United Kingdom
14525.0,7,2010-08-13 16:58:00,2011-04-18 12:56:00,136,3286.67,2270,United Kingdom
14527.0,53,2010-06-02 12:36:00,2011-05-24 12:14:00,357,6835.43,1843,United Kingdom
14530.0,7,2010-06-30 11:08:00,2011-03-22 11:05:00,147,3033.4,1479,United Kingdom
14532.0,7,2010-06-27 12:51:00,2011-04-17 13:05:00,99,2066.56,591,United Kingdom
14533.0,3,2010-08-19 12:23:00,2010-12-22 11:07:00,18,1160.44,2146,United Kingdom
14534.0,15,2010-06-07 12:51:00,2011-05-24 12:04:00,266,3016.2,1349,United Kingdom
14535.0,4,2010-06-08 11:41:00,2011-04-05 12:50:00,224,2023.18,1008,United Kingdom
14536.0,1,2011-03-25 12:21:00,2011-03-25 12:21:00,18,170.95,39,United Kingdom
14538.0,3,2010-06-13 14:01:00,2011-03-28 14:57:00,19,636.49,107,United Kingdom
14540.0,5,2010-07-01 15:08:00,2011-02-03 15:02:00,64,1851.07,814,United Kingdom
14541.0,8,2010-08-17 10:12:00,2011-05-09 17:24:00,72,1408.9,630,United Kingdom
14543.0,22,2010-06-08 10:28:00,2011-05-09 13:59:00,61,5469.88,921,United Kingdom
14544.0,2,2010-08-26 16:00:00,2010-12-13 12:50:00,111,2036.0,1712,United Kingdom
14546.0,5,2010-07-18 15:48:00,2011-05-22 11:41:00,217,2014.69,1115,United Kingdom
14548.0,2,2010-08-12 15:48:00,2011-01-26 08:38:00,2,652.8,256,United Kingdom
14549.0,2,2010-10-15 08:26:00,2011-02-01 13:47:00,60,406.24,196,United Kingdom
14551.0,5,2010-07-25 15:27:00,2011-05-19 18:21:00,63,646.99,336,United Kingdom
14553.0,6,2010-07-18 12:07:00,2011-05-05 11:08:00,169,1246.15,805,United Kingdom
14555.0,3,2010-06-30 12:49:00,2011-02-10 17:19:00,72,1418.64,537,United Kingdom
14560.0,18,2010-08-05 10:49:00,2011-05-27 16:00:00,39,2243.18,1201,United Kingdom
14562.0,7,2010-06-24 13:56:00,2011-04-21 19:55:00,115,1884.3600000000001,847,United Kingdom
14565.0,3,2010-08-23 09:48:00,2011-05-18 13:09:00,104,2627.15,1294,United Kingdom
14570.0,3,2010-09-22 13:07:00,2011-03-04 10:58:00,63,512.4,363,United Kingdom
14572.0,5,2010-10-18 16:52:00,2011-03-30 16:34:00,208,2781.7200000000003,1398,United Kingdom
14573.0,10,2010-06-06 11:38:00,2011-05-23 12:15:00,158,1602.1,537,United Kingdom
14577.0,3,2010-11-10 12:19:00,2011-04-21 11:31:00,61,651.66,264,United Kingdom
14583.0,3,2010-06-24 14:34:00,2011-05-18 11:28:00,130,570.38,298,United Kingdom
14584.0,4,2010-06-30 13:28:00,2011-05-26 16:30:00,73,787.24,349,United Kingdom
14586.0,1,2011-03-08 10:04:00,2011-03-08 10:04:00,19,134.16,236,United Kingdom
14587.0,7,2011-01-12 13:16:00,2011-05-10 14:22:00,156,1256.58,632,United Kingdom
14589.0,1,2010-12-03 11:42:00,2010-12-03 11:42:00,3,39.75,5,United Kingdom
14591.0,1,2011-05-10 14:09:00,2011-05-10 14:09:00,33,204.02,91,United Kingdom
14593.0,6,2010-06-21 11:42:00,2011-05-25 11:21:00,242,2182.07,1184,United Kingdom
14595.0,2,2010-09-12 12:47:00,2011-01-30 13:36:00,16,385.3,212,United Kingdom
14600.0,2,2010-11-11 15:56:00,2011-02-07 09:48:00,53,865.1700000000001,487,United Kingdom
14603.0,1,2011-03-10 10:27:00,2011-03-10 10:27:00,2,660.0,400,United Kingdom
14606.0,94,2010-06-03 11:35:00,2011-05-29 14:18:00,925,15396.15,8514,United Kingdom
14607.0,3,2010-06-20 13:22:00,2011-03-23 15:22:00,13,1028.2,676,United Kingdom
14608.0,4,2010-07-12 11:45:00,2010-12-12 14:49:00,7,1031.9,270,United Kingdom
14609.0,5,2010-06-30 14:55:00,2011-02-16 12:10:00,5,740.16,4830,United Kingdom
14616.0,5,2010-06-09 09:42:00,2011-04-11 09:54:00,3,527.78,170,United Kingdom
14618.0,5,2010-06-11 10:11:00,2011-01-06 11:59:00,35,968.88,528,United Kingdom
14619.0,2,2010-06-16 14:41:00,2011-04-08 07:37:00,58,1276.31,587,United Kingdom
14620.0,2,2011-03-01 08:30:00,2011-05-18 11:58:00,26,393.28000000000003,188,United Kingdom
14621.0,4,2010-06-23 14:14:00,2010-12-16 13:00:00,53,940.21,600,United Kingdom
14623.0,4,2010-06-23 14:59:00,2011-04-18 13:54:00,76,978.33,511,United Kingdom
14625.0,8,2010-08-09 11:06:00,2011-05-27 15:32:00,122,3080.11,1324,United Kingdom
14626.0,4,2010-07-20 08:47:00,2011-04-20 13:18:00,56,1636.5,801,United Kingdom
14628.0,2,2010-09-23 18:24:00,2011-04-11 14:43:00,36,963.89,583,United Kingdom
14631.0,5,2010-08-09 14:45:00,2011-04-18 16:49:00,55,1646.27,1125,United Kingdom
14632.0,1,2011-03-22 08:49:00,2011-03-22 08:49:00,8,114.56,96,United Kingdom
14633.0,1,2011-03-18 17:07:00,2011-03-18 17:07:00,20,344.90000000000003,96,United Kingdom
14636.0,1,2011-03-16 09:52:00,2011-03-16 09:52:00,16,300.19,117,United Kingdom
14639.0,4,2010-07-08 08:08:00,2011-02-21 13:21:00,101,2451.98,1132,United Kingdom
14640.0,3,2010-07-14 12:31:00,2011-04-26 12:31:00,62,1085.28,521,United Kingdom
14643.0,1,2010-12-16 17:53:00,2010-12-16 17:53:00,15,332.74,326,United Kingdom
14644.0,5,2010-08-02 12:44:00,2011-02-14 14:14:00,29,1146.01,419,United Kingdom
14645.0,1,2011-03-09 09:52:00,2011-03-09 09:52:00,9,240.10000000000002,78,United Kingdom
14646.0,67,2010-06-03 10:26:00,2011-05-26 15:19:00,627,249807.71,176140,Netherlands
14647.0,2,2010-07-04 13:27:00,2011-05-22 13:40:00,42,506.04,175,United Kingdom
14649.0,4,2010-09-26 16:04:00,2011-05-11 14:42:00,165,1535.78,899,United Kingdom
14651.0,4,2010-06-28 15:05:00,2011-05-12 16:29:00,136,957.67,443,United Kingdom
14653.0,3,2010-06-06 13:27:00,2011-01-05 13:41:00,70,885.77,813,United Kingdom
14655.0,3,2010-07-05 09:45:00,2011-05-01 14:59:00,38,1783.45,1217,United Kingdom
14656.0,3,2010-07-14 12:29:00,2011-03-01 13:19:00,96,488.46,171,United Kingdom
14657.0,4,2010-09-30 19:57:00,2011-03-02 16:17:00,120,1116.42,683,United Kingdom
14659.0,4,2011-01-28 12:43:00,2011-05-06 11:55:00,78,1111.63,549,United Kingdom
14662.0,4,2010-10-08 13:31:00,2011-04-19 12:26:00,118,929.09,564,United Kingdom
14665.0,4,2010-10-08 14:40:00,2011-02-16 10:34:00,69,1348.21,567,United Kingdom
14667.0,27,2010-06-06 15:32:00,2011-05-09 13:03:00,394,10449.2,6620,United Kingdom
14669.0,3,2011-01-11 12:30:00,2011-04-12 11:43:00,158,1259.24,770,United Kingdom
14670.0,2,2011-03-04 13:58:00,2011-03-04 14:13:00,107,392.86,326,United Kingdom
14672.0,3,2010-07-12 10:23:00,2011-04-19 10:19:00,74,957.28,577,United Kingdom
14673.0,3,2010-10-26 10:14:00,2010-12-07 12:49:00,65,1674.41,1031,United Kingdom
14676.0,7,2010-06-27 15:24:00,2011-05-16 15:28:00,62,6000.89,6412,United Kingdom
14680.0,23,2010-06-01 13:15:00,2011-05-25 12:06:00,124,23185.22,11158,United Kingdom
14681.0,2,2010-11-17 15:42:00,2011-05-12 10:45:00,8,602.1500000000001,108,United Kingdom
14682.0,3,2010-06-22 17:06:00,2011-05-22 12:51:00,60,1014.39,705,United Kingdom
14684.0,3,2010-11-14 14:07:00,2011-05-08 12:58:00,195,721.96,454,United Kingdom
14688.0,17,2010-09-09 12:35:00,2011-05-25 11:58:00,152,4378.66,3514,United Kingdom
14689.0,1,2011-05-15 11:22:00,2011-05-15 11:22:00,13,112.8,76,United Kingdom
14691.0,1,2011-05-11 09:55:00,2011-05-11 09:55:00,17,439.6,162,United Kingdom
14692.0,9,2010-07-08 14:24:00,2011-04-18 15:14:00,71,1343.02,728,United Kingdom
14693.0,7,2010-07-02 08:28:00,2011-03-20 12:50:00,43,1139.86,386,United Kingdom
14696.0,4,2010-10-14 11:43:00,2011-04-11 13:43:00,73,1265.68,802,United Kingdom
14697.0,2,2011-05-05 15:29:00,2011-05-05 15:39:00,22,188.61,181,United Kingdom
14699.0,4,2010-07-02 12:04:00,2011-05-09 14:54:00,45,702.6,484,United Kingdom
14700.0,3,2010-08-11 12:19:00,2011-04-15 13:16:00,76,1602.51,613,United Kingdom
14701.0,10,2010-07-05 12:50:00,2011-04-06 15:02:00,314,3166.04,1178,United Kingdom
14702.0,12,2010-07-08 19:56:00,2011-03-03 19:18:00,160,2458.87,1039,United Kingdom
14705.0,1,2011-05-25 12:39:00,2011-05-25 12:39:00,1,179.0,100,United Kingdom
14708.0,3,2010-09-10 10:26:00,2010-12-06 12:23:00,14,1056.21,882,United Kingdom
14709.0,11,2010-06-06 13:36:00,2011-05-08 11:49:00,65,3798.41,1735,United Kingdom
14711.0,5,2011-03-22 13:32:00,2011-05-22 14:04:00,115,1405.55,592,United Kingdom
14713.0,11,2010-06-03 16:52:00,2011-05-05 17:26:00,146,2613.9,1719,United Kingdom
14715.0,4,2010-07-07 11:43:00,2011-02-14 13:19:00,34,549.0,422,United Kingdom
14719.0,1,2011-04-04 14:17:00,2011-04-04 14:17:00,40,223.46,188,United Kingdom
14723.0,6,2010-06-15 14:42:00,2010-12-16 19:19:00,148,856.49,479,United Kingdom
14727.0,3,2010-06-11 13:23:00,2011-03-10 14:45:00,42,291.13,76,United Kingdom
14730.0,3,2011-03-08 12:49:00,2011-04-21 10:51:00,80,529.3,312,United Kingdom
14731.0,2,2011-05-11 13:06:00,2011-05-18 11:02:00,23,251.01999999999998,182,United Kingdom
14732.0,7,2010-06-24 12:37:00,2011-05-03 09:05:00,73,2129.85,810,United Kingdom
14733.0,11,2010-11-02 15:42:00,2011-05-19 14:56:00,133,12559.6,5267,United Kingdom
14735.0,30,2010-06-29 09:39:00,2011-05-27 12:48:00,97,5518.88,1808,United Kingdom
14737.0,2,2010-11-04 11:29:00,2010-12-21 13:49:00,28,2823.62,876,United Kingdom
14738.0,4,2011-01-27 14:10:00,2011-05-24 17:18:00,22,491.94000000000005,214,United Kingdom
14739.0,12,2010-06-03 08:51:00,2011-05-04 11:58:00,72,4703.01,3781,United Kingdom
14740.0,7,2010-06-01 16:51:00,2011-05-26 18:17:00,134,2826.4700000000003,1538,United Kingdom
14741.0,3,2010-10-18 09:33:00,2010-12-13 11:44:00,26,808.05,575,United Kingdom
14744.0,8,2010-10-06 09:56:00,2011-02-15 11:33:00,27,2338.98,1775,United Kingdom
14745.0,4,2010-07-06 13:55:00,2011-02-27 15:25:00,27,710.0,528,United Kingdom
14747.0,1,2011-04-04 14:09:00,2011-04-04 14:09:00,18,294.3,82,United Kingdom
14748.0,6,2010-07-07 09:55:00,2011-05-11 15:16:00,74,1209.51,985,United Kingdom
14754.0,3,2010-06-30 15:41:00,2011-02-17 12:21:00,44,658.91,481,United Kingdom
14755.0,10,2010-07-01 13:17:00,2011-05-16 12:59:00,142,4624.11,2015,United Kingdom
14758.0,5,2010-07-19 10:07:00,2011-05-18 12:07:00,73,2145.35,616,United Kingdom
14759.0,1,2011-04-21 10:55:00,2011-04-21 10:55:00,35,572.25,119,United Kingdom
14760.0,1,2011-02-15 16:27:00,2011-02-15 16:27:00,5,53.8,28,United Kingdom
14761.0,2,2010-09-21 14:22:00,2011-01-09 12:03:00,20,289.52,146,United Kingdom
14762.0,1,2011-03-21 08:20:00,2011-03-21 08:20:00,21,300.52,341,United Kingdom
14766.0,8,2010-06-06 11:11:00,2011-05-10 11:33:00,203,4994.72,3347,United Kingdom
14769.0,9,2010-06-28 10:19:00,2011-05-22 13:01:00,538,8561.16,5669,United Kingdom
14770.0,4,2010-07-07 12:13:00,2011-04-21 14:21:00,66,1344.9,686,United Kingdom
14776.0,7,2010-09-19 14:12:00,2011-05-05 18:36:00,62,2218.04,2820,United Kingdom
14778.0,1,2011-02-04 11:43:00,2011-02-04 11:43:00,18,334.05,141,United Kingdom
14779.0,3,2011-01-20 12:04:00,2011-03-04 12:42:00,40,386.15,84,United Kingdom
14782.0,1,2011-01-24 11:12:00,2011-01-24 11:12:00,6,200.10000000000002,114,United Kingdom
14784.0,2,2010-11-15 09:49:00,2011-01-20 09:25:00,14,274.62,182,United Kingdom
14790.0,4,2010-06-24 09:06:00,2011-03-31 11:49:00,41,1132.84,1216,United Kingdom
14794.0,7,2010-08-09 15:44:00,2011-05-20 11:53:00,57,1262.68,418,United Kingdom
14796.0,15,2010-09-02 12:53:00,2011-05-06 10:10:00,286,4799.52,3220,United Kingdom
14798.0,4,2010-06-23 15:40:00,2011-02-02 15:26:00,13,291.76,276,United Kingdom
14800.0,11,2010-09-30 14:38:00,2011-05-03 12:03:00,275,5750.74,5214,United Kingdom
14803.0,2,2011-02-20 13:21:00,2011-03-09 12:12:00,15,730.79,264,United Kingdom
14805.0,3,2010-07-11 12:59:00,2011-01-30 10:43:00,60,447.62,266,United Kingdom
14810.0,10,2010-10-06 13:12:00,2011-05-25 11:59:00,100,1544.85,757,United Kingdom
14813.0,3,2010-11-19 11:32:00,2010-12-05 11:57:00,59,453.25,266,United Kingdom
14816.0,1,2011-05-26 13:16:00,2011-05-26 13:16:00,4,271.85,5,United Kingdom
14817.0,5,2010-07-15 12:06:00,2011-05-23 13:35:00,113,2946.98,1847,United Kingdom
14818.0,3,2010-07-05 17:28:00,2011-03-31 12:28:00,45,508.46000000000004,191,United Kingdom
14819.0,2,2010-08-02 17:19:00,2011-05-31 13:50:00,32,239.27,86,United Kingdom
14821.0,4,2010-11-08 13:58:00,2010-12-08 08:43:00,60,936.5,392,United Kingdom
14823.0,2,2011-05-29 12:48:00,2011-05-29 14:03:00,38,210.65,48,United Kingdom
14825.0,14,2010-06-08 09:07:00,2011-05-19 16:56:00,138,2978.96,1908,United Kingdom
14828.0,8,2010-07-04 14:13:00,2011-05-27 10:16:00,40,5055.3,4634,United Kingdom
14829.0,5,2010-09-29 13:14:00,2010-12-14 09:50:00,66,1090.75,757,United Kingdom
14834.0,2,2010-10-28 17:37:00,2011-04-13 15:00:00,28,715.1,217,United Kingdom
14837.0,4,2010-08-08 14:41:00,2011-05-22 12:49:00,80,1554.9,1258,United Kingdom
14840.0,2,2010-06-18 15:42:00,2011-03-17 12:00:00,20,340.21,173,United Kingdom
14841.0,7,2010-06-15 08:15:00,2011-03-10 13:28:00,117,4021.5,1944,United Kingdom
14842.0,1,2011-02-04 15:32:00,2011-02-04 15:32:00,2,15.0,4,United Kingdom
14844.0,6,2010-07-14 16:04:00,2011-04-12 13:10:00,90,3212.51,2355,United Kingdom
14849.0,22,2010-06-13 12:12:00,2011-05-10 12:51:00,150,6905.65,5408,United Kingdom
14850.0,5,2010-10-17 11:29:00,2011-02-01 11:21:00,85,1126.44,1028,United Kingdom
14851.0,1,2011-03-28 14:59:00,2011-03-28 14:59:00,14,206.13,139,United Kingdom
14852.0,10,2010-06-17 09:26:00,2011-04-01 13:22:00,79,2927.25,2351,United Kingdom
14853.0,3,2010-06-14 15:52:00,2011-05-12 15:17:00,9,682.35,141,United Kingdom
14854.0,5,2010-07-26 15:41:00,2011-04-26 12:29:00,73,1800.5,1072,United Kingdom
14859.0,2,2010-06-03 10:26:00,2011-05-19 14:42:00,17,647.06,424,United Kingdom
14866.0,7,2010-09-21 15:14:00,2010-12-08 14:58:00,12,6450.32,2480,United Kingdom
14867.0,4,2010-06-27 13:00:00,2011-05-05 08:18:00,37,1050.13,389,United Kingdom
14868.0,5,2010-10-15 14:52:00,2011-04-20 13:36:00,80,1669.75,1056,United Kingdom
14870.0,4,2010-07-13 11:49:00,2011-03-23 10:51:00,27,1076.0,296,United Kingdom
14871.0,4,2010-06-07 15:32:00,2011-03-29 13:22:00,62,493.32,188,United Kingdom
14873.0,1,2011-05-13 13:52:00,2011-05-13 13:52:00,28,519.68,168,United Kingdom
14875.0,2,2010-09-24 10:28:00,2011-03-22 11:53:00,47,1750.93,871,United Kingdom
14878.0,13,2010-06-06 11:20:00,2011-05-22 11:49:00,116,2372.59,1370,United Kingdom
14880.0,1,2011-02-24 12:27:00,2011-02-24 12:27:00,8,129.2,66,United Kingdom
14883.0,1,2011-05-12 09:49:00,2011-05-12 09:49:00,19,310.56,234,United Kingdom
14886.0,1,2011-04-01 08:56:00,2011-04-01 08:56:00,18,364.8,160,United Kingdom
14888.0,1,2011-05-16 14:58:00,2011-05-16 14:58:00,20,369.2,184,United Kingdom
14889.0,1,2011-01-07 15:19:00,2011-01-07 15:19:00,10,135.9,90,United Kingdom
14890.0,1,2011-03-31 11:57:00,2011-03-31 11:57:00,7,125.65,51,United Kingdom
14895.0,13,2010-06-07 12:03:00,2011-05-19 09:23:00,276,11286.87,4836,United Kingdom
14896.0,4,2010-07-04 10:55:00,2011-05-19 10:20:00,78,891.26,476,United Kingdom
14897.0,3,2010-09-28 13:12:00,2011-02-16 08:37:00,41,1288.2,470,United Kingdom
14898.0,8,2010-07-06 09:12:00,2011-04-13 13:42:00,75,1560.39,983,United Kingdom
14901.0,6,2010-07-29 11:11:00,2010-12-14 11:29:00,61,988.46,423,United Kingdom
14903.0,3,2011-03-06 11:50:00,2011-05-23 13:17:00,156,1755.13,882,United Kingdom
14905.0,4,2010-07-20 11:53:00,2011-04-20 10:48:00,31,989.59,505,United Kingdom
14907.0,11,2010-10-12 12:19:00,2010-12-14 11:04:00,74,2675.09,1122,United Kingdom
14911.0,179,2010-06-03 12:30:00,2011-05-26 12:12:00,1601,117834.42,58424,EIRE
14912.0,3,2010-11-03 08:55:00,2011-04-07 11:06:00,26,987.39,863,Italy
14913.0,6,2010-08-11 08:40:00,2011-03-11 09:07:00,149,3461.53,3119,United Kingdom
14915.0,7,2010-06-28 14:31:00,2011-03-07 09:39:00,45,1098.79,465,United Kingdom
14916.0,2,2010-10-04 14:33:00,2011-01-19 15:30:00,29,850.21,579,United Kingdom
14920.0,2,2011-05-11 10:31:00,2011-05-11 10:32:00,57,977.77,509,United Kingdom
14921.0,1,2011-05-22 12:51:00,2011-05-22 12:51:00,53,903.01,631,United Kingdom
14924.0,1,2011-04-08 09:25:00,2011-04-08 09:25:00,10,310.05,64,United Kingdom
14930.0,2,2010-08-26 11:43:00,2011-03-10 14:42:00,98,1871.47,1059,Channel Islands
14931.0,1,2011-04-13 09:32:00,2011-04-13 09:32:00,9,293.0,97,Channel Islands
14932.0,2,2010-11-19 09:16:00,2010-12-09 11:48:00,29,666.13,257,Channel Islands
14934.0,4,2010-09-24 12:08:00,2011-03-02 11:48:00,89,1461.07,865,Channel Islands
14935.0,1,2011-02-15 14:44:00,2011-02-15 14:44:00,10,1784.71,935,Channel Islands
14936.0,3,2010-09-21 13:21:00,2011-03-09 11:53:00,156,4655.67,2549,Channel Islands
14944.0,8,2010-08-18 09:45:00,2011-05-06 11:51:00,86,3590.85,1915,United Kingdom
14948.0,1,2011-05-04 14:52:00,2011-05-04 14:52:00,13,278.40000000000003,72,United Kingdom
14952.0,16,2010-07-01 13:12:00,2011-05-17 08:38:00,128,8171.87,3605,United Kingdom
14957.0,1,2011-03-31 17:59:00,2011-03-31 17:59:00,12,58.49,34,United Kingdom
14958.0,1,2011-04-08 11:28:00,2011-04-08 11:28:00,17,194.7,69,United Kingdom
14959.0,2,2011-02-16 13:00:00,2011-05-08 11:38:00,31,422.38,342,United Kingdom
14961.0,14,2010-06-02 11:32:00,2011-04-21 16:59:00,191,8112.46,4076,United Kingdom
14962.0,2,2010-06-18 15:57:00,2011-03-14 09:42:00,8,179.8,62,United Kingdom
14964.0,1,2011-04-06 14:13:00,2011-04-06 14:13:00,13,206.21,143,United Kingdom
14970.0,6,2010-06-03 10:51:00,2011-04-01 13:33:00,29,1372.6100000000001,270,United Kingdom
14973.0,1,2011-04-28 12:22:00,2011-04-28 12:22:00,5,654.6,51,United Kingdom
14976.0,3,2011-01-17 11:09:00,2011-05-27 16:30:00,35,425.26,111,United Kingdom
14978.0,8,2010-06-16 11:30:00,2011-04-18 10:55:00,151,2432.21,580,United Kingdom
14981.0,2,2010-10-12 11:04:00,2011-04-07 13:45:00,20,313.52,229,United Kingdom
14985.0,2,2010-12-16 19:51:00,2011-05-25 14:29:00,78,292.01,256,United Kingdom
14987.0,3,2010-11-14 11:12:00,2010-12-09 12:13:00,3,820.75,325,United Kingdom
14988.0,5,2010-09-28 13:40:00,2011-05-12 12:05:00,133,1547.23,838,United Kingdom
14995.0,1,2011-03-04 13:14:00,2011-03-04 13:14:00,37,119.31,51,United Kingdom
14998.0,2,2010-10-07 18:48:00,2011-04-12 16:28:00,75,408.46,185,United Kingdom
15002.0,5,2010-06-23 11:46:00,2011-02-16 10:25:00,111,2096.19,1024,United Kingdom
15005.0,26,2010-06-06 15:03:00,2011-05-26 13:21:00,355,6498.51,3953,United Kingdom
15018.0,2,2010-12-07 10:47:00,2011-04-01 09:56:00,17,251.39,93,United Kingdom
15019.0,1,2011-03-18 12:35:00,2011-03-18 12:35:00,64,252.81,150,United Kingdom
15021.0,6,2010-07-29 16:35:00,2011-05-05 12:22:00,231,1238.58,548,United Kingdom
15023.0,9,2010-06-17 17:41:00,2011-05-05 13:56:00,303,5662.88,2630,United Kingdom
15024.0,9,2010-10-11 16:14:00,2011-02-16 12:02:00,124,2603.55,1355,United Kingdom
15026.0,4,2010-09-17 13:52:00,2011-04-13 14:25:00,83,810.67,451,United Kingdom
15027.0,4,2010-11-04 15:24:00,2011-05-04 15:25:00,24,1405.85,1461,United Kingdom
15028.0,3,2010-11-10 14:32:00,2010-12-06 12:47:00,45,521.78,333,United Kingdom
15030.0,5,2010-06-06 12:39:00,2011-03-16 15:34:00,14,998.7900000000001,773,United Kingdom
15031.0,5,2010-06-18 12:45:00,2011-03-02 14:46:00,111,590.23,292,United Kingdom
15032.0,6,2010-08-10 12:42:00,2011-03-28 15:03:00,31,8391.1,5048,United Kingdom
15033.0,3,2011-01-14 13:28:00,2011-05-15 13:14:00,150,1152.32,657,United Kingdom
15034.0,10,2010-07-02 12:55:00,2011-04-21 11:03:00,284,5889.3,3211,United Kingdom
15038.0,6,2010-10-10 14:35:00,2011-05-08 11:49:00,155,842.4,260,United Kingdom
15039.0,56,2010-06-01 10:50:00,2011-05-25 11:26:00,432,29097.36,13266,United Kingdom
15042.0,1,2011-05-24 16:25:00,2011-05-24 16:25:00,5,135.93,30,United Kingdom
15044.0,19,2010-06-15 13:03:00,2011-05-16 14:30:00,196,8368.51,2601,United Kingdom
15045.0,1,2011-03-27 11:44:00,2011-03-27 11:44:00,4,286.9,30,United Kingdom
15046.0,12,2010-06-06 10:39:00,2011-05-29 10:57:00,117,3173.79,1713,United Kingdom
15047.0,1,2011-03-15 10:49:00,2011-03-15 10:49:00,22,343.62,222,United Kingdom
15048.0,2,2010-12-06 12:15:00,2011-05-03 11:40:00,58,254.25,120,United Kingdom
15049.0,1,2011-03-11 12:13:00,2011-03-11 12:13:00,3,121.17000000000002,63,United Kingdom
15052.0,1,2011-01-24 15:52:00,2011-01-24 15:52:00,27,207.73,79,United Kingdom
15053.0,1,2011-03-03 12:06:00,2011-03-03 12:06:00,19,222.65,257,United Kingdom
15057.0,3,2010-09-22 14:22:00,2011-03-09 15:17:00,41,2390.92,1036,United Kingdom
15058.0,8,2010-08-29 11:38:00,2011-04-10 13:26:00,151,1503.65,742,United Kingdom
15059.0,9,2010-06-07 12:01:00,2011-05-08 12:36:00,184,1720.78,722,United Kingdom
15061.0,77,2010-06-16 11:02:00,2011-05-12 10:23:00,89,71095.47,42698,United Kingdom
15062.0,6,2010-07-01 14:49:00,2011-05-06 10:19:00,69,1826.07,1299,United Kingdom
15063.0,1,2011-05-10 13:25:00,2011-05-10 13:25:00,5,370.79999999999995,56,United Kingdom
15065.0,3,2010-10-25 09:13:00,2011-04-26 11:34:00,79,1552.98,756,United Kingdom
15067.0,2,2010-10-22 14:30:00,2011-03-02 12:10:00,89,2201.53,1016,United Kingdom
15068.0,2,2010-10-17 16:08:00,2011-03-28 14:27:00,92,526.63,393,United Kingdom
15071.0,2,2010-11-18 13:30:00,2011-03-09 10:19:00,22,895.9200000000001,250,United Kingdom
15078.0,26,2010-06-07 10:03:00,2011-05-20 10:32:00,89,7855.6,3838,United Kingdom
15079.0,8,2010-06-11 11:44:00,2011-05-11 12:45:00,59,1816.19,787,United Kingdom
15081.0,9,2010-06-22 10:25:00,2011-05-15 13:31:00,65,1580.3700000000001,670,United Kingdom
15083.0,1,2011-03-28 12:18:00,2011-03-28 12:18:00,5,88.2,38,United Kingdom
15087.0,1,2011-03-03 10:34:00,2011-03-03 10:34:00,15,306.94,470,United Kingdom
15090.0,1,2011-02-04 14:03:00,2011-02-04 14:03:00,23,381.32,208,United Kingdom
15092.0,3,2010-09-03 12:33:00,2011-05-08 14:10:00,39,773.16,228,United Kingdom
15093.0,16,2010-06-14 16:25:00,2011-05-17 11:28:00,66,8583.05,6590,United Kingdom
15095.0,5,2010-07-18 12:49:00,2011-05-20 14:27:00,64,1836.65,1428,United Kingdom
15100.0,6,2010-11-11 13:23:00,2011-01-10 10:35:00,4,1626.3,174,United Kingdom
15101.0,4,2010-06-04 14:12:00,2010-12-15 12:54:00,40,965.2900000000001,385,United Kingdom
15104.0,2,2011-03-02 14:16:00,2011-05-27 12:29:00,66,993.54,635,United Kingdom
15106.0,2,2011-03-15 12:52:00,2011-05-12 08:41:00,51,778.45,560,United Kingdom
15107.0,9,2010-09-14 10:47:00,2011-02-01 14:46:00,32,752.6,321,United Kingdom
15108.0,1,2011-04-26 10:54:00,2011-04-26 10:54:00,10,155.4,32,European Community
15109.0,1,2011-04-08 09:58:00,2011-04-08 09:58:00,28,463.75,127,United Kingdom
15110.0,3,2010-08-11 15:49:00,2011-01-25 11:41:00,17,670.9,159,United Kingdom
15114.0,5,2010-10-14 16:44:00,2011-05-06 14:22:00,67,1357.47,1089,United Kingdom
15116.0,1,2011-05-19 08:50:00,2011-05-19 08:50:00,15,479.65,147,United Kingdom
15117.0,2,2010-09-17 14:45:00,2011-05-08 12:38:00,31,886.9,1410,United Kingdom
15119.0,1,2011-04-08 09:08:00,2011-04-08 09:08:00,14,266.4,88,United Kingdom
15121.0,1,2011-02-24 12:41:00,2011-02-24 12:41:00,18,295.15,125,United Kingdom
15122.0,8,2010-06-21 14:49:00,2011-05-19 19:32:00,100,2609.4300000000003,1239,United Kingdom
15123.0,3,2010-09-27 13:58:00,2011-05-17 14:57:00,91,3069.67,1496,United Kingdom
15125.0,9,2010-06-24 15:19:00,2011-05-16 12:20:00,95,8639.59,4561,United Kingdom
15128.0,2,2010-10-05 16:46:00,2011-05-04 12:32:00,47,765.4300000000001,592,United Kingdom
15129.0,13,2010-06-22 14:00:00,2011-05-13 08:09:00,60,3630.91,2478,United Kingdom
15132.0,2,2011-03-22 12:02:00,2011-05-24 08:53:00,24,489.87,377,United Kingdom
15133.0,4,2010-07-07 12:31:00,2011-03-27 10:56:00,34,1482.38,592,United Kingdom
15134.0,4,2010-10-13 12:44:00,2011-05-10 13:18:00,20,447.75,333,United Kingdom
15135.0,2,2010-06-01 13:33:00,2011-04-14 19:16:00,17,293.78,82,United Kingdom
15139.0,2,2011-01-07 12:44:00,2011-04-14 11:39:00,13,178.96,208,United Kingdom
15140.0,4,2010-09-23 13:07:00,2011-05-25 11:01:00,67,2016.89,1339,United Kingdom
15143.0,2,2010-10-03 13:58:00,2011-04-28 12:03:00,27,563.63,320,United Kingdom
15144.0,14,2010-06-27 11:47:00,2011-05-06 13:07:00,112,5238.34,2474,United Kingdom
15145.0,2,2011-04-05 15:20:00,2011-04-26 16:40:00,35,724.03,438,United Kingdom
15146.0,1,2011-02-21 13:07:00,2011-02-21 13:07:00,63,820.72,900,United Kingdom
15147.0,1,2011-04-13 15:57:00,2011-04-13 15:57:00,28,608.65,363,United Kingdom
15150.0,4,2010-06-14 12:01:00,2011-03-15 14:21:00,261,4187.86,2856,United Kingdom
15157.0,1,2010-12-16 13:44:00,2010-12-16 13:44:00,54,1055.22,1006,United Kingdom
15159.0,15,2010-10-04 09:31:00,2011-05-13 16:26:00,188,8484.24,4370,United Kingdom
15160.0,4,2010-10-14 15:26:00,2010-12-17 14:15:00,17,589.27,307,United Kingdom
15163.0,1,2011-05-31 15:22:00,2011-05-31 15:22:00,10,155.0,48,United Kingdom
15164.0,6,2010-06-07 14:55:00,2011-05-15 13:14:00,146,1131.8,493,United Kingdom
15167.0,4,2010-09-20 17:32:00,2011-01-23 12:41:00,159,968.1899999999999,502,United Kingdom
15171.0,1,2011-01-12 15:36:00,2011-01-12 15:36:00,5,1034.5,190,United Kingdom
15172.0,2,2011-04-17 11:56:00,2011-05-27 09:48:00,38,526.2,480,United Kingdom
15174.0,2,2010-10-25 09:40:00,2011-01-21 09:06:00,34,481.46,382,United Kingdom
15178.0,1,2011-03-24 15:12:00,2011-03-24 15:12:00,3,40.5,30,United Kingdom
15179.0,7,2010-06-09 08:02:00,2011-04-20 09:03:00,133,4225.27,3242,United Kingdom
15180.0,2,2010-10-18 10:07:00,2010-12-07 14:57:00,21,364.09,285,United Kingdom
15181.0,2,2010-10-15 11:47:00,2011-03-15 12:03:00,5,643.05,143,United Kingdom
15182.0,8,2010-07-28 10:52:00,2011-03-16 12:42:00,59,1747.711,641,United Kingdom
15187.0,1,2011-05-11 13:49:00,2011-05-11 13:49:00,9,431.6,172,United Kingdom
15189.0,20,2010-07-18 13:37:00,2011-05-26 12:52:00,54,5843.62,2348,United Kingdom
15192.0,1,2010-12-09 14:56:00,2010-12-09 14:56:00,15,315.0,196,United Kingdom
15194.0,16,2010-08-24 09:31:00,2011-05-25 08:32:00,152,5765.99,4130,United Kingdom
15197.0,4,2010-09-27 14:38:00,2011-04-01 11:50:00,32,1017.29,715,United Kingdom
15199.0,7,2010-06-23 09:32:00,2011-04-18 12:45:00,12,2209.9500000000003,621,United Kingdom
15201.0,3,2010-09-26 10:50:00,2011-05-19 16:09:00,30,895.49,847,United Kingdom
15203.0,6,2010-06-16 12:38:00,2011-05-25 15:31:00,92,2028.03,1848,United Kingdom
15204.0,1,2010-12-17 13:49:00,2010-12-17 13:49:00,9,316.58,258,United Kingdom
15206.0,1,2011-03-09 08:59:00,2011-03-09 08:59:00,1,17.700000000000003,6,United Kingdom
15208.0,2,2010-10-12 12:17:00,2010-12-21 13:03:00,8,165.8,60,United Kingdom
15210.0,2,2010-11-26 09:09:00,2011-04-28 16:11:00,50,874.27,589,United Kingdom
15211.0,1,2010-12-09 16:08:00,2010-12-09 16:08:00,23,383.07,117,United Kingdom
15212.0,2,2010-11-28 10:45:00,2011-04-12 13:45:00,7,195.43,81,United Kingdom
15213.0,2,2011-01-14 11:05:00,2011-01-25 12:21:00,22,325.05,270,United Kingdom
15214.0,1,2011-04-11 09:46:00,2011-04-11 09:46:00,35,514.9300000000001,402,United Kingdom
15218.0,8,2010-07-02 10:23:00,2011-05-06 10:36:00,88,4412.01,2515,United Kingdom
15220.0,3,2011-03-04 10:24:00,2011-05-20 11:33:00,53,838.15,767,United Kingdom
15221.0,2,2010-10-29 10:28:00,2010-12-08 13:08:00,13,985.9,113,United Kingdom
15222.0,3,2010-07-27 15:06:00,2011-01-25 08:03:00,30,1115.5,1020,United Kingdom
15223.0,2,2011-04-04 12:17:00,2011-04-28 11:31:00,14,454.90000000000003,98,United Kingdom
15224.0,3,2010-07-15 09:08:00,2010-12-16 15:02:00,18,470.56,250,United Kingdom
15225.0,1,2011-04-19 14:51:00,2011-04-19 14:51:00,23,409.40000000000003,226,United Kingdom
15226.0,1,2011-02-02 11:41:00,2011-02-02 11:41:00,8,154.41,71,United Kingdom
15227.0,5,2010-09-02 15:04:00,2011-05-08 10:11:00,53,1487.05,818,United Kingdom
15228.0,3,2010-07-28 10:21:00,2011-02-18 09:04:00,119,3098.41,1871,United Kingdom
15230.0,2,2011-04-13 11:04:00,2011-04-14 14:39:00,23,429.6,351,United Kingdom
15234.0,1,2011-03-08 08:53:00,2011-03-08 08:53:00,14,197.0,196,United Kingdom
15235.0,16,2010-11-16 12:48:00,2011-05-06 09:44:00,161,2772.76,1676,United Kingdom
15236.0,1,2011-02-14 10:52:00,2011-02-14 10:52:00,15,321.05,269,United Kingdom
15237.0,2,2011-04-26 15:04:00,2011-05-20 14:47:00,74,1093.65,798,United Kingdom
15240.0,7,2010-06-25 09:30:00,2011-04-12 10:30:00,73,2399.93,1680,United Kingdom
15241.0,4,2010-10-05 08:50:00,2011-05-31 15:30:00,65,1393.01,1499,United Kingdom
15244.0,1,2011-04-05 15:12:00,2011-04-05 15:12:00,15,297.94,240,United Kingdom
15245.0,5,2010-07-06 13:49:00,2011-03-23 13:42:00,63,2834.22,1734,United Kingdom
15246.0,3,2010-06-02 11:28:00,2011-04-15 14:45:00,45,780.4,359,United Kingdom
15249.0,8,2010-06-07 12:08:00,2011-05-27 10:20:00,160,4200.01,2221,United Kingdom
15251.0,6,2010-06-24 10:09:00,2011-05-13 10:14:00,70,6178.3,3584,United Kingdom
15257.0,2,2010-10-21 14:03:00,2011-03-01 12:58:00,11,600.9,70,United Kingdom
15258.0,1,2011-05-06 14:16:00,2011-05-06 14:16:00,16,315.65999999999997,78,United Kingdom
15260.0,14,2010-06-07 14:46:00,2011-05-20 13:40:00,137,5820.4800000000005,3122,United Kingdom
15262.0,3,2010-08-08 15:55:00,2011-01-20 12:16:00,22,418.82,218,United Kingdom
15265.0,1,2011-04-18 12:16:00,2011-04-18 12:16:00,42,712.24,240,United Kingdom
15266.0,3,2010-10-10 13:03:00,2011-01-05 13:40:00,30,560.01,168,United Kingdom
15270.0,10,2010-09-27 15:43:00,2011-04-15 09:43:00,53,3511.4700000000003,1745,United Kingdom
15271.0,14,2010-08-05 14:57:00,2011-05-19 17:18:00,274,2721.81,1486,United Kingdom
15279.0,3,2010-07-19 11:52:00,2010-12-20 10:48:00,47,901.91,459,United Kingdom
15281.0,13,2010-10-08 12:14:00,2011-05-26 10:03:00,414,7940.78,4981,United Kingdom
15288.0,6,2010-09-19 12:45:00,2011-05-23 10:38:00,74,2266.4,769,United Kingdom
15289.0,2,2010-09-07 12:38:00,2011-04-04 12:44:00,25,571.44,604,United Kingdom
15290.0,14,2010-06-09 10:02:00,2011-05-20 14:35:00,56,3907.62,2610,United Kingdom
15291.0,17,2010-07-05 10:38:00,2011-04-06 10:07:00,80,5726.87,2035,United Kingdom
15292.0,1,2011-05-22 15:00:00,2011-05-22 15:00:00,24,178.39,55,United Kingdom
15296.0,6,2010-08-12 15:06:00,2011-05-11 13:18:00,202,5076.6900000000005,2741,United Kingdom
15298.0,10,2010-06-09 13:04:00,2011-03-22 12:31:00,111,3544.71,2541,United Kingdom
15299.0,6,2010-10-01 14:55:00,2011-03-21 12:06:00,5,3347.0,2788,United Kingdom
15301.0,9,2010-09-15 15:41:00,2011-05-18 10:41:00,158,3963.7200000000003,2234,United Kingdom
15303.0,1,2011-02-22 13:59:00,2011-02-22 13:59:00,31,574.02,248,United Kingdom
15304.0,6,2010-10-14 10:24:00,2011-05-05 09:29:00,5,478.65,55,United Kingdom
15308.0,1,2011-03-10 13:08:00,2011-03-10 13:08:00,19,302.27,173,United Kingdom
15311.0,91,2010-06-02 14:08:00,2011-05-27 13:49:00,476,47649.8,29912,United Kingdom
15312.0,5,2010-09-27 12:02:00,2011-05-08 15:22:00,59,1194.6,777,United Kingdom
15314.0,3,2010-10-07 15:41:00,2011-05-24 14:39:00,49,800.65,738,United Kingdom
15316.0,1,2011-01-17 11:34:00,2011-01-17 11:34:00,1,165.0,100,United Kingdom
15319.0,1,2011-03-01 12:48:00,2011-03-01 12:48:00,16,204.5,175,United Kingdom
15321.0,2,2010-09-28 18:11:00,2011-02-21 11:10:00,76,2105.38,1023,United Kingdom
15326.0,1,2011-01-10 11:38:00,2011-01-10 11:38:00,29,311.71,386,United Kingdom
15332.0,6,2010-07-14 13:01:00,2010-12-08 14:43:00,113,4892.68,2306,Lithuania
15333.0,1,2011-05-15 13:27:00,2011-05-15 13:27:00,16,1028.56,344,United Kingdom
15339.0,4,2010-09-08 13:46:00,2011-01-25 13:15:00,98,1037.72,685,United Kingdom
15346.0,3,2010-10-04 15:11:00,2011-01-11 11:18:00,36,591.65,257,United Kingdom
15347.0,4,2010-09-28 12:50:00,2010-12-08 15:25:00,29,1132.3,536,United Kingdom
15351.0,4,2010-10-03 12:18:00,2010-12-05 11:49:00,103,1745.09,725,United Kingdom
15353.0,6,2010-06-08 14:00:00,2011-03-30 12:15:00,240,2522.73,1303,United Kingdom
15356.0,8,2010-10-13 13:12:00,2011-05-05 13:14:00,232,1683.2,887,United Kingdom
15358.0,24,2010-06-15 11:42:00,2011-05-16 09:42:00,281,9402.5,8540,United Kingdom
15361.0,4,2010-06-14 13:27:00,2010-12-13 09:52:00,10,689.07,373,United Kingdom
15364.0,1,2011-03-30 13:39:00,2011-03-30 13:39:00,3,331.8,84,United Kingdom
15365.0,6,2010-08-12 14:57:00,2011-01-28 13:08:00,84,2126.3,974,United Kingdom
15366.0,4,2010-06-07 10:49:00,2010-12-16 15:59:00,45,1003.46,1172,United Kingdom
15367.0,4,2010-09-07 14:46:00,2011-04-08 11:50:00,104,2561.15,1520,United Kingdom
15370.0,4,2010-10-25 12:08:00,2011-05-20 09:38:00,77,2480.9,1029,United Kingdom
15373.0,9,2010-06-06 14:41:00,2011-05-13 12:53:00,79,1440.2,325,United Kingdom
15376.0,1,2011-05-01 13:45:00,2011-05-01 13:45:00,57,642.37,371,United Kingdom
15379.0,6,2010-11-04 11:59:00,2011-05-15 12:55:00,169,4366.26,2659,United Kingdom
15380.0,3,2010-06-08 12:12:00,2010-12-09 15:01:00,2,842.1,278,United Kingdom
15381.0,4,2010-06-16 16:42:00,2011-05-10 11:55:00,20,1538.12,791,United Kingdom
15382.0,5,2010-09-27 14:20:00,2011-05-13 12:50:00,192,5567.68,3867,United Kingdom
15384.0,2,2010-11-23 12:04:00,2010-12-15 11:34:00,66,1405.8,1085,United Kingdom
15388.0,1,2011-03-14 13:53:00,2011-03-14 13:53:00,10,140.54,88,Canada
15392.0,4,2010-10-04 12:50:00,2010-12-14 15:50:00,54,1695.27,1257,United Kingdom
15393.0,1,2011-03-03 16:58:00,2011-03-03 16:58:00,8,124.10000000000001,94,United Kingdom
15394.0,6,2010-07-20 10:41:00,2011-05-19 14:27:00,96,3476.64,1426,United Kingdom
15395.0,1,2011-01-18 12:40:00,2011-01-18 12:40:00,7,107.45,17,United Kingdom
15397.0,1,2011-02-23 09:25:00,2011-02-23 09:25:00,6,94.0,20,United Kingdom
15400.0,3,2010-08-05 14:11:00,2011-03-06 11:27:00,9,738.2,374,United Kingdom
15402.0,4,2010-06-18 10:47:00,2011-05-27 13:32:00,54,1046.8,1242,United Kingdom
15406.0,3,2010-09-12 13:06:00,2011-02-11 16:20:00,101,717.45,423,United Kingdom
15407.0,2,2011-02-07 13:18:00,2011-05-01 14:58:00,49,329.86,209,United Kingdom
15408.0,1,2011-03-20 15:02:00,2011-03-20 15:02:00,34,267.18,106,United Kingdom
15410.0,4,2011-03-23 10:15:00,2011-05-20 13:43:00,39,1800.89,565,United Kingdom
15414.0,1,2011-04-11 13:45:00,2011-04-11 13:45:00,5,36.2,12,United Kingdom
15415.0,1,2011-01-30 14:13:00,2011-01-30 14:13:00,46,559.61,551,United Kingdom
15416.0,4,2010-08-18 09:47:00,2011-04-14 10:54:00,105,2473.9,1415,United Kingdom
15421.0,5,2010-08-18 10:42:00,2011-05-08 14:02:00,106,1860.39,934,United Kingdom
15422.0,5,2010-09-12 11:38:00,2011-01-20 16:17:00,52,861.27,331,United Kingdom
15424.0,3,2010-09-02 17:17:00,2011-03-30 13:02:00,33,597.78,873,United Kingdom
15426.0,5,2010-07-25 12:53:00,2011-03-27 16:05:00,135,978.1899999999999,397,United Kingdom
15433.0,2,2011-03-17 14:12:00,2011-05-10 10:45:00,40,533.3,534,United Kingdom
15434.0,6,2010-09-30 12:01:00,2011-05-23 14:18:00,55,1497.24,892,United Kingdom
15436.0,1,2011-04-19 16:52:00,2011-04-19 16:52:00,124,484.1,246,United Kingdom
15437.0,1,2011-03-22 13:11:00,2011-03-22 13:11:00,44,200.16,79,United Kingdom
15440.0,1,2011-05-15 11:30:00,2011-05-15 11:30:00,20,125.8,78,United Kingdom
15442.0,1,2011-04-05 12:24:00,2011-04-05 12:24:00,2,594.0,120,United Kingdom
15443.0,3,2010-07-04 11:16:00,2011-01-23 13:25:00,137,1123.8,501,United Kingdom
15445.0,1,2011-03-20 15:06:00,2011-03-20 15:06:00,5,113.5,58,United Kingdom
15447.0,2,2010-06-30 13:06:00,2011-01-13 11:26:00,15,247.87,127,United Kingdom
15448.0,1,2011-01-31 10:42:00,2011-01-31 10:42:00,28,494.64,232,United Kingdom
15449.0,1,2011-03-23 10:43:00,2011-03-23 10:43:00,23,344.27,247,United Kingdom
15452.0,4,2010-07-16 14:23:00,2011-03-20 15:21:00,148,1493.63,941,United Kingdom
15454.0,1,2010-12-12 14:21:00,2010-12-12 14:21:00,23,179.1,86,United Kingdom
15456.0,5,2010-08-04 13:42:00,2011-03-01 13:51:00,80,997.29,1436,United Kingdom
15457.0,1,2011-03-22 15:31:00,2011-03-22 15:31:00,56,237.07,132,United Kingdom
15460.0,1,2010-12-20 16:08:00,2010-12-20 16:08:00,53,214.26,107,United Kingdom
15464.0,1,2011-01-05 15:56:00,2011-01-05 15:56:00,155,1044.65,348,United Kingdom
15465.0,17,2010-08-29 11:15:00,2011-04-20 11:57:00,69,7679.139999999999,1517,United Kingdom
15482.0,4,2010-11-18 11:02:00,2011-04-03 10:49:00,28,1957.41,737,United Kingdom
15483.0,6,2010-06-18 11:01:00,2011-03-18 12:26:00,148,536.26,569,United Kingdom
15485.0,3,2010-10-22 17:01:00,2011-01-07 17:18:00,39,2291.63,914,United Kingdom
15489.0,4,2010-06-28 14:02:00,2011-05-12 12:54:00,48,1187.39,539,United Kingdom
15491.0,3,2011-04-18 10:04:00,2011-05-05 16:34:00,80,1644.92,894,United Kingdom
15493.0,4,2010-07-26 11:05:00,2011-04-04 11:28:00,193,2325.26,676,United Kingdom
15497.0,3,2010-08-26 13:22:00,2011-01-24 10:01:00,43,4535.85,1649,United Kingdom
15498.0,22,2010-07-02 12:03:00,2011-05-13 10:11:00,338,10990.26,5646,United Kingdom
15502.0,6,2010-06-03 11:12:00,2011-03-09 11:59:00,154,4747.78,3094,United Kingdom
15503.0,1,2010-12-12 10:57:00,2010-12-12 10:57:00,66,141.04,70,United Kingdom
15508.0,3,2011-04-18 15:31:00,2011-05-04 15:41:00,47,629.11,297,United Kingdom
15510.0,1,2011-01-13 12:10:00,2011-01-13 12:10:00,1,250.0,2,United Kingdom
15512.0,2,2010-11-14 12:39:00,2010-12-15 12:01:00,28,272.78,163,United Kingdom
15513.0,19,2010-06-13 10:15:00,2011-05-24 15:29:00,172,12325.81,4643,United Kingdom
15514.0,8,2010-09-17 13:08:00,2011-04-28 12:06:00,76,2062.5299999999997,1254,United Kingdom
15517.0,1,2011-04-20 14:02:00,2011-04-20 14:02:00,27,267.03000000000003,293,United Kingdom
15518.0,6,2010-07-08 13:35:00,2011-05-08 14:09:00,117,1629.89,1205,United Kingdom
15521.0,9,2010-06-11 13:20:00,2011-05-11 12:59:00,166,4499.51,2776,United Kingdom
15527.0,12,2010-06-09 12:02:00,2011-05-04 11:39:00,106,2631.84,963,United Kingdom
15528.0,1,2011-03-30 16:14:00,2011-03-30 16:14:00,26,229.33,123,United Kingdom
15529.0,8,2010-11-10 14:26:00,2011-05-13 11:45:00,295,2749.07,2423,United Kingdom
15530.0,2,2010-07-15 11:10:00,2011-04-07 11:16:00,71,859.46,702,United Kingdom
15532.0,7,2010-06-08 14:52:00,2010-12-16 16:45:00,296,2516.17,906,United Kingdom
15535.0,5,2010-09-16 20:04:00,2011-04-17 14:36:00,75,830.11,261,United Kingdom
15543.0,2,2010-09-06 11:28:00,2011-02-24 15:26:00,50,242.26,167,United Kingdom
15544.0,9,2010-06-04 15:59:00,2011-05-12 16:45:00,101,3590.4900000000002,2977,United Kingdom
15545.0,1,2010-12-03 17:28:00,2010-12-03 17:28:00,31,135.33,75,United Kingdom
15547.0,16,2010-06-04 11:02:00,2011-05-29 15:44:00,375,5564.25,3676,United Kingdom
15549.0,3,2010-06-14 14:50:00,2011-01-27 15:38:00,73,1164.85,490,United Kingdom
15550.0,5,2010-07-26 11:39:00,2011-02-11 12:49:00,91,862.91,497,United Kingdom
15552.0,1,2011-05-06 14:47:00,2011-05-06 14:47:00,17,90.12,60,United Kingdom
15554.0,1,2011-03-07 09:00:00,2011-03-07 09:00:00,14,217.2,74,United Kingdom
15555.0,16,2010-06-20 16:06:00,2011-05-22 13:51:00,360,4868.4,3602,United Kingdom
15561.0,3,2010-06-13 12:51:00,2011-05-08 11:38:00,25,820.3499999999999,677,United Kingdom
15562.0,2,2010-10-11 10:33:00,2010-12-23 09:55:00,6,312.87,67,United Kingdom
15563.0,3,2010-07-13 11:57:00,2011-05-23 11:44:00,93,1238.32,1401,United Kingdom
15569.0,4,2010-06-27 10:54:00,2011-01-11 13:26:00,68,1717.46,748,United Kingdom
15570.0,16,2010-06-09 13:57:00,2011-05-17 14:46:00,294,4962.59,2052,United Kingdom
15572.0,5,2010-10-20 13:40:00,2011-04-05 10:46:00,149,2004.39,1077,United Kingdom
15574.0,5,2010-09-01 14:37:00,2010-12-16 12:48:00,186,947.34,604,United Kingdom
15577.0,1,2011-02-07 13:32:00,2011-02-07 13:32:00,4,29.65,7,United Kingdom
15579.0,4,2010-10-03 14:37:00,2011-01-30 12:09:00,125,1083.13,575,United Kingdom
15581.0,19,2010-06-20 12:13:00,2011-04-27 17:03:00,352,3210.56,2085,United Kingdom
15582.0,1,2011-05-03 13:36:00,2011-05-03 13:36:00,22,303.61,255,United Kingdom
15587.0,4,2010-08-05 08:44:00,2010-12-23 09:59:00,3,953.28,336,United Kingdom
15589.0,3,2011-02-02 10:46:00,2011-03-29 09:54:00,28,456.58,242,United Kingdom
15594.0,1,2011-04-19 10:08:00,2011-04-19 10:08:00,15,263.66,144,United Kingdom
15596.0,8,2010-07-28 11:46:00,2011-05-09 10:02:00,82,2604.37,1183,United Kingdom
15599.0,2,2010-09-20 10:15:00,2011-05-19 13:05:00,58,937.15,741,United Kingdom
15601.0,14,2010-06-10 13:37:00,2011-05-20 10:48:00,183,6894.05,5076,United Kingdom
15602.0,9,2010-07-16 08:33:00,2011-05-23 12:35:00,38,1650.54,964,United Kingdom
15605.0,3,2010-12-01 13:38:00,2011-04-01 13:47:00,37,690.1800000000001,266,United Kingdom
15606.0,11,2010-06-17 11:53:00,2011-05-01 10:51:00,58,3231.43,987,United Kingdom
15607.0,2,2010-06-14 11:55:00,2011-01-07 12:44:00,19,174.96,310,United Kingdom
15611.0,8,2010-07-05 13:15:00,2011-03-28 14:42:00,16,822.35,113,United Kingdom
15615.0,24,2010-06-08 09:11:00,2011-05-11 12:32:00,186,10927.87,5772,United Kingdom
15620.0,3,2010-10-26 11:32:00,2011-05-03 11:22:00,84,1239.59,916,United Kingdom
15622.0,8,2010-06-07 12:01:00,2011-05-26 14:09:00,153,3134.19,1601,United Kingdom
15624.0,2,2011-03-28 13:32:00,2011-05-17 12:44:00,18,311.40000000000003,120,United Kingdom
15625.0,6,2010-06-15 15:23:00,2011-04-18 14:01:00,101,2394.02,2340,United Kingdom
15626.0,2,2010-10-14 17:16:00,2011-01-14 10:10:00,50,655.45,679,United Kingdom
15628.0,7,2010-07-01 12:02:00,2011-03-29 14:58:00,76,2201.2200000000003,1438,United Kingdom
15630.0,1,2011-05-19 10:16:00,2011-05-19 10:16:00,21,390.91,279,United Kingdom
15632.0,3,2011-03-10 08:29:00,2011-04-28 13:41:00,51,1226.6,686,United Kingdom
15636.0,2,2010-09-28 15:10:00,2011-03-02 14:50:00,18,637.58,218,United Kingdom
15640.0,15,2010-06-07 12:29:00,2011-04-27 11:56:00,197,12558.47,6356,United Kingdom
15641.0,7,2010-06-18 12:03:00,2011-03-24 11:29:00,155,3041.7200000000003,2313,United Kingdom
15643.0,1,2011-03-02 14:34:00,2011-03-02 14:34:00,23,337.1,176,United Kingdom
15644.0,3,2011-03-23 15:37:00,2011-03-28 15:27:00,85,423.19,279,United Kingdom
15646.0,4,2010-10-25 13:06:00,2011-04-07 09:12:00,58,654.71,791,United Kingdom
15648.0,2,2011-03-17 18:59:00,2011-05-19 15:53:00,23,584.75,211,United Kingdom
15649.0,4,2010-11-17 16:22:00,2011-01-07 13:34:00,8,1660.35,365,United Kingdom
15651.0,2,2010-10-15 13:42:00,2011-03-24 08:56:00,29,548.82,424,United Kingdom
15655.0,1,2011-04-10 15:25:00,2011-04-10 15:25:00,34,511.32,319,United Kingdom
15656.0,2,2011-02-28 15:32:00,2011-05-03 12:17:00,19,306.86,100,United Kingdom
15658.0,6,2010-07-28 12:34:00,2011-05-26 10:09:00,65,1634.99,503,United Kingdom
15660.0,7,2010-06-25 16:42:00,2011-05-19 14:44:00,49,1328.63,917,United Kingdom
15661.0,7,2010-07-19 15:15:00,2011-01-26 13:56:00,11,895.0,628,United Kingdom
15665.0,3,2010-08-22 13:41:00,2011-04-10 15:09:00,129,2629.85,1899,United Kingdom
15668.0,1,2011-05-06 10:39:00,2011-05-06 10:39:00,1,76.32000000000001,72,United Kingdom
15669.0,1,2011-03-21 09:13:00,2011-03-21 09:13:00,11,198.8,64,United Kingdom
15670.0,2,2010-06-01 15:34:00,2011-02-16 10:50:00,19,315.2,124,United Kingdom
15671.0,3,2011-03-14 09:37:00,2011-04-11 11:45:00,41,1016.1300000000001,559,United Kingdom
15673.0,4,2010-07-12 15:00:00,2011-05-09 12:20:00,127,3393.32,1933,United Kingdom
15674.0,7,2010-06-25 11:27:00,2011-05-08 16:11:00,108,2511.83,1407,United Kingdom
15675.0,2,2010-10-31 14:14:00,2011-03-04 14:21:00,16,263.35,133,United Kingdom
15676.0,1,2011-03-01 10:19:00,2011-03-01 10:19:00,61,877.4,551,United Kingdom
15680.0,3,2010-08-24 14:31:00,2010-12-08 14:43:00,65,1486.91,922,United Kingdom
15681.0,9,2010-06-07 16:48:00,2011-03-04 13:46:00,34,1463.02,692,United Kingdom
15687.0,4,2011-01-13 15:13:00,2011-03-16 09:52:00,58,1392.5,528,United Kingdom
15689.0,1,2010-12-13 09:57:00,2010-12-13 09:57:00,6,103.5,56,United Kingdom
15691.0,2,2010-11-10 12:26:00,2011-04-01 15:13:00,4,211.8,112,United Kingdom
15694.0,14,2010-06-28 11:30:00,2011-05-20 11:07:00,39,5105.24,1096,United Kingdom
15695.0,2,2011-03-18 08:31:00,2011-03-18 08:32:00,22,409.98,212,United Kingdom
15696.0,8,2010-06-10 17:27:00,2011-05-03 11:34:00,102,1858.0900000000001,845,United Kingdom
15703.0,1,2011-03-20 10:51:00,2011-03-20 10:51:00,5,211.5,66,United Kingdom
15704.0,2,2010-07-25 15:00:00,2011-05-08 12:42:00,66,1467.92,603,United Kingdom
15705.0,1,2011-05-22 15:37:00,2011-05-22 15:37:00,6,143.1,62,United Kingdom
15708.0,7,2010-10-10 11:33:00,2011-05-01 11:36:00,98,2580.9900000000002,996,United Kingdom
15709.0,1,2011-03-01 10:38:00,2011-03-01 10:38:00,6,133.25,121,United Kingdom
15712.0,5,2010-06-13 13:46:00,2011-02-25 11:32:00,53,1502.3,553,United Kingdom
15713.0,1,2010-12-08 15:16:00,2010-12-08 15:16:00,9,161.2,58,United Kingdom
15716.0,6,2010-06-20 10:47:00,2011-05-22 12:49:00,109,1440.68,863,United Kingdom
15717.0,4,2010-06-24 13:43:00,2011-04-19 13:21:00,17,533.5,194,United Kingdom
15719.0,15,2010-06-17 11:32:00,2011-05-24 11:31:00,273,4599.14,2581,United Kingdom
15722.0,4,2010-08-29 13:49:00,2011-02-22 12:24:00,59,2208.85,989,United Kingdom
15723.0,3,2010-09-16 10:43:00,2010-12-10 11:12:00,67,694.34,350,United Kingdom
15724.0,3,2010-11-04 10:22:00,2011-05-22 14:40:00,17,299.8,114,United Kingdom
15727.0,10,2010-06-03 11:44:00,2011-05-25 15:18:00,227,5722.19,3101,United Kingdom
15729.0,3,2010-11-01 13:44:00,2011-05-11 12:36:00,10,154.70000000000002,40,United Kingdom
15730.0,3,2010-10-04 14:15:00,2011-05-17 12:43:00,65,1054.73,678,United Kingdom
15732.0,3,2010-07-19 08:40:00,2011-05-11 14:24:00,25,624.64,628,United Kingdom
15733.0,1,2011-03-02 09:05:00,2011-03-02 09:05:00,10,162.3,62,United Kingdom
15734.0,3,2010-06-10 14:25:00,2011-05-23 14:59:00,22,1502.5,303,United Kingdom
15737.0,1,2011-04-11 10:01:00,2011-04-11 10:01:00,29,469.28000000000003,284,United Kingdom
15738.0,19,2010-06-13 12:33:00,2011-05-19 12:41:00,54,5702.96,3662,United Kingdom
15745.0,1,2011-04-17 13:04:00,2011-04-17 13:04:00,18,302.85,127,United Kingdom
15749.0,3,2011-01-11 12:55:00,2011-04-18 13:20:00,5,21535.9,9014,United Kingdom
15750.0,10,2010-06-15 15:59:00,2011-03-01 16:34:00,228,3588.141,2561,United Kingdom
15752.0,5,2010-09-08 11:56:00,2011-04-04 12:42:00,266,2340.9900000000002,1607,United Kingdom
15753.0,1,2011-02-08 12:41:00,2011-02-08 12:41:00,1,79.2,144,United Kingdom
15754.0,3,2010-07-28 10:33:00,2011-04-07 12:24:00,18,511.17,289,United Kingdom
15755.0,8,2010-06-11 08:41:00,2011-04-18 14:01:00,139,2584.17,1936,United Kingdom
15756.0,2,2011-04-04 14:00:00,2011-05-10 14:20:00,83,244.17,105,United Kingdom
15757.0,5,2010-06-10 13:47:00,2011-05-06 11:40:00,140,2487.3,1433,United Kingdom
15759.0,5,2010-06-17 10:19:00,2011-05-05 15:13:00,7,563.0,192,United Kingdom
15764.0,3,2010-08-18 13:58:00,2011-03-08 09:23:00,115,2328.7400000000002,1512,United Kingdom
15768.0,9,2010-06-03 11:50:00,2011-05-20 10:29:00,83,3108.44,739,United Kingdom
15769.0,26,2010-06-11 12:32:00,2011-05-26 10:37:00,18,45588.52,25588,United Kingdom
15775.0,1,2011-04-08 12:56:00,2011-04-08 12:56:00,7,104.9,68,United Kingdom
15777.0,6,2010-10-18 15:45:00,2011-04-12 16:43:00,28,1722.8600000000001,593,United Kingdom
15780.0,2,2010-12-17 11:43:00,2011-04-11 09:18:00,24,402.76,192,United Kingdom
15781.0,1,2011-02-07 09:15:00,2011-02-07 09:15:00,5,83.35,29,United Kingdom
15785.0,8,2010-06-23 10:53:00,2011-05-26 14:21:00,65,3168.83,2208,United Kingdom
15789.0,5,2010-06-15 11:33:00,2010-12-16 14:35:00,92,1578.26,2220,United Kingdom
15791.0,2,2010-06-28 12:04:00,2011-05-19 15:15:00,85,2194.76,1152,United Kingdom
15793.0,3,2010-09-08 12:47:00,2011-03-16 10:45:00,6,948.02,742,United Kingdom
15796.0,10,2010-06-06 12:24:00,2011-05-23 16:52:00,103,2700.58,920,United Kingdom
15797.0,2,2011-02-08 10:17:00,2011-05-09 16:38:00,6,1825.2,728,United Kingdom
15799.0,2,2010-10-17 14:26:00,2011-01-09 15:13:00,76,857.42,567,United Kingdom
15800.0,2,2010-09-12 16:17:00,2011-04-07 12:39:00,62,413.65,210,United Kingdom
15804.0,1,2011-05-25 10:12:00,2011-05-25 10:12:00,34,525.36,314,United Kingdom
15805.0,14,2010-08-10 09:50:00,2011-05-26 09:45:00,206,5177.41,3279,United Kingdom
15806.0,1,2011-03-08 09:24:00,2011-03-08 09:24:00,16,300.36,274,United Kingdom
15808.0,11,2010-06-13 15:57:00,2011-02-06 14:33:00,219,8989.51,3670,United Kingdom
15809.0,5,2010-06-22 14:23:00,2011-05-19 18:02:00,45,846.98,647,United Kingdom
15810.0,4,2010-09-01 12:00:00,2011-04-21 19:51:00,70,1611.98,912,United Kingdom
15811.0,5,2010-11-16 16:46:00,2011-05-18 12:44:00,160,2427.37,1122,United Kingdom
15812.0,5,2010-06-03 08:49:00,2011-03-30 14:39:00,15,2970.11,2151,United Kingdom
15813.0,2,2011-04-14 09:09:00,2011-05-16 08:13:00,40,1303.91,603,United Kingdom
15815.0,3,2011-03-25 08:43:00,2011-05-11 15:17:00,12,1394.08,1068,United Kingdom
15819.0,4,2010-06-21 11:38:00,2011-05-24 14:38:00,123,2176.18,1739,United Kingdom
15820.0,1,2011-01-24 12:00:00,2011-01-24 12:00:00,17,206.98,128,United Kingdom
15822.0,3,2010-06-06 13:50:00,2010-12-15 13:38:00,23,753.37,343,United Kingdom
15826.0,1,2011-05-13 10:44:00,2011-05-13 10:44:00,28,720.0,488,United Kingdom
15827.0,15,2010-06-22 15:50:00,2011-05-08 14:44:00,69,1371.39,642,United Kingdom
15831.0,1,2011-01-19 14:52:00,2011-01-19 14:52:00,17,255.94,300,United Kingdom
15832.0,1,2011-03-30 15:29:00,2011-03-30 15:29:00,54,836.79,465,United Kingdom
15834.0,5,2010-10-11 14:05:00,2011-03-07 17:55:00,244,2785.66,1255,United Kingdom
15835.0,2,2011-01-13 10:35:00,2011-03-24 13:59:00,25,488.31,243,United Kingdom
15838.0,18,2010-06-02 14:56:00,2011-05-05 11:47:00,42,43648.14,38602,United Kingdom
15841.0,5,2010-07-06 13:15:00,2011-05-05 14:37:00,37,1516.91,1003,United Kingdom
15843.0,1,2011-02-09 10:19:00,2011-02-09 10:19:00,8,118.95,27,United Kingdom
15845.0,4,2010-06-21 11:40:00,2011-05-13 09:01:00,46,1604.71,705,United Kingdom
15847.0,3,2010-09-22 14:42:00,2011-02-24 16:46:00,24,533.36,510,United Kingdom
15852.0,2,2010-07-01 10:16:00,2011-05-26 13:26:00,30,199.76,50,United Kingdom
15854.0,12,2010-06-08 12:34:00,2011-05-19 13:16:00,119,3293.2200000000003,1113,United Kingdom
15855.0,4,2010-08-20 17:15:00,2011-05-17 15:26:00,51,682.99,493,United Kingdom
15856.0,22,2010-06-11 17:06:00,2011-05-20 10:32:00,201,15244.56,8684,United Kingdom
15858.0,6,2010-06-01 15:01:00,2011-02-23 13:21:00,179,1955.99,1726,United Kingdom
15860.0,7,2010-10-03 11:35:00,2011-04-21 10:48:00,117,1196.98,677,United Kingdom
15861.0,3,2010-09-09 19:56:00,2011-03-17 20:18:00,161,1017.2,855,United Kingdom
15862.0,4,2010-07-23 13:43:00,2011-05-19 14:08:00,163,926.53,607,United Kingdom
15863.0,1,2011-05-31 11:36:00,2011-05-31 11:36:00,2,9.2,2,United Kingdom
15864.0,2,2010-11-23 15:02:00,2011-01-27 16:43:00,9,472.96000000000004,400,United Kingdom
15865.0,2,2010-10-22 15:24:00,2011-05-10 11:44:00,43,953.67,441,United Kingdom
15867.0,15,2010-06-03 16:33:00,2011-05-27 15:57:00,299,3904.71,2437,United Kingdom
15869.0,2,2011-03-07 17:19:00,2011-03-07 17:23:00,13,149.64,175,United Kingdom
15874.0,11,2010-08-12 15:01:00,2011-05-06 11:05:00,159,5624.02,2159,United Kingdom
15880.0,1,2010-12-05 13:00:00,2010-12-05 13:00:00,95,299.03,178,United Kingdom
15881.0,5,2010-12-10 13:32:00,2011-01-31 16:59:00,26,438.24,199,United Kingdom
15882.0,6,2010-06-28 13:28:00,2011-05-25 11:35:00,26,753.44,425,United Kingdom
15889.0,2,2010-11-24 13:13:00,2010-12-05 15:12:00,100,507.98,303,United Kingdom
15891.0,1,2011-04-27 12:35:00,2011-04-27 12:35:00,59,509.13,417,United Kingdom
15894.0,2,2010-12-05 14:06:00,2011-03-31 13:50:00,34,257.6,163,United Kingdom
15897.0,2,2011-05-29 13:32:00,2011-05-29 13:50:00,17,208.59,223,United Kingdom
15898.0,11,2010-06-11 11:49:00,2011-04-27 10:03:00,158,2152.81,1198,United Kingdom
15899.0,1,2010-12-06 10:36:00,2010-12-06 10:36:00,4,56.25,39,United Kingdom
15903.0,6,2010-08-19 14:44:00,2011-04-26 11:51:00,38,4414.5,2187,United Kingdom
15906.0,6,2010-09-15 12:17:00,2011-05-04 11:50:00,84,1557.91,421,United Kingdom
15907.0,1,2011-05-13 13:01:00,2011-05-13 13:01:00,46,223.07,146,United Kingdom
15910.0,8,2010-06-11 10:23:00,2011-05-16 16:36:00,260,1424.24,1205,United Kingdom
15912.0,2,2010-09-29 13:20:00,2011-04-20 17:10:00,21,296.58000000000004,159,United Kingdom
15916.0,5,2010-11-11 14:30:00,2011-04-07 13:09:00,89,1276.23,545,United Kingdom
15917.0,1,2011-04-06 10:40:00,2011-04-06 10:40:00,12,123.1,42,United Kingdom
15918.0,1,2011-03-13 15:55:00,2011-03-13 15:55:00,21,142.0,66,United Kingdom
15919.0,1,2010-12-06 11:26:00,2010-12-06 11:26:00,38,214.07999999999998,175,United Kingdom
15925.0,1,2011-05-29 15:35:00,2011-05-29 15:35:00,12,207.15,93,United Kingdom
15932.0,4,2011-02-23 14:50:00,2011-05-09 12:39:00,44,1260.48,870,United Kingdom
15935.0,1,2011-04-14 13:27:00,2011-04-14 13:27:00,11,108.04,114,United Kingdom
15938.0,8,2010-06-01 09:42:00,2011-05-22 15:03:00,24,665.53,401,United Kingdom
15939.0,9,2010-11-30 12:07:00,2011-05-27 13:17:00,50,7509.43,5230,United Kingdom
15940.0,1,2011-02-01 16:18:00,2011-02-01 16:18:00,1,3.9999999999999964,0,United Kingdom
15944.0,3,2010-08-11 14:39:00,2011-03-08 10:33:00,21,1575.84,527,United Kingdom
15945.0,2,2010-09-24 11:12:00,2010-12-09 13:14:00,3,294.95,89,United Kingdom
15950.0,5,2010-06-03 12:38:00,2010-12-15 11:56:00,157,4355.11,2189,United Kingdom
15951.0,2,2010-11-23 18:20:00,2011-02-27 11:57:00,35,680.12,281,United Kingdom
15952.0,1,2011-04-28 12:55:00,2011-04-28 12:55:00,14,232.65,123,United Kingdom
15953.0,11,2010-06-28 11:50:00,2011-05-12 11:44:00,53,1837.99,937,United Kingdom
15955.0,8,2010-08-31 08:16:00,2011-05-20 08:57:00,91,3482.4100000000003,1465,United Kingdom
15965.0,6,2010-07-11 12:06:00,2010-12-07 13:18:00,107,1278.76,644,United Kingdom
15967.0,7,2010-06-14 14:27:00,2011-01-25 11:57:00,228,2091.33,855,United Kingdom
15970.0,1,2011-02-09 12:08:00,2011-02-09 12:08:00,11,314.09999999999997,116,United Kingdom
15971.0,8,2010-10-11 08:12:00,2011-04-11 13:40:00,6,2337.9,952,United Kingdom
15973.0,2,2010-10-07 08:33:00,2010-12-08 11:42:00,7,457.57,175,United Kingdom
15974.0,3,2011-02-24 10:10:00,2011-05-12 11:10:00,69,1560.89,797,United Kingdom
15976.0,5,2010-06-06 14:01:00,2011-05-03 17:12:00,239,1462.66,894,United Kingdom
15980.0,5,2010-06-01 14:40:00,2011-03-30 15:05:00,83,4857.6,3818,United Kingdom
15981.0,13,2010-06-18 11:34:00,2011-05-13 08:58:00,95,5398.75,2471,United Kingdom
15983.0,4,2010-11-12 12:32:00,2010-12-14 12:30:00,77,1599.03,1016,United Kingdom
15984.0,13,2010-06-18 12:19:00,2011-04-20 12:56:00,196,3243.62,2125,United Kingdom
15985.0,5,2010-07-16 15:05:00,2011-04-17 11:04:00,42,1984.52,1626,United Kingdom
15987.0,5,2010-11-25 12:56:00,2011-05-24 09:26:00,50,619.3,1144,United Kingdom
15990.0,2,2010-08-02 12:42:00,2011-02-25 15:35:00,54,761.13,351,United Kingdom
15996.0,4,2010-11-07 15:49:00,2011-03-21 11:57:00,104,980.99,519,United Kingdom
15998.0,7,2010-06-27 12:25:00,2011-03-22 12:25:00,435,4205.88,2899,United Kingdom
16003.0,3,2010-10-31 12:36:00,2010-12-15 12:09:00,77,3062.19,934,United Kingdom
16005.0,7,2010-09-15 13:21:00,2011-03-14 11:46:00,211,1908.83,1048,United Kingdom
16006.0,2,2010-11-17 12:03:00,2011-05-12 13:12:00,75,332.82,205,United Kingdom
16007.0,4,2010-06-14 13:18:00,2011-05-08 13:32:00,230,1723.22,1661,United Kingdom
16008.0,9,2010-07-08 14:09:00,2011-05-19 10:54:00,53,4150.11,2448,United Kingdom
16010.0,11,2010-10-24 10:54:00,2011-04-08 10:14:00,122,1692.91,918,United Kingdom
16011.0,13,2010-06-21 16:10:00,2011-04-20 16:04:00,108,2297.91,1320,United Kingdom
16013.0,44,2010-07-13 10:48:00,2011-05-31 12:05:00,16,24403.09,11866,United Kingdom
16014.0,2,2010-10-27 16:04:00,2011-02-21 17:42:00,107,460.16,200,United Kingdom
16016.0,7,2010-11-02 13:27:00,2011-05-27 13:53:00,127,1395.51,575,United Kingdom
16019.0,16,2010-07-16 10:02:00,2011-04-21 15:16:00,148,11478.05,3737,United Kingdom
16022.0,1,2011-03-24 13:16:00,2011-03-24 13:16:00,68,602.63,255,United Kingdom
16023.0,2,2011-03-18 13:32:00,2011-05-31 14:19:00,59,500.69,227,United Kingdom
16027.0,5,2010-09-02 19:18:00,2011-05-05 10:51:00,5,592.99,582,United Kingdom
16029.0,48,2010-06-09 13:02:00,2011-05-24 10:21:00,27,38003.17,20655,United Kingdom
16030.0,1,2011-02-03 11:28:00,2011-02-03 11:28:00,28,331.24,283,United Kingdom
16031.0,1,2011-04-06 14:23:00,2011-04-06 14:23:00,39,305.63,219,United Kingdom
16033.0,18,2010-08-11 16:44:00,2011-05-23 12:32:00,328,4968.27,1776,United Kingdom
16034.0,6,2010-10-26 13:00:00,2011-05-27 16:17:00,43,908.37,584,United Kingdom
16036.0,2,2010-10-11 15:08:00,2011-03-21 13:01:00,57,1137.97,435,United Kingdom
16037.0,4,2010-06-13 11:32:00,2011-03-15 09:13:00,52,1135.72,588,United Kingdom
16038.0,1,2011-05-22 11:29:00,2011-05-22 11:29:00,19,316.95,187,United Kingdom
16040.0,4,2010-06-28 10:52:00,2011-03-16 09:58:00,54,1150.83,541,United Kingdom
16042.0,4,2010-09-12 12:00:00,2011-01-11 13:25:00,50,1030.58,679,United Kingdom
16043.0,7,2010-08-15 11:26:00,2011-05-12 13:43:00,48,1759.0900000000001,850,United Kingdom
16045.0,6,2010-07-29 12:50:00,2011-04-08 10:32:00,103,2707.58,1590,United Kingdom
16055.0,1,2011-05-03 09:26:00,2011-05-03 09:26:00,8,134.8,22,United Kingdom
16057.0,4,2010-07-08 11:33:00,2011-05-12 13:10:00,72,1282.69,540,United Kingdom
16059.0,8,2010-06-06 11:06:00,2011-03-30 12:12:00,174,2043.6100000000001,957,United Kingdom
16062.0,6,2010-06-21 13:32:00,2011-04-12 15:08:00,115,2288.01,1568,United Kingdom
16063.0,1,2011-03-24 14:55:00,2011-03-24 14:56:00,23,335.32,262,United Kingdom
16065.0,8,2010-09-02 13:27:00,2010-12-09 13:03:00,214,1975.13,1205,United Kingdom
16072.0,4,2010-06-08 16:47:00,2011-02-24 14:32:00,414,4180.09,1580,United Kingdom
16073.0,1,2011-02-15 15:41:00,2011-02-15 15:41:00,1,94.35000000000001,37,United Kingdom
16076.0,1,2011-05-15 12:31:00,2011-05-15 12:31:00,16,305.45,137,United Kingdom
16078.0,1,2011-03-01 09:47:00,2011-03-01 09:47:00,1,79.2,16,United Kingdom
16080.0,3,2010-09-15 14:19:00,2011-03-10 14:44:00,24,386.0,194,United Kingdom
16081.0,3,2010-11-11 18:24:00,2011-03-25 15:24:00,110,1783.28,877,United Kingdom
16083.0,3,2010-11-16 11:53:00,2010-12-14 11:51:00,51,1371.78,990,United Kingdom
16084.0,1,2011-02-13 16:05:00,2011-02-13 16:05:00,38,436.18,216,United Kingdom
16085.0,6,2010-07-28 13:51:00,2011-04-17 12:25:00,118,989.01,547,United Kingdom
16086.0,6,2010-06-08 13:11:00,2011-05-23 15:29:00,40,1509.15,708,United Kingdom
16091.0,1,2011-05-25 09:18:00,2011-05-25 09:18:00,10,157.25,83,United Kingdom
16092.0,3,2010-07-23 11:30:00,2011-05-26 15:30:00,42,890.39,651,United Kingdom
16094.0,6,2010-06-18 14:57:00,2011-05-04 13:57:00,70,2102.68,1196,United Kingdom
16096.0,2,2010-10-19 15:03:00,2011-03-20 13:38:00,25,701.5,249,United Kingdom
16097.0,1,2011-04-13 13:47:00,2011-04-13 13:47:00,10,185.04999999999998,87,United Kingdom
16098.0,7,2010-06-08 10:58:00,2011-04-19 16:31:00,46,2255.06,1030,United Kingdom
16099.0,3,2010-07-28 12:17:00,2011-04-28 08:34:00,31,776.4,516,United Kingdom
16103.0,12,2010-06-29 11:56:00,2011-04-27 09:21:00,76,3631.0,1726,United Kingdom
16105.0,4,2010-06-22 14:19:00,2011-04-05 10:13:00,71,1790.64,1702,United Kingdom
16109.0,2,2011-02-04 12:37:00,2011-05-05 09:17:00,18,611.88,612,United Kingdom
16110.0,3,2010-07-05 13:04:00,2011-03-22 13:54:00,235,1138.82,502,United Kingdom
16112.0,2,2011-01-05 11:47:00,2011-01-10 16:29:00,10,136.14000000000001,342,United Kingdom
16115.0,6,2010-06-17 12:21:00,2011-05-11 12:23:00,140,1210.14,821,United Kingdom
16116.0,1,2011-05-12 12:01:00,2011-05-12 12:01:00,34,592.88,246,United Kingdom
16121.0,3,2010-11-14 11:18:00,2011-05-08 11:52:00,146,710.35,368,United Kingdom
16122.0,4,2010-10-10 15:26:00,2011-01-11 10:19:00,20,461.03999999999996,598,United Kingdom
16124.0,2,2010-10-17 12:56:00,2011-01-26 14:45:00,32,779.0,232,United Kingdom
16125.0,6,2010-06-21 11:37:00,2010-12-07 15:48:00,68,1553.2,661,United Kingdom
16126.0,7,2010-06-18 10:39:00,2011-02-16 11:18:00,67,7115.04,3376,United Kingdom
16128.0,7,2010-07-16 16:30:00,2011-03-02 12:21:00,102,2300.43,1626,United Kingdom
16131.0,6,2010-10-10 10:47:00,2011-05-16 16:44:00,51,3615.46,1536,United Kingdom
16133.0,30,2010-06-04 15:03:00,2011-05-27 12:23:00,168,13040.64,7472,United Kingdom
16134.0,4,2010-06-17 09:48:00,2010-12-15 14:00:00,71,1785.43,1409,United Kingdom
16135.0,1,2011-03-22 12:30:00,2011-03-22 12:30:00,21,517.55,209,United Kingdom
16136.0,1,2011-03-07 09:52:00,2011-03-07 09:52:00,8,159.3,66,United Kingdom
16139.0,1,2011-05-17 10:23:00,2011-05-17 10:23:00,6,139.8,84,United Kingdom
16140.0,2,2010-09-24 12:03:00,2010-12-03 14:40:00,33,832.4200000000001,646,United Kingdom
16142.0,1,2011-04-04 10:16:00,2011-04-04 10:16:00,37,535.34,422,United Kingdom
16143.0,7,2010-07-16 11:44:00,2011-05-11 08:32:00,75,2533.82,991,United Kingdom
16144.0,1,2011-04-07 10:09:00,2011-04-07 10:09:00,1,175.2,16,United Kingdom
16145.0,11,2010-06-11 10:12:00,2011-04-27 14:58:00,129,3412.69,2833,United Kingdom
16146.0,3,2010-09-17 10:46:00,2011-05-20 08:39:00,34,871.38,484,United Kingdom
16148.0,2,2010-09-29 10:12:00,2011-02-16 14:01:00,9,386.62,250,United Kingdom
16150.0,4,2010-07-20 15:46:00,2011-03-14 13:56:00,80,1767.21,891,United Kingdom
16152.0,1,2011-03-16 09:47:00,2011-03-16 09:47:00,29,1829.04,642,United Kingdom
16153.0,7,2010-07-06 12:38:00,2011-05-06 10:16:00,95,2228.79,1393,United Kingdom
16156.0,10,2010-06-18 13:43:00,2011-05-17 16:32:00,114,2869.57,1695,United Kingdom
16159.0,2,2010-08-26 13:40:00,2011-03-03 12:27:00,22,573.28,308,United Kingdom
16161.0,29,2010-06-11 11:04:00,2011-05-25 17:12:00,340,8483.7,4345,United Kingdom
16162.0,1,2011-04-01 15:03:00,2011-04-01 15:03:00,2,37.4,4,United Kingdom
16163.0,4,2010-06-11 12:09:00,2011-04-21 15:15:00,17,1120.7,280,United Kingdom
16168.0,37,2010-06-10 18:45:00,2011-05-31 10:43:00,96,6353.77,3061,United Kingdom
16170.0,11,2010-06-11 13:00:00,2011-04-19 09:43:00,160,3883.6,3396,United Kingdom
16172.0,4,2010-07-14 15:34:00,2011-04-12 12:02:00,54,943.72,812,United Kingdom
16175.0,4,2010-07-16 10:36:00,2011-05-19 10:25:00,38,976.1800000000001,460,United Kingdom
16180.0,9,2010-06-23 13:19:00,2011-05-13 11:54:00,162,8698.22,5544,United Kingdom
16182.0,5,2010-07-12 09:04:00,2011-05-20 11:03:00,9,4662.0,2800,United Kingdom
16184.0,1,2011-05-12 13:33:00,2011-05-12 13:33:00,9,148.22,26,United Kingdom
16185.0,1,2011-04-21 11:59:00,2011-04-21 11:59:00,19,335.0,153,United Kingdom
16186.0,13,2010-06-09 15:24:00,2011-05-12 13:54:00,106,3919.4,3061,United Kingdom
16187.0,7,2011-02-28 13:34:00,2011-05-20 14:07:00,89,2564.64,1545,United Kingdom
16188.0,3,2010-10-27 11:50:00,2011-04-27 10:54:00,46,661.62,494,United Kingdom
16191.0,18,2010-06-11 10:47:00,2011-03-22 08:54:00,75,12441.730000000001,7332,United Kingdom
16193.0,2,2010-10-25 10:25:00,2011-04-17 11:45:00,38,630.4300000000001,379,United Kingdom
16202.0,5,2010-06-03 15:48:00,2010-12-14 10:43:00,67,1379.94,857,United Kingdom
16203.0,4,2010-07-23 13:09:00,2011-04-26 15:02:00,47,665.49,416,United Kingdom
16206.0,9,2010-06-10 09:17:00,2011-05-15 11:04:00,133,1873.31,1009,United Kingdom
16208.0,6,2010-07-26 14:43:00,2011-02-23 13:37:00,111,1997.97,999,United Kingdom
16209.0,5,2010-06-11 11:58:00,2011-04-07 12:23:00,26,2190.11,961,United Kingdom
16210.0,14,2010-07-26 09:12:00,2011-05-10 15:52:00,70,17329.39,6599,United Kingdom
16212.0,1,2011-03-01 12:51:00,2011-03-01 12:51:00,30,489.0,148,United Kingdom
16214.0,3,2010-09-30 13:57:00,2011-04-01 10:08:00,78,1725.17,1208,United Kingdom
16216.0,1,2011-03-17 15:34:00,2011-03-17 15:34:00,37,914.9300000000001,254,United Kingdom
16217.0,2,2011-03-02 15:28:00,2011-04-18 13:31:00,13,266.45,77,United Kingdom
16218.0,9,2010-09-12 11:47:00,2011-05-17 11:09:00,62,2432.99,1833,United Kingdom
16221.0,8,2010-08-10 13:32:00,2011-03-09 10:51:00,116,1466.48,999,United Kingdom
16222.0,1,2011-01-25 13:38:00,2011-01-25 13:38:00,120,773.55,325,United Kingdom
16224.0,3,2010-11-17 13:14:00,2011-04-13 14:17:00,62,864.45,924,United Kingdom
16225.0,7,2010-06-09 15:16:00,2011-03-07 13:54:00,100,1213.68,549,United Kingdom
16226.0,5,2010-10-22 11:19:00,2011-05-20 14:41:00,23,672.1700000000001,521,United Kingdom
16227.0,3,2010-06-22 13:28:00,2011-04-28 13:33:00,28,948.82,382,United Kingdom
16229.0,4,2010-06-16 13:30:00,2011-05-11 10:18:00,111,1795.1000000000001,846,United Kingdom
16230.0,1,2011-05-03 15:12:00,2011-05-03 15:12:00,19,275.93,195,United Kingdom
16232.0,5,2010-06-07 14:04:00,2011-05-08 14:06:00,59,2075.2599999999998,1520,United Kingdom
16233.0,5,2010-08-04 15:13:00,2011-01-14 10:31:00,18,653.23,283,United Kingdom
16235.0,6,2010-08-26 12:10:00,2011-02-17 10:51:00,62,1467.76,556,United Kingdom
16241.0,7,2010-10-25 13:40:00,2011-05-11 11:47:00,317,2228.06,1175,United Kingdom
16242.0,7,2010-06-06 10:57:00,2011-05-09 15:17:00,193,3321.04,1749,United Kingdom
16244.0,2,2010-12-02 11:41:00,2011-05-12 10:18:00,88,1522.75,855,United Kingdom
16245.0,1,2011-03-28 09:30:00,2011-03-28 09:30:00,30,445.13,255,United Kingdom
16249.0,2,2011-04-14 13:50:00,2011-05-22 14:09:00,26,1020.53,487,United Kingdom
16250.0,3,2010-11-18 10:43:00,2011-03-23 15:07:00,29,565.24,268,United Kingdom
16253.0,4,2010-06-16 12:01:00,2011-03-29 13:33:00,121,4263.36,3269,United Kingdom
16255.0,9,2010-06-06 15:53:00,2011-04-07 13:16:00,130,2323.34,1349,United Kingdom
16256.0,2,2010-08-03 08:58:00,2011-03-18 12:18:00,19,1039.73,649,United Kingdom
16258.0,8,2010-06-27 11:15:00,2011-05-04 14:33:00,154,6086.68,3851,United Kingdom
16261.0,3,2010-09-23 16:40:00,2011-04-07 19:05:00,83,565.14,290,United Kingdom
16265.0,8,2010-10-28 15:18:00,2011-03-24 09:52:00,147,4321.76,1862,United Kingdom
16266.0,8,2010-06-15 17:29:00,2011-05-23 13:12:00,49,996.78,395,United Kingdom
16270.0,1,2010-12-21 14:26:00,2010-12-21 14:26:00,54,1141.24,688,United Kingdom
16271.0,4,2010-06-06 10:56:00,2010-12-16 16:36:00,86,1444.96,972,United Kingdom
16275.0,2,2010-08-22 11:27:00,2011-05-27 12:41:00,76,1455.27,876,United Kingdom
16282.0,2,2010-08-09 10:27:00,2011-01-04 11:42:00,24,1037.5800000000002,714,United Kingdom
16283.0,3,2010-06-30 15:34:00,2011-05-15 13:37:00,258,2167.8,1312,United Kingdom
16293.0,7,2010-09-29 10:22:00,2011-05-16 12:26:00,113,2536.1400000000003,1152,United Kingdom
16297.0,1,2011-03-16 08:29:00,2011-03-16 08:29:00,20,278.55,181,United Kingdom
16303.0,3,2010-10-11 11:32:00,2011-01-10 14:16:00,61,2166.48,1136,United Kingdom
16306.0,7,2010-10-01 09:36:00,2011-05-10 12:12:00,55,1094.72,696,United Kingdom
16308.0,4,2010-06-14 11:48:00,2011-05-06 13:03:00,1,2560.0,8000,United Kingdom
16309.0,1,2011-04-13 11:46:00,2011-04-13 11:46:00,21,334.2,304,United Kingdom
16315.0,2,2010-06-21 13:53:00,2011-01-13 11:57:00,21,402.71,143,United Kingdom
16316.0,10,2010-08-03 14:38:00,2011-05-17 10:57:00,172,4558.56,2462,United Kingdom
16317.0,2,2010-06-07 14:24:00,2011-02-15 14:30:00,55,1047.1200000000001,601,United Kingdom
16319.0,1,2011-05-06 11:27:00,2011-05-06 11:27:00,3,404.40000000000003,72,United Kingdom
16320.0,4,2010-07-13 09:35:00,2011-05-10 15:31:00,152,4609.86,2942,Unspecified
16321.0,3,2011-01-20 12:11:00,2011-02-07 15:10:00,5,155.70000000000002,42,Australia
16323.0,1,2011-05-27 14:48:00,2011-05-27 14:48:00,1,207.50000000000003,50,United Kingdom
16325.0,6,2010-06-23 09:52:00,2011-04-08 09:20:00,68,2201.68,1844,United Kingdom
16326.0,8,2010-06-17 14:15:00,2011-05-09 12:30:00,108,1289.84,327,United Kingdom
16327.0,8,2010-06-16 13:20:00,2011-05-24 14:00:00,189,4810.74,3478,United Kingdom
16332.0,4,2010-08-20 12:31:00,2011-02-07 14:16:00,39,418.8,276,United Kingdom
16333.0,16,2011-02-03 10:50:00,2011-05-31 13:39:00,8,13087.2,22092,United Kingdom
16339.0,1,2011-02-28 13:41:00,2011-02-28 13:41:00,17,94.05,21,United Kingdom
16341.0,3,2010-09-22 14:01:00,2011-05-22 13:20:00,63,1902.84,1371,United Kingdom
16348.0,3,2010-10-05 13:57:00,2011-04-13 15:55:00,99,757.88,576,United Kingdom
16349.0,1,2011-02-22 12:40:00,2011-02-22 12:40:00,9,53.5,9,United Kingdom
16350.0,6,2010-10-07 16:33:00,2011-01-10 09:44:00,59,1482.72,723,United Kingdom
16351.0,4,2010-07-26 14:32:00,2011-01-11 10:26:00,68,1183.07,931,United Kingdom
16353.0,15,2010-09-03 10:31:00,2011-05-06 10:33:00,48,3358.6,1290,United Kingdom
16356.0,6,2010-06-06 11:26:00,2011-05-26 11:51:00,27,414.42,189,United Kingdom
16357.0,2,2010-11-23 18:52:00,2011-05-10 10:35:00,20,347.39,165,United Kingdom
16359.0,10,2010-06-10 15:20:00,2011-05-09 12:58:00,65,1389.21,1044,United Kingdom
16365.0,6,2010-06-22 12:08:00,2011-03-31 19:55:00,33,1337.74,481,United Kingdom
16367.0,2,2010-11-21 13:23:00,2010-12-12 12:01:00,119,716.9,547,United Kingdom
16369.0,3,2010-08-26 13:20:00,2011-05-27 09:39:00,26,906.15,499,United Kingdom
16370.0,1,2011-04-28 16:40:00,2011-04-28 16:40:00,61,272.17,167,United Kingdom
16374.0,3,2010-09-13 12:56:00,2011-03-22 13:46:00,176,955.73,433,United Kingdom
16377.0,1,2011-03-17 15:41:00,2011-03-17 15:41:00,5,676.2,1500,United Kingdom
16378.0,3,2011-02-02 12:42:00,2011-04-06 15:07:00,22,362.95,267,United Kingdom
16383.0,4,2010-07-08 13:07:00,2011-03-16 13:00:00,136,1230.43,731,United Kingdom
16384.0,2,2010-10-06 12:49:00,2011-03-21 10:13:00,51,863.8000000000001,610,United Kingdom
16385.0,2,2010-11-15 13:27:00,2010-12-08 12:56:00,47,363.43,221,United Kingdom
16386.0,2,2010-11-17 11:19:00,2011-03-31 12:19:00,55,826.69,521,United Kingdom
16387.0,4,2010-09-12 12:41:00,2011-01-21 11:34:00,64,742.27,383,United Kingdom
16389.0,2,2011-03-01 15:47:00,2011-05-18 13:55:00,16,670.1700000000001,307,United Kingdom
16392.0,2,2010-10-22 11:40:00,2011-03-15 12:11:00,101,563.16,472,United Kingdom
16393.0,12,2010-06-16 12:08:00,2011-05-08 13:07:00,133,2190.61,1312,United Kingdom
16394.0,2,2011-02-23 10:58:00,2011-04-05 14:51:00,47,607.48,746,United Kingdom
16395.0,9,2010-08-05 19:22:00,2011-01-20 10:43:00,318,2241.4,1638,United Kingdom
16398.0,1,2011-03-31 09:38:00,2011-03-31 09:38:00,63,1150.05,501,United Kingdom
16399.0,2,2010-11-15 15:03:00,2011-04-18 13:46:00,64,398.81,330,United Kingdom
16401.0,16,2010-06-02 13:13:00,2011-05-13 12:44:00,86,4224.64,3641,United Kingdom
16402.0,2,2010-12-05 13:42:00,2011-03-20 12:25:00,55,293.45,146,United Kingdom
16403.0,1,2011-01-31 13:39:00,2011-01-31 13:39:00,10,161.05,103,United Kingdom
16405.0,2,2011-02-02 17:08:00,2011-02-10 15:24:00,3,167.25,187,United Kingdom
16407.0,9,2010-10-03 13:56:00,2011-05-29 14:28:00,71,1471.76,741,United Kingdom
16409.0,6,2010-07-02 14:15:00,2011-04-11 17:12:00,255,3271.66,2161,United Kingdom
16411.0,3,2010-10-07 15:09:00,2010-12-05 13:26:00,119,673.24,399,United Kingdom
16414.0,2,2010-10-04 12:19:00,2011-03-04 13:27:00,47,243.19,91,United Kingdom
16418.0,3,2010-10-13 12:31:00,2011-04-27 16:54:00,71,543.53,371,United Kingdom
16419.0,2,2011-02-01 12:25:00,2011-03-09 14:49:00,22,504.18,204,United Kingdom
16422.0,66,2010-06-07 09:49:00,2011-05-23 13:06:00,100,34339.06,35807,United Kingdom
16425.0,1,2011-02-10 14:30:00,2011-02-10 14:30:00,21,302.7,199,United Kingdom
16426.0,1,2011-03-08 15:45:00,2011-03-08 15:45:00,11,328.37,157,United Kingdom
16427.0,2,2011-02-28 15:18:00,2011-03-21 17:10:00,8,241.06,156,United Kingdom
16431.0,3,2011-02-15 14:02:00,2011-05-10 14:09:00,51,623.28,442,United Kingdom
16434.0,5,2010-09-05 12:05:00,2011-05-31 14:37:00,58,1231.53,605,United Kingdom
16440.0,2,2010-08-03 11:32:00,2011-05-09 12:25:00,58,488.76,205,United Kingdom
16441.0,3,2010-09-30 20:08:00,2011-02-21 17:35:00,42,606.29,302,United Kingdom
16442.0,2,2010-12-14 10:46:00,2011-04-26 11:51:00,99,432.43,352,United Kingdom
16444.0,13,2010-06-06 12:17:00,2011-05-29 11:03:00,176,2754.15,1436,United Kingdom
16446.0,1,2011-05-18 09:52:00,2011-05-18 09:52:00,2,-6.1,0,United Kingdom
16448.0,2,2010-08-25 16:58:00,2011-05-25 16:28:00,45,361.12,176,United Kingdom
16449.0,2,2011-03-04 12:15:00,2011-05-26 10:25:00,40,707.69,367,United Kingdom
16455.0,8,2010-10-07 16:14:00,2011-05-19 11:28:00,75,2320.31,1451,United Kingdom
16456.0,8,2010-06-21 09:56:00,2011-04-26 09:44:00,156,4024.51,2122,United Kingdom
16457.0,1,2011-05-05 13:19:00,2011-05-05 13:19:00,9,208.36,140,United Kingdom
16458.0,17,2010-06-14 13:42:00,2011-05-06 12:53:00,69,3231.55,1865,United Kingdom
16462.0,1,2011-03-01 08:58:00,2011-03-01 08:58:00,1,34.0,4,United Kingdom
16463.0,1,2011-05-19 14:45:00,2011-05-19 14:45:00,19,314.42,178,United Kingdom
16466.0,7,2010-06-06 12:27:00,2011-05-15 11:35:00,71,1283.94,611,United Kingdom
16469.0,3,2010-07-13 13:17:00,2011-04-07 13:16:00,73,446.78000000000003,183,United Kingdom
16470.0,7,2010-06-04 11:47:00,2011-05-31 11:39:00,211,1648.83,830,United Kingdom
16471.0,2,2010-11-11 15:47:00,2011-03-10 09:41:00,28,524.2,298,United Kingdom
16473.0,3,2010-11-30 16:29:00,2011-02-25 13:51:00,21,371.28,245,United Kingdom
16475.0,1,2011-03-11 09:39:00,2011-03-11 09:39:00,20,310.0,192,United Kingdom
16477.0,9,2010-08-12 09:43:00,2011-05-09 14:40:00,152,3152.42,1962,United Kingdom
16483.0,1,2011-05-31 13:08:00,2011-05-31 13:08:00,19,139.35,44,United Kingdom
16493.0,4,2010-07-05 13:05:00,2011-02-27 15:42:00,20,682.75,612,United Kingdom
16494.0,1,2011-02-16 12:49:00,2011-02-16 12:49:00,47,826.53,675,United Kingdom
16495.0,2,2011-03-08 16:38:00,2011-03-08 16:39:00,32,246.51,166,United Kingdom
16496.0,5,2010-07-18 13:42:00,2011-05-16 10:48:00,101,1916.29,1437,United Kingdom
16497.0,15,2010-06-06 13:52:00,2011-05-20 13:58:00,149,3518.79,1659,United Kingdom
16499.0,8,2010-06-11 12:22:00,2010-12-14 13:31:00,104,2509.64,1354,United Kingdom
16500.0,4,2010-06-14 14:54:00,2011-01-13 10:28:00,20,600.1,263,United Kingdom
16503.0,10,2010-06-21 14:07:00,2011-05-09 15:48:00,157,3259.35,1408,United Kingdom
16509.0,1,2011-02-16 09:25:00,2011-02-16 09:25:00,13,363.70000000000005,64,United Kingdom
16511.0,3,2010-09-21 13:37:00,2011-03-18 11:24:00,122,870.36,327,United Kingdom
16515.0,7,2010-06-17 12:17:00,2011-04-07 11:12:00,150,2174.26,1050,United Kingdom
16517.0,1,2011-03-07 13:50:00,2011-03-07 13:50:00,17,162.70000000000002,96,United Kingdom
16518.0,3,2010-06-01 13:31:00,2011-02-28 16:36:00,39,644.65,313,United Kingdom
16519.0,2,2010-08-11 14:34:00,2010-12-09 14:08:00,8,163.55,51,United Kingdom
16520.0,3,2010-10-11 11:34:00,2011-04-14 14:14:00,158,1079.73,564,United Kingdom
16523.0,12,2010-08-26 16:25:00,2011-05-24 08:21:00,85,4168.89,1548,United Kingdom
16525.0,23,2010-06-09 16:42:00,2011-05-27 10:55:00,78,10142.43,5489,United Kingdom
16531.0,7,2010-09-24 09:49:00,2011-02-18 14:21:00,80,1503.82,1296,United Kingdom
16532.0,2,2010-10-04 11:52:00,2011-01-05 12:37:00,1,3056.6400000000003,768,United Kingdom
16539.0,9,2010-06-25 15:24:00,2011-05-04 09:52:00,81,2954.46,958,United Kingdom
16546.0,5,2010-09-23 15:43:00,2011-02-22 11:20:00,75,4421.04,3358,United Kingdom
16549.0,20,2010-06-02 14:24:00,2011-01-09 14:03:00,606,8219.15,4479,United Kingdom
16550.0,7,2010-06-16 11:48:00,2011-04-18 13:30:00,184,3843.25,2609,United Kingdom
16551.0,2,2010-10-12 15:09:00,2011-01-07 10:24:00,23,664.63,591,United Kingdom
16552.0,2,2010-12-01 12:36:00,2011-04-11 10:04:00,17,379.73,219,United Kingdom
16553.0,24,2010-07-26 13:35:00,2011-05-18 12:58:00,154,13255.52,12741,United Kingdom
16554.0,5,2010-06-17 14:04:00,2011-05-01 14:17:00,75,1283.04,656,United Kingdom
16556.0,9,2010-06-30 09:12:00,2011-05-22 11:30:00,144,3394.97,1974,United Kingdom
16558.0,24,2010-06-13 16:10:00,2011-05-31 10:45:00,243,6986.92,3843,United Kingdom
16560.0,2,2010-11-07 12:04:00,2010-12-16 14:36:00,38,664.31,410,United Kingdom
16565.0,4,2010-06-02 12:47:00,2010-12-10 15:21:00,7,700.45,191,United Kingdom
16566.0,2,2011-02-20 10:29:00,2011-05-31 08:32:00,6,280.12,128,United Kingdom
16567.0,2,2011-01-07 09:31:00,2011-05-29 13:57:00,34,865.6,996,United Kingdom
16570.0,11,2010-07-06 10:12:00,2011-05-18 16:37:00,74,3744.27,2313,United Kingdom
16571.0,6,2010-06-28 12:27:00,2011-03-03 09:41:00,102,2414.0,2052,United Kingdom
16572.0,1,2011-03-09 12:04:00,2011-03-09 12:04:00,21,342.58,202,United Kingdom
16573.0,1,2011-02-22 15:14:00,2011-02-22 15:14:00,16,282.38,106,United Kingdom
16584.0,3,2010-07-28 10:45:00,2011-03-30 13:14:00,36,1822.1100000000001,1203,United Kingdom
16586.0,2,2010-09-21 10:11:00,2011-04-05 09:32:00,22,1134.73,281,United Kingdom
16587.0,1,2011-04-21 15:51:00,2011-04-21 15:51:00,13,225.15,71,United Kingdom
16592.0,14,2010-06-09 10:38:00,2011-05-22 15:28:00,125,3341.85,2650,United Kingdom
16593.0,4,2010-09-26 15:19:00,2011-01-16 12:11:00,37,531.98,258,United Kingdom
16596.0,1,2010-12-08 16:18:00,2010-12-08 16:18:00,6,120.65,47,United Kingdom
16598.0,1,2011-02-27 11:42:00,2011-02-27 11:42:00,10,140.7,70,United Kingdom
16600.0,8,2010-08-13 14:47:00,2011-03-31 19:20:00,60,1236.14,1228,United Kingdom
16607.0,16,2010-06-14 12:36:00,2011-05-16 09:58:00,125,3146.28,2214,United Kingdom
16609.0,3,2011-04-01 10:11:00,2011-05-26 13:34:00,87,1987.6200000000001,823,United Kingdom
16610.0,1,2011-05-04 13:13:00,2011-05-04 13:13:00,6,75.66,66,United Kingdom
16612.0,4,2010-07-28 08:38:00,2011-02-01 10:38:00,60,1418.9,588,United Kingdom
16617.0,1,2011-04-18 10:35:00,2011-04-18 10:35:00,5,151.85,91,United Kingdom
16618.0,4,2011-01-21 11:55:00,2011-05-13 10:37:00,44,1424.34,770,United Kingdom
16619.0,2,2010-11-21 16:02:00,2011-03-21 08:18:00,32,551.61,247,United Kingdom
16620.0,2,2010-11-15 09:14:00,2011-03-24 10:37:00,20,364.26,261,United Kingdom
16621.0,2,2011-03-07 11:32:00,2011-05-08 10:43:00,14,490.7,142,United Kingdom
16623.0,3,2010-06-21 12:11:00,2011-04-08 10:09:00,33,774.24,282,United Kingdom
16624.0,1,2011-05-26 14:20:00,2011-05-26 14:20:00,21,426.43,196,United Kingdom
16625.0,5,2010-06-14 11:56:00,2011-03-10 12:50:00,82,1651.08,1056,United Kingdom
16626.0,1,2011-03-18 12:27:00,2011-03-18 12:27:00,47,793.65,358,United Kingdom
16628.0,3,2010-10-28 08:38:00,2011-05-05 15:44:00,39,764.96,369,United Kingdom
16633.0,1,2011-04-19 14:36:00,2011-04-19 14:36:00,26,447.52,177,United Kingdom
16634.0,4,2010-10-28 09:43:00,2011-05-01 12:09:00,41,892.65,409,United Kingdom
16637.0,1,2011-04-28 10:20:00,2011-04-28 10:20:00,16,303.62,140,United Kingdom
16638.0,11,2010-08-18 13:33:00,2011-03-27 15:41:00,99,1906.6000000000001,1034,United Kingdom
16639.0,3,2010-10-26 18:23:00,2011-05-17 10:10:00,48,961.62,400,United Kingdom
16642.0,2,2010-10-20 14:22:00,2011-05-16 12:35:00,33,670.86,396,United Kingdom
16643.0,2,2010-10-13 09:47:00,2011-04-08 08:24:00,48,915.5600000000001,550,United Kingdom
16644.0,1,2011-05-11 12:53:00,2011-05-11 12:53:00,54,722.41,751,United Kingdom
16647.0,3,2010-06-13 15:52:00,2011-05-19 09:31:00,25,455.59,315,United Kingdom
16652.0,10,2010-06-06 12:41:00,2011-05-11 12:50:00,98,9850.93,3763,United Kingdom
16654.0,5,2010-07-01 13:37:00,2011-04-18 15:43:00,48,1108.65,434,United Kingdom
16655.0,5,2010-06-07 12:43:00,2011-01-12 10:16:00,163,2516.6,1275,United Kingdom
16656.0,15,2010-06-09 14:42:00,2011-05-31 09:38:00,17,6644.63,6400,United Kingdom
16657.0,1,2011-03-30 12:02:00,2011-03-30 12:02:00,65,215.43,394,United Kingdom
16658.0,3,2010-08-31 17:39:00,2010-12-06 13:47:00,30,335.34,124,United Kingdom
16660.0,4,2010-09-07 15:09:00,2011-05-13 10:44:00,9,854.66,616,United Kingdom
16665.0,1,2010-12-12 14:03:00,2010-12-12 14:03:00,9,135.4,59,United Kingdom
16667.0,1,2011-02-28 12:57:00,2011-02-28 12:57:00,20,200.4,77,United Kingdom
16668.0,8,2010-06-01 12:18:00,2011-05-09 16:35:00,21,539.74,484,United Kingdom
16670.0,11,2010-07-16 16:10:00,2011-04-06 12:49:00,151,3818.71,2199,United Kingdom
16672.0,8,2011-03-18 10:15:00,2011-05-19 15:31:00,22,3488.34,1374,United Kingdom
16676.0,5,2010-10-17 13:07:00,2011-05-10 15:10:00,90,1834.88,698,United Kingdom
16678.0,5,2011-03-02 09:24:00,2011-05-26 08:38:00,52,1264.15,799,United Kingdom
16679.0,3,2010-06-10 18:35:00,2010-12-08 13:51:00,15,663.3100000000001,247,United Kingdom
16681.0,3,2011-03-31 13:46:00,2011-05-18 16:52:00,13,875.84,734,United Kingdom
16684.0,30,2010-06-07 09:55:00,2011-05-18 10:50:00,142,81873.07,56131,United Kingdom
16686.0,9,2010-06-30 11:43:00,2011-05-29 14:08:00,288,2206.44,1872,United Kingdom
16690.0,3,2010-09-14 15:00:00,2011-05-22 10:53:00,7,213.95000000000002,117,United Kingdom
16692.0,4,2010-09-24 11:31:00,2011-03-28 14:46:00,2,1764.6999999999998,877,United Kingdom
16693.0,3,2010-07-11 11:02:00,2011-03-13 11:06:00,77,649.0500000000001,389,United Kingdom
16696.0,3,2011-04-05 15:20:00,2011-05-20 14:56:00,7,558.9,126,United Kingdom
16697.0,1,2011-04-12 17:12:00,2011-04-12 17:12:00,20,112.75,27,United Kingdom
16698.0,2,2011-03-31 13:33:00,2011-04-27 10:52:00,4,1998.0,840,United Kingdom
16700.0,13,2010-07-07 11:25:00,2011-05-22 14:53:00,158,4430.84,3287,United Kingdom
16701.0,13,2010-06-06 12:16:00,2011-05-18 11:08:00,96,4598.21,4585,United Kingdom
16705.0,17,2010-06-04 13:54:00,2011-05-16 12:05:00,237,24070.32,13845,United Kingdom
16709.0,10,2010-06-13 14:47:00,2011-05-24 11:46:00,132,5076.28,1759,United Kingdom
16710.0,12,2010-06-13 14:30:00,2011-05-16 15:53:00,358,3400.72,2068,United Kingdom
16711.0,3,2010-11-25 13:53:00,2011-02-10 14:46:00,6,920.6,180,United Kingdom
16712.0,6,2010-11-03 15:45:00,2011-05-11 15:13:00,171,1819.78,889,United Kingdom
16713.0,17,2010-06-08 11:48:00,2011-04-18 11:29:00,293,6034.34,2957,United Kingdom
16714.0,2,2011-01-26 13:40:00,2011-01-26 13:46:00,76,864.0600000000001,586,United Kingdom
16716.0,2,2011-02-01 15:35:00,2011-03-18 10:03:00,1,319.8000000000001,44,United Kingdom
16717.0,6,2010-10-08 09:32:00,2010-12-08 16:48:00,97,1971.3700000000001,840,United Kingdom
16718.0,1,2010-12-05 13:03:00,2010-12-05 13:03:00,41,606.05,407,United Kingdom
16719.0,8,2010-06-07 12:18:00,2011-04-18 10:21:00,138,1845.74,1285,United Kingdom
16721.0,1,2011-03-22 16:08:00,2011-03-22 16:08:00,37,292.47,172,United Kingdom
16722.0,10,2010-06-03 09:54:00,2011-05-23 11:52:00,92,4123.28,3512,United Kingdom
16725.0,12,2010-08-22 11:45:00,2011-02-10 16:52:00,197,1470.68,549,United Kingdom
16726.0,6,2010-10-24 16:09:00,2011-05-27 13:00:00,117,1482.3,890,United Kingdom
16727.0,2,2010-11-12 14:05:00,2010-12-10 13:48:00,98,569.08,386,United Kingdom
16728.0,2,2011-03-20 13:28:00,2011-04-17 11:04:00,82,326.93,210,United Kingdom
16729.0,9,2011-04-12 14:22:00,2011-05-23 15:33:00,113,2820.73,2090,United Kingdom
16730.0,2,2011-01-24 14:01:00,2011-04-19 12:41:00,35,440.62,654,United Kingdom
16735.0,5,2010-09-03 13:45:00,2011-04-14 12:12:00,99,2859.7400000000002,1891,United Kingdom
16738.0,1,2011-02-15 09:46:00,2011-02-15 09:46:00,1,3.75,3,United Kingdom
16743.0,8,2010-06-17 13:06:00,2011-05-12 12:57:00,80,2638.56,2212,United Kingdom
16745.0,9,2011-02-01 11:31:00,2011-05-12 12:11:00,117,3574.43,3857,United Kingdom
16746.0,21,2010-06-01 14:23:00,2011-05-29 15:35:00,281,9274.67,5442,United Kingdom
16748.0,8,2010-06-22 13:23:00,2011-05-06 11:26:00,47,2315.74,1329,United Kingdom
16750.0,1,2011-04-21 16:53:00,2011-04-21 16:53:00,10,118.7,18,United Kingdom
16755.0,3,2010-08-29 15:45:00,2011-04-27 14:01:00,104,1263.96,997,United Kingdom
16756.0,5,2010-06-20 14:29:00,2011-05-09 09:33:00,42,841.1,372,United Kingdom
16757.0,2,2010-10-26 15:09:00,2011-01-25 11:59:00,13,270.48,180,United Kingdom
16763.0,1,2011-05-25 11:52:00,2011-05-25 11:52:00,23,611.8499999999999,319,United Kingdom
16765.0,2,2010-11-22 13:42:00,2011-02-18 15:41:00,52,454.75,311,United Kingdom
16766.0,2,2011-03-11 13:34:00,2011-03-11 15:22:00,17,1145.6,536,United Kingdom
16767.0,6,2010-07-16 15:27:00,2011-05-04 16:36:00,117,4238.06,3799,United Kingdom
16768.0,4,2010-06-13 11:44:00,2011-03-13 10:25:00,51,690.2,358,United Kingdom
16769.0,2,2010-08-18 14:43:00,2011-03-24 13:41:00,52,722.59,182,United Kingdom
16770.0,8,2010-08-22 16:08:00,2011-04-17 12:49:00,174,1639.1100000000001,947,United Kingdom
16771.0,5,2010-06-13 12:35:00,2011-03-09 13:56:00,157,1854.0,1139,United Kingdom
16775.0,9,2010-09-23 17:34:00,2011-05-18 11:14:00,92,1739.53,568,United Kingdom
16777.0,3,2010-06-27 11:20:00,2011-03-27 14:34:00,93,1014.3000000000001,358,United Kingdom
16778.0,1,2011-03-10 15:21:00,2011-03-10 15:21:00,5,93.18,66,United Kingdom
16779.0,22,2010-06-04 12:37:00,2011-05-04 13:12:00,194,8731.73,5480,United Kingdom
16780.0,2,2010-10-28 19:41:00,2011-03-25 17:34:00,44,336.05,181,United Kingdom
16782.0,25,2010-06-06 12:07:00,2011-05-19 13:08:00,452,7382.21,3237,United Kingdom
16788.0,3,2010-06-07 15:31:00,2011-03-30 13:05:00,211,1215.0,588,United Kingdom
16791.0,9,2010-06-08 13:27:00,2011-05-10 13:26:00,241,2018.68,1082,United Kingdom
16792.0,3,2010-11-21 12:11:00,2011-03-02 14:41:00,31,256.27,137,United Kingdom
16795.0,2,2010-10-19 15:33:00,2010-12-09 14:08:00,206,1435.79,871,United Kingdom
16801.0,3,2011-03-11 13:56:00,2011-05-31 11:14:00,70,701.48,292,United Kingdom
16804.0,1,2011-03-14 15:48:00,2011-03-14 15:48:00,19,118.05,34,United Kingdom
16805.0,1,2010-12-14 13:35:00,2010-12-14 13:35:00,55,214.76999999999998,270,United Kingdom
16806.0,2,2011-04-14 19:59:00,2011-05-03 15:15:00,27,370.68,184,United Kingdom
16807.0,3,2010-08-26 14:29:00,2011-05-08 11:34:00,64,1010.32,746,United Kingdom
16808.0,1,2011-03-10 19:05:00,2011-03-10 19:05:00,19,166.5,116,United Kingdom
16809.0,5,2010-07-01 13:42:00,2011-05-15 12:53:00,67,892.46,572,United Kingdom
16810.0,2,2010-10-15 15:32:00,2011-05-31 15:32:00,34,786.14,367,United Kingdom
16812.0,4,2010-11-22 14:36:00,2010-12-14 12:35:00,98,2216.8,1100,United Kingdom
16813.0,1,2011-05-19 13:28:00,2011-05-19 13:28:00,87,191.11,141,United Kingdom
16814.0,22,2010-06-14 12:46:00,2011-05-31 10:43:00,164,7269.96,2900,United Kingdom
16816.0,2,2010-12-16 17:01:00,2011-01-30 15:40:00,20,325.45,191,United Kingdom
16817.0,10,2010-10-04 09:06:00,2011-05-05 17:42:00,80,1839.05,974,United Kingdom
16818.0,2,2011-05-18 11:42:00,2011-05-22 15:44:00,45,694.64,396,United Kingdom
16823.0,5,2010-09-03 11:49:00,2011-04-26 15:00:00,112,1780.76,911,United Kingdom
16832.0,4,2010-09-07 12:35:00,2011-05-20 14:47:00,19,355.11,174,United Kingdom
16833.0,4,2010-09-26 11:23:00,2011-03-25 08:53:00,62,1660.92,656,United Kingdom
16834.0,1,2011-04-26 09:37:00,2011-04-26 09:37:00,24,413.46,358,United Kingdom
16837.0,8,2011-04-08 08:48:00,2011-05-26 11:38:00,76,1811.49,706,United Kingdom
16838.0,3,2010-06-27 14:49:00,2011-05-26 13:13:00,36,785.43,317,United Kingdom
16839.0,20,2010-06-17 13:48:00,2011-05-27 09:32:00,87,10311.26,5075,United Kingdom
16841.0,5,2010-06-25 12:57:00,2011-05-10 10:20:00,90,1622.83,1106,United Kingdom
16842.0,1,2011-02-10 14:51:00,2011-02-10 14:51:00,30,520.5699999999999,370,United Kingdom
16843.0,16,2010-06-08 11:28:00,2011-05-26 14:45:00,135,8772.59,6917,United Kingdom
16850.0,1,2011-01-10 11:09:00,2011-01-10 11:09:00,19,332.41,249,United Kingdom
16858.0,4,2010-06-27 11:16:00,2010-12-06 09:52:00,48,1958.1000000000001,630,United Kingdom
16859.0,5,2010-07-07 09:36:00,2011-03-23 13:39:00,42,1186.67,1257,United Kingdom
16863.0,2,2010-10-26 10:03:00,2010-12-08 08:58:00,27,494.27000000000004,335,United Kingdom
16871.0,4,2011-03-14 10:31:00,2011-05-13 11:44:00,104,1986.97,858,United Kingdom
16873.0,6,2010-07-07 12:34:00,2011-05-26 10:43:00,146,6996.04,4096,United Kingdom
16875.0,6,2010-07-29 11:06:00,2011-02-16 13:02:00,72,1359.5,729,United Kingdom
16877.0,1,2011-05-15 16:13:00,2011-05-15 16:13:00,25,77.75,35,United Kingdom
16882.0,2,2011-01-26 17:43:00,2011-04-14 14:36:00,15,215.70000000000002,102,United Kingdom
16883.0,15,2010-06-07 12:12:00,2010-12-03 10:33:00,129,1764.96,813,United Kingdom
16885.0,2,2010-11-19 12:51:00,2010-12-17 17:23:00,65,410.89,214,United Kingdom
16889.0,5,2010-07-11 10:49:00,2011-05-29 11:05:00,150,2169.65,1361,United Kingdom
16891.0,2,2010-08-18 12:34:00,2010-12-03 11:35:00,91,352.4,129,United Kingdom
16893.0,2,2010-11-28 15:14:00,2010-12-08 12:06:00,79,249.47,116,United Kingdom
16897.0,2,2011-01-30 11:52:00,2011-02-13 15:02:00,37,213.03,58,United Kingdom
16898.0,2,2010-10-20 13:00:00,2010-12-06 12:23:00,86,239.26999999999998,178,United Kingdom
16899.0,4,2010-11-07 15:00:00,2011-05-16 15:53:00,68,772.26,430,United Kingdom
16904.0,11,2010-10-24 16:03:00,2011-04-28 15:13:00,313,2252.96,1168,United Kingdom
16905.0,7,2010-07-30 11:08:00,2011-04-17 11:30:00,70,1610.2,552,United Kingdom
16906.0,3,2010-10-07 15:01:00,2011-05-18 12:15:00,89,719.66,276,United Kingdom
16907.0,7,2010-07-01 17:30:00,2011-04-19 14:56:00,88,1073.24,332,United Kingdom
16912.0,7,2010-09-16 12:20:00,2011-05-16 10:43:00,81,2297.8,883,United Kingdom
16913.0,1,2011-02-22 12:56:00,2011-02-22 12:56:00,8,113.44,82,United Kingdom
16915.0,6,2010-07-13 09:45:00,2011-04-05 13:48:00,32,788.5400000000001,100,United Kingdom
16917.0,1,2011-03-08 11:55:00,2011-03-08 11:55:00,9,391.52,232,United Kingdom
16918.0,5,2010-06-23 17:04:00,2011-01-26 17:37:00,119,1081.38,704,United Kingdom
16919.0,22,2010-08-19 15:28:00,2011-05-31 15:16:00,215,4300.66,1875,United Kingdom
16923.0,17,2010-06-29 12:39:00,2011-05-24 17:34:00,249,6458.88,2933,United Kingdom
16926.0,5,2010-07-01 12:57:00,2010-12-03 13:42:00,63,1158.66,196,United Kingdom
16927.0,2,2010-12-13 11:57:00,2011-03-08 13:21:00,5,341.45,513,United Kingdom
16928.0,14,2010-09-10 14:31:00,2011-05-08 11:56:00,117,1698.6399999999999,1051,United Kingdom
16931.0,11,2010-11-07 13:24:00,2011-05-29 11:34:00,277,2380.46,1444,United Kingdom
16933.0,5,2010-07-29 16:25:00,2011-04-14 13:33:00,88,1214.29,483,United Kingdom
16938.0,4,2010-08-03 14:23:00,2011-02-04 09:34:00,299,2758.2400000000002,1681,United Kingdom
16940.0,3,2010-06-15 12:11:00,2011-02-23 12:27:00,160,2165.64,1442,United Kingdom
16942.0,3,2011-04-26 11:59:00,2011-05-04 12:32:00,54,568.26,239,United Kingdom
16943.0,3,2011-01-25 14:00:00,2011-05-12 11:57:00,23,816.73,145,United Kingdom
16945.0,16,2010-06-13 11:42:00,2011-05-22 11:54:00,153,4142.49,2767,United Kingdom
16947.0,2,2010-09-03 12:22:00,2011-04-18 09:38:00,22,406.48,312,United Kingdom
16948.0,4,2010-06-22 11:48:00,2011-03-23 08:26:00,14,444.03999999999996,540,United Kingdom
16949.0,3,2011-01-27 12:11:00,2011-05-05 12:24:00,22,505.75,189,United Kingdom
16950.0,6,2010-06-27 12:32:00,2010-12-07 15:20:00,67,1835.46,1322,United Kingdom
16951.0,1,2011-02-08 14:58:00,2011-02-08 14:58:00,70,1053.79,1066,United Kingdom
16954.0,9,2010-06-13 13:06:00,2011-03-30 11:32:00,49,2480.42,1666,United Kingdom
16955.0,4,2010-06-03 12:36:00,2011-01-07 15:42:00,28,621.23,400,United Kingdom
16957.0,2,2011-03-03 09:25:00,2011-04-14 13:56:00,15,416.64,172,United Kingdom
16960.0,5,2010-06-01 11:27:00,2011-04-01 11:54:00,216,1217.98,874,United Kingdom
16965.0,1,2011-04-27 12:08:00,2011-04-27 12:08:00,25,192.07,243,United Kingdom
16966.0,3,2011-04-13 14:17:00,2011-05-26 12:07:00,8,1154.4,1176,United Kingdom
16976.0,1,2011-03-17 16:33:00,2011-03-17 16:33:00,2,251.51999999999998,88,United Kingdom
16979.0,4,2010-09-15 14:30:00,2011-02-15 09:20:00,41,1315.24,672,United Kingdom
16980.0,3,2010-10-07 14:05:00,2011-03-29 16:36:00,91,1422.83,990,United Kingdom
16983.0,7,2010-09-19 12:38:00,2011-03-13 13:36:00,92,2195.95,1415,United Kingdom
16985.0,13,2010-07-11 12:34:00,2011-05-12 09:11:00,61,5010.88,1566,United Kingdom
16987.0,2,2010-11-28 15:24:00,2011-05-18 15:55:00,59,471.55,124,United Kingdom
16990.0,2,2010-10-13 11:42:00,2011-05-05 08:30:00,1,344.0,200,United Kingdom
16992.0,9,2010-06-21 13:28:00,2011-05-24 09:20:00,182,4406.01,1514,United Kingdom
16996.0,7,2010-10-18 12:24:00,2011-04-08 12:56:00,30,1308.73,605,United Kingdom
16997.0,3,2011-01-18 11:51:00,2011-02-24 17:28:00,7,702.0,360,United Kingdom
16998.0,4,2010-09-21 14:39:00,2011-05-19 14:30:00,2,386.6,100,United Kingdom
17001.0,12,2010-06-27 14:38:00,2011-05-16 09:02:00,69,3875.93,2151,United Kingdom
17002.0,3,2010-09-22 13:51:00,2011-05-08 11:21:00,35,1637.38,800,United Kingdom
17007.0,5,2010-09-28 13:51:00,2011-05-22 11:26:00,40,680.4,397,United Kingdom
17017.0,19,2010-06-16 10:29:00,2011-05-19 12:09:00,97,7992.45,5999,United Kingdom
17018.0,2,2010-11-17 14:23:00,2011-01-18 08:46:00,9,810.0,120,United Kingdom
17019.0,8,2010-06-28 12:38:00,2011-03-23 11:16:00,253,2693.87,1807,United Kingdom
17026.0,2,2010-10-18 15:22:00,2010-12-05 12:47:00,4,54.15,35,United Kingdom
17027.0,4,2010-09-19 14:11:00,2011-03-01 13:04:00,82,580.35,398,United Kingdom
17029.0,4,2010-07-01 08:39:00,2011-04-17 10:57:00,18,1178.3,665,United Kingdom
17033.0,3,2010-11-07 12:55:00,2011-05-09 16:01:00,22,910.75,311,United Kingdom
17034.0,3,2010-07-14 12:55:00,2011-02-25 10:10:00,31,639.05,365,United Kingdom
17035.0,2,2011-02-01 12:27:00,2011-04-08 11:23:00,27,388.33,201,United Kingdom
17041.0,2,2010-11-07 12:56:00,2010-12-14 11:43:00,40,652.0,330,United Kingdom
17042.0,2,2011-04-06 14:53:00,2011-05-27 10:15:00,51,487.59,445,United Kingdom
17043.0,3,2010-11-08 14:53:00,2011-03-18 14:53:00,31,468.46999999999997,274,United Kingdom
17045.0,3,2010-10-06 14:52:00,2011-04-06 12:08:00,29,528.19,189,United Kingdom
17047.0,3,2010-10-04 09:14:00,2011-05-18 16:51:00,61,1171.83,590,United Kingdom
17048.0,4,2010-08-27 11:50:00,2011-03-02 12:03:00,60,1445.42,788,United Kingdom
17049.0,10,2010-08-02 09:14:00,2011-05-09 09:16:00,156,4202.29,1536,United Kingdom
17050.0,7,2010-06-25 14:15:00,2011-04-03 14:42:00,157,3110.12,1412,United Kingdom
17051.0,2,2010-09-19 15:09:00,2011-05-29 14:13:00,65,423.44,358,United Kingdom
17054.0,3,2011-04-08 13:14:00,2011-05-16 12:57:00,46,918.82,544,United Kingdom
17058.0,2,2011-04-14 09:18:00,2011-05-24 13:50:00,42,819.66,455,United Kingdom
17059.0,5,2010-06-14 13:03:00,2011-05-26 13:01:00,217,2328.12,1421,United Kingdom
17060.0,1,2011-03-18 13:27:00,2011-03-18 13:27:00,5,234.23999999999998,216,United Kingdom
17061.0,7,2011-04-21 13:29:00,2011-05-31 10:24:00,46,3134.13,1008,United Kingdom
17062.0,6,2010-09-26 11:57:00,2011-01-30 11:01:00,81,880.8100000000001,630,United Kingdom
17063.0,5,2010-08-10 12:06:00,2011-02-23 13:45:00,63,1376.72,708,United Kingdom
17064.0,1,2011-01-16 16:10:00,2011-01-16 16:10:00,21,143.95,72,United Kingdom
17068.0,30,2010-06-10 12:39:00,2011-05-19 16:04:00,199,5664.96,2689,United Kingdom
17069.0,7,2010-10-03 15:41:00,2011-04-27 11:32:00,96,2597.77,1219,United Kingdom
17071.0,6,2010-06-07 09:43:00,2011-04-14 12:35:00,78,1810.6000000000001,918,United Kingdom
17075.0,5,2010-08-18 15:35:00,2011-03-31 13:47:00,101,1320.15,491,United Kingdom
17076.0,3,2010-11-12 10:51:00,2011-03-11 08:59:00,18,544.12,224,United Kingdom
17080.0,6,2010-07-01 16:03:00,2011-03-15 12:05:00,19,744.11,473,United Kingdom
17082.0,2,2010-11-10 09:19:00,2011-01-25 14:36:00,43,1579.74,831,United Kingdom
17083.0,5,2010-07-01 10:41:00,2011-02-17 11:46:00,26,2385.44,1192,United Kingdom
17085.0,17,2010-07-11 12:00:00,2011-04-03 11:36:00,310,5143.55,2372,United Kingdom
17088.0,1,2011-03-31 09:48:00,2011-03-31 09:48:00,55,1015.83,355,United Kingdom
17090.0,9,2010-07-19 16:02:00,2011-04-26 10:23:00,23,1663.14,730,United Kingdom
17091.0,10,2010-06-11 17:18:00,2011-04-13 15:52:00,196,4023.88,2188,United Kingdom
17092.0,6,2010-06-23 17:28:00,2011-03-07 14:51:00,154,2800.41,2006,United Kingdom
17094.0,2,2010-10-12 10:48:00,2011-01-21 13:09:00,18,370.40000000000003,208,United Kingdom
17095.0,4,2010-08-22 15:12:00,2011-02-13 13:52:00,68,1135.3700000000001,982,United Kingdom
17096.0,8,2010-06-02 14:48:00,2011-03-23 12:05:00,132,2770.39,1329,United Kingdom
17097.0,3,2010-10-05 14:09:00,2011-01-19 13:32:00,97,476.58,238,Spain
17102.0,1,2011-03-23 10:08:00,2011-03-23 10:08:00,1,25.5,2,United Kingdom
17105.0,1,2011-02-06 14:46:00,2011-02-06 14:46:00,38,319.4,359,United Kingdom
17107.0,5,2010-06-03 19:05:00,2011-05-15 12:21:00,242,7740.06,3676,United Kingdom
17109.0,4,2010-07-30 12:42:00,2011-04-21 15:51:00,70,875.01,448,United Kingdom
17114.0,4,2011-01-09 11:39:00,2011-05-15 14:15:00,59,428.54,127,United Kingdom
17115.0,2,2010-06-09 11:10:00,2011-04-20 14:46:00,33,674.47,263,United Kingdom
17117.0,1,2011-02-24 13:54:00,2011-02-24 13:54:00,9,116.2,68,United Kingdom
17118.0,1,2011-01-26 12:19:00,2011-01-26 12:19:00,10,157.02,154,United Kingdom
17120.0,1,2011-04-20 15:21:00,2011-04-20 15:21:00,18,307.46,120,United Kingdom
17126.0,6,2010-08-31 13:41:00,2011-02-13 12:05:00,220,1511.2,901,United Kingdom
17128.0,1,2011-01-09 12:02:00,2011-01-09 12:02:00,14,157.09,76,United Kingdom
17133.0,4,2010-06-07 16:52:00,2011-04-07 12:59:00,14,2553.4300000000003,1653,United Kingdom
17134.0,2,2010-09-23 18:32:00,2011-03-20 11:56:00,29,530.8000000000001,122,United Kingdom
17135.0,4,2010-08-08 14:57:00,2011-02-23 10:27:00,59,901.6800000000001,730,United Kingdom
17138.0,3,2010-06-25 13:27:00,2011-03-09 11:54:00,45,847.51,317,United Kingdom
17139.0,12,2010-06-15 13:50:00,2011-05-13 12:13:00,278,9888.83,4428,United Kingdom
17140.0,1,2011-04-06 13:33:00,2011-04-06 13:33:00,16,454.12,296,United Kingdom
17142.0,3,2010-06-24 13:01:00,2011-04-14 18:22:00,56,1049.75,234,United Kingdom
17146.0,8,2010-06-11 12:04:00,2011-03-21 13:51:00,90,3137.04,1240,United Kingdom
17147.0,4,2010-06-04 14:37:00,2011-05-17 10:57:00,57,1641.46,755,United Kingdom
17152.0,4,2010-10-10 12:40:00,2011-05-29 12:19:00,9,1830.5,537,United Kingdom
17158.0,3,2010-06-10 10:38:00,2011-04-21 10:12:00,54,1113.08,656,United Kingdom
17160.0,8,2010-06-16 16:24:00,2011-04-28 13:18:00,135,5614.26,4499,United Kingdom
17162.0,5,2011-02-07 12:27:00,2011-04-08 12:43:00,53,819.3100000000001,506,United Kingdom
17164.0,2,2011-03-11 14:26:00,2011-05-11 09:28:00,49,943.22,602,United Kingdom
17165.0,3,2010-06-01 09:31:00,2011-02-28 16:39:00,40,848.39,339,United Kingdom
17166.0,1,2011-05-20 08:18:00,2011-05-20 08:18:00,10,110.74,54,United Kingdom
17171.0,1,2011-02-23 16:37:00,2011-02-23 16:37:00,16,224.91,185,United Kingdom
17174.0,1,2011-05-06 11:47:00,2011-05-06 11:47:00,4,59.9,41,United Kingdom
17175.0,1,2011-02-16 14:56:00,2011-02-16 14:56:00,27,519.08,332,United Kingdom
17176.0,2,2010-07-01 12:11:00,2011-05-22 12:41:00,27,615.98,340,United Kingdom
17179.0,4,2010-10-13 11:10:00,2011-04-21 16:37:00,65,1090.61,434,United Kingdom
17180.0,6,2010-06-10 18:50:00,2011-04-12 16:20:00,120,1220.58,1049,United Kingdom
17187.0,2,2010-07-01 14:38:00,2011-04-27 12:39:00,21,467.71,426,United Kingdom
17188.0,5,2010-07-19 16:18:00,2011-01-28 12:48:00,57,1993.1200000000001,1037,United Kingdom
17189.0,1,2010-12-15 17:28:00,2010-12-15 17:28:00,36,226.57,102,United Kingdom
17190.0,5,2010-06-08 12:02:00,2011-05-16 15:29:00,139,1069.57,656,United Kingdom
17191.0,9,2010-06-11 14:37:00,2011-03-04 14:28:00,171,2117.57,1189,United Kingdom
17194.0,2,2010-06-27 13:16:00,2010-12-14 12:06:00,56,776.66,413,United Kingdom
17198.0,2,2010-12-03 14:54:00,2010-12-09 13:34:00,73,521.66,242,United Kingdom
17204.0,7,2010-06-10 11:37:00,2011-04-12 15:32:00,107,4958.14,2456,United Kingdom
17211.0,6,2010-10-17 13:10:00,2011-04-20 14:38:00,109,1402.52,854,United Kingdom
17212.0,3,2010-08-10 09:22:00,2011-03-31 19:42:00,29,794.41,727,United Kingdom
17213.0,5,2010-07-07 12:43:00,2011-01-27 14:07:00,62,1641.95,691,United Kingdom
17214.0,4,2010-12-15 15:14:00,2011-04-04 16:28:00,56,611.97,177,United Kingdom
17217.0,1,2011-04-19 17:19:00,2011-04-19 17:19:00,9,113.5,24,United Kingdom
17218.0,10,2010-07-05 16:05:00,2011-05-09 16:59:00,151,2207.91,1159,United Kingdom
17220.0,8,2010-09-08 13:43:00,2011-05-17 13:44:00,217,2097.65,1026,United Kingdom
17223.0,3,2010-11-29 17:19:00,2011-02-02 15:57:00,61,523.04,154,United Kingdom
17226.0,2,2010-09-21 10:10:00,2011-02-04 11:52:00,24,474.49,490,United Kingdom
17227.0,6,2010-06-07 11:25:00,2011-03-28 10:03:00,45,928.21,825,United Kingdom
17228.0,6,2010-07-09 11:44:00,2011-05-16 10:40:00,103,1123.61,1007,United Kingdom
17230.0,8,2010-12-15 11:22:00,2011-03-20 16:12:00,51,3466.67,1553,United Kingdom
17231.0,12,2010-06-13 14:53:00,2011-05-08 16:13:00,305,3071.2,1557,United Kingdom
17236.0,6,2010-07-02 11:27:00,2011-04-11 15:59:00,66,860.42,415,United Kingdom
17238.0,16,2010-06-08 10:49:00,2011-05-17 14:32:00,299,3164.68,1616,United Kingdom
17239.0,4,2010-07-01 10:53:00,2011-01-31 09:41:00,18,1186.9,514,United Kingdom
17243.0,31,2010-06-11 12:15:00,2011-04-17 10:15:00,183,7172.6,2751,United Kingdom
17245.0,1,2011-05-19 10:43:00,2011-05-19 10:43:00,9,171.45000000000002,75,United Kingdom
17250.0,1,2011-03-23 16:45:00,2011-03-23 16:45:00,23,162.65,70,United Kingdom
17251.0,2,2010-11-22 10:42:00,2010-12-12 11:06:00,50,483.88,217,United Kingdom
17255.0,3,2010-09-19 15:53:00,2011-02-13 15:18:00,131,598.48,429,United Kingdom
17256.0,2,2010-08-15 13:19:00,2011-01-31 14:53:00,9,233.2,122,United Kingdom
17259.0,4,2010-06-28 13:52:00,2010-12-06 12:55:00,126,930.49,561,United Kingdom
17262.0,6,2010-07-19 12:18:00,2011-04-26 15:58:00,8,1736.56,467,United Kingdom
17263.0,1,2011-05-15 14:32:00,2011-05-15 14:32:00,23,63.44,36,United Kingdom
17268.0,4,2010-08-05 10:51:00,2011-04-10 10:16:00,3,419.28000000000003,552,United Kingdom
17272.0,2,2011-03-22 12:05:00,2011-05-24 13:46:00,59,1405.34,1159,United Kingdom
17277.0,2,2011-01-21 12:37:00,2011-04-26 12:47:00,67,1065.3500000000001,430,United Kingdom
17278.0,1,2011-04-12 13:10:00,2011-04-12 13:10:00,15,246.04,179,United Kingdom
17282.0,3,2010-06-09 12:07:00,2011-02-13 11:36:00,167,1346.98,1072,United Kingdom
17284.0,3,2010-11-15 17:14:00,2011-04-18 11:53:00,224,1834.47,1477,United Kingdom
17287.0,10,2010-06-01 11:31:00,2011-05-18 09:35:00,165,2198.2,1097,United Kingdom
17288.0,9,2010-11-10 14:44:00,2011-05-16 14:32:00,139,1714.5,1160,United Kingdom
17291.0,1,2011-02-04 13:04:00,2011-02-04 13:04:00,1,550.8000000000001,72,United Kingdom
17293.0,6,2010-06-14 14:43:00,2011-02-04 15:54:00,65,1691.38,1077,United Kingdom
17302.0,2,2011-02-07 10:14:00,2011-05-15 11:29:00,35,303.12,190,United Kingdom
17303.0,1,2010-12-13 13:32:00,2010-12-13 13:32:00,53,250.04,144,United Kingdom
17306.0,10,2010-11-01 11:38:00,2011-05-19 14:19:00,11,4329.9,7254,United Kingdom
17311.0,3,2010-10-14 13:02:00,2011-01-27 10:56:00,51,1495.68,838,United Kingdom
17314.0,7,2010-07-12 10:47:00,2011-03-28 09:16:00,74,1682.65,1015,United Kingdom
17315.0,24,2010-09-27 12:45:00,2011-05-22 12:22:00,313,5878.56,2864,United Kingdom
17320.0,4,2010-07-19 15:17:00,2011-04-17 14:09:00,61,1830.67,856,United Kingdom
17323.0,4,2010-08-12 19:41:00,2011-05-08 15:22:00,84,527.92,456,United Kingdom
17324.0,5,2010-07-19 16:18:00,2011-01-12 11:21:00,54,1224.48,847,United Kingdom
17325.0,2,2010-10-25 09:20:00,2011-03-04 13:09:00,31,507.67,363,United Kingdom
17329.0,1,2011-01-28 15:29:00,2011-01-28 15:29:00,16,243.35999999999999,67,United Kingdom
17334.0,3,2010-10-29 12:16:00,2011-02-10 14:59:00,20,634.73,565,United Kingdom
17337.0,3,2011-02-02 17:06:00,2011-05-12 20:13:00,420,1872.06,1193,United Kingdom
17338.0,12,2010-06-21 16:28:00,2011-05-18 15:35:00,459,8469.32,4070,United Kingdom
17339.0,2,2010-07-18 13:08:00,2010-12-09 14:44:00,5,60.0,16,United Kingdom
17340.0,8,2010-07-13 10:17:00,2011-05-31 10:32:00,181,9831.98,5037,United Kingdom
17341.0,3,2010-06-17 18:17:00,2010-12-08 12:46:00,180,1006.53,634,United Kingdom
17343.0,3,2010-07-25 11:24:00,2010-12-19 15:07:00,29,495.89,178,United Kingdom
17345.0,5,2010-06-23 16:52:00,2011-05-27 12:29:00,86,602.34,797,United Kingdom
17346.0,13,2010-06-09 13:08:00,2011-05-19 11:41:00,324,2605.45,1979,United Kingdom
17348.0,3,2010-09-16 11:40:00,2011-02-15 10:49:00,140,742.92,664,United Kingdom
17351.0,5,2010-06-13 11:19:00,2011-03-11 16:05:00,11,772.4,120,United Kingdom
17356.0,2,2010-06-03 10:25:00,2011-02-01 11:07:00,38,357.97,307,United Kingdom
17358.0,4,2010-10-24 10:56:00,2011-02-09 16:57:00,116,743.79,357,United Kingdom
17361.0,1,2011-02-21 09:55:00,2011-02-21 09:55:00,1,45.0,12,United Kingdom
17362.0,3,2010-11-04 12:39:00,2011-04-14 14:43:00,57,487.67,308,United Kingdom
17364.0,14,2010-06-15 16:31:00,2011-05-19 12:50:00,263,5949.93,3763,United Kingdom
17365.0,8,2010-07-12 13:15:00,2011-05-24 11:55:00,274,4369.17,4480,United Kingdom
17367.0,1,2011-04-15 14:21:00,2011-04-15 14:21:00,33,167.55,149,United Kingdom
17368.0,8,2010-06-14 13:26:00,2011-03-25 14:01:00,95,963.72,1228,United Kingdom
17371.0,1,2010-12-13 15:20:00,2010-12-13 15:20:00,7,92.14,39,United Kingdom
17372.0,11,2010-06-27 13:25:00,2011-04-10 12:53:00,239,1944.42,871,United Kingdom
17373.0,3,2010-09-23 10:40:00,2011-01-31 11:46:00,35,502.13,329,United Kingdom
17374.0,3,2010-11-09 17:14:00,2011-05-05 09:05:00,34,711.21,153,United Kingdom
17375.0,4,2010-10-04 09:14:00,2011-05-24 15:45:00,77,660.55,480,United Kingdom
17376.0,3,2010-07-05 11:11:00,2011-02-01 14:12:00,37,356.29,193,United Kingdom
17377.0,35,2010-06-02 10:07:00,2011-03-29 11:15:00,240,9295.91,3731,United Kingdom
17381.0,25,2010-06-09 12:55:00,2011-05-20 09:56:00,49,29941.17,33745,United Kingdom
17384.0,2,2010-08-29 16:01:00,2011-05-04 16:07:00,7,398.8,76,United Kingdom
17388.0,6,2010-06-10 10:10:00,2011-05-12 13:41:00,13,1794.6000000000001,1895,United Kingdom
17389.0,34,2010-06-18 10:32:00,2011-05-24 15:51:00,53,24803.53,9894,United Kingdom
17392.0,3,2010-09-15 16:17:00,2011-02-06 12:48:00,65,579.92,448,United Kingdom
17394.0,1,2011-05-04 13:22:00,2011-05-04 13:22:00,4,203.86999999999998,241,United Kingdom
17396.0,7,2010-09-24 13:04:00,2010-12-03 09:45:00,11,1243.8,332,United Kingdom
17398.0,2,2011-03-29 13:04:00,2011-05-13 12:41:00,26,528.45,259,United Kingdom
17400.0,4,2010-12-21 17:16:00,2011-05-13 17:34:00,98,1306.6200000000001,601,United Kingdom
17402.0,11,2010-06-07 15:47:00,2011-04-20 15:04:00,82,2556.18,810,United Kingdom
17404.0,10,2010-07-19 12:19:00,2011-05-12 12:36:00,75,21415.510000000002,24713,Sweden
17406.0,5,2010-07-04 14:27:00,2011-01-10 15:07:00,141,2493.23,1008,United Kingdom
17409.0,4,2010-10-13 16:09:00,2011-04-05 16:42:00,21,4022.19,2149,United Kingdom
17410.0,1,2011-05-08 15:21:00,2011-05-08 15:21:00,15,302.40000000000003,100,United Kingdom
17411.0,2,2010-11-18 11:55:00,2011-03-23 13:44:00,29,514.1700000000001,263,United Kingdom
17412.0,8,2010-06-07 13:53:00,2011-05-27 14:55:00,86,2116.55,967,United Kingdom
17416.0,15,2010-06-07 08:37:00,2011-05-26 15:35:00,232,10015.61,4917,United Kingdom
17418.0,2,2010-11-17 13:42:00,2011-01-20 11:39:00,24,373.99,371,United Kingdom
17419.0,11,2010-06-17 12:33:00,2011-04-04 12:31:00,132,3554.56,1840,United Kingdom
17422.0,7,2010-06-23 10:19:00,2011-05-03 10:49:00,95,2041.44,1508,United Kingdom
17423.0,2,2010-11-11 12:26:00,2011-05-06 09:14:00,28,852.6800000000001,621,United Kingdom
17426.0,5,2010-09-13 12:23:00,2011-03-02 16:34:00,132,2980.64,1608,United Kingdom
17428.0,24,2010-07-02 12:45:00,2011-05-11 10:49:00,241,13708.12,7867,United Kingdom
17429.0,3,2010-10-06 12:30:00,2011-05-05 09:53:00,67,1016.9,916,United Kingdom
17430.0,3,2010-08-17 11:52:00,2010-12-09 13:05:00,24,469.41,325,United Kingdom
17431.0,1,2011-01-30 14:36:00,2011-01-30 14:36:00,41,403.3,292,United Kingdom
17436.0,2,2010-10-27 13:43:00,2011-04-27 11:33:00,5,224.16000000000003,64,United Kingdom
17438.0,4,2010-06-04 08:50:00,2011-03-31 10:26:00,48,1148.89,503,United Kingdom
17440.0,3,2010-06-08 14:40:00,2011-04-06 12:08:00,4,260.61,195,United Kingdom
17442.0,8,2010-07-26 15:30:00,2011-05-03 12:35:00,96,1973.07,1317,United Kingdom
17443.0,1,2011-05-04 10:47:00,2011-05-04 10:47:00,1,534.24,504,Canada
17446.0,1,2011-02-02 14:40:00,2011-02-02 14:40:00,5,68.1,102,United Kingdom
17449.0,6,2010-06-08 13:22:00,2011-04-19 14:57:00,176,2700.01,1330,United Kingdom
17450.0,19,2010-09-27 16:59:00,2011-05-31 10:38:00,95,99828.64,31109,United Kingdom
17454.0,7,2010-06-14 13:51:00,2011-05-31 13:58:00,78,1005.94,431,United Kingdom
17455.0,1,2011-05-20 12:31:00,2011-05-20 12:31:00,8,131.7,66,United Kingdom
17456.0,2,2010-09-09 15:28:00,2010-12-09 15:23:00,59,975.5600000000001,508,United Kingdom
17457.0,9,2010-06-11 10:26:00,2011-05-19 10:32:00,18,3271.93,1607,United Kingdom
17460.0,10,2010-06-03 10:37:00,2011-04-28 10:54:00,37,1083.66,495,United Kingdom
17462.0,1,2011-02-28 17:01:00,2011-02-28 17:01:00,14,463.40999999999997,155,United Kingdom
17463.0,2,2011-01-30 15:48:00,2011-04-20 12:30:00,92,920.76,518,United Kingdom
17469.0,7,2010-07-05 14:43:00,2011-05-19 08:55:00,64,1581.21,663,United Kingdom
17470.0,9,2010-07-19 16:16:00,2011-05-06 10:37:00,89,2124.5099999999998,1939,United Kingdom
17472.0,2,2011-02-13 14:40:00,2011-02-24 18:26:00,95,438.27,286,United Kingdom
17486.0,1,2011-03-23 14:00:00,2011-03-23 14:00:00,24,396.87,191,United Kingdom
17489.0,1,2011-05-11 11:34:00,2011-05-11 11:34:00,16,208.56,232,United Kingdom
17491.0,9,2010-06-10 12:14:00,2011-03-24 09:50:00,62,2872.16,1928,United Kingdom
17492.0,3,2010-07-09 13:27:00,2011-04-05 15:21:00,32,1122.42,450,United Kingdom
17496.0,1,2010-12-16 08:39:00,2010-12-16 08:39:00,10,271.05,79,United Kingdom
17499.0,1,2011-02-23 09:14:00,2011-02-23 09:14:00,40,578.3299999999999,702,United Kingdom
17501.0,2,2011-05-03 09:46:00,2011-05-03 09:47:00,18,288.6,160,United Kingdom
17504.0,14,2010-07-27 12:39:00,2011-05-17 12:59:00,214,7308.88,3956,United Kingdom
17505.0,3,2010-06-07 12:09:00,2011-05-18 09:01:00,45,852.46,394,United Kingdom
17507.0,2,2011-02-03 18:08:00,2011-03-23 11:48:00,79,605.58,359,United Kingdom
17508.0,4,2010-06-30 10:45:00,2011-03-04 08:10:00,97,2172.72,1384,Greece
17511.0,34,2010-06-02 11:11:00,2011-05-17 15:32:00,400,80168.2,52810,United Kingdom
17512.0,10,2010-06-07 15:51:00,2011-05-23 15:33:00,52,2428.31,2633,United Kingdom
17515.0,8,2010-06-07 13:29:00,2011-05-17 14:03:00,90,1534.86,504,United Kingdom
17516.0,4,2010-11-26 12:50:00,2011-05-06 13:25:00,115,634.63,415,United Kingdom
17517.0,1,2011-02-04 11:48:00,2011-02-04 11:48:00,11,153.94,102,United Kingdom
17519.0,6,2010-06-23 08:43:00,2011-05-17 10:14:00,78,1917.32,1278,United Kingdom
17521.0,3,2010-10-01 11:49:00,2011-05-24 15:14:00,37,714.41,403,United Kingdom
17522.0,2,2011-05-05 16:31:00,2011-05-17 10:36:00,11,248.42,210,United Kingdom
17524.0,3,2010-09-27 16:20:00,2010-12-13 14:32:00,37,508.9,290,United Kingdom
17525.0,3,2010-10-07 09:12:00,2010-12-15 12:05:00,19,1161.9,338,United Kingdom
17526.0,7,2010-06-09 15:19:00,2011-02-22 09:10:00,33,2012.3899999999999,504,United Kingdom
17527.0,1,2011-05-05 13:43:00,2011-05-05 13:43:00,7,251.55,33,United Kingdom
17530.0,6,2010-12-09 20:01:00,2011-05-17 16:49:00,215,1360.67,789,United Kingdom
17535.0,1,2011-03-04 15:20:00,2011-03-04 15:20:00,13,164.4,136,United Kingdom
17537.0,1,2011-02-09 13:37:00,2011-02-09 13:37:00,60,620.75,369,United Kingdom
17540.0,3,2010-08-03 10:33:00,2011-01-27 14:35:00,24,904.0,312,United Kingdom
17542.0,1,2011-03-15 11:45:00,2011-03-15 11:45:00,24,170.75,134,United Kingdom
17548.0,4,2010-11-08 16:19:00,2011-04-20 12:01:00,22,486.48,304,United Kingdom
17550.0,5,2010-08-12 17:02:00,2011-05-26 14:09:00,126,1070.3799999999999,530,United Kingdom
17551.0,1,2010-12-15 14:12:00,2010-12-15 14:12:00,39,290.34,142,United Kingdom
17555.0,3,2010-10-01 14:07:00,2011-01-09 12:31:00,143,609.93,461,United Kingdom
17556.0,2,2010-11-25 17:00:00,2011-05-18 10:48:00,13,300.67,184,United Kingdom
17560.0,4,2010-09-15 14:51:00,2011-05-19 17:13:00,27,1143.3,888,United Kingdom
17567.0,5,2010-09-24 10:48:00,2011-04-20 13:15:00,99,2370.67,1283,United Kingdom
17569.0,1,2011-01-11 14:15:00,2011-01-11 14:15:00,29,344.14,159,United Kingdom
17571.0,3,2010-06-15 12:50:00,2011-03-07 11:44:00,95,563.54,364,United Kingdom
17572.0,6,2010-07-01 10:33:00,2011-04-15 12:10:00,11,476.20000000000005,218,United Kingdom
17574.0,1,2011-04-11 09:47:00,2011-04-11 09:47:00,8,185.65,77,United Kingdom
17576.0,20,2010-06-28 15:31:00,2011-05-09 16:42:00,221,4123.29,2121,United Kingdom
17578.0,7,2010-06-28 11:55:00,2011-05-05 18:38:00,57,1022.45,519,United Kingdom
17580.0,5,2010-10-13 14:28:00,2011-04-01 12:41:00,77,538.07,222,United Kingdom
17581.0,15,2010-06-10 16:11:00,2011-05-10 13:40:00,198,6508.5,3218,United Kingdom
17582.0,3,2010-06-24 11:51:00,2011-04-17 13:18:00,68,994.36,424,United Kingdom
17585.0,5,2010-08-18 16:39:00,2011-03-21 16:32:00,206,1469.56,1513,United Kingdom
17588.0,4,2010-06-07 15:57:00,2011-04-21 10:31:00,25,1656.15,517,United Kingdom
17589.0,11,2010-06-06 11:19:00,2011-04-13 13:47:00,381,9172.77,5328,United Kingdom
17591.0,5,2010-12-07 15:39:00,2011-05-20 13:16:00,81,1616.3200000000002,815,United Kingdom
17593.0,3,2010-06-21 09:26:00,2010-12-22 10:29:00,92,2261.79,1465,United Kingdom
17594.0,2,2010-09-16 19:17:00,2011-03-30 10:32:00,34,1208.0,718,United Kingdom
17596.0,4,2010-06-23 10:43:00,2011-04-05 11:47:00,89,1445.77,2755,United Kingdom
17597.0,4,2010-06-08 15:10:00,2011-05-10 11:54:00,102,3109.4700000000003,2051,United Kingdom
17601.0,2,2010-11-24 14:29:00,2011-04-14 18:02:00,68,412.65999999999997,294,United Kingdom
17602.0,5,2010-06-07 09:37:00,2011-01-19 16:19:00,200,2096.75,1940,United Kingdom
17604.0,5,2010-06-16 12:16:00,2011-05-06 13:43:00,117,785.3000000000001,496,United Kingdom
17609.0,5,2010-10-31 11:39:00,2011-02-10 17:54:00,131,671.98,371,United Kingdom
17611.0,12,2010-06-07 14:48:00,2011-05-22 14:44:00,463,3796.0,2615,United Kingdom
17612.0,10,2010-06-18 10:18:00,2011-05-09 12:14:00,139,2702.23,1678,United Kingdom
17613.0,7,2011-02-07 11:20:00,2011-05-29 12:06:00,163,2504.46,1459,United Kingdom
17615.0,5,2010-08-11 12:54:00,2011-05-20 08:30:00,44,657.0,342,United Kingdom
17616.0,3,2010-09-14 10:43:00,2011-03-30 09:31:00,1,571.1999999999999,224,United Kingdom
17618.0,8,2010-06-20 13:43:00,2011-04-05 13:07:00,163,2967.87,1352,United Kingdom
17619.0,1,2011-01-31 14:18:00,2011-01-31 14:18:00,71,214.37,124,United Kingdom
17621.0,5,2010-10-04 09:37:00,2011-01-31 13:07:00,52,2595.0,894,United Kingdom
17624.0,2,2010-09-28 14:07:00,2011-05-05 17:59:00,50,808.62,583,United Kingdom
17625.0,3,2010-06-20 15:32:00,2011-03-27 12:21:00,255,2881.59,1801,United Kingdom
17629.0,5,2010-10-14 13:35:00,2011-05-09 12:28:00,78,1217.59,710,United Kingdom
17630.0,1,2011-04-21 14:03:00,2011-04-21 14:03:00,19,335.5,112,United Kingdom
17631.0,2,2010-11-30 10:02:00,2011-04-21 13:22:00,29,436.95,143,United Kingdom
17634.0,5,2011-01-06 12:45:00,2011-05-11 08:34:00,131,1811.29,455,United Kingdom
17639.0,6,2010-08-13 11:59:00,2011-03-08 15:22:00,59,615.17,576,United Kingdom
17644.0,7,2010-07-02 13:24:00,2011-05-20 13:15:00,85,2351.7200000000003,1263,United Kingdom
17646.0,7,2010-06-22 08:59:00,2011-05-04 13:17:00,91,2393.62,730,United Kingdom
17648.0,4,2010-11-19 16:41:00,2011-05-31 11:22:00,96,1526.26,756,United Kingdom
17652.0,2,2011-03-03 14:05:00,2011-04-20 08:07:00,29,632.24,410,United Kingdom
17654.0,1,2011-03-07 13:17:00,2011-03-07 13:17:00,22,117.55,41,United Kingdom
17655.0,6,2010-10-19 10:20:00,2011-05-13 16:14:00,57,1872.94,720,United Kingdom
17658.0,1,2011-05-12 15:23:00,2011-05-12 15:23:00,9,317.6,216,United Kingdom
17659.0,6,2010-11-18 14:20:00,2011-05-24 10:42:00,70,1651.82,790,United Kingdom
17663.0,10,2010-06-10 11:32:00,2011-05-25 13:36:00,96,2523.79,1041,United Kingdom
17664.0,2,2010-08-22 13:14:00,2011-05-11 14:17:00,37,578.9300000000001,651,United Kingdom
17667.0,6,2010-06-28 13:43:00,2011-05-12 15:21:00,120,2757.26,1531,United Kingdom
17669.0,5,2010-06-28 13:47:00,2011-05-13 13:29:00,44,2840.74,1632,United Kingdom
17670.0,1,2011-04-26 09:12:00,2011-04-26 09:12:00,11,205.7,110,United Kingdom
17671.0,3,2010-11-29 11:53:00,2011-05-12 18:13:00,40,1118.63,517,United Kingdom
17672.0,4,2010-09-27 11:48:00,2011-02-03 13:29:00,80,2303.64,1150,United Kingdom
17673.0,7,2010-06-07 10:56:00,2011-03-18 11:30:00,152,2561.83,1931,United Kingdom
17674.0,1,2010-12-06 10:20:00,2010-12-06 10:20:00,11,300.66,349,United Kingdom
17675.0,32,2010-06-03 17:21:00,2011-05-19 12:38:00,168,17739.81,7631,United Kingdom
17676.0,4,2010-06-30 11:32:00,2010-12-08 13:49:00,41,988.7,714,United Kingdom
17677.0,25,2010-06-04 14:51:00,2011-05-11 12:46:00,187,16169.130000000001,9773,United Kingdom
17678.0,1,2011-03-21 11:52:00,2011-03-21 11:52:00,16,298.11,207,United Kingdom
17682.0,6,2010-06-06 15:01:00,2011-05-31 08:50:00,61,2107.66,1129,United Kingdom
17685.0,8,2010-08-31 12:37:00,2011-03-18 10:16:00,69,2801.28,1727,United Kingdom
17686.0,6,2010-06-24 09:49:00,2011-05-23 14:16:00,209,5594.1,2328,United Kingdom
17690.0,11,2010-10-27 15:04:00,2011-05-22 15:31:00,142,3591.1800000000003,1364,United Kingdom
17691.0,4,2010-06-11 11:50:00,2010-12-16 17:20:00,37,627.35,303,United Kingdom
17692.0,11,2010-06-17 11:14:00,2011-04-27 08:59:00,87,2829.56,2174,United Kingdom
17696.0,17,2010-06-04 13:22:00,2011-03-07 13:03:00,120,3885.66,3180,United Kingdom
17697.0,1,2011-04-17 15:40:00,2011-04-17 15:40:00,19,338.95000000000005,93,United Kingdom
17698.0,1,2011-03-24 11:34:00,2011-03-24 11:34:00,8,154.95,93,United Kingdom
17700.0,7,2010-07-22 14:20:00,2011-05-10 13:00:00,123,2840.89,1366,United Kingdom
17701.0,1,2011-04-01 12:25:00,2011-04-01 12:25:00,24,417.95,109,United Kingdom
17702.0,3,2010-11-04 12:09:00,2011-05-17 16:23:00,96,1631.8700000000001,1256,United Kingdom
17704.0,1,2011-04-14 09:28:00,2011-04-14 09:28:00,16,387.29,175,United Kingdom
17705.0,4,2010-09-10 14:43:00,2011-05-08 13:19:00,32,528.98,498,United Kingdom
17706.0,16,2010-06-08 11:49:00,2011-02-23 09:30:00,261,7604.58,3468,United Kingdom
17707.0,4,2010-07-06 16:13:00,2011-01-07 13:30:00,5,347.7,318,United Kingdom
17708.0,3,2010-10-12 12:13:00,2011-01-19 10:09:00,55,727.7,329,United Kingdom
17711.0,1,2011-02-23 11:32:00,2011-02-23 11:32:00,13,220.53000000000003,107,United Kingdom
17714.0,5,2010-07-14 10:41:00,2011-01-23 10:32:00,69,1376.58,590,United Kingdom
17715.0,1,2011-05-23 12:32:00,2011-05-23 12:32:00,1,326.4,384,United Kingdom
17716.0,10,2010-06-10 12:37:00,2011-04-04 15:18:00,178,7802.79,4107,United Kingdom
17718.0,1,2011-04-21 13:39:00,2011-04-21 13:39:00,6,139.35,83,United Kingdom
17719.0,4,2011-03-29 11:29:00,2011-05-24 15:13:00,64,1665.61,1179,United Kingdom
17720.0,7,2010-07-16 09:05:00,2011-04-28 12:49:00,67,1816.88,1138,United Kingdom
17722.0,3,2010-11-29 09:44:00,2011-01-19 11:50:00,126,2796.36,2127,United Kingdom
17723.0,3,2010-11-29 10:35:00,2011-05-23 13:28:00,6,848.8000000000001,304,United Kingdom
17725.0,4,2011-03-17 19:47:00,2011-05-31 14:48:00,53,1216.63,665,United Kingdom
17730.0,10,2010-06-03 08:50:00,2011-04-20 09:02:00,96,3560.32,2363,United Kingdom
17733.0,1,2011-03-23 09:54:00,2011-03-23 09:54:00,12,216.95000000000002,87,United Kingdom
17734.0,2,2010-07-02 10:01:00,2011-04-20 10:04:00,29,421.07,195,United Kingdom
17735.0,15,2010-07-30 13:25:00,2011-05-05 14:32:00,285,8616.97,5448,United Kingdom
17738.0,4,2010-06-11 15:20:00,2011-03-02 16:26:00,93,1843.16,1168,United Kingdom
17739.0,8,2010-07-14 15:13:00,2011-05-27 09:15:00,32,3365.4300000000003,1151,United Kingdom
17742.0,6,2010-06-02 14:31:00,2011-01-11 10:04:00,35,1083.04,424,United Kingdom
17744.0,5,2010-11-24 09:34:00,2011-04-03 12:46:00,63,1615.7,2100,United Kingdom
17746.0,3,2010-08-25 13:29:00,2011-04-13 14:31:00,21,472.55,327,United Kingdom
17749.0,2,2010-06-11 14:56:00,2011-03-28 13:39:00,41,720.67,383,United Kingdom
17752.0,1,2010-12-15 16:19:00,2010-12-15 16:19:00,1,80.64,192,United Kingdom
17754.0,4,2010-08-10 13:44:00,2011-03-24 13:54:00,39,1060.69,864,United Kingdom
17757.0,34,2010-06-15 16:40:00,2011-05-20 16:04:00,255,5008.93,2645,United Kingdom
17758.0,6,2010-10-05 14:29:00,2011-05-15 15:31:00,178,2172.75,1529,United Kingdom
17763.0,1,2011-03-21 14:25:00,2011-03-21 14:25:00,1,15.0,12,United Kingdom
17764.0,3,2010-06-17 17:00:00,2011-05-12 16:11:00,49,784.54,367,United Kingdom
17765.0,3,2010-09-17 12:45:00,2011-05-13 12:34:00,60,414.67,155,United Kingdom
17769.0,5,2010-09-26 12:04:00,2011-03-06 12:20:00,160,2499.2,1252,United Kingdom
17770.0,5,2011-03-02 13:35:00,2011-05-25 12:34:00,33,1143.27,365,United Kingdom
17771.0,2,2010-09-29 16:35:00,2011-01-20 14:13:00,32,241.4,192,United Kingdom
17774.0,5,2010-07-05 13:03:00,2011-04-04 12:55:00,157,1855.95,892,United Kingdom
17775.0,1,2011-03-30 10:50:00,2011-03-30 10:50:00,3,56.4,72,United Kingdom
17781.0,1,2011-03-31 19:54:00,2011-03-31 19:54:00,2,102.0,8,United Kingdom
17783.0,2,2010-07-15 12:50:00,2011-04-06 10:07:00,54,205.9,137,United Kingdom
17786.0,1,2011-01-26 14:35:00,2011-01-26 14:35:00,24,103.35,52,United Kingdom
17787.0,3,2010-12-03 13:43:00,2011-02-08 11:36:00,87,1668.52,829,United Kingdom
17789.0,1,2011-03-03 13:14:00,2011-03-03 13:14:00,14,225.9,74,United Kingdom
17790.0,15,2010-06-13 13:30:00,2011-05-25 12:39:00,120,1712.1200000000001,929,United Kingdom
17795.0,1,2011-03-20 12:02:00,2011-03-20 12:02:00,15,155.69,155,United Kingdom
17796.0,6,2010-10-14 13:37:00,2011-01-30 12:42:00,147,1160.49,329,United Kingdom
17799.0,11,2010-06-17 14:43:00,2011-04-11 16:15:00,289,2701.77,1707,United Kingdom
17800.0,3,2011-01-09 13:50:00,2011-05-06 12:44:00,18,354.85,222,United Kingdom
17809.0,10,2010-06-14 12:39:00,2011-05-06 10:00:00,22,5187.5,1112,United Kingdom
17811.0,25,2010-09-20 11:24:00,2011-05-24 10:17:00,434,5620.96,2864,United Kingdom
17812.0,4,2010-06-27 13:34:00,2010-12-06 15:27:00,79,405.48,242,United Kingdom
17816.0,2,2010-12-09 14:10:00,2011-03-15 14:20:00,11,21.31,22,United Kingdom
17817.0,5,2010-10-13 15:07:00,2011-03-07 17:42:00,97,663.47,310,United Kingdom
17819.0,6,2010-09-22 11:01:00,2011-05-29 10:40:00,58,3056.2999999999997,1144,United Kingdom
17827.0,4,2010-12-10 10:18:00,2011-04-11 16:56:00,140,1580.47,957,United Kingdom
17829.0,4,2010-08-19 15:45:00,2011-02-14 12:46:00,88,3370.12,2139,United Arab Emirates
17830.0,2,2011-02-24 10:15:00,2011-03-23 11:44:00,15,287.65000000000003,65,United Kingdom
17838.0,6,2010-07-12 11:45:00,2011-02-20 13:52:00,75,2920.86,1727,United Kingdom
17841.0,87,2010-06-02 16:20:00,2011-05-31 14:34:00,1430,24520.23,12733,United Kingdom
17843.0,2,2010-10-24 10:56:00,2011-02-09 15:33:00,57,312.65,226,United Kingdom
17848.0,13,2010-06-01 17:05:00,2011-04-04 16:36:00,59,1209.16,588,United Kingdom
17849.0,6,2010-06-08 10:59:00,2011-05-05 13:46:00,19,872.6800000000001,204,United Kingdom
17854.0,4,2010-07-13 12:38:00,2011-04-26 16:53:00,96,733.06,522,United Kingdom
17856.0,3,2011-03-03 11:40:00,2011-04-20 13:13:00,6,1118.39,561,United Kingdom
17857.0,9,2010-12-09 11:35:00,2011-05-17 11:11:00,10,8711.34,5066,United Kingdom
17858.0,17,2010-06-10 16:58:00,2011-03-23 16:22:00,68,6210.5199999999995,3264,United Kingdom
17859.0,1,2011-02-08 10:32:00,2011-02-08 10:32:00,23,141.92,102,United Kingdom
17860.0,2,2010-10-07 13:09:00,2010-12-06 12:41:00,90,470.45,574,United Kingdom
17861.0,7,2010-07-15 18:07:00,2011-03-31 15:02:00,82,1652.71,1213,United Kingdom
17862.0,3,2010-11-11 17:55:00,2011-01-20 12:23:00,73,1104.06,333,United Kingdom
17863.0,7,2010-06-28 10:30:00,2011-03-30 11:39:00,81,2814.4,2327,United Kingdom
17864.0,3,2010-10-08 11:49:00,2011-03-09 11:44:00,57,522.57,656,United Kingdom
17865.0,21,2010-06-09 14:43:00,2011-05-19 11:24:00,242,12193.49,6067,United Kingdom
17867.0,7,2010-06-11 13:43:00,2011-05-20 15:52:00,45,740.6,323,United Kingdom
17869.0,5,2010-06-10 13:47:00,2011-05-08 13:24:00,65,696.42,469,United Kingdom
17870.0,2,2010-11-23 11:39:00,2010-12-08 08:12:00,2,1213.8,476,United Kingdom
17871.0,3,2010-10-24 12:46:00,2011-05-19 11:32:00,43,545.41,412,United Kingdom
17873.0,10,2010-07-13 14:39:00,2011-04-13 14:21:00,47,3337.33,2100,United Kingdom
17874.0,5,2011-03-29 11:25:00,2011-04-28 19:53:00,34,535.5,187,United Kingdom
17880.0,1,2010-12-10 10:21:00,2010-12-10 10:21:00,26,458.92,314,United Kingdom
17881.0,1,2011-02-08 17:16:00,2011-02-08 17:16:00,8,133.35,32,United Kingdom
17883.0,3,2010-06-18 16:36:00,2011-04-07 19:16:00,29,274.95,87,United Kingdom
17884.0,11,2010-06-17 11:26:00,2011-02-01 11:08:00,178,1475.32,1529,United Kingdom
17886.0,4,2010-08-26 15:03:00,2011-05-13 10:22:00,76,936.78,433,United Kingdom
17888.0,12,2010-06-04 15:45:00,2011-05-11 14:29:00,48,443.38,334,United Kingdom
17889.0,6,2010-11-15 17:44:00,2011-05-11 16:26:00,92,729.98,398,United Kingdom
17890.0,2,2010-12-13 15:12:00,2011-01-21 11:19:00,88,586.89,402,United Kingdom
17893.0,1,2011-04-28 13:50:00,2011-04-28 13:50:00,15,107.21000000000001,149,United Kingdom
17894.0,16,2010-08-27 14:13:00,2011-02-27 14:49:00,186,1996.48,808,United Kingdom
17897.0,6,2010-06-07 11:32:00,2010-12-07 15:54:00,128,1525.32,551,United Kingdom
17898.0,2,2010-09-13 12:01:00,2011-05-16 17:13:00,29,132.08,144,United Kingdom
17905.0,4,2010-06-27 13:43:00,2010-12-22 16:23:00,55,659.01,262,United Kingdom
17906.0,1,2011-04-06 17:25:00,2011-04-06 17:25:00,12,72.89999999999999,26,United Kingdom
17912.0,6,2010-11-29 13:53:00,2011-02-02 14:25:00,47,356.2,208,United Kingdom
17913.0,7,2010-06-14 14:39:00,2010-12-19 11:35:00,153,1695.27,742,United Kingdom
17917.0,2,2010-12-12 12:08:00,2011-03-28 16:37:00,57,226.71,130,United Kingdom
17920.0,16,2010-06-06 15:22:00,2011-05-23 17:25:00,261,4340.21,2666,United Kingdom
17921.0,7,2010-07-15 20:05:00,2011-03-18 13:19:00,172,1812.05,690,United Kingdom
17923.0,3,2010-06-13 13:58:00,2011-03-02 15:15:00,2,497.0,140,United Kingdom
17924.0,3,2010-10-21 12:17:00,2011-02-11 11:38:00,3,751.6999999999999,147,United Kingdom
17926.0,3,2010-09-01 13:44:00,2011-05-20 09:24:00,18,671.63,328,United Kingdom
17928.0,1,2011-04-07 18:03:00,2011-04-07 18:03:00,17,78.25999999999999,46,United Kingdom
17929.0,8,2010-07-19 14:57:00,2011-03-30 12:35:00,5,2085.5,278,United Kingdom
17930.0,6,2010-07-16 10:21:00,2011-04-14 15:46:00,16,1997.58,1831,United Kingdom
17931.0,7,2010-06-16 14:28:00,2011-03-29 12:31:00,180,2011.6100000000001,964,United Kingdom
17932.0,1,2011-05-12 13:58:00,2011-05-12 13:58:00,42,589.01,391,United Kingdom
17937.0,4,2010-12-12 14:43:00,2011-03-27 10:16:00,19,3327.48,1248,United Kingdom
17940.0,5,2010-09-20 15:33:00,2011-05-05 18:06:00,6,5215.08,8916,United Kingdom
17946.0,2,2011-03-25 14:34:00,2011-04-20 17:00:00,18,149.57999999999998,75,United Kingdom
17949.0,39,2010-06-11 10:10:00,2011-05-31 14:02:00,14,33329.340000000004,16230,United Kingdom
17950.0,4,2010-07-12 16:43:00,2010-12-09 15:20:00,88,631.2,338,United Kingdom
17951.0,3,2010-10-31 15:15:00,2010-12-16 12:55:00,15,723.84,378,United Kingdom
17954.0,9,2010-06-06 12:52:00,2011-04-27 11:05:00,257,1662.27,1777,United Kingdom
17955.0,4,2011-05-04 12:29:00,2011-05-25 12:00:00,14,557.3,273,United Kingdom
17956.0,1,2011-04-04 13:47:00,2011-04-04 13:47:00,1,12.75,1,United Kingdom
17961.0,42,2010-06-02 16:01:00,2011-05-27 16:24:00,235,1257.92,498,United Kingdom
17965.0,14,2010-06-17 11:44:00,2011-04-01 10:34:00,250,2949.96,1518,United Kingdom
17966.0,1,2011-03-23 17:25:00,2011-03-23 17:25:00,6,147.0,350,United Kingdom
17967.0,2,2010-10-19 13:19:00,2010-12-03 11:19:00,59,223.42,111,United Kingdom
17969.0,4,2010-06-13 13:19:00,2010-12-13 15:34:00,32,481.35,322,United Kingdom
17970.0,1,2011-05-12 20:03:00,2011-05-12 20:03:00,27,562.79,513,United Kingdom
17972.0,1,2011-04-12 12:16:00,2011-04-12 12:16:00,30,135.19,36,United Kingdom
17974.0,4,2010-10-28 20:03:00,2011-05-04 11:50:00,177,1199.17,774,United Kingdom
17975.0,18,2010-08-06 11:24:00,2011-05-31 12:42:00,153,4888.79,1489,United Kingdom
17978.0,2,2010-10-13 15:22:00,2010-12-09 14:05:00,24,871.94,1171,United Kingdom
17979.0,2,2011-03-25 11:34:00,2011-03-25 12:07:00,53,211.77,77,United Kingdom
17980.0,3,2010-11-11 14:42:00,2011-05-19 14:29:00,40,764.02,545,United Kingdom
17988.0,4,2010-07-02 15:09:00,2011-01-17 11:59:00,42,159.24,70,United Kingdom
17990.0,5,2010-06-16 14:47:00,2011-04-17 11:44:00,38,1189.8700000000001,681,United Kingdom
17991.0,2,2011-04-27 16:39:00,2011-04-28 15:58:00,4,93.35,25,United Kingdom
17994.0,7,2010-06-07 10:05:00,2011-03-11 15:14:00,134,1073.29,697,United Kingdom
17995.0,3,2010-11-17 17:01:00,2011-03-03 12:30:00,28,495.48,263,United Kingdom
17999.0,2,2010-11-26 13:16:00,2010-12-08 15:17:00,77,338.41,161,United Kingdom
18004.0,1,2010-12-12 13:47:00,2010-12-12 13:47:00,32,157.92,75,United Kingdom
18008.0,14,2010-06-08 12:59:00,2011-05-20 16:56:00,38,18234.41,7141,United Kingdom
18009.0,2,2010-06-15 13:40:00,2011-04-18 13:36:00,43,352.02,169,United Kingdom
18010.0,1,2011-03-28 12:27:00,2011-03-28 12:27:00,14,174.79999999999998,60,United Kingdom
18016.0,3,2010-10-25 14:24:00,2011-01-28 15:21:00,56,594.5500000000001,214,United Kingdom
18017.0,2,2010-10-04 15:11:00,2011-02-02 13:57:00,1,330.0,200,United Kingdom
18018.0,3,2010-10-15 11:05:00,2011-05-24 13:22:00,16,72.0,14,United Kingdom
18032.0,1,2011-01-09 15:32:00,2011-01-09 15:32:00,5,73.5,42,United Kingdom
18036.0,7,2010-06-28 15:29:00,2011-04-08 11:26:00,168,1005.17,511,United Kingdom
18037.0,7,2010-06-07 15:29:00,2011-04-28 16:23:00,21,88.07,23,United Kingdom
18040.0,1,2011-04-08 08:27:00,2011-04-08 08:27:00,12,239.00000000000003,96,United Kingdom
18041.0,23,2010-06-23 16:40:00,2011-05-10 14:51:00,217,4030.21,3514,United Kingdom
18043.0,2,2010-12-08 12:35:00,2011-05-17 12:40:00,87,421.59,229,United Kingdom
18044.0,13,2010-06-16 13:52:00,2011-05-25 15:47:00,100,2246.36,986,United Kingdom
18048.0,3,2010-08-03 13:03:00,2011-05-20 14:58:00,56,394.93,256,United Kingdom
18050.0,2,2010-11-11 15:51:00,2010-12-15 14:25:00,22,412.06,250,United Kingdom
18055.0,10,2010-10-22 13:27:00,2011-05-20 10:37:00,227,6711.780000000001,2190,United Kingdom
18056.0,1,2011-02-24 14:27:00,2011-02-24 14:27:00,19,363.65000000000003,211,United Kingdom
18061.0,12,2010-07-01 15:46:00,2011-05-17 08:18:00,15,2407.4500000000003,1360,United Kingdom
18062.0,4,2010-10-27 13:55:00,2011-05-03 09:34:00,31,875.9200000000001,544,United Kingdom
18064.0,4,2010-07-25 13:02:00,2011-04-18 15:08:00,25,1593.36,1108,United Kingdom
18065.0,14,2010-07-02 09:46:00,2011-05-04 11:46:00,119,2958.08,1163,United Kingdom
18068.0,1,2011-02-23 14:50:00,2011-02-23 14:50:00,1,101.7,6,United Kingdom
18069.0,4,2010-09-13 16:15:00,2011-04-18 16:31:00,305,1810.97,1199,United Kingdom
18071.0,4,2010-08-25 09:33:00,2011-03-27 11:59:00,39,762.13,445,United Kingdom
18073.0,2,2011-05-26 19:38:00,2011-05-27 14:12:00,4,241.08,196,United Kingdom
18075.0,16,2010-07-29 11:47:00,2011-05-19 12:59:00,139,4257.16,2411,United Kingdom
18077.0,6,2010-08-25 14:18:00,2011-04-27 11:41:00,74,1470.19,1161,United Kingdom
18078.0,3,2010-10-10 16:01:00,2011-05-06 14:32:00,48,469.31,221,United Kingdom
18079.0,2,2010-08-05 12:19:00,2011-04-15 12:14:00,38,2203.61,5226,United Kingdom
18080.0,1,2011-04-11 10:10:00,2011-04-11 10:10:00,1,841.4999999999999,330,United Kingdom
18085.0,3,2010-11-11 17:41:00,2011-01-13 15:17:00,40,1083.1000000000001,388,United Kingdom
18086.0,1,2011-03-10 13:34:00,2011-03-10 13:34:00,7,101.34,106,United Kingdom
18087.0,8,2010-08-02 12:12:00,2011-02-22 10:43:00,21,11640.9,7088,United Kingdom
18092.0,7,2010-08-17 10:36:00,2011-04-26 12:16:00,15,5140.1,2938,United Kingdom
18093.0,4,2010-08-26 11:13:00,2011-02-15 10:52:00,34,2765.98,2237,United Kingdom
18094.0,4,2010-09-19 14:03:00,2011-05-05 11:46:00,32,2978.52,2520,United Kingdom
18095.0,3,2010-10-08 15:09:00,2011-01-31 12:50:00,23,875.73,647,United Kingdom
18097.0,7,2010-07-18 15:50:00,2011-05-18 13:56:00,67,3244.62,1930,United Kingdom
18102.0,55,2010-06-08 10:26:00,2011-05-17 11:31:00,162,230123.1,67541,United Kingdom
18106.0,3,2010-08-20 13:59:00,2011-01-14 12:23:00,72,841.93,303,United Kingdom
18108.0,1,2011-03-30 13:56:00,2011-03-30 13:56:00,17,264.65,82,United Kingdom
18109.0,23,2010-07-01 12:13:00,2011-05-29 14:23:00,183,3937.57,1436,United Kingdom
18113.0,1,2010-12-06 12:31:00,2010-12-06 12:31:00,1,76.32000000000001,72,United Kingdom
18114.0,1,2011-02-22 13:20:00,2011-02-22 13:20:00,28,220.1,55,United Kingdom
18116.0,12,2010-10-24 15:29:00,2011-04-19 16:14:00,303,1967.33,1079,United Kingdom
18118.0,17,2010-11-23 13:36:00,2011-05-16 13:35:00,342,3852.07,1953,United Kingdom
18119.0,1,2010-12-07 11:59:00,2010-12-07 11:59:00,29,180.7,124,United Kingdom
18120.0,1,2011-05-09 13:45:00,2011-05-09 13:45:00,17,111.15,31,United Kingdom
18125.0,3,2011-01-27 15:02:00,2011-05-22 11:51:00,146,932.25,690,United Kingdom
18129.0,1,2011-04-10 14:16:00,2011-04-10 14:16:00,13,112.55,48,United Kingdom
18133.0,1,2011-05-11 14:14:00,2011-05-11 14:14:00,1,931.5,1350,United Kingdom
18136.0,4,2010-09-14 15:50:00,2011-05-12 11:59:00,73,1348.23,753,United Kingdom
18138.0,1,2011-02-17 14:51:00,2011-02-17 14:51:00,8,152.65,38,United Kingdom
18142.0,1,2011-05-08 12:31:00,2011-05-08 12:31:00,9,280.38,291,United Kingdom
18144.0,12,2010-06-11 12:06:00,2011-05-11 13:20:00,34,2773.29,1233,United Kingdom
18145.0,6,2010-06-08 15:51:00,2011-05-19 10:38:00,119,2401.66,1827,United Kingdom
18146.0,1,2011-05-03 16:35:00,2011-05-03 16:35:00,4,76.65,27,United Kingdom
18149.0,5,2010-06-06 12:26:00,2011-05-08 12:48:00,37,1130.22,675,United Kingdom
18150.0,1,2011-05-22 10:47:00,2011-05-22 10:47:00,14,227.57999999999998,140,United Kingdom
18151.0,2,2010-10-15 15:29:00,2011-02-23 08:29:00,27,468.65,245,United Kingdom
18155.0,1,2011-02-21 10:36:00,2011-02-21 10:36:00,8,113.93,91,United Kingdom
18156.0,1,2010-12-05 12:29:00,2010-12-05 12:29:00,50,186.88,68,United Kingdom
18159.0,1,2011-02-11 14:26:00,2011-02-11 14:26:00,23,530.15,139,United Kingdom
18160.0,2,2010-11-18 16:33:00,2011-05-23 13:41:00,41,684.37,372,United Kingdom
18161.0,3,2010-11-25 15:55:00,2011-04-01 08:22:00,31,730.73,470,United Kingdom
18168.0,10,2010-06-10 13:56:00,2011-05-19 19:02:00,157,2030.11,1135,United Kingdom
18170.0,4,2010-06-18 11:40:00,2011-05-06 15:13:00,38,1327.8500000000001,479,United Kingdom
18171.0,4,2010-07-06 15:50:00,2011-04-15 11:36:00,41,1044.99,422,United Kingdom
18172.0,29,2010-06-11 12:45:00,2011-05-12 19:23:00,112,9842.56,4052,United Kingdom
18173.0,3,2011-03-10 11:56:00,2011-05-24 14:25:00,20,1728.8400000000001,1028,United Kingdom
18176.0,1,2010-12-16 15:45:00,2010-12-16 15:45:00,30,448.65000000000003,279,United Kingdom
18177.0,4,2011-03-29 08:46:00,2011-05-19 18:28:00,39,685.85,357,United Kingdom
18178.0,7,2010-06-15 09:14:00,2011-05-04 10:15:00,146,3811.78,2164,United Kingdom
18179.0,5,2010-07-05 10:48:00,2011-04-01 13:21:00,54,1553.16,1029,United Kingdom
18183.0,2,2011-03-10 10:08:00,2011-04-26 15:26:00,36,600.52,362,United Kingdom
18185.0,1,2011-04-04 13:42:00,2011-04-04 13:42:00,17,304.25,183,United Kingdom
18188.0,2,2010-10-05 09:38:00,2011-02-22 14:43:00,53,1368.6000000000001,725,United Kingdom
18189.0,1,2011-03-17 09:49:00,2011-03-17 09:49:00,40,627.2,350,United Kingdom
18190.0,2,2011-01-13 10:35:00,2011-05-31 14:48:00,14,274.51,139,United Kingdom
18191.0,2,2010-08-19 17:42:00,2011-03-23 12:08:00,15,529.4,332,United Kingdom
18196.0,2,2010-08-25 15:31:00,2011-02-22 16:13:00,132,927.99,567,United Kingdom
18198.0,10,2011-01-07 13:39:00,2011-05-20 15:39:00,48,3174.46,2612,United Kingdom
18202.0,3,2011-02-01 13:36:00,2011-05-24 12:12:00,55,1396.99,581,United Kingdom
18204.0,1,2011-05-31 15:26:00,2011-05-31 15:26:00,84,540.98,387,United Kingdom
18210.0,2,2010-11-22 09:39:00,2011-03-17 16:58:00,14,289.85,163,United Kingdom
18211.0,1,2011-03-06 12:09:00,2011-03-06 12:09:00,8,137.9,56,United Kingdom
18212.0,1,2011-01-17 16:14:00,2011-01-17 16:14:00,30,216.07,92,United Kingdom
18213.0,1,2011-04-17 10:21:00,2011-04-17 10:21:00,15,232.48000000000002,232,United Kingdom
18218.0,2,2011-03-03 12:24:00,2011-05-12 12:53:00,17,606.22,498,United Kingdom
18219.0,9,2010-06-10 09:55:00,2011-05-09 12:16:00,61,1741.8,829,United Kingdom
18220.0,4,2010-07-30 12:52:00,2011-04-27 09:03:00,8,1222.92,716,United Kingdom
18221.0,2,2010-11-14 15:46:00,2011-05-12 14:13:00,31,571.5,318,United Kingdom
18223.0,13,2010-06-01 12:39:00,2011-05-18 09:37:00,113,6208.54,2869,United Kingdom
18224.0,1,2011-03-21 10:30:00,2011-03-21 10:30:00,10,158.95000000000002,69,United Kingdom
18225.0,15,2010-06-29 15:48:00,2011-05-19 19:51:00,188,7004.45,4148,United Kingdom
18226.0,19,2010-06-01 12:00:00,2011-05-25 15:19:00,237,8358.2,5753,United Kingdom
18227.0,2,2010-08-12 16:45:00,2011-05-06 12:23:00,6,93.75,21,United Kingdom
18229.0,12,2010-07-27 09:23:00,2011-05-25 10:56:00,40,4751.91,917,United Kingdom
18230.0,5,2010-07-02 10:01:00,2011-05-16 15:48:00,42,2654.1600000000003,1330,United Kingdom
18231.0,14,2010-06-02 11:51:00,2011-05-31 14:18:00,156,3883.79,1839,United Kingdom
18232.0,2,2011-05-26 16:30:00,2011-05-31 08:03:00,24,370.98,170,United Kingdom
18233.0,1,2011-01-18 08:44:00,2011-01-18 08:44:00,1,440.0,4,United Kingdom
18235.0,1,2011-05-06 13:35:00,2011-05-06 13:35:00,29,430.46000000000004,332,United Kingdom
18236.0,6,2010-08-15 11:21:00,2011-04-13 09:52:00,40,799.6700000000001,245,United Kingdom
18239.0,6,2010-10-13 10:11:00,2011-05-05 12:38:00,85,1712.26,844,United Kingdom
18241.0,4,2010-08-18 13:56:00,2011-05-06 09:22:00,58,1045.53,533,United Kingdom
18242.0,3,2010-09-20 13:57:00,2011-05-27 14:22:00,36,1006.5,614,United Kingdom
18245.0,12,2010-06-21 13:22:00,2011-05-12 10:03:00,185,3307.05,2852,United Kingdom
18246.0,1,2011-04-20 13:55:00,2011-04-20 13:55:00,2,232.9,70,United Kingdom
18250.0,1,2011-02-02 13:16:00,2011-02-02 13:16:00,21,342.92,198,United Kingdom
18257.0,5,2010-07-27 10:43:00,2011-05-17 10:10:00,108,1536.27,821,United Kingdom
18259.0,3,2010-11-04 16:36:00,2010-12-08 13:38:00,26,1316.9,510,United Kingdom
18260.0,19,2010-06-27 12:13:00,2011-05-18 10:08:00,194,8474.74,4592,United Kingdom
18263.0,1,2011-04-01 11:48:00,2011-04-01 11:48:00,15,307.6,328,United Kingdom
18269.0,1,2010-12-08 13:53:00,2010-12-08 13:53:00,7,138.9,70,United Kingdom
18270.0,2,2010-10-03 10:49:00,2011-03-18 12:41:00,11,235.10000000000002,146,United Kingdom
18272.0,3,2010-06-09 14:37:00,2011-04-28 18:11:00,61,1261.49,1083,United Kingdom
18273.0,1,2011-03-27 11:22:00,2011-03-27 11:22:00,1,51.0,20,United Kingdom
18280.0,2,2010-11-10 15:51:00,2011-03-07 09:52:00,28,472.45000000000005,192,United Kingdom
18283.0,8,2010-08-19 13:04:00,2011-05-23 11:33:00,180,800.92,488,United Kingdom
18287.0,4,2010-09-21 12:17:00,2011-05-22 10:39:00,50,2039.38,1183,United Kingdom
