Customer ID,Total_Invoices,First_Purchase_Date,Last_Purchase_Date,Total_Spend,Total_Items
12346.0,12,2009-12-14 08:34:00,2011-01-18 10:01:00,368.3600000000006,69
12347.0,8,2010-10-31 14:20:00,2011-12-07 15:52:00,4921.53,2967
12348.0,5,2010-09-27 14:59:00,2011-09-25 13:13:00,1658.4,2704
12349.0,3,2010-04-29 13:20:00,2011-11-21 09:51:00,3654.54,1616
12350.0,1,2011-02-02 16:01:00,2011-02-02 16:01:00,294.40000000000003,196
12351.0,1,2010-11-29 15:23:00,2010-11-29 15:23:00,300.93,261
12352.0,9,2010-11-12 10:20:00,2011-11-03 14:37:00,1609.21,651
12353.0,2,2010-10-27 12:44:00,2011-05-19 17:47:00,406.76,212
12354.0,1,2011-04-21 13:11:00,2011-04-21 13:11:00,1079.4,530
12355.0,2,2010-05-21 11:59:00,2011-05-09 13:49:00,947.61,543
12356.0,6,2010-10-11 09:42:00,2011-11-17 08:40:00,5611.7300000000005,3376
12357.0,2,2010-11-16 10:05:00,2011-11-06 16:07:00,17437.66,6586
12358.0,5,2009-12-08 07:59:00,2011-12-08 10:26:00,3447.07,1068
12359.0,10,2009-12-05 13:32:00,2011-10-13 12:47:00,8652.34,2513
12360.0,6,2010-02-22 09:32:00,2011-10-18 15:22:00,3612.89,2443
12361.0,4,2010-01-26 14:37:00,2011-02-25 13:51:00,451.25,231
12362.0,10,2011-02-17 10:30:00,2011-12-06 15:40:00,4665.58,2180
12363.0,2,2011-04-11 13:29:00,2011-08-22 10:18:00,552.0,408
12364.0,4,2011-08-19 15:24:00,2011-12-02 10:22:00,1208.1,1499
12365.0,1,2011-02-21 13:51:00,2011-02-21 13:51:00,320.69,173
12366.0,1,2010-03-16 10:28:00,2010-03-16 10:28:00,500.24,296
12367.0,1,2011-12-05 16:48:00,2011-12-05 16:48:00,150.9,172
12368.0,1,2010-03-21 15:56:00,2010-03-21 15:56:00,917.7,330
12369.0,3,2010-03-08 08:09:00,2010-10-22 13:13:00,1511.15,1234
12370.0,7,2010-02-09 09:41:00,2011-10-19 14:51:00,3956.56,2595
12371.0,4,2010-03-04 18:23:00,2011-10-11 10:43:00,3347.38,1418
12372.0,3,2011-02-16 12:46:00,2011-09-29 12:12:00,1196.04,788
12373.0,3,2010-02-04 12:08:00,2011-02-01 13:10:00,927.6500000000001,511
12374.0,3,2010-04-30 14:01:00,2011-11-14 15:37:00,2669.2200000000003,1354
12375.0,2,2011-09-02 14:23:00,2011-11-29 10:36:00,375.42,175
12376.0,2,2010-10-18 08:42:00,2010-11-15 12:15:00,383.15,237
12377.0,4,2010-04-29 15:34:00,2011-01-28 15:45:00,3266.32,2101
12378.0,2,2010-05-26 14:07:00,2011-08-02 10:34:00,5416.32,3316
12379.0,4,2010-06-23 12:49:00,2011-09-19 10:09:00,1468.27,804
12380.0,8,2010-02-15 12:05:00,2011-11-18 11:27:00,7171.0,3301
12381.0,3,2011-08-12 09:57:00,2011-12-05 12:44:00,1433.46,772
12383.0,5,2010-12-22 14:28:00,2011-06-08 08:02:00,1617.31,1515
12384.0,2,2011-08-10 11:23:00,2011-11-11 08:39:00,406.16,117
12385.0,1,2010-11-25 15:14:00,2010-11-25 15:14:00,1668.4,594
12386.0,2,2010-12-08 09:53:00,2011-01-06 12:37:00,401.9,354
12387.0,1,2010-10-20 16:27:00,2010-10-20 16:27:00,143.94,134
12388.0,8,2010-05-06 12:54:00,2011-11-24 12:30:00,3901.11,2001
12389.0,3,2010-02-22 10:15:00,2010-11-02 11:52:00,1433.33,614
12390.0,1,2011-09-21 09:33:00,2011-09-21 09:33:00,504.84000000000003,350
12391.0,6,2010-02-15 10:12:00,2011-11-18 12:07:00,2699.2400000000002,1196
12392.0,1,2010-04-27 14:04:00,2010-04-27 14:04:00,234.75,73
12393.0,6,2010-10-07 13:49:00,2011-09-28 15:41:00,2376.75,1305
12394.0,2,2011-05-06 14:01:00,2011-10-07 08:08:00,1080.48,808
12395.0,15,2010-04-16 10:16:00,2011-11-20 15:21:00,4220.82,3170
12396.0,1,2010-02-03 13:22:00,2010-02-03 13:22:00,931.4300000000001,591
12397.0,2,2011-07-27 14:21:00,2011-11-04 09:52:00,2214.9,1250
12398.0,1,2011-10-25 10:27:00,2011-10-25 10:27:00,1435.66,1389
12399.0,7,2010-03-05 08:45:00,2011-08-12 13:15:00,1842.3,2190
12400.0,1,2010-10-21 13:45:00,2010-10-21 13:45:00,205.25,91
12401.0,1,2011-02-09 13:50:00,2011-02-09 13:50:00,69.3,10
12402.0,6,2010-02-07 12:41:00,2011-01-20 13:49:00,1124.15,575
12403.0,2,2010-07-06 11:39:00,2011-10-21 10:51:00,947.36,256
12405.0,1,2011-07-14 08:52:00,2011-07-14 08:52:00,1390.39,849
12406.0,5,2010-01-11 14:04:00,2011-11-17 19:22:00,6072.21,3383
12407.0,5,2011-03-20 13:21:00,2011-10-21 10:11:00,1507.12,1403
12408.0,8,2010-07-29 13:27:00,2011-11-07 12:27:00,3859.64,2158
12409.0,7,2010-05-23 15:21:00,2011-09-22 10:38:00,23090.47,13027
12410.0,3,2010-07-25 13:26:00,2011-02-04 10:39:00,761.46,333
12411.0,1,2010-10-26 09:25:00,2010-10-26 09:25:00,346.9,138
12412.0,6,2010-06-18 13:22:00,2011-09-26 10:16:00,2389.03,1980
12413.0,4,2010-11-02 13:26:00,2011-10-04 09:00:00,861.5,312
12414.0,4,2010-09-02 12:22:00,2011-05-06 14:51:00,442.41,297
12415.0,24,2010-06-30 08:30:00,2011-11-15 14:22:00,143107.02,91016
12416.0,1,2010-02-21 10:19:00,2010-02-21 10:19:00,202.56,132
12417.0,20,2009-12-06 10:30:00,2011-12-06 14:52:00,5889.71,2811
12418.0,4,2010-03-19 14:47:00,2011-08-19 11:08:00,2016.95,1087
12419.0,2,2010-10-22 10:40:00,2010-11-19 10:04:00,391.01,227
12420.0,1,2011-10-07 08:55:00,2011-10-07 08:55:00,600.39,345
12421.0,6,2010-07-22 13:57:00,2011-11-24 09:07:00,869.6,640
12422.0,12,2009-12-18 12:44:00,2011-09-05 09:48:00,3639.35,2579
12423.0,10,2010-08-31 09:31:00,2011-12-09 10:10:00,2291.19,1760
12424.0,4,2010-06-09 15:15:00,2011-06-30 12:06:00,3289.7799999999997,2015
12425.0,2,2010-09-17 14:10:00,2011-09-22 17:31:00,1680.81,1103
12426.0,2,2010-02-15 08:41:00,2011-05-29 12:26:00,1167.41,569
12427.0,3,2010-12-03 10:44:00,2011-11-18 08:56:00,582.37,229
12428.0,8,2011-03-01 09:33:00,2011-11-14 08:22:00,6366.0,3477
12429.0,8,2010-06-11 13:28:00,2011-11-30 17:22:00,5792.01,2751
12430.0,1,2011-10-27 15:09:00,2011-10-27 15:09:00,216.4,116
12431.0,25,2010-01-15 09:04:00,2011-11-04 11:55:00,9963.66,4510
12432.0,4,2011-06-20 13:27:00,2011-10-28 11:43:00,4359.32,1800
12433.0,10,2010-08-20 09:23:00,2011-12-09 10:02:00,16794.14,13534
12434.0,3,2010-11-23 13:38:00,2011-09-16 12:38:00,1062.48,511
12435.0,6,2009-12-02 13:58:00,2011-09-21 09:06:00,13925.93,4958
12436.0,1,2011-09-01 12:09:00,2011-09-01 12:09:00,429.01,209
12437.0,38,2009-12-02 16:24:00,2011-12-08 11:35:00,11011.85,7853
12438.0,2,2011-07-22 13:29:00,2011-11-25 13:28:00,2466.85,1169
12439.0,2,2009-12-14 08:40:00,2010-01-26 12:11:00,1089.18,448
12440.0,2,2009-12-22 12:03:00,2010-09-03 13:11:00,648.15,305
12441.0,1,2010-12-08 10:45:00,2010-12-08 10:45:00,155.55,120
12442.0,1,2011-12-06 14:22:00,2011-12-06 14:22:00,144.06,181
12443.0,1,2009-12-07 15:42:00,2009-12-07 15:42:00,365.31,179
12444.0,5,2011-06-21 14:00:00,2011-11-18 13:23:00,4085.46,1130
12445.0,2,2010-10-15 12:28:00,2011-11-17 18:43:00,370.48,202
12446.0,1,2011-10-13 12:50:00,2011-10-13 12:50:00,1002.3100000000001,351
12447.0,1,2011-04-10 13:25:00,2011-04-10 13:25:00,431.49,187
12448.0,1,2011-10-26 13:46:00,2011-10-26 13:46:00,365.45,240
12449.0,5,2010-09-27 09:37:00,2011-11-17 13:46:00,4274.89,2247
12450.0,5,2010-08-22 13:11:00,2011-07-06 14:41:00,666.95,435
12451.0,8,2010-06-28 12:58:00,2011-11-29 08:40:00,12506.53,9225
12452.0,1,2011-11-23 08:05:00,2011-11-23 08:05:00,348.57000000000005,181
12453.0,1,2011-07-28 14:08:00,2011-07-28 14:08:00,707.09,473
12454.0,4,2010-10-14 17:33:00,2011-10-14 17:13:00,4098.96,2232
12455.0,9,2009-12-18 12:33:00,2011-09-27 15:31:00,5722.95,3295
12456.0,3,2011-03-30 09:12:00,2011-10-26 14:41:00,2553.89,1601
12457.0,7,2010-09-30 17:59:00,2011-10-04 13:13:00,2032.31,926
12458.0,4,2010-08-09 10:33:00,2011-09-29 15:25:00,1502.49,979
12459.0,1,2010-04-13 14:53:00,2010-04-13 14:53:00,398.36,256
12460.0,1,2010-09-09 13:51:00,2010-09-09 13:51:00,296.65,168
12461.0,1,2011-07-08 10:23:00,2011-07-08 10:23:00,626.88,282
12462.0,2,2011-02-09 14:44:00,2011-11-21 09:11:00,872.01,505
12463.0,4,2011-04-12 12:47:00,2011-10-17 13:44:00,1165.63,751
12464.0,8,2011-02-03 13:30:00,2011-11-29 13:33:00,957.05,95
12465.0,2,2011-06-23 13:37:00,2011-11-22 16:34:00,673.89,471
12467.0,1,2010-10-12 15:41:00,2010-10-12 15:41:00,0.0,0
12468.0,5,2010-01-26 10:09:00,2011-06-05 11:36:00,3192.55,2160
12469.0,2,2010-06-21 10:30:00,2010-07-05 12:40:00,3070.54,2552
12470.0,1,2010-01-19 11:01:00,2010-01-19 11:01:00,211.95,95
12471.0,71,2009-12-07 10:41:00,2011-12-07 15:43:00,33294.92,16198
12472.0,19,2009-12-14 10:49:00,2011-11-07 14:01:00,14169.69,9907
12473.0,3,2011-06-01 10:15:00,2011-10-17 11:27:00,2545.27,2323
12474.0,29,2010-02-11 09:41:00,2011-11-22 14:39:00,10886.75,7728
12475.0,2,2010-10-26 08:49:00,2011-10-17 10:10:00,1065.64,766
12476.0,18,2010-07-26 09:04:00,2011-11-24 12:40:00,11920.12,5437
12477.0,9,2010-03-26 14:01:00,2011-11-17 09:51:00,20173.64,6086
12478.0,1,2011-12-06 09:56:00,2011-12-06 09:56:00,545.99,233
12479.0,1,2011-11-28 13:26:00,2011-11-28 13:26:00,423.3,348
12480.0,7,2010-07-20 13:21:00,2011-11-11 14:52:00,4805.1,2912
12481.0,14,2010-04-11 13:10:00,2011-11-17 08:29:00,10889.15,6972
12482.0,27,2010-02-24 10:24:00,2010-05-12 16:51:00,21941.72,27040
12483.0,19,2010-01-31 13:28:00,2011-11-22 17:02:00,4007.9300000000003,2109
12484.0,9,2010-01-27 16:41:00,2011-11-04 15:18:00,5490.8,3226
12485.0,1,2010-06-28 15:22:00,2010-06-28 15:22:00,708.1,414
12486.0,1,2010-10-04 12:14:00,2010-10-04 12:14:00,917.28,520
12487.0,1,2009-12-09 11:36:00,2009-12-09 11:36:00,259.8,144
12488.0,3,2011-09-25 10:34:00,2011-11-30 08:50:00,1244.66,526
12489.0,1,2011-01-07 13:13:00,2011-01-07 13:13:00,298.93,103
12490.0,20,2009-12-01 12:52:00,2011-12-04 16:07:00,8759.64,5845
12491.0,1,2011-11-01 12:18:00,2011-11-01 12:18:00,424.40000000000003,258
12492.0,3,2010-11-01 14:58:00,2011-10-07 15:15:00,607.21,438
12493.0,2,2011-05-26 14:53:00,2011-06-27 10:17:00,398.79,205
12494.0,9,2010-05-12 13:52:00,2011-11-24 09:34:00,1451.92,939
12495.0,1,2010-03-09 10:53:00,2010-03-09 10:53:00,243.4,124
12496.0,2,2010-03-29 13:57:00,2010-03-29 14:06:00,45.34,30
12497.0,3,2010-03-05 09:39:00,2011-09-19 12:29:00,5996.5,5671
12498.0,3,2011-10-13 09:30:00,2011-11-18 12:53:00,349.70000000000005,156
12499.0,1,2010-05-28 15:12:00,2010-05-28 15:12:00,357.72,300
12500.0,18,2010-02-04 15:05:00,2011-11-16 16:20:00,5494.3099999999995,3339
12501.0,1,2011-01-07 12:28:00,2011-01-07 12:28:00,1945.68,1714
12502.0,5,2011-02-03 10:41:00,2011-09-05 11:52:00,2995.87,794
12503.0,1,2010-05-04 13:59:00,2010-05-04 13:59:00,896.0,560
12504.0,4,2010-04-22 10:24:00,2011-11-21 16:02:00,321.0,414
12505.0,1,2010-10-27 09:18:00,2010-10-27 09:18:00,744.5,308
12506.0,1,2011-04-21 08:54:00,2011-04-21 08:54:00,73.5,23
12507.0,4,2010-05-04 09:23:00,2011-07-28 17:09:00,1461.31,1233
12508.0,2,2011-11-10 16:27:00,2011-11-13 15:37:00,397.88,271
12509.0,1,2011-02-28 14:45:00,2011-02-28 14:45:00,158.5,54
12510.0,7,2009-12-04 13:47:00,2011-07-20 10:15:00,2989.33,1995
12511.0,1,2010-10-07 10:39:00,2010-10-07 10:39:00,3065.77,1748
12512.0,2,2011-10-04 14:53:00,2011-10-04 14:55:00,132.18,96
12513.0,1,2011-08-19 10:51:00,2011-08-19 10:51:00,532.79,453
12514.0,2,2010-03-08 12:18:00,2011-03-17 16:38:00,1597.76,840
12515.0,1,2010-12-21 15:43:00,2010-12-21 15:43:00,278.7,128
12516.0,4,2010-04-19 14:14:00,2011-09-23 09:13:00,2288.62,1932
12517.0,4,2011-06-02 15:13:00,2011-11-11 13:57:00,2263.65,1328
12518.0,5,2011-08-21 13:18:00,2011-12-09 10:13:00,1840.89,1306
12519.0,2,2010-08-20 08:21:00,2011-10-07 09:26:00,595.19,375
12520.0,5,2011-03-11 11:35:00,2011-09-21 15:23:00,2294.51,1414
12521.0,1,2011-07-20 10:51:00,2011-07-20 10:51:00,545.68,306
12522.0,2,2011-10-19 14:41:00,2011-10-31 15:30:00,156.72,192
12523.0,23,2009-12-07 13:46:00,2011-11-20 12:55:00,3877.05,2218
12524.0,17,2010-02-08 14:41:00,2011-11-30 15:31:00,9759.36,7099
12525.0,3,2010-03-02 14:01:00,2010-07-29 16:08:00,745.1800000000001,482
12526.0,3,2011-09-06 14:19:00,2011-12-09 12:09:00,1172.66,624
12527.0,5,2010-06-28 15:37:00,2011-09-19 11:55:00,717.51,525
12528.0,6,2011-01-31 09:05:00,2011-11-30 14:40:00,1634.28,734
12529.0,1,2010-06-29 13:10:00,2010-06-29 13:10:00,311.78000000000003,190
12530.0,9,2010-03-07 14:37:00,2011-10-11 12:34:00,3329.86,2678
12531.0,2,2010-01-22 14:17:00,2011-11-25 11:12:00,1737.05,1095
12532.0,1,2011-11-09 13:47:00,2011-11-09 13:47:00,313.83000000000004,151
12533.0,2,2009-12-01 11:50:00,2010-03-22 10:56:00,1005.99,560
12534.0,1,2011-08-01 10:26:00,2011-08-01 10:26:00,981.18,645
12535.0,2,2011-06-06 12:47:00,2011-09-09 08:48:00,716.35,219
12536.0,1,2011-10-11 14:52:00,2011-10-11 14:52:00,4151.26,2672
12537.0,1,2010-10-27 08:36:00,2010-10-27 08:36:00,612.94,446
12538.0,2,2010-11-26 13:02:00,2011-11-10 17:16:00,640.4499999999999,336
12539.0,7,2009-12-23 13:00:00,2011-11-17 13:30:00,11186.75,4534
12540.0,32,2009-12-07 16:56:00,2011-11-20 11:31:00,19159.29,10903
12541.0,3,2011-03-04 09:32:00,2011-11-10 10:40:00,841.18,675
12542.0,2,2010-03-09 16:26:00,2010-08-12 19:12:00,423.38,514
12543.0,1,2010-09-17 15:51:00,2010-09-17 15:51:00,840.25,683
12544.0,1,2011-11-03 16:15:00,2011-11-03 16:15:00,299.7,130
12545.0,2,2011-03-25 12:04:00,2011-09-25 13:39:00,832.39,517
12546.0,2,2011-09-23 09:44:00,2011-10-24 12:09:00,1001.5,612
12547.0,3,2010-07-27 13:55:00,2011-05-26 12:38:00,299.58,306
12548.0,1,2011-06-26 15:35:00,2011-06-26 15:35:00,67.19999999999999,48
12549.0,5,2010-01-11 12:29:00,2010-05-13 12:05:00,1570.68,1365
12550.0,1,2011-09-21 14:35:00,2011-09-21 14:35:00,824.83,564
12551.0,1,2010-12-17 11:23:00,2010-12-17 11:23:00,168.0,100
12552.0,1,2011-10-31 12:11:00,2011-10-31 12:11:00,317.82,85
12553.0,12,2010-10-12 13:35:00,2011-12-01 16:38:00,4044.82,2254
12554.0,1,2010-09-17 12:29:00,2010-09-17 12:29:00,384.5,237
12556.0,2,2011-07-11 13:35:00,2011-10-20 13:06:00,599.56,355
12557.0,8,2009-12-17 10:39:00,2011-11-23 16:59:00,18096.14,6382
12558.0,1,2011-12-02 10:41:00,2011-12-02 10:41:00,3.552713678800501e-15,0
12559.0,2,2011-01-24 10:12:00,2011-02-02 09:49:00,500.21000000000004,279
12560.0,2,2011-07-19 15:55:00,2011-12-04 13:54:00,1885.39,1066
12561.0,1,2011-02-10 11:39:00,2011-02-10 11:39:00,238.85,177
12562.0,9,2010-09-30 13:13:00,2011-12-01 17:20:00,4426.92,2297
12563.0,1,2010-10-27 09:52:00,2010-10-27 09:52:00,221.24,112
12564.0,1,2011-03-23 14:55:00,2011-03-23 14:55:00,402.9,130
12565.0,1,2011-02-24 10:34:00,2011-02-24 10:34:00,131.17000000000002,75
12566.0,1,2011-09-14 14:30:00,2011-09-14 14:30:00,292.7,261
12567.0,15,2010-02-11 10:30:00,2011-11-17 11:02:00,10425.44,5029
12568.0,1,2010-03-05 09:15:00,2010-03-05 09:15:00,52.0,47
12569.0,32,2011-04-01 13:47:00,2011-12-07 16:24:00,3128.9900000000002,1741
12571.0,2,2011-08-10 12:35:00,2011-10-31 10:19:00,519.61,523
12572.0,2,2011-10-19 08:20:00,2011-12-01 09:20:00,896.72,444
12573.0,5,2010-08-31 17:25:00,2011-04-26 15:52:00,717.41,479
12574.0,1,2011-01-28 09:20:00,2011-01-28 09:20:00,182.45000000000002,59
12575.0,2,2010-07-01 09:15:00,2010-09-08 13:09:00,568.82,312
12576.0,8,2010-07-01 13:46:00,2011-11-04 10:11:00,2003.8700000000001,1477
12577.0,8,2009-12-03 19:31:00,2011-11-04 13:24:00,1550.75,1184
12578.0,4,2010-09-22 11:19:00,2011-11-18 13:30:00,3956.4500000000003,2312
12579.0,1,2011-09-22 17:15:00,2011-09-22 17:15:00,374.72,276
12580.0,2,2010-05-12 11:45:00,2011-04-07 10:24:00,962.9,564
12581.0,1,2011-10-31 08:56:00,2011-10-31 08:56:00,179.71,160
12582.0,4,2010-05-11 09:55:00,2011-04-15 08:45:00,1820.4,981
12583.0,27,2009-12-06 11:57:00,2011-12-07 08:07:00,12409.04,8423
12584.0,9,2011-03-04 15:15:00,2011-12-06 09:35:00,1809.95,351
12585.0,2,2010-12-23 12:58:00,2011-04-19 13:39:00,1766.81,1246
12586.0,4,2009-12-16 13:15:00,2011-11-22 16:24:00,2045.67,685
12587.0,1,2011-12-02 12:47:00,2011-12-02 12:47:00,104.0,50
12588.0,3,2010-04-21 12:22:00,2011-10-31 15:01:00,698.98,428
12589.0,6,2010-01-19 12:26:00,2011-11-11 10:19:00,2752.17,1350
12590.0,1,2011-05-12 14:46:00,2011-05-12 14:46:00,9330.48,4276
12591.0,3,2010-10-27 10:42:00,2011-01-26 14:35:00,1114.95,645
12592.0,4,2010-07-08 14:06:00,2011-09-08 15:04:00,1723.64,1866
12593.0,3,2011-05-05 09:29:00,2011-08-23 12:43:00,382.1,204
12594.0,14,2010-03-03 13:51:00,2011-11-02 12:20:00,4862.51,2737
12595.0,1,2010-07-23 09:10:00,2010-07-23 09:10:00,281.02,270
12596.0,2,2011-04-11 13:22:00,2011-10-19 13:02:00,450.27,468
12597.0,4,2011-03-16 14:00:00,2011-11-20 13:33:00,3067.13,2165
12598.0,10,2010-03-01 09:58:00,2011-11-30 12:18:00,4072.67,2821
12599.0,13,2010-05-11 10:42:00,2011-11-10 13:34:00,2026.72,2174
12600.0,20,2009-12-07 13:37:00,2011-11-11 10:29:00,4343.6,1343
12601.0,6,2010-10-31 10:57:00,2011-06-03 10:17:00,565.76,283
12602.0,1,2011-10-12 11:22:00,2011-10-12 11:22:00,153.12,162
12603.0,1,2011-11-18 10:42:00,2011-11-18 10:42:00,613.1999999999999,56
12604.0,2,2011-03-23 12:06:00,2011-09-21 14:08:00,236.18,200
12605.0,3,2010-09-07 14:21:00,2010-11-28 14:18:00,1117.45,917
12607.0,1,2011-10-10 16:06:00,2011-10-10 16:06:00,0.0,0
12608.0,1,2010-10-31 10:49:00,2010-10-31 10:49:00,415.79,323
12609.0,9,2009-12-20 13:30:00,2011-09-22 16:34:00,3021.86,1530
12610.0,4,2011-08-05 13:52:00,2011-11-17 09:34:00,1705.99,1018
12611.0,1,2011-10-18 13:12:00,2011-10-18 13:12:00,1193.32,846
12612.0,1,2011-09-26 15:35:00,2011-09-26 15:35:00,607.59,249
12613.0,9,2009-12-14 13:10:00,2011-10-13 14:59:00,6033.82,4007
12614.0,1,2011-03-07 10:22:00,2011-03-07 10:22:00,315.6,76
12615.0,8,2010-03-18 14:09:00,2011-12-07 15:02:00,5186.88,3274
12616.0,3,2010-11-16 11:38:00,2011-09-05 15:17:00,937.35,475
12617.0,1,2011-11-10 14:39:00,2011-11-10 14:39:00,352.98,210
12618.0,1,2011-11-18 11:10:00,2011-11-18 11:10:00,137.31,95
12619.0,9,2010-05-28 12:52:00,2011-11-23 14:52:00,3048.95,3477
12620.0,3,2011-05-19 12:10:00,2011-11-25 10:20:00,1303.41,1179
12621.0,35,2010-02-09 12:01:00,2011-12-08 11:25:00,21900.7,13525
12622.0,1,2011-04-21 16:39:00,2011-04-21 16:39:00,162.1,68
12623.0,7,2010-01-12 11:45:00,2011-03-08 13:50:00,3315.84,1947
12624.0,2,2011-06-15 12:34:00,2011-08-25 15:04:00,569.13,351
12625.0,4,2010-04-22 11:33:00,2011-05-12 09:54:00,4627.38,3248
12626.0,9,2011-01-17 11:01:00,2011-11-16 16:06:00,5722.35,3313
12627.0,6,2011-07-22 13:59:00,2011-11-29 12:07:00,4082.53,2730
12628.0,3,2011-10-06 09:28:00,2011-12-05 13:15:00,715.61,442
12629.0,2,2010-10-12 16:40:00,2010-11-19 09:18:00,1198.22,713
12630.0,2,2011-10-27 10:41:00,2011-11-30 10:48:00,1030.88,542
12631.0,6,2010-01-15 14:50:00,2011-10-13 13:53:00,3292.27,1589
12632.0,2,2010-05-24 09:07:00,2010-07-07 09:39:00,684.88,665
12633.0,7,2010-07-02 11:44:00,2011-10-12 11:40:00,5073.21,3178
12634.0,1,2010-06-09 15:41:00,2010-06-09 15:41:00,360.0,336
12635.0,4,2010-09-09 10:50:00,2011-09-11 11:04:00,2624.41,1932
12637.0,12,2010-06-14 13:36:00,2011-10-03 13:46:00,8071.16,4237
12638.0,2,2010-03-10 10:30:00,2011-11-06 13:11:00,681.49,657
12639.0,3,2010-03-22 09:05:00,2011-04-15 12:48:00,1072.3700000000001,625
12640.0,3,2011-09-19 12:01:00,2011-11-16 11:52:00,994.58,301
12641.0,1,2011-08-16 13:26:00,2011-08-16 13:26:00,145.9,71
12642.0,3,2011-08-24 09:23:00,2011-11-14 15:03:00,905.26,546
12643.0,11,2010-04-07 14:16:00,2011-08-03 12:56:00,7334.3,4334
12644.0,4,2010-01-14 13:02:00,2011-08-02 10:33:00,1797.54,1000
12645.0,8,2010-02-09 10:49:00,2011-11-06 12:38:00,3175.1,2071
12646.0,2,2011-10-21 12:52:00,2011-12-05 10:14:00,1346.97,897
12647.0,35,2010-01-13 15:06:00,2011-11-17 12:56:00,13919.74,6419
12648.0,4,2010-01-07 18:38:00,2011-07-08 11:55:00,1024.0,509
12649.0,8,2010-01-12 17:24:00,2011-08-24 14:41:00,2060.5,1931
12650.0,1,2011-12-06 16:34:00,2011-12-06 16:34:00,242.44,250
12651.0,4,2010-08-31 15:21:00,2011-01-09 12:46:00,365.3,262
12652.0,2,2010-10-01 15:16:00,2011-01-12 15:00:00,885.58,526
12653.0,3,2010-07-01 09:56:00,2011-07-14 10:41:00,4160.83,1681
12654.0,5,2011-02-17 13:16:00,2011-11-29 10:10:00,529.98,260
12655.0,1,2010-10-12 09:17:00,2010-10-12 09:17:00,243.35,79
12656.0,8,2010-05-26 09:00:00,2011-11-22 13:42:00,5636.78,2803
12657.0,4,2011-09-22 11:40:00,2011-11-28 15:47:00,1008.0600000000001,646
12658.0,1,2011-11-21 10:22:00,2011-11-21 10:22:00,632.05,317
12659.0,1,2011-11-10 11:53:00,2011-11-10 11:53:00,73.67999999999999,104
12660.0,1,2011-11-28 13:26:00,2011-11-28 13:26:00,227.10000000000002,126
12661.0,1,2010-09-29 16:46:00,2010-09-29 16:46:00,162.0,216
12662.0,20,2010-04-01 09:50:00,2011-12-09 11:59:00,6091.6900000000005,3368
12663.0,2,2010-02-09 14:28:00,2010-03-25 09:40:00,150.0,166
12664.0,11,2009-12-13 10:28:00,2011-12-01 17:07:00,5420.04,1476
12665.0,3,2010-02-08 15:11:00,2011-01-19 08:34:00,247.45,154
12666.0,1,2010-11-10 16:40:00,2010-11-10 16:40:00,1020.98,314
12667.0,1,2011-10-12 17:00:00,2011-10-12 17:00:00,460.13,391
12668.0,9,2010-01-31 15:45:00,2011-11-28 10:56:00,9842.06,4935
12669.0,2,2011-03-28 10:15:00,2011-07-12 09:54:00,1427.73,1104
12670.0,7,2010-02-11 10:13:00,2011-11-29 15:23:00,3426.39,1603
12671.0,1,2010-04-12 16:30:00,2010-04-12 16:30:00,2622.481,1460
12672.0,2,2010-04-23 09:57:00,2011-01-14 09:20:00,380.5,129
12673.0,3,2010-11-03 10:46:00,2011-12-04 13:55:00,1140.02,695
12674.0,4,2011-05-16 09:10:00,2011-11-01 12:12:00,1796.26,1096
12675.0,2,2010-05-10 16:44:00,2010-06-04 09:49:00,849.55,331
12676.0,10,2010-08-13 13:29:00,2011-11-15 12:25:00,2333.09,1854
12677.0,2,2010-02-11 13:55:00,2010-06-02 14:30:00,353.3,172
12678.0,17,2010-01-07 16:46:00,2011-10-28 13:04:00,32425.13,22209
12679.0,4,2011-03-01 12:26:00,2011-10-12 12:30:00,896.6700000000001,521
12680.0,4,2011-08-18 15:44:00,2011-12-09 12:50:00,790.81,439
12681.0,44,2009-12-13 13:31:00,2011-11-25 11:33:00,26679.24,16756
12682.0,51,2009-12-01 09:28:00,2011-12-06 10:00:00,20648.12,10390
12683.0,20,2009-12-13 15:01:00,2011-12-05 16:28:00,10167.52,6862
12684.0,6,2011-05-10 12:55:00,2011-12-02 09:53:00,2073.63,1973
12685.0,6,2011-09-07 10:28:00,2011-11-11 13:46:00,2575.08,1507
12686.0,1,2010-12-03 09:51:00,2010-12-03 09:51:00,71.14,106
12687.0,1,2010-08-16 12:12:00,2010-08-16 12:12:00,1858.91,1402
12688.0,1,2011-08-18 08:49:00,2011-08-18 08:49:00,4873.81,3028
12689.0,2,2011-08-04 10:04:00,2011-11-14 08:31:00,1139.61,622
12690.0,1,2011-05-18 09:09:00,2011-05-18 09:09:00,335.01,103
12691.0,6,2010-10-15 12:00:00,2011-11-11 16:49:00,1044.4,438
12692.0,1,2010-03-12 14:02:00,2010-03-12 14:02:00,110.95,36
12693.0,7,2010-07-05 13:56:00,2011-08-04 17:51:00,1352.42,508
12694.0,3,2010-10-14 19:39:00,2011-09-30 13:06:00,1659.45,1343
12695.0,7,2010-02-12 13:22:00,2011-12-02 13:22:00,1371.1200000000001,452
12696.0,2,2010-07-19 10:02:00,2010-10-01 10:43:00,731.91,561
12697.0,3,2011-06-23 15:44:00,2011-11-11 08:47:00,739.02,494
12698.0,1,2010-04-28 15:51:00,2010-04-28 15:51:00,285.75,108
12699.0,1,2010-10-18 12:07:00,2010-10-18 12:07:00,566.11,369
12700.0,4,2011-05-08 16:10:00,2011-12-02 10:47:00,4525.99,2944
12701.0,6,2010-03-16 13:23:00,2011-09-21 10:47:00,2248.41,1716
12702.0,1,2011-11-20 10:36:00,2011-11-20 10:36:00,201.0,52
12703.0,4,2010-01-24 12:05:00,2011-09-29 17:52:00,802.1800000000001,534
12704.0,8,2011-06-23 10:20:00,2011-12-02 13:15:00,1740.84,991
12705.0,13,2010-06-24 09:51:00,2011-11-24 13:17:00,10906.0,7072
12707.0,1,2011-02-21 08:38:00,2011-02-21 08:38:00,603.42,256
12708.0,18,2009-12-18 10:25:00,2011-11-10 09:52:00,4381.72,2347
12709.0,32,2009-12-09 13:49:00,2011-11-24 15:38:00,28708.1,13536
12710.0,3,2011-05-22 14:05:00,2011-09-04 12:00:00,1004.5699999999999,842
12711.0,2,2010-02-01 11:30:00,2010-04-07 11:59:00,1213.05,763
12712.0,21,2009-12-09 10:46:00,2011-11-11 08:19:00,5801.78,2120
12713.0,1,2011-12-09 12:16:00,2011-12-09 12:16:00,794.55,505
12714.0,12,2009-12-04 10:00:00,2011-11-30 15:43:00,12815.710000000001,8703
12715.0,1,2011-08-25 15:22:00,2011-08-25 15:22:00,263.36,190
12716.0,2,2011-07-29 13:28:00,2011-12-06 08:55:00,963.49,703
12717.0,3,2010-04-28 14:34:00,2011-07-11 14:47:00,1058.91,595
12718.0,1,2011-09-29 16:38:00,2011-09-29 16:38:00,202.25,201
12719.0,2,2011-10-05 14:50:00,2011-12-04 13:45:00,536.1,357
12720.0,29,2010-07-21 09:46:00,2011-12-07 08:03:00,6710.49,5893
12721.0,8,2010-08-25 11:07:00,2011-11-08 12:13:00,3555.83,2615
12722.0,4,2011-07-12 11:55:00,2011-09-15 14:50:00,886.33,559
12723.0,5,2011-10-05 15:52:00,2011-12-06 10:19:00,707.07,433
12724.0,7,2010-06-22 14:00:00,2011-12-04 16:02:00,2083.52,1366
12725.0,3,2010-05-04 13:59:00,2010-12-03 15:45:00,1906.76,1136
12726.0,11,2010-03-25 16:25:00,2011-11-11 13:35:00,3690.6,4600
12727.0,10,2010-02-23 09:54:00,2011-11-29 11:46:00,4890.53,2777
12728.0,5,2010-11-21 11:34:00,2011-09-29 15:31:00,926.17,535
12729.0,1,2011-08-18 11:40:00,2011-08-18 11:40:00,417.01,231
12730.0,1,2010-07-06 12:19:00,2010-07-06 12:19:00,703.25,227
12731.0,17,2010-03-02 09:23:00,2011-11-16 11:59:00,25540.21,11563
12732.0,1,2011-06-13 11:33:00,2011-06-13 11:33:00,218.26000000000002,110
12733.0,4,2010-01-19 13:23:00,2011-04-19 16:19:00,2325.97,884
12734.0,3,2010-11-12 13:26:00,2010-12-22 12:47:00,603.65,263
12735.0,2,2011-01-06 14:26:00,2011-01-28 13:37:00,689.5699999999999,363
12736.0,1,2011-01-11 07:57:00,2011-01-11 07:57:00,144.0,168
12737.0,1,2010-07-29 12:27:00,2010-07-29 12:27:00,100.0,1
12738.0,1,2010-12-02 18:27:00,2010-12-02 18:27:00,137.35,147
12739.0,2,2010-11-10 14:27:00,2011-09-01 17:45:00,2421.23,948
12740.0,1,2011-10-07 10:44:00,2011-10-07 10:44:00,427.6,342
12741.0,1,2010-06-24 16:24:00,2010-06-24 16:24:00,236.07,213
12742.0,1,2010-03-24 12:43:00,2010-03-24 12:43:00,1185.02,1349
12743.0,2,2011-07-28 16:06:00,2011-07-28 16:21:00,540.13,315
12744.0,8,2010-04-27 16:19:00,2011-10-14 14:54:00,13158.16,6987
12745.0,2,2010-05-14 16:50:00,2010-08-10 10:14:00,723.85,467
12746.0,1,2010-06-17 10:41:00,2010-06-17 10:41:00,230.85,91
12747.0,26,2009-12-07 13:23:00,2011-12-07 14:34:00,8786.53,2615
12748.0,322,2009-12-04 17:31:00,2011-12-09 12:20:00,46674.18,34835
12749.0,9,2010-07-06 15:05:00,2011-12-06 09:56:00,6328.49,2271
12750.0,1,2011-08-03 09:13:00,2011-08-03 09:13:00,275.88,137
12751.0,1,2010-09-21 12:49:00,2010-09-21 12:49:00,268.27,189
12752.0,1,2011-09-19 13:32:00,2011-09-19 13:32:00,4366.78,2262
12753.0,6,2010-12-12 11:44:00,2011-11-17 10:52:00,21024.01,11250
12754.0,3,2011-02-04 10:31:00,2011-04-18 09:00:00,3010.74,6481
12755.0,11,2010-01-15 11:57:00,2011-03-04 12:42:00,2629.5,1034
12756.0,1,2011-09-14 09:31:00,2011-09-14 09:31:00,112.08,144
12757.0,9,2011-05-12 19:01:00,2011-11-24 12:30:00,4161.75,2375
12758.0,7,2009-12-01 14:40:00,2011-08-15 10:22:00,9779.0,6091
12759.0,8,2009-12-04 10:47:00,2011-10-18 14:49:00,4618.74,3177
12760.0,1,2010-09-10 08:50:00,2010-09-10 08:50:00,317.8,196
12761.0,1,2010-09-01 10:47:00,2010-09-01 10:47:00,712.95,277
12762.0,2,2011-11-14 14:23:00,2011-12-02 10:23:00,1702.52,1220
12763.0,2,2010-12-05 15:46:00,2011-07-24 14:12:00,494.08,316
12764.0,1,2011-01-27 10:19:00,2011-01-27 10:19:00,1693.88,386
12765.0,6,2010-03-08 09:43:00,2010-08-24 13:51:00,1299.58,1002
12766.0,9,2010-10-28 09:29:00,2011-12-06 08:46:00,8093.14,4975
12767.0,1,2010-11-29 09:38:00,2010-11-29 09:38:00,949.82,598
12768.0,1,2010-09-15 12:08:00,2010-09-15 12:08:00,3.552713678800501e-15,0
12769.0,1,2011-04-15 10:25:00,2011-04-15 10:25:00,1143.6,356
12770.0,2,2010-09-09 11:43:00,2011-05-13 09:33:00,2981.45,1773
12771.0,1,2010-08-11 11:51:00,2010-08-11 11:51:00,206.5,98
12772.0,1,2011-10-11 09:19:00,2011-10-11 09:19:00,752.47,551
12773.0,1,2010-05-24 17:30:00,2010-05-24 17:30:00,2.6645352591003757e-15,0
12774.0,1,2010-06-22 10:38:00,2010-06-22 10:38:00,83.7,52
12775.0,7,2010-10-26 14:24:00,2011-11-22 16:33:00,1516.32,1050
12776.0,1,2010-02-10 12:11:00,2010-02-10 12:11:00,27.5,45
12777.0,1,2010-09-08 11:35:00,2010-09-08 11:35:00,519.45,458
12778.0,9,2010-04-16 09:57:00,2011-11-20 11:30:00,1541.68,1720
12779.0,14,2009-12-03 07:25:00,2011-11-02 11:43:00,6158.6,3332
12780.0,1,2010-04-20 09:40:00,2010-04-20 09:40:00,322.4,284
12781.0,2,2011-02-28 08:43:00,2011-10-07 10:37:00,671.72,592
12782.0,11,2010-07-08 13:31:00,2011-12-05 09:16:00,3770.04,1958
12783.0,4,2011-09-25 15:35:00,2011-12-07 15:56:00,1295.8700000000001,611
12784.0,2,2010-06-28 13:06:00,2011-11-24 12:53:00,1511.15,853
12785.0,3,2009-12-08 13:56:00,2010-12-10 13:48:00,883.3100000000001,440
12786.0,1,2010-04-09 12:12:00,2010-04-09 12:12:00,668.5,320
12787.0,4,2010-10-22 14:57:00,2011-11-30 08:44:00,799.1800000000001,506
12788.0,4,2010-06-29 13:05:00,2010-09-02 14:21:00,384.90000000000003,190
12789.0,3,2010-01-15 12:06:00,2011-10-05 13:34:00,225.35,33
12790.0,2,2010-10-25 13:04:00,2011-05-31 14:14:00,518.45,297
12791.0,5,2010-03-25 17:29:00,2010-12-01 11:27:00,656.8299999999999,347
12792.0,2,2010-06-23 10:49:00,2011-03-28 11:36:00,715.01,390
12793.0,3,2010-11-03 13:05:00,2011-01-09 12:12:00,745.53,456
12794.0,2,2011-09-02 12:01:00,2011-10-17 14:54:00,860.41,592
12795.0,1,2011-11-21 10:27:00,2011-11-21 10:27:00,318.48,64
12796.0,1,2010-03-21 15:49:00,2010-03-21 15:49:00,351.0,180
12797.0,2,2010-10-11 12:53:00,2010-12-09 10:55:00,387.43,169
12798.0,4,2010-10-14 12:27:00,2011-11-29 15:52:00,8510.93,8455
12799.0,1,2010-06-28 15:57:00,2010-06-28 15:57:00,219.35,137
12800.0,2,2010-02-01 11:02:00,2010-08-26 14:11:00,500.25,281
12801.0,1,2010-07-27 09:38:00,2010-07-27 09:38:00,831.87,499
12802.0,5,2010-05-25 09:34:00,2011-06-06 09:36:00,2120.42,1938
12803.0,1,2010-11-11 14:57:00,2010-11-11 14:57:00,1017.81,867
12804.0,2,2010-07-27 13:52:00,2010-08-31 11:58:00,325.37,270
12805.0,4,2010-02-03 09:06:00,2010-11-23 12:27:00,1230.95,581
12806.0,2,2010-04-30 10:44:00,2010-05-16 13:49:00,2558.96,2084
12807.0,1,2010-11-21 14:21:00,2010-11-21 14:21:00,229.95,119
12808.0,5,2010-09-03 10:24:00,2011-11-03 10:05:00,748.7,321
12809.0,3,2010-03-02 14:19:00,2011-06-15 10:51:00,1333.74,498
12810.0,2,2010-02-01 09:52:00,2010-06-23 10:53:00,534.99,389
12811.0,4,2010-10-08 12:20:00,2011-03-23 10:55:00,893.9,429
12812.0,1,2011-10-26 09:54:00,2011-10-26 09:54:00,229.64000000000001,164
12813.0,3,2010-01-15 16:52:00,2010-07-26 09:50:00,1621.8,1134
12814.0,1,2011-08-30 12:11:00,2011-08-30 12:11:00,85.92,48
12815.0,2,2011-05-25 13:34:00,2011-07-15 10:21:00,863.46,374
12816.0,2,2011-06-16 13:24:00,2011-09-05 12:41:00,452.2,125
12817.0,3,2010-10-01 08:57:00,2011-03-03 16:28:00,570.98,216
12818.0,1,2011-03-23 12:06:00,2011-03-23 12:06:00,1157.88,914
12819.0,1,2010-09-07 15:20:00,2010-09-07 15:20:00,540.52,344
12820.0,11,2009-12-05 13:37:00,2011-12-06 15:12:00,2647.94,1926
12821.0,2,2010-04-07 15:14:00,2011-05-09 15:51:00,220.8,162
12822.0,2,2011-09-13 13:46:00,2011-09-30 10:04:00,918.98,548
12823.0,18,2010-01-29 12:52:00,2011-09-26 07:35:00,6501.5,930
12824.0,1,2011-10-11 12:49:00,2011-10-11 12:49:00,397.12,232
12825.0,2,2010-03-08 10:17:00,2010-07-06 13:56:00,518.63,139
12826.0,12,2009-12-18 10:43:00,2011-12-07 10:25:00,2784.2000000000003,1910
12827.0,3,2011-10-26 15:44:00,2011-12-04 12:17:00,430.15000000000003,197
12828.0,6,2011-08-01 16:16:00,2011-12-07 08:45:00,1018.71,494
12829.0,3,2010-06-07 15:04:00,2011-01-07 11:13:00,345.35,549
12830.0,6,2011-06-21 10:53:00,2011-11-02 11:54:00,6814.64,9848
12831.0,3,2010-09-02 15:58:00,2011-03-22 13:02:00,451.11,303
12832.0,2,2011-09-02 13:48:00,2011-11-07 13:30:00,383.03000000000003,195
12833.0,1,2011-07-17 13:46:00,2011-07-17 13:46:00,417.38,156
12834.0,1,2011-03-02 09:49:00,2011-03-02 09:49:00,312.38,110
12835.0,41,2009-12-03 12:13:00,2010-10-08 10:59:00,5972.19,2335
12836.0,15,2009-12-01 14:19:00,2011-10-11 15:10:00,6520.58,2227
12837.0,2,2010-05-19 15:10:00,2011-06-19 16:07:00,662.66,194
12838.0,10,2010-04-26 09:59:00,2011-11-06 12:20:00,2953.46,1599
12839.0,26,2009-12-07 09:18:00,2011-12-07 12:33:00,9529.72,6484
12840.0,7,2010-02-03 14:51:00,2011-07-19 09:29:00,4013.87,2244
12841.0,40,2010-07-08 15:38:00,2011-12-05 11:13:00,6808.0,4933
12842.0,4,2009-12-02 08:15:00,2011-09-30 15:33:00,1917.99,887
12843.0,28,2009-12-13 11:41:00,2011-10-05 12:09:00,6219.07,2894
12844.0,4,2010-04-25 11:51:00,2011-11-10 13:31:00,648.6,223
12845.0,4,2011-02-22 14:10:00,2011-03-17 13:34:00,354.09000000000003,204
12847.0,2,2010-11-17 12:44:00,2011-11-17 13:16:00,1609.0,1497
12848.0,1,2010-02-02 12:45:00,2010-02-02 12:45:00,208.0,58
12849.0,6,2010-04-27 13:44:00,2011-11-08 13:41:00,3015.98,1834
12850.0,1,2010-09-20 12:26:00,2010-09-20 12:26:00,330.0,200
12851.0,2,2010-08-19 15:13:00,2011-09-04 12:41:00,280.76,157
12852.0,1,2011-02-18 08:47:00,2011-02-18 08:47:00,299.75,145
12853.0,11,2010-02-05 11:57:00,2011-07-28 11:29:00,3728.5,1639
12854.0,7,2009-12-11 12:55:00,2011-09-22 12:15:00,2899.32,1609
12855.0,4,2010-11-02 18:16:00,2010-12-02 09:37:00,612.84,240
12856.0,6,2011-10-07 12:38:00,2011-12-02 10:52:00,2153.53,1073
12857.0,6,2010-01-25 15:37:00,2011-05-13 10:20:00,3684.25,1419
12858.0,1,2010-11-21 12:55:00,2010-11-21 12:55:00,147.27,51
12859.0,1,2010-09-07 12:20:00,2010-09-07 12:20:00,575.1,292
12860.0,1,2010-01-15 15:22:00,2010-01-15 15:22:00,54.22,26
12861.0,1,2010-03-30 11:39:00,2010-03-30 11:39:00,68.25,27
12862.0,2,2010-08-01 15:20:00,2010-10-10 11:47:00,984.62,611
12863.0,6,2010-04-29 13:54:00,2011-10-18 14:15:00,2775.55,893
12864.0,2,2010-07-19 17:22:00,2011-07-24 13:03:00,299.57,447
12865.0,4,2010-08-20 12:20:00,2011-11-13 14:31:00,3303.31,1925
12866.0,3,2010-07-25 11:37:00,2011-03-01 14:11:00,1092.35,544
12867.0,13,2009-12-16 16:25:00,2011-11-13 15:30:00,7782.91,7853
12868.0,8,2010-11-12 10:05:00,2011-06-07 10:42:00,2043.76,1170
12869.0,1,2010-01-27 12:10:00,2010-01-27 12:10:00,337.67,144
12870.0,3,2010-03-25 14:32:00,2010-11-29 13:42:00,1662.05,904
12871.0,3,2010-09-26 10:34:00,2011-09-16 15:07:00,744.02,484
12872.0,12,2009-12-03 20:03:00,2011-01-17 10:52:00,3276.81,1639
12873.0,3,2010-01-27 09:50:00,2011-03-02 14:58:00,2027.3,786
12874.0,2,2010-06-03 12:51:00,2010-11-19 15:23:00,858.42,606
12875.0,5,2010-01-11 12:37:00,2011-07-19 15:30:00,1356.9900000000002,5187
12876.0,4,2010-04-28 13:26:00,2011-10-13 12:26:00,3738.59,3017
12877.0,20,2010-01-18 10:23:00,2011-12-06 10:30:00,2942.14,2237
12878.0,2,2011-03-18 14:02:00,2011-04-17 13:07:00,841.64,536
12879.0,3,2011-09-09 12:11:00,2011-10-26 12:24:00,552.57,363
12880.0,2,2010-05-14 11:57:00,2010-11-23 10:50:00,640.13,279
12881.0,1,2011-03-09 11:44:00,2011-03-09 11:44:00,298.0,21
12882.0,2,2011-11-06 11:22:00,2011-11-30 16:18:00,1463.04,246
12883.0,4,2011-09-11 15:18:00,2011-11-15 09:32:00,703.47,196
12884.0,1,2011-09-12 13:10:00,2011-09-12 13:10:00,309.05,43
12885.0,3,2011-08-08 11:45:00,2011-10-07 13:40:00,1158.27,654
12886.0,2,2011-05-04 11:21:00,2011-10-03 10:09:00,1351.09,761
12887.0,1,2010-11-21 11:18:00,2010-11-21 11:18:00,222.4,100
12888.0,2,2011-03-29 14:31:00,2011-05-09 16:02:00,313.77,68
12889.0,4,2010-07-25 14:32:00,2010-11-23 16:08:00,365.66,120
12890.0,2,2010-11-17 14:05:00,2011-11-15 17:26:00,706.02,457
12891.0,11,2010-02-18 14:32:00,2011-06-07 12:31:00,819.5,2275
12892.0,1,2010-11-08 09:51:00,2010-11-08 09:51:00,263.38,140
12893.0,1,2011-11-09 12:34:00,2011-11-09 12:34:00,176.54999999999998,90
12894.0,1,2010-05-13 14:47:00,2010-05-13 14:47:00,157.35,33
12895.0,2,2011-09-14 08:35:00,2011-10-28 13:51:00,347.3,204
12897.0,4,2010-06-14 11:58:00,2011-05-19 12:13:00,514.25,249
12898.0,2,2010-02-18 12:36:00,2010-09-02 08:08:00,296.21,235
12899.0,1,2010-10-22 09:53:00,2010-10-22 09:53:00,366.4,108
12900.0,1,2010-10-13 15:17:00,2010-10-13 15:17:00,340.33000000000004,139
12901.0,28,2011-03-14 10:41:00,2011-12-01 10:07:00,16316.14,21299
12902.0,1,2011-03-20 12:06:00,2011-03-20 12:06:00,138.68,66
12903.0,1,2010-10-07 12:39:00,2010-10-07 12:39:00,833.5300000000001,493
12904.0,2,2011-06-20 13:18:00,2011-11-21 14:34:00,496.06,294
12905.0,2,2010-01-26 14:06:00,2010-05-12 10:05:00,1011.82,528
12906.0,5,2011-09-22 15:03:00,2011-11-28 09:55:00,2919.81,1749
12907.0,2,2010-08-02 14:33:00,2010-11-09 12:08:00,440.36,164
12908.0,5,2010-03-19 15:59:00,2011-06-16 15:39:00,1386.0,2400
12909.0,8,2010-02-24 12:14:00,2011-10-31 12:43:00,3034.77,1932
12910.0,13,2010-03-28 13:10:00,2011-11-16 14:28:00,5747.02,3602
12911.0,1,2010-06-06 12:13:00,2010-06-06 12:13:00,1651.72,807
12912.0,5,2011-10-30 11:35:00,2011-12-07 08:55:00,1662.3,670
12913.0,13,2009-12-01 12:18:00,2011-12-05 12:11:00,6283.24,3086
12914.0,1,2010-11-04 12:28:00,2010-11-04 12:28:00,223.98,336
12915.0,4,2010-04-29 19:36:00,2011-07-14 11:34:00,885.2,393
12916.0,7,2010-01-24 11:26:00,2011-07-24 10:35:00,4455.93,1673
12917.0,6,2009-12-09 14:22:00,2011-08-03 16:42:00,4329.5,1098
12919.0,6,2011-06-23 09:22:00,2011-12-01 13:47:00,1301.44,668
12920.0,4,2009-12-14 15:58:00,2011-11-22 15:05:00,486.64,420
12921.0,74,2009-12-01 13:43:00,2011-11-30 16:22:00,33951.65,20893
12922.0,1,2011-07-01 15:35:00,2011-07-01 15:35:00,405.38,370
12923.0,3,2010-05-13 14:55:00,2011-10-06 16:20:00,769.17,229
12924.0,12,2009-12-09 12:40:00,2011-09-12 13:55:00,2415.2000000000003,1411
12925.0,3,2010-04-26 10:32:00,2011-12-05 11:11:00,729.33,649
12926.0,4,2009-12-14 14:35:00,2010-10-24 15:57:00,1523.59,752
12927.0,1,2010-11-10 10:02:00,2010-11-10 10:02:00,197.31,145
12928.0,12,2010-06-08 10:16:00,2011-11-04 14:24:00,4304.89,2899
12929.0,1,2011-02-01 12:08:00,2011-02-01 12:08:00,105.1,36
12930.0,2,2011-06-21 13:25:00,2011-09-22 15:18:00,409.90000000000003,250
12931.0,57,2009-12-01 11:46:00,2011-11-18 12:39:00,71546.97,49239
12932.0,8,2010-02-10 08:46:00,2010-06-18 14:22:00,1698.56,1609
12933.0,8,2009-12-10 16:39:00,2011-11-15 16:38:00,1576.88,894
12934.0,1,2009-12-03 10:51:00,2009-12-03 10:51:00,181.65,31
12935.0,15,2010-04-11 15:59:00,2011-12-07 17:25:00,4182.01,3170
12936.0,4,2011-09-22 13:51:00,2011-11-22 17:32:00,1012.9,539
12937.0,9,2009-12-03 15:43:00,2011-11-24 15:05:00,3097.61,1983
12938.0,1,2011-11-14 11:21:00,2011-11-14 11:21:00,114.14,140
12939.0,20,2010-01-12 11:27:00,2011-10-06 14:33:00,25264.8,10328
12940.0,2,2011-09-13 10:16:00,2011-10-16 12:09:00,862.44,399
12941.0,1,2009-12-15 13:12:00,2009-12-15 13:12:00,377.49,381
12942.0,3,2010-12-09 09:34:00,2011-07-31 14:39:00,675.6,198
12943.0,2,2010-04-13 11:03:00,2010-05-30 13:52:00,489.0,220
12944.0,2,2010-12-20 10:41:00,2011-11-04 11:04:00,604.51,289
12945.0,2,2010-02-21 15:18:00,2011-02-24 14:15:00,900.11,446
12946.0,1,2010-09-29 10:14:00,2010-09-29 10:14:00,324.45,149
12947.0,6,2010-12-01 16:21:00,2011-07-19 10:06:00,1407.29,1157
12948.0,9,2009-12-02 12:28:00,2011-11-23 17:10:00,2306.18,1301
12949.0,22,2009-12-03 15:56:00,2011-11-09 11:25:00,15391.0,8197
12950.0,3,2011-11-15 13:48:00,2011-12-07 13:17:00,1843.0,1380
12951.0,15,2010-01-10 12:43:00,2011-12-01 12:14:00,3164.42,1650
12952.0,4,2011-09-22 16:37:00,2011-12-04 10:35:00,1382.84,652
12953.0,2,2010-07-05 13:37:00,2011-11-30 09:24:00,828.8100000000001,364
12954.0,1,2010-03-11 10:16:00,2010-03-11 10:16:00,162.45,83
12955.0,11,2011-03-17 09:03:00,2011-12-08 16:29:00,4734.26,3642
12956.0,4,2009-12-15 19:03:00,2011-02-06 16:08:00,521.89,340
12957.0,13,2009-12-11 12:01:00,2011-11-30 09:53:00,8628.42,4661
12958.0,2,2010-05-05 16:22:00,2010-11-04 16:16:00,467.34,118
12959.0,1,2010-08-12 17:20:00,2010-08-12 17:20:00,150.95,109
12960.0,4,2010-02-16 13:32:00,2010-10-22 09:31:00,1322.0700000000002,1379
12961.0,1,2010-11-25 16:44:00,2010-11-25 16:44:00,211.98999999999998,180
12962.0,2,2011-08-18 13:38:00,2011-12-02 15:55:00,266.39,129
12963.0,12,2010-07-08 14:45:00,2011-12-01 12:55:00,3162.59,1613
12964.0,1,2010-09-28 17:47:00,2010-09-28 17:47:00,132.24,56
12965.0,1,2011-09-11 15:31:00,2011-09-11 15:31:00,769.8100000000001,282
12966.0,1,2011-11-30 12:38:00,2011-11-30 12:38:00,160.18,75
12967.0,3,2010-11-21 11:03:00,2010-12-16 19:10:00,2472.37,717
12968.0,1,2011-08-19 15:44:00,2011-08-19 15:44:00,135.95,73
12969.0,1,2010-04-16 10:50:00,2010-04-16 10:50:00,122.45,55
12970.0,10,2009-12-04 14:19:00,2011-12-02 14:30:00,1452.54,952
12971.0,116,2009-12-15 19:04:00,2011-12-06 12:20:00,15218.050000000001,12781
12972.0,4,2010-02-16 14:30:00,2010-10-22 08:41:00,1115.95,829
12973.0,1,2010-10-22 10:14:00,2010-10-22 10:14:00,385.55,31
12974.0,2,2010-05-23 11:45:00,2011-05-26 09:33:00,408.95,104
12975.0,6,2009-12-06 10:38:00,2010-09-29 09:46:00,1993.99,903
12976.0,8,2010-02-12 15:46:00,2011-05-12 09:55:00,3156.38,2684
12977.0,4,2010-07-16 16:25:00,2011-07-06 16:40:00,513.88,128
12978.0,5,2009-12-10 12:10:00,2010-11-19 14:29:00,2496.07,1393
12979.0,1,2009-12-10 15:45:00,2009-12-10 15:45:00,479.54,484
12980.0,21,2009-12-02 11:26:00,2011-07-05 09:34:00,15909.390000000001,1883
12981.0,2,2011-07-29 14:14:00,2011-11-10 12:00:00,372.22,242
12982.0,8,2010-04-12 13:50:00,2011-04-11 11:51:00,2562.12,1665
12983.0,1,2010-04-20 12:58:00,2010-04-20 12:58:00,490.08,638
12984.0,1,2011-11-21 12:37:00,2011-11-21 12:37:00,97.5,26
12985.0,2,2011-11-11 12:44:00,2011-12-09 10:46:00,1215.6200000000001,1413
12986.0,10,2010-01-21 10:45:00,2010-10-07 11:57:00,1998.3400000000001,882
12987.0,5,2010-01-20 09:57:00,2011-09-27 12:03:00,1298.51,583
12988.0,1,2011-02-20 14:31:00,2011-02-20 14:31:00,505.82,126
12989.0,33,2009-12-10 13:27:00,2011-12-06 15:28:00,12846.8,6764
12990.0,7,2010-03-30 11:36:00,2011-11-08 13:01:00,955.5,480
12991.0,3,2010-11-15 13:43:00,2011-11-16 15:34:00,764.82,483
12992.0,1,2009-12-14 16:46:00,2009-12-14 16:46:00,93.35,21
12993.0,8,2010-02-18 10:35:00,2011-11-16 15:49:00,1191.26,648
12994.0,3,2011-03-16 08:31:00,2011-12-05 15:43:00,902.22,440
12995.0,1,2011-09-15 15:44:00,2011-09-15 15:44:00,200.72,98
12996.0,1,2010-11-29 09:27:00,2010-11-29 09:27:00,355.5,122
12997.0,8,2010-04-06 11:06:00,2011-11-17 15:47:00,2065.11,1163
12998.0,3,2010-02-24 11:55:00,2010-08-04 08:05:00,897.38,1102
12999.0,3,2011-04-08 10:26:00,2011-05-27 13:24:00,455.88,342
13000.0,4,2009-12-14 17:03:00,2011-08-25 10:43:00,965.0,538
13001.0,33,2009-12-03 16:21:00,2011-12-05 14:51:00,24006.600000000002,13427
13002.0,3,2010-10-01 11:58:00,2011-01-25 15:18:00,414.13,201
13003.0,3,2011-05-09 08:23:00,2011-08-26 10:50:00,149.05,103
13004.0,36,2009-12-15 09:44:00,2011-11-28 11:27:00,11143.99,8442
13005.0,4,2010-09-08 12:52:00,2011-06-19 10:53:00,935.03,455
13006.0,1,2011-10-14 13:49:00,2011-10-14 13:49:00,81.57,55
13007.0,1,2010-05-09 10:38:00,2010-05-09 10:38:00,175.25,59
13008.0,3,2009-12-16 16:07:00,2011-01-20 14:24:00,543.28,312
13009.0,1,2010-02-05 12:22:00,2010-02-05 12:22:00,234.0,120
13010.0,2,2010-03-01 11:28:00,2010-11-30 15:09:00,330.12,323
13011.0,1,2010-12-02 17:22:00,2010-12-02 17:22:00,50.550000000000004,13
13012.0,11,2010-04-26 14:14:00,2011-11-30 13:05:00,2581.28,1390
13013.0,29,2009-12-14 10:34:00,2011-12-08 15:01:00,11073.48,5654
13014.0,11,2010-10-03 11:35:00,2011-11-29 12:27:00,5220.83,1948
13015.0,11,2010-04-15 16:35:00,2011-10-17 13:19:00,6459.08,3455
13016.0,3,2011-08-08 15:00:00,2011-09-27 14:08:00,789.89,527
13017.0,1,2011-12-02 15:53:00,2011-12-02 15:53:00,204.0,48
13018.0,35,2010-03-01 12:34:00,2011-11-23 13:28:00,9742.81,6741
13019.0,6,2009-12-06 15:40:00,2010-11-25 14:56:00,1212.95,395
13020.0,2,2010-02-18 10:35:00,2010-05-26 11:12:00,606.96,271
13021.0,17,2009-12-05 12:02:00,2011-12-05 16:37:00,4806.66,2520
13022.0,1,2010-10-06 10:50:00,2010-10-06 10:50:00,50.3,34
13023.0,3,2010-06-29 09:51:00,2011-10-06 16:27:00,1251.03,573
13024.0,2,2010-05-06 14:25:00,2010-08-26 09:42:00,535.42,174
13025.0,1,2009-12-08 10:02:00,2009-12-08 10:02:00,323.39,241
13026.0,9,2009-12-13 11:34:00,2011-12-08 16:58:00,1697.74,2432
13027.0,19,2010-01-20 10:41:00,2011-08-18 09:39:00,17143.2,42600
13028.0,2,2011-10-25 14:09:00,2011-11-17 11:10:00,659.68,796
13029.0,5,2010-07-04 13:46:00,2011-11-09 09:13:00,1927.3,194
13030.0,2,2010-12-06 14:31:00,2011-11-28 14:30:00,752.44,348
13031.0,5,2010-06-03 14:57:00,2010-10-28 15:34:00,3292.84,2309
13032.0,9,2010-09-05 14:01:00,2011-10-18 15:54:00,2790.0,1262
13033.0,2,2010-10-06 09:37:00,2010-12-17 14:23:00,220.55,98
13034.0,3,2010-11-03 15:22:00,2011-10-16 12:21:00,756.82,406
13035.0,3,2010-10-04 15:41:00,2011-09-27 08:57:00,1328.95,909
13036.0,1,2010-01-24 11:35:00,2010-01-24 11:35:00,307.1,38
13037.0,12,2009-12-03 17:04:00,2011-07-24 15:46:00,3842.55,2105
13038.0,3,2011-02-22 11:43:00,2011-09-20 14:37:00,908.46,360
13039.0,4,2009-12-17 16:43:00,2010-05-04 16:45:00,1010.73,290
13040.0,2,2011-11-06 13:53:00,2011-12-01 10:38:00,676.99,355
13041.0,4,2010-04-29 08:43:00,2010-09-15 11:44:00,799.13,335
13042.0,3,2009-12-07 15:42:00,2010-04-20 13:43:00,1454.84,807
13043.0,1,2011-03-11 14:52:00,2011-03-11 14:52:00,471.57,251
13044.0,11,2010-01-08 14:46:00,2011-02-21 15:20:00,4818.35,2546
13045.0,3,2010-08-10 13:02:00,2011-09-01 15:04:00,808.9200000000001,405
13046.0,3,2010-09-09 13:09:00,2011-11-09 08:36:00,949.25,505
13047.0,23,2009-12-16 11:43:00,2011-10-14 11:15:00,8110.09,3258
13048.0,9,2010-01-27 12:55:00,2011-11-25 13:23:00,4000.08,2648
13049.0,4,2010-11-03 15:39:00,2011-10-06 15:31:00,1384.14,606
13050.0,34,2009-12-15 15:06:00,2011-11-25 09:18:00,11525.54,6911
13051.0,2,2010-03-30 11:11:00,2010-05-10 09:14:00,155.8,72
13052.0,7,2010-02-23 12:31:00,2011-05-11 14:12:00,3118.48,1423
13053.0,1,2010-03-28 11:28:00,2010-03-28 11:28:00,127.65,47
13055.0,4,2010-10-06 08:17:00,2011-09-22 14:26:00,2292.51,1805
13056.0,1,2010-06-06 14:10:00,2010-06-06 14:10:00,209.48,158
13057.0,3,2010-03-18 12:14:00,2010-06-27 15:44:00,528.24,443
13058.0,3,2011-07-11 12:01:00,2011-11-15 12:43:00,271.4,52
13059.0,10,2010-03-31 12:23:00,2011-04-04 10:40:00,2261.2200000000003,855
13060.0,1,2011-03-31 11:37:00,2011-03-31 11:37:00,307.53000000000003,123
13061.0,1,2011-09-28 16:04:00,2011-09-28 16:04:00,248.60999999999999,107
13062.0,1,2011-06-01 15:12:00,2011-06-01 15:12:00,346.98,343
13063.0,1,2010-08-16 12:27:00,2010-08-16 12:27:00,188.4,116
13064.0,6,2010-04-27 10:08:00,2011-11-27 12:31:00,1666.84,668
13065.0,5,2010-06-10 11:44:00,2010-12-01 16:52:00,1050.1000000000001,380
13066.0,2,2011-11-07 17:06:00,2011-11-15 12:57:00,430.9,320
13067.0,3,2010-09-19 13:43:00,2011-09-18 13:38:00,508.51,131
13068.0,2,2011-01-24 08:20:00,2011-11-29 15:00:00,344.0,200
13069.0,38,2010-06-14 14:27:00,2011-12-09 08:39:00,8358.79,14464
13070.0,4,2009-12-07 14:44:00,2011-05-31 13:45:00,743.9,368
13071.0,1,2010-04-06 13:37:00,2010-04-06 13:37:00,129.22,30
13072.0,1,2011-03-18 08:12:00,2011-03-18 08:12:00,177.15,69
13073.0,2,2010-09-28 09:27:00,2010-10-24 14:06:00,418.08,261
13074.0,4,2009-12-16 11:46:00,2010-07-16 16:53:00,1362.8400000000001,824
13075.0,1,2011-08-02 10:19:00,2011-08-02 10:19:00,919.61,485
13076.0,1,2010-09-08 10:27:00,2010-09-08 10:27:00,135.4,44
13077.0,11,2009-12-11 11:17:00,2011-12-08 19:24:00,2716.15,2407
13078.0,57,2009-12-01 09:06:00,2011-12-06 15:36:00,28369.44,11872
13079.0,6,2010-10-18 14:15:00,2011-12-05 16:53:00,419.18,158
13080.0,4,2010-04-09 13:07:00,2011-06-13 14:59:00,260.83,191
13081.0,28,2009-12-08 13:58:00,2011-11-28 10:54:00,55968.97,39715
13082.0,21,2009-12-22 15:37:00,2011-08-05 16:16:00,7268.92,8413
13083.0,3,2010-10-10 13:38:00,2011-12-05 15:01:00,395.43,307
13084.0,1,2010-08-05 08:49:00,2010-08-05 08:49:00,116.44999999999999,137
13085.0,8,2009-12-01 07:45:00,2011-07-05 12:11:00,2289.58,836
13086.0,1,2010-11-22 10:28:00,2010-11-22 10:28:00,439.33000000000004,155
13087.0,1,2009-12-13 15:16:00,2009-12-13 15:16:00,313.64,86
13088.0,1,2010-10-18 15:35:00,2010-10-18 15:35:00,236.11,76
13089.0,203,2009-12-02 15:44:00,2011-12-07 09:02:00,109893.24,57941
13090.0,23,2010-08-02 13:58:00,2011-12-01 12:39:00,12744.93,3164
13091.0,2,2009-12-10 12:44:00,2011-11-11 15:54:00,-1343.24,-1086
13092.0,12,2010-02-10 08:44:00,2011-09-30 11:18:00,2007.33,601
13093.0,55,2009-12-04 10:32:00,2011-03-09 12:14:00,53283.3,25800
13094.0,13,2010-11-15 14:15:00,2011-11-18 14:07:00,1990.98,1722
13095.0,1,2011-09-30 12:03:00,2011-09-30 12:03:00,74.39999999999999,144
13096.0,1,2010-11-10 14:08:00,2010-11-10 14:08:00,419.7000000000001,6
13097.0,27,2009-12-01 13:31:00,2011-11-07 10:43:00,12811.56,5300
13098.0,28,2011-01-26 13:46:00,2011-12-08 14:14:00,28658.88,15911
13099.0,1,2011-09-01 17:40:00,2011-09-01 17:40:00,207.36,288
13101.0,4,2010-01-27 15:49:00,2011-04-19 14:37:00,695.4,478
13102.0,37,2010-05-06 13:12:00,2011-12-08 12:52:00,11123.3,6300
13103.0,3,2010-05-11 14:41:00,2011-10-31 09:38:00,709.64,426
13104.0,9,2010-02-24 15:06:00,2011-12-06 13:10:00,1709.1,834
13105.0,1,2010-09-29 13:41:00,2010-09-29 13:41:00,72.0,100
13106.0,2,2010-10-22 13:10:00,2011-07-29 15:12:00,586.46,227
13107.0,9,2010-02-04 10:50:00,2011-10-26 14:52:00,5109.62,4255
13108.0,2,2010-09-30 17:09:00,2010-12-02 10:35:00,748.46,745
13109.0,3,2010-06-06 12:59:00,2011-10-11 10:16:00,1107.58,750
13110.0,12,2009-12-01 14:14:00,2011-11-08 14:30:00,2896.17,757
13111.0,1,2009-12-21 09:00:00,2009-12-21 09:00:00,321.88,180
13112.0,1,2010-06-16 17:03:00,2010-06-16 17:03:00,-5.440000000000004,-1
13113.0,37,2010-03-28 16:13:00,2011-12-09 12:49:00,16250.09,3943
13114.0,1,2009-12-09 09:56:00,2009-12-09 09:56:00,234.38,74
13115.0,10,2010-04-19 13:29:00,2011-11-28 12:38:00,5379.45,3897
13116.0,1,2011-07-24 14:33:00,2011-07-24 14:33:00,485.19,290
13117.0,18,2010-03-26 13:50:00,2011-11-18 12:02:00,2253.96,1850
13118.0,9,2010-09-26 15:46:00,2011-11-20 12:46:00,2334.1,811
13119.0,1,2010-02-09 08:38:00,2010-02-09 08:38:00,134.9,110
13120.0,1,2011-04-15 10:19:00,2011-04-15 10:19:00,30.6,12
13121.0,1,2011-03-15 16:47:00,2011-03-15 16:47:00,254.73,227
13122.0,2,2011-04-13 14:12:00,2011-09-06 15:53:00,922.39,585
13123.0,2,2010-06-28 12:43:00,2010-08-24 10:18:00,506.75,268
13124.0,4,2010-11-19 15:50:00,2011-09-11 12:45:00,4641.66,2738
13125.0,1,2010-07-04 11:58:00,2010-07-04 11:58:00,148.62,53
13126.0,13,2010-03-02 12:24:00,2011-12-05 10:00:00,3679.03,3261
13127.0,1,2011-09-23 10:26:00,2011-09-23 10:26:00,259.17,127
13128.0,1,2010-03-18 15:08:00,2010-03-18 15:08:00,263.5,31
13129.0,2,2010-06-28 11:54:00,2010-09-13 13:47:00,233.25,296
13130.0,1,2011-09-06 15:30:00,2011-09-06 15:30:00,64.0,32
13131.0,7,2010-02-09 09:47:00,2011-11-16 13:21:00,3279.77,1519
13132.0,1,2011-03-23 12:44:00,2011-03-23 12:44:00,77.3,20
13133.0,3,2010-09-06 15:30:00,2011-03-11 10:31:00,200.45,55
13134.0,6,2010-10-19 13:21:00,2011-09-15 10:35:00,2422.28,1349
13135.0,2,2010-08-05 17:28:00,2011-05-27 10:52:00,3371.45,4423
13136.0,13,2009-12-08 18:30:00,2011-10-14 13:41:00,6119.75,3043
13137.0,16,2010-07-25 15:40:00,2011-11-29 12:09:00,7586.94,4238
13138.0,7,2010-11-08 11:45:00,2011-11-17 16:51:00,1261.26,592
13139.0,8,2010-09-28 09:12:00,2011-11-23 13:54:00,8193.83,4607
13140.0,5,2010-08-05 19:05:00,2011-08-23 15:33:00,1054.92,572
13141.0,17,2009-12-09 13:34:00,2011-09-16 09:54:00,7524.13,5124
13142.0,1,2011-11-20 16:07:00,2011-11-20 16:07:00,307.09000000000003,258
13143.0,1,2010-05-04 12:22:00,2010-05-04 12:22:00,399.2,196
13144.0,2,2010-10-04 14:14:00,2011-01-11 11:15:00,135.35,29
13145.0,7,2010-04-19 11:11:00,2011-10-31 12:45:00,1124.77,262
13146.0,1,2011-11-13 15:29:00,2011-11-13 15:29:00,228.91,154
13147.0,4,2011-09-01 12:28:00,2011-11-29 13:59:00,712.8,144
13148.0,26,2009-12-07 15:26:00,2011-11-10 15:23:00,7990.110000000001,4300
13149.0,4,2011-02-23 13:57:00,2011-11-25 13:09:00,1676.06,1280
13150.0,3,2010-03-19 09:03:00,2010-08-12 12:59:00,435.02,170
13151.0,3,2010-03-22 10:26:00,2011-02-17 12:29:00,2385.66,781
13152.0,7,2010-01-14 10:01:00,2010-10-18 13:44:00,2114.98,969
13153.0,1,2011-12-04 12:14:00,2011-12-04 12:14:00,486.22,418
13154.0,3,2009-12-04 08:46:00,2010-11-05 16:00:00,1609.29,973
13155.0,6,2010-08-05 09:30:00,2011-11-06 15:41:00,1370.48,741
13156.0,3,2010-02-01 13:45:00,2010-11-19 13:09:00,1586.54,914
13157.0,9,2010-03-08 11:59:00,2011-10-21 13:50:00,5667.71,4753
13158.0,5,2010-11-16 17:12:00,2011-09-06 11:58:00,1508.18,992
13159.0,4,2011-08-16 11:44:00,2011-12-01 11:20:00,1371.25,1044
13160.0,1,2011-11-17 13:07:00,2011-11-17 13:07:00,91.8,56
13161.0,2,2010-07-27 12:44:00,2011-01-30 14:03:00,472.13,105
13162.0,16,2009-12-04 13:59:00,2011-08-09 15:59:00,9116.94,5668
13163.0,1,2010-04-08 16:21:00,2010-04-08 16:21:00,0.0,0
13164.0,2,2010-02-10 11:52:00,2010-05-19 13:52:00,308.45,115
13165.0,3,2010-10-22 17:04:00,2011-10-24 15:05:00,1451.1599999999999,1736
13166.0,2,2010-10-21 14:29:00,2011-03-01 15:16:00,873.43,520
13167.0,5,2010-11-14 12:58:00,2011-11-21 12:24:00,1113.15,995
13168.0,5,2010-06-15 15:00:00,2011-11-03 12:56:00,1831.68,896
13169.0,3,2010-05-26 15:58:00,2011-10-07 12:11:00,840.08,296
13170.0,1,2011-11-13 12:19:00,2011-11-13 12:19:00,108.81,141
13171.0,3,2011-02-13 14:16:00,2011-11-18 10:27:00,426.81,227
13172.0,1,2010-11-04 15:10:00,2010-11-04 15:10:00,69.6,48
13173.0,11,2009-12-10 12:52:00,2011-12-05 15:51:00,2370.9700000000003,1476
13174.0,11,2009-12-04 15:40:00,2011-11-23 14:35:00,7972.46,3790
13175.0,2,2009-12-04 12:11:00,2010-05-06 13:13:00,793.1,392
13176.0,1,2011-10-24 15:43:00,2011-10-24 15:43:00,481.49,448
13177.0,2,2010-10-05 10:35:00,2011-10-06 09:56:00,512.2,180
13178.0,21,2009-12-16 14:00:00,2011-11-13 16:14:00,13997.89,8749
13179.0,1,2010-03-31 11:40:00,2010-03-31 11:40:00,572.3100000000001,368
13180.0,1,2010-04-11 13:37:00,2010-04-11 13:37:00,86.10000000000001,42
13181.0,1,2010-11-23 15:05:00,2010-11-23 15:05:00,359.69,171
13182.0,1,2011-10-25 13:46:00,2011-10-25 13:46:00,121.18,201
13183.0,15,2010-03-14 12:32:00,2011-12-02 10:30:00,7010.88,4001
13184.0,10,2011-02-22 17:25:00,2011-11-25 12:02:00,1615.45,1631
13185.0,1,2011-03-17 11:56:00,2011-03-17 11:56:00,71.4,12
13186.0,3,2011-08-03 09:09:00,2011-10-31 11:40:00,1539.69,804
13187.0,4,2010-03-25 17:18:00,2011-01-06 18:57:00,309.66,261
13188.0,1,2011-11-28 15:28:00,2011-11-28 15:28:00,114.6,25
13189.0,2,2011-08-16 13:12:00,2011-11-21 10:39:00,260.68,842
13190.0,3,2009-12-07 12:13:00,2010-06-13 15:47:00,518.76,306
13191.0,1,2010-02-19 17:02:00,2010-02-19 17:02:00,159.21,111
13192.0,6,2010-01-22 08:37:00,2011-09-05 14:13:00,2544.53,1618
13193.0,1,2011-10-09 14:30:00,2011-10-09 14:30:00,112.08,46
13194.0,2,2010-10-14 11:54:00,2011-07-27 09:01:00,472.78,326
13195.0,1,2010-10-21 13:07:00,2010-10-21 13:07:00,136.73,70
13196.0,7,2010-04-01 12:54:00,2011-11-28 13:54:00,3059.64,2004
13197.0,1,2010-04-09 09:14:00,2010-04-09 09:14:00,373.01,204
13198.0,8,2010-10-01 13:27:00,2011-11-29 15:17:00,4912.28,3438
13199.0,66,2009-12-05 10:11:00,2011-12-06 12:30:00,15921.300000000001,11557
13200.0,4,2011-08-05 14:50:00,2011-11-20 15:35:00,870.09,516
13201.0,4,2010-03-07 11:01:00,2010-07-25 14:30:00,1233.06,1036
13202.0,7,2009-12-09 10:48:00,2010-11-10 16:24:00,1571.3500000000001,571
13203.0,10,2009-12-17 14:15:00,2011-11-30 10:45:00,2630.55,2407
13204.0,1,2009-12-08 14:56:00,2009-12-08 14:56:00,966.6600000000001,428
13205.0,1,2010-09-22 16:26:00,2010-09-22 16:26:00,2803.2,256
13206.0,13,2009-12-07 13:48:00,2010-11-04 16:50:00,8308.19,7086
13207.0,4,2010-04-06 16:37:00,2011-11-24 14:52:00,535.86,178
13208.0,8,2009-12-03 13:25:00,2011-10-11 16:25:00,1951.82,1307
13209.0,13,2010-01-24 14:30:00,2011-11-09 13:54:00,8438.06,5760
13210.0,1,2011-09-07 08:18:00,2011-09-07 08:18:00,353.48,316
13211.0,10,2009-12-06 15:24:00,2011-11-29 14:43:00,2596.32,1840
13212.0,3,2011-10-09 14:48:00,2011-11-20 12:40:00,779.33,308
13213.0,11,2010-05-20 14:50:00,2011-10-14 11:42:00,3834.62,2952
13214.0,7,2010-03-03 14:10:00,2010-10-18 10:00:00,3264.23,2966
13215.0,1,2010-11-02 18:26:00,2010-11-02 18:26:00,81.6,96
13216.0,1,2011-03-17 12:18:00,2011-03-17 12:18:00,333.74,297
13217.0,4,2010-02-22 12:49:00,2011-08-09 15:32:00,266.12,364
13218.0,1,2011-08-04 16:59:00,2011-08-04 16:59:00,62.64,88
13219.0,1,2010-03-31 14:18:00,2010-03-31 14:18:00,76.23,11
13220.0,5,2010-05-13 10:35:00,2011-09-22 13:38:00,1336.0900000000001,396
13221.0,2,2010-12-15 13:24:00,2011-04-13 16:58:00,844.86,243
13222.0,1,2010-05-11 13:54:00,2010-05-11 13:54:00,88.5,30
13223.0,6,2010-02-12 13:27:00,2011-05-23 13:03:00,969.12,568
13224.0,2,2011-07-11 14:10:00,2011-10-10 14:55:00,2147.85,1509
13225.0,16,2009-12-17 09:09:00,2011-12-06 13:29:00,15879.27,7337
13226.0,2,2010-11-11 13:46:00,2011-03-11 14:35:00,312.46,179
13227.0,1,2011-05-22 11:47:00,2011-05-22 11:47:00,257.7,99
13228.0,1,2011-09-19 14:28:00,2011-09-19 14:28:00,358.0,200
13229.0,1,2011-04-28 12:07:00,2011-04-28 12:07:00,160.95,63
13230.0,30,2010-03-18 20:02:00,2011-12-05 16:03:00,6065.95,3374
13232.0,7,2011-04-10 13:48:00,2011-11-27 10:39:00,1327.75,771
13233.0,4,2010-01-14 14:10:00,2011-09-26 13:25:00,1176.46,1604
13234.0,2,2009-12-07 12:32:00,2010-02-05 11:41:00,346.5,159
13235.0,1,2011-05-11 17:13:00,2011-05-11 17:13:00,1031.07,441
13236.0,2,2011-08-25 08:58:00,2011-11-15 12:50:00,727.27,411
13237.0,1,2010-11-17 10:07:00,2010-11-17 10:07:00,643.0,128
13238.0,6,2010-04-28 15:02:00,2011-11-22 15:37:00,986.73,440
13239.0,5,2010-07-25 13:34:00,2011-03-23 10:25:00,1579.84,1148
13240.0,8,2010-02-25 13:17:00,2011-09-04 14:08:00,1378.04,694
13241.0,1,2010-10-24 11:17:00,2010-10-24 11:17:00,112.53,46
13242.0,7,2010-02-09 13:12:00,2011-08-19 12:53:00,699.4,350
13243.0,5,2010-03-18 13:10:00,2011-05-20 13:14:00,1220.38,554
13244.0,1,2011-09-08 11:46:00,2011-09-08 11:46:00,121.74000000000001,38
13245.0,2,2010-10-03 14:03:00,2011-10-20 11:40:00,989.22,371
13246.0,11,2010-07-02 13:36:00,2011-11-21 16:50:00,3242.0,2725
13247.0,4,2011-09-18 11:31:00,2011-11-22 10:59:00,501.12,328
13248.0,2,2011-06-03 13:05:00,2011-08-07 12:40:00,465.68,305
13249.0,9,2010-01-24 12:11:00,2011-09-08 13:26:00,1608.9299999999998,1246
13250.0,2,2010-07-25 14:01:00,2010-09-05 11:33:00,245.59,105
13251.0,1,2010-11-02 13:20:00,2010-11-02 13:20:00,252.68,215
13252.0,2,2010-03-24 10:30:00,2010-11-10 16:00:00,341.3,128
13253.0,4,2010-01-05 12:13:00,2011-07-06 10:09:00,2951.11,3015
13254.0,1,2010-11-28 15:42:00,2010-11-28 15:42:00,51.410000000000004,43
13255.0,3,2010-07-15 13:20:00,2011-11-30 13:14:00,669.91,404
13257.0,1,2010-09-29 14:58:00,2010-09-29 14:58:00,117.95,29
13258.0,5,2010-11-04 12:45:00,2011-11-28 09:31:00,1009.43,446
13259.0,9,2010-01-10 10:26:00,2011-10-09 10:48:00,1398.79,502
13260.0,1,2011-10-09 13:21:00,2011-10-09 13:21:00,557.62,142
13261.0,2,2011-02-27 10:41:00,2011-03-16 12:22:00,944.1,210
13262.0,3,2010-04-18 12:14:00,2011-03-21 15:06:00,573.45,247
13263.0,38,2010-10-22 17:07:00,2011-12-08 13:59:00,8650.98,5365
13264.0,1,2010-09-23 12:42:00,2010-09-23 12:42:00,722.5600000000001,375
13265.0,5,2011-03-11 09:54:00,2011-10-17 15:02:00,2092.66,1740
13266.0,19,2009-12-17 10:52:00,2011-11-28 14:39:00,5965.3,6669
13267.0,36,2009-12-07 16:56:00,2011-12-07 11:12:00,9212.06,3903
13268.0,10,2011-03-17 13:20:00,2011-11-22 11:34:00,3105.66,3525
13269.0,28,2009-12-02 11:47:00,2011-12-08 14:53:00,8507.01,6361
13270.0,1,2010-12-08 14:53:00,2010-12-08 14:53:00,590.0,200
13271.0,1,2011-11-02 14:31:00,2011-11-02 14:31:00,172.37,168
13272.0,2,2011-09-11 12:06:00,2011-11-08 14:00:00,276.56,96
13273.0,1,2011-08-18 14:02:00,2011-08-18 14:02:00,138.98,153
13274.0,1,2010-10-26 13:48:00,2010-10-26 13:48:00,360.85,199
13275.0,2,2010-03-17 14:05:00,2010-11-21 12:09:00,238.86,138
13276.0,5,2010-03-07 14:05:00,2011-10-07 12:44:00,1871.21,838
13277.0,7,2010-06-18 08:45:00,2011-11-24 09:21:00,523.3,382
13278.0,4,2010-04-08 11:59:00,2011-10-30 11:49:00,1425.35,1333
13279.0,1,2011-09-22 17:24:00,2011-09-22 17:24:00,126.30000000000001,70
13280.0,7,2010-03-05 09:07:00,2011-08-09 13:14:00,2267.83,1487
13281.0,1,2010-09-26 16:03:00,2010-09-26 16:03:00,306.45,175
13282.0,4,2010-10-29 14:11:00,2011-11-21 15:33:00,1228.89,392
13283.0,4,2010-03-09 14:36:00,2011-10-11 09:50:00,373.36,204
13284.0,1,2011-01-13 09:23:00,2011-01-13 09:23:00,196.15,79
13285.0,6,2010-03-25 14:26:00,2011-11-16 13:19:00,3364.59,2457
13286.0,1,2010-04-18 15:35:00,2010-04-18 15:35:00,734.91,274
13287.0,3,2010-01-04 10:43:00,2010-04-15 15:26:00,519.67,237
13288.0,5,2010-02-11 14:59:00,2010-09-22 16:32:00,892.16,376
13289.0,1,2009-12-16 11:53:00,2009-12-16 11:53:00,307.95,119
13291.0,11,2010-02-11 18:36:00,2011-07-07 10:36:00,3270.79,1600
13292.0,5,2010-07-01 14:36:00,2011-11-01 10:04:00,987.79,514
13293.0,6,2010-02-09 12:05:00,2010-11-12 13:28:00,1180.34,549
13294.0,3,2010-03-03 12:54:00,2011-06-03 08:54:00,1689.53,996
13295.0,4,2010-05-12 09:13:00,2010-12-15 11:21:00,1061.27,699
13296.0,6,2010-05-11 14:29:00,2011-07-25 13:46:00,792.51,653
13297.0,7,2010-06-15 12:35:00,2011-12-02 09:32:00,4352.67,2693
13298.0,1,2011-12-08 13:11:00,2011-12-08 13:11:00,360.0,96
13299.0,3,2010-06-29 11:30:00,2011-03-16 12:55:00,1173.3,408
13300.0,3,2010-05-14 15:56:00,2011-06-23 13:09:00,1267.21,447
13301.0,4,2011-02-20 13:13:00,2011-08-28 11:25:00,600.1899999999999,343
13302.0,2,2010-07-01 12:32:00,2011-07-07 17:56:00,159.2,12
13303.0,1,2010-11-04 14:55:00,2010-11-04 14:55:00,61.72,26
13304.0,4,2010-02-08 12:42:00,2010-12-23 14:35:00,1120.79,688
13305.0,16,2010-03-10 14:49:00,2011-12-05 15:15:00,3616.41,2228
13306.0,1,2010-10-05 14:55:00,2010-10-05 14:55:00,53.65,74
13307.0,3,2010-04-26 13:28:00,2011-08-11 17:14:00,273.34,140
13308.0,4,2010-04-22 09:22:00,2011-11-17 09:31:00,1652.47,1070
13309.0,6,2010-11-12 12:10:00,2011-12-02 16:34:00,1706.3700000000001,1914
13310.0,5,2010-11-02 17:03:00,2011-11-11 17:23:00,1492.8,804
13311.0,2,2011-07-12 14:26:00,2011-12-05 12:55:00,598.57,305
13312.0,1,2010-09-14 14:36:00,2010-09-14 14:36:00,124.75,41
13313.0,12,2009-12-02 16:18:00,2011-11-17 16:48:00,3423.27,2299
13314.0,3,2011-09-27 10:20:00,2011-12-08 12:29:00,593.51,487
13315.0,1,2010-01-19 15:34:00,2010-01-19 15:34:00,310.26,232
13316.0,10,2010-03-10 10:01:00,2011-11-02 13:40:00,12818.42,19883
13317.0,19,2009-12-13 11:11:00,2011-10-04 13:35:00,6068.531,3052
13318.0,3,2011-11-02 13:26:00,2011-12-08 18:51:00,640.76,304
13319.0,58,2009-12-06 14:46:00,2011-12-04 13:34:00,20974.96,8902
13320.0,6,2010-08-18 10:29:00,2011-09-22 18:07:00,2144.45,1472
13321.0,2,2011-09-14 15:18:00,2011-09-28 15:24:00,567.36,372
13322.0,1,2011-11-22 14:21:00,2011-11-22 14:21:00,199.48000000000002,117
13323.0,5,2011-09-16 13:23:00,2011-12-06 17:12:00,787.85,175
13324.0,18,2010-05-25 10:23:00,2011-11-03 16:28:00,10421.37,8430
13325.0,1,2011-09-19 10:36:00,2011-09-19 10:36:00,675.3,240
13326.0,1,2010-10-03 16:00:00,2010-10-03 16:00:00,281.76,140
13327.0,19,2009-12-18 15:35:00,2011-11-01 10:21:00,8914.42,4171
13328.0,1,2011-01-27 15:22:00,2011-01-27 15:22:00,1308.48,680
13329.0,8,2009-12-04 15:41:00,2011-11-08 10:29:00,4672.82,3266
13330.0,6,2010-02-23 10:12:00,2011-09-08 12:27:00,2796.1,1951
13331.0,1,2010-11-03 08:04:00,2010-11-03 08:04:00,262.4,54
13332.0,1,2011-11-25 13:30:00,2011-11-25 13:30:00,350.9,179
13333.0,3,2010-02-19 09:26:00,2010-10-24 13:24:00,1015.74,685
13334.0,5,2010-02-25 12:21:00,2011-09-18 15:21:00,6195.05,3197
13336.0,1,2011-09-23 14:05:00,2011-09-23 14:05:00,795.12,559
13337.0,1,2010-06-11 13:27:00,2010-06-11 13:27:00,1550.06,956
13338.0,4,2010-01-05 12:25:00,2011-07-05 09:06:00,2223.62,1126
13339.0,1,2011-05-23 08:31:00,2011-05-23 08:31:00,860.12,326
13340.0,12,2010-02-22 14:54:00,2011-10-25 13:15:00,22100.56,9636
13341.0,1,2011-03-24 09:50:00,2011-03-24 09:50:00,775.85,301
13343.0,1,2011-06-15 12:24:00,2011-06-15 12:24:00,303.93,126
13344.0,3,2011-03-07 10:28:00,2011-10-03 09:45:00,2511.69,952
13345.0,1,2011-02-25 09:01:00,2011-02-25 09:01:00,377.6,139
13346.0,6,2010-04-22 12:34:00,2010-09-03 11:41:00,299.4,180
13347.0,1,2011-09-30 13:28:00,2011-09-30 13:28:00,341.36,205
13348.0,1,2011-10-06 17:28:00,2011-10-06 17:28:00,233.76000000000002,136
13349.0,1,2011-11-29 08:07:00,2011-11-29 08:07:00,247.32,225
13350.0,2,2011-09-21 13:33:00,2011-11-23 16:33:00,910.72,284
13351.0,1,2011-10-04 12:55:00,2011-10-04 12:55:00,373.94,117
13352.0,1,2011-10-10 13:55:00,2011-10-10 13:55:00,389.28,315
13354.0,1,2011-09-29 13:17:00,2011-09-29 13:17:00,743.53,604
13355.0,1,2011-08-09 14:48:00,2011-08-09 14:48:00,674.7,314
13356.0,1,2011-09-20 14:33:00,2011-09-20 14:33:00,768.24,325
13357.0,5,2010-03-22 14:30:00,2011-03-27 13:56:00,3795.01,2087
13358.0,1,2011-03-16 11:52:00,2011-03-16 11:52:00,439.03,285
13359.0,2,2010-11-01 15:05:00,2011-10-07 09:30:00,1001.96,374
13360.0,4,2010-01-08 11:16:00,2010-10-04 12:37:00,1464.1000000000001,932
13361.0,2,2010-04-01 07:49:00,2010-08-24 14:56:00,1450.5,324
13362.0,7,2010-10-10 15:27:00,2011-11-30 14:41:00,5357.57,2469
13363.0,3,2010-10-26 11:07:00,2011-11-22 12:40:00,1723.8600000000001,1146
13364.0,1,2011-09-29 18:13:00,2011-09-29 18:13:00,0.0,0
13365.0,2,2011-05-06 12:00:00,2011-11-06 12:36:00,2164.32,1236
13366.0,1,2011-10-20 13:37:00,2011-10-20 13:37:00,56.16,144
13367.0,1,2010-10-04 10:00:00,2010-10-04 10:00:00,510.2,253
13368.0,4,2010-10-12 10:43:00,2011-03-28 09:59:00,1086.1,594
13369.0,1,2010-12-09 11:30:00,2010-12-09 11:30:00,263.75,127
13370.0,1,2010-12-03 10:26:00,2010-12-03 10:26:00,721.32,336
13371.0,2,2010-03-17 15:29:00,2010-07-22 17:33:00,2271.46,1016
13372.0,1,2011-09-11 12:46:00,2011-09-11 12:46:00,378.64,159
13373.0,6,2009-12-06 12:34:00,2011-10-10 10:51:00,7587.1900000000005,4263
13374.0,2,2010-09-16 10:29:00,2010-10-21 10:04:00,422.8,135
13375.0,2,2010-09-21 08:12:00,2011-09-12 10:19:00,1786.48,1123
13376.0,3,2011-04-19 13:03:00,2011-09-01 16:16:00,1019.76,493
13377.0,2,2010-03-04 10:06:00,2010-11-08 12:20:00,1495.43,744
13379.0,3,2011-07-26 12:26:00,2011-11-13 13:45:00,572.56,601
13380.0,1,2010-10-03 10:18:00,2010-10-03 10:18:00,62.4,48
13381.0,12,2009-12-01 15:19:00,2011-11-08 11:58:00,8185.02,5108
13382.0,5,2009-12-08 09:56:00,2011-03-04 10:03:00,1387.58,863
13383.0,1,2010-06-14 11:45:00,2010-06-14 11:45:00,305.28000000000003,288
13384.0,11,2010-07-27 12:22:00,2011-11-09 11:04:00,6635.09,4130
13385.0,1,2011-01-14 09:52:00,2011-01-14 09:52:00,534.57,281
13386.0,2,2010-09-28 13:09:00,2010-10-21 12:52:00,835.46,514
13387.0,1,2010-10-18 14:07:00,2010-10-18 14:07:00,181.84,117
13388.0,3,2010-04-15 10:18:00,2011-07-31 12:52:00,1135.7,700
13389.0,3,2011-04-21 12:12:00,2011-11-28 14:01:00,797.96,429
13390.0,1,2011-09-26 08:38:00,2011-09-26 08:38:00,544.08,224
13391.0,1,2011-05-20 10:50:00,2011-05-20 10:50:00,59.8,4
13392.0,1,2010-01-31 13:34:00,2010-01-31 13:34:00,91.14,82
13393.0,4,2009-12-07 18:12:00,2010-05-05 09:34:00,1105.85,658
13394.0,19,2009-12-01 11:58:00,2011-12-08 11:36:00,6329.38,5158
13395.0,3,2010-10-14 13:00:00,2011-06-07 15:04:00,1180.23,1660
13396.0,2,2011-01-24 13:37:00,2011-11-10 16:59:00,1325.29,592
13397.0,10,2010-01-20 09:50:00,2011-09-28 10:56:00,3103.07,1328
13398.0,2,2010-09-17 09:34:00,2011-05-31 13:17:00,670.34,341
13399.0,3,2010-07-08 17:47:00,2010-09-01 13:59:00,275.4,120
13400.0,1,2010-05-06 09:00:00,2010-05-06 09:00:00,300.93,282
13402.0,4,2010-05-24 10:56:00,2011-08-04 15:51:00,1226.8500000000001,917
13403.0,3,2009-12-16 13:23:00,2011-11-22 08:28:00,229.5,114
13404.0,2,2011-05-11 11:57:00,2011-12-08 15:37:00,252.49,111
13405.0,5,2009-12-15 14:13:00,2011-05-19 16:31:00,1181.56,846
13406.0,2,2010-03-18 07:29:00,2010-10-08 14:44:00,557.22,286
13407.0,3,2010-02-16 11:13:00,2010-05-10 12:41:00,2111.89,1623
13408.0,106,2009-12-04 09:31:00,2011-12-08 09:05:00,49751.362,28527
13410.0,9,2009-12-08 13:43:00,2011-11-15 15:33:00,2172.51,1233
13411.0,1,2011-08-24 13:57:00,2011-08-24 13:57:00,213.55,72
13412.0,1,2010-03-29 16:28:00,2010-03-29 16:28:00,487.35,176
13413.0,6,2010-01-21 17:43:00,2010-03-10 12:17:00,353.12,383
13414.0,6,2010-04-15 17:00:00,2011-07-29 11:45:00,2482.2400000000002,2700
13415.0,4,2009-12-11 14:20:00,2010-08-24 11:38:00,665.42,404
13416.0,3,2009-12-03 13:02:00,2011-10-27 08:56:00,940.8000000000001,208
13417.0,6,2010-02-08 12:39:00,2011-12-05 08:49:00,1593.89,508
13418.0,31,2009-12-11 12:51:00,2011-11-28 10:23:00,11242.22,7271
13419.0,1,2011-10-07 12:49:00,2011-10-07 12:49:00,221.06,275
13420.0,2,2011-06-22 11:35:00,2011-07-13 08:48:00,140.35,88
13421.0,8,2010-02-14 14:45:00,2011-10-30 14:21:00,4033.95,2323
13422.0,1,2011-10-06 13:42:00,2011-10-06 13:42:00,2601.55,1321
13423.0,1,2010-10-07 09:02:00,2010-10-07 09:02:00,217.03,141
13424.0,1,2010-09-16 10:49:00,2010-09-16 10:49:00,557.92,526
13425.0,5,2010-05-09 14:35:00,2011-08-23 17:13:00,3362.73,2352
13426.0,22,2009-12-09 15:16:00,2011-12-09 08:59:00,8084.38,4848
13427.0,6,2009-12-17 13:44:00,2011-11-20 13:02:00,1006.53,880
13428.0,3,2010-07-13 13:20:00,2011-11-29 14:20:00,478.54,356
13429.0,4,2011-09-25 15:59:00,2011-11-29 09:10:00,1006.8,1390
13430.0,2,2011-09-14 14:26:00,2011-11-21 08:19:00,652.07,739
13431.0,8,2010-02-18 11:53:00,2011-10-03 13:49:00,3289.2400000000002,1566
13432.0,2,2010-04-06 14:42:00,2010-05-17 13:18:00,436.55,214
13433.0,4,2010-01-12 08:59:00,2010-07-26 16:55:00,656.87,189
13434.0,5,2010-02-22 09:54:00,2011-09-26 14:30:00,1666.8600000000001,864
13435.0,9,2010-07-27 16:56:00,2011-12-04 14:45:00,4431.93,2750
13436.0,1,2011-12-08 10:33:00,2011-12-08 10:33:00,196.89,76
13437.0,7,2011-06-02 14:30:00,2011-11-25 14:00:00,3408.06,1283
13438.0,1,2010-06-10 18:46:00,2010-06-10 18:46:00,46.5,10
13439.0,3,2010-07-01 14:36:00,2011-03-29 14:20:00,986.61,952
13440.0,7,2010-09-14 10:34:00,2010-10-12 13:11:00,1213.95,551
13441.0,2,2010-10-04 10:38:00,2011-09-09 09:38:00,720.9,520
13442.0,3,2009-12-01 14:59:00,2010-02-10 14:03:00,419.87,115
13443.0,6,2010-01-31 13:30:00,2010-09-17 12:31:00,1236.92,791
13444.0,2,2010-07-21 14:34:00,2010-11-30 13:02:00,619.08,331
13445.0,1,2010-03-23 15:34:00,2010-03-23 15:34:00,241.89999999999998,198
13446.0,11,2010-02-14 11:52:00,2010-10-05 18:51:00,3613.27,2338
13447.0,3,2011-11-04 10:10:00,2011-11-16 13:38:00,1104.23,577
13448.0,12,2009-12-06 12:14:00,2011-11-23 12:33:00,8312.52,4172
13449.0,1,2011-11-16 08:28:00,2011-11-16 08:28:00,291.88,222
13450.0,13,2010-04-15 19:15:00,2011-11-13 11:54:00,4117.54,4316
13451.0,11,2010-03-21 16:13:00,2011-11-13 15:58:00,7017.97,5217
13452.0,3,2010-08-24 09:53:00,2011-03-25 14:19:00,729.8,6
13453.0,3,2010-11-02 13:23:00,2011-06-27 09:34:00,758.99,339
13454.0,1,2010-03-08 14:40:00,2010-03-08 14:40:00,219.87,198
13455.0,6,2009-12-09 08:58:00,2011-11-15 11:21:00,2080.88,767
13456.0,6,2011-05-16 15:34:00,2011-11-22 09:18:00,1737.8200000000002,756
13457.0,2,2009-12-02 12:46:00,2010-01-20 08:48:00,143.27,93
13458.0,16,2010-11-16 14:01:00,2011-12-02 15:29:00,11850.62,6712
13459.0,2,2010-01-26 13:35:00,2010-03-25 10:24:00,1160.41,986
13460.0,2,2011-10-21 09:50:00,2011-11-10 17:17:00,183.44,286
13461.0,6,2010-04-21 16:01:00,2011-11-01 09:01:00,4138.5,3128
13462.0,5,2009-12-14 09:48:00,2011-04-01 11:20:00,1145.6000000000001,696
13464.0,6,2010-03-31 15:22:00,2011-10-12 15:01:00,3083.89,1429
13465.0,2,2010-05-02 15:30:00,2010-09-19 15:13:00,931.12,584
13466.0,5,2010-03-21 13:50:00,2011-06-08 16:39:00,952.25,648
13467.0,2,2011-11-03 16:56:00,2011-11-29 10:01:00,1071.91,580
13468.0,72,2009-12-03 13:32:00,2011-12-08 10:39:00,12518.01,5558
13469.0,1,2010-02-24 15:03:00,2010-02-24 15:03:00,82.4,52
13470.0,2,2011-08-16 17:06:00,2011-09-01 14:57:00,165.0,100
13471.0,4,2011-10-23 13:10:00,2011-12-08 15:44:00,2501.84,1583
13472.0,2,2010-06-02 09:48:00,2010-09-02 09:41:00,592.24,310
13473.0,8,2009-12-15 19:02:00,2011-10-10 11:20:00,2410.98,956
13474.0,3,2010-08-01 14:40:00,2011-04-17 13:53:00,646.59,318
13475.0,4,2011-02-14 12:36:00,2011-06-01 13:52:00,1431.78,1012
13476.0,5,2010-03-05 09:39:00,2011-06-14 12:00:00,1915.77,710
13477.0,11,2010-01-25 11:52:00,2011-11-02 12:04:00,2806.12,2088
13478.0,5,2010-01-31 15:51:00,2010-08-27 13:23:00,2068.03,1168
13479.0,4,2010-08-19 16:18:00,2011-05-23 10:45:00,808.5,708
13480.0,2,2010-01-29 12:35:00,2010-10-19 11:53:00,627.82,362
13481.0,11,2009-12-04 12:37:00,2011-10-25 09:07:00,3803.09,2040
13482.0,2,2010-03-22 10:31:00,2011-04-21 17:03:00,336.09000000000003,187
13483.0,1,2011-10-05 11:53:00,2011-10-05 11:53:00,140.34,160
13484.0,3,2010-03-10 11:46:00,2011-04-12 16:30:00,767.32,212
13485.0,11,2009-12-03 13:46:00,2011-04-20 13:58:00,2953.92,1787
13486.0,3,2011-07-07 17:19:00,2011-09-22 13:13:00,1122.41,669
13487.0,5,2009-12-05 10:25:00,2011-10-13 12:07:00,846.87,362
13488.0,23,2010-01-25 10:13:00,2011-11-22 14:41:00,14131.81,7358
13489.0,4,2011-02-18 10:42:00,2011-08-26 13:16:00,449.52,560
13490.0,1,2010-02-23 14:48:00,2010-02-23 14:48:00,154.25,25
13491.0,27,2009-12-07 08:24:00,2011-10-19 08:32:00,4467.66,2349
13492.0,3,2011-05-09 10:06:00,2011-07-26 14:25:00,1269.8400000000001,408
13493.0,2,2011-02-25 16:42:00,2011-03-09 15:35:00,498.63,377
13494.0,1,2011-02-01 11:58:00,2011-02-01 11:58:00,316.26000000000005,162
13495.0,10,2009-12-07 12:12:00,2011-12-02 11:21:00,4790.41,2443
13496.0,2,2010-12-15 10:17:00,2011-11-29 10:58:00,617.9300000000001,329
13497.0,6,2010-02-08 10:27:00,2011-03-02 09:04:00,1139.83,521
13498.0,1,2009-12-09 15:26:00,2009-12-09 15:26:00,327.38,362
13499.0,5,2011-03-15 08:52:00,2011-11-22 11:21:00,1146.96,1358
13500.0,4,2010-11-03 13:16:00,2011-11-16 15:35:00,1436.3,814
13501.0,3,2010-05-18 13:24:00,2011-02-24 18:59:00,2840.26,1238
13502.0,5,2010-06-09 10:52:00,2011-11-23 10:39:00,774.6,488
13503.0,5,2010-02-16 13:49:00,2011-09-29 13:23:00,1706.79,1080
13504.0,1,2011-10-06 13:20:00,2011-10-06 13:20:00,295.93,178
13505.0,4,2011-04-21 12:07:00,2011-09-28 11:56:00,3522.88,2442
13506.0,5,2010-09-05 12:33:00,2011-01-27 13:53:00,1308.53,936
13507.0,4,2011-07-17 11:50:00,2011-12-06 13:13:00,2479.16,1597
13508.0,2,2010-03-07 11:58:00,2011-04-10 11:58:00,287.05,180
13509.0,7,2010-07-20 12:10:00,2011-12-01 10:10:00,1099.72,1213
13510.0,11,2009-12-21 11:53:00,2011-12-08 13:46:00,4488.39,3022
13511.0,1,2010-02-01 12:10:00,2010-02-01 12:10:00,244.61,53
13512.0,4,2010-05-05 13:22:00,2011-03-24 10:03:00,713.39,419
13513.0,3,2010-02-22 16:36:00,2011-08-05 11:50:00,796.99,352
13514.0,4,2010-01-26 15:11:00,2011-09-27 09:39:00,815.9000000000001,288
13515.0,6,2010-03-05 11:58:00,2011-09-28 11:26:00,1265.82,819
13516.0,4,2010-10-18 08:52:00,2011-11-18 13:15:00,1685.26,1114
13517.0,3,2011-06-13 08:44:00,2011-10-11 11:43:00,2109.07,1360
13518.0,1,2011-09-15 10:29:00,2011-09-15 10:29:00,627.16,382
13519.0,2,2010-09-23 11:45:00,2011-09-22 18:24:00,331.26,132
13520.0,11,2009-12-17 11:11:00,2011-10-12 10:20:00,5337.25,3089
13521.0,3,2011-11-29 15:09:00,2011-12-08 13:50:00,1070.47,715
13522.0,1,2011-11-09 15:11:00,2011-11-09 15:11:00,125.80000000000001,44
13523.0,6,2010-11-02 14:55:00,2011-11-06 15:11:00,4325.07,1982
13524.0,5,2011-05-04 12:26:00,2011-10-30 12:34:00,680.1800000000001,324
13525.0,2,2011-04-05 15:36:00,2011-11-25 12:01:00,628.78,394
13526.0,2,2009-12-01 12:56:00,2009-12-01 13:13:00,942.6,1647
13527.0,12,2010-01-21 12:37:00,2011-11-06 12:04:00,4507.59,2716
13529.0,2,2011-05-19 11:50:00,2011-09-22 09:15:00,307.76,74
13530.0,1,2010-03-15 14:10:00,2010-03-15 14:10:00,402.98,272
13531.0,6,2009-12-03 15:20:00,2011-05-18 16:56:00,1433.07,497
13532.0,1,2011-11-06 12:25:00,2011-11-06 12:25:00,210.31,129
13533.0,3,2011-03-17 12:47:00,2011-06-10 11:54:00,269.09,202
13534.0,35,2010-07-07 15:00:00,2011-12-07 14:52:00,7324.5,3708
13535.0,1,2010-11-02 11:49:00,2010-11-02 11:49:00,89.5,10
13536.0,7,2011-09-25 13:30:00,2011-12-08 16:38:00,3444.39,2126
13537.0,2,2010-09-14 10:41:00,2010-10-10 12:45:00,717.85,337
13538.0,12,2010-02-02 12:47:00,2011-10-27 16:34:00,3103.13,959
13539.0,7,2010-04-28 12:04:00,2011-09-15 10:18:00,1531.26,698
13540.0,3,2010-02-22 09:22:00,2010-08-29 14:20:00,632.39,189
13541.0,2,2010-05-18 16:15:00,2010-10-08 16:37:00,717.9,266
13542.0,17,2009-12-10 19:53:00,2010-11-28 11:24:00,3924.09,801
13543.0,2,2010-01-21 14:30:00,2010-03-15 13:34:00,1439.61,329
13544.0,6,2010-03-05 11:31:00,2011-10-31 11:57:00,781.7,330
13545.0,2,2010-06-13 11:49:00,2010-11-14 11:27:00,337.64,245
13546.0,5,2010-10-11 17:23:00,2011-11-27 14:50:00,1086.24,587
13547.0,1,2010-10-27 14:14:00,2010-10-27 14:14:00,164.53,78
13548.0,3,2010-08-25 13:44:00,2011-09-04 14:50:00,901.4399999999999,558
13549.0,8,2010-11-17 12:17:00,2011-11-14 09:20:00,1003.72,553
13550.0,1,2010-11-21 15:24:00,2010-11-21 15:24:00,342.55,430
13551.0,2,2010-02-11 15:01:00,2011-01-24 14:46:00,244.2,36
13552.0,22,2010-02-19 13:28:00,2011-10-04 15:19:00,6588.63,2562
13553.0,1,2010-02-03 12:21:00,2010-02-03 12:21:00,499.59999999999997,201
13554.0,7,2010-09-19 12:39:00,2010-11-24 15:05:00,1547.46,563
13555.0,13,2010-01-19 13:20:00,2011-09-27 12:36:00,8798.99,4743
13556.0,2,2010-09-30 09:01:00,2010-10-06 16:44:00,200.82,134
13557.0,13,2009-12-08 17:41:00,2011-11-11 15:24:00,2980.08,2360
13558.0,4,2011-10-02 13:01:00,2011-12-04 11:24:00,594.52,338
13559.0,2,2010-06-14 11:52:00,2010-07-15 09:52:00,990.0,360
13560.0,1,2011-12-02 13:11:00,2011-12-02 13:11:00,171.42000000000002,63
13561.0,11,2010-02-28 13:42:00,2011-05-08 12:39:00,1803.4,1125
13562.0,8,2010-01-14 16:33:00,2011-09-19 10:51:00,4838.18,1603
13563.0,2,2011-07-22 17:21:00,2011-09-16 14:45:00,777.53,209
13564.0,36,2009-12-02 11:55:00,2010-12-20 16:50:00,15613.1,8746
13565.0,3,2010-10-24 15:51:00,2011-11-20 14:33:00,414.8,260
13566.0,5,2010-03-10 12:22:00,2011-10-30 11:59:00,1684.75,1250
13567.0,4,2010-06-16 12:48:00,2010-10-07 12:51:00,1074.19,641
13568.0,1,2011-06-19 14:42:00,2011-06-19 14:42:00,187.05,66
13569.0,4,2010-10-07 13:05:00,2011-11-22 13:07:00,725.04,344
13570.0,1,2011-04-10 13:36:00,2011-04-10 13:36:00,239.49,161
13571.0,26,2009-12-08 13:02:00,2011-11-27 10:47:00,4537.26,3191
13572.0,1,2011-05-18 11:59:00,2011-05-18 11:59:00,1384.25,534
13573.0,6,2010-03-12 16:06:00,2011-10-20 14:33:00,903.07,646
13574.0,1,2010-10-24 13:28:00,2010-10-24 13:28:00,404.45,304
13575.0,5,2011-06-16 14:24:00,2011-11-16 13:14:00,732.07,449
13576.0,28,2009-12-08 15:12:00,2011-11-29 15:34:00,11167.0,4493
13577.0,11,2009-12-14 16:10:00,2011-11-14 15:19:00,3346.62,1612
13578.0,1,2010-10-26 13:44:00,2010-10-26 13:44:00,147.66,127
13579.0,5,2010-02-18 13:53:00,2011-11-25 08:41:00,1371.14,714
13580.0,1,2010-10-29 15:01:00,2010-10-29 15:01:00,107.75,45
13581.0,2,2010-10-21 16:30:00,2011-02-03 14:41:00,280.53000000000003,119
13582.0,2,2010-04-01 11:38:00,2010-11-15 11:34:00,241.68,106
13583.0,2,2010-01-29 13:53:00,2011-07-07 10:40:00,1445.031,1097
13584.0,3,2010-02-02 08:40:00,2011-02-06 12:49:00,340.4,273
13585.0,3,2009-12-01 14:56:00,2010-06-27 12:33:00,674.46,1338
13586.0,1,2010-06-16 13:47:00,2010-06-16 13:47:00,127.28,38
13587.0,4,2010-02-14 13:17:00,2011-10-07 12:31:00,1308.1,644
13588.0,9,2011-03-29 15:53:00,2011-11-24 10:42:00,2449.53,2574
13589.0,6,2009-12-06 10:26:00,2011-11-25 12:10:00,1120.74,293
13590.0,18,2009-12-01 13:37:00,2011-11-28 12:54:00,6284.74,5261
13591.0,7,2009-12-14 15:44:00,2011-10-06 12:26:00,2081.19,849
13592.0,4,2011-03-20 14:01:00,2011-11-04 09:49:00,247.95999999999998,84
13593.0,14,2010-03-02 16:36:00,2011-08-23 13:35:00,5444.81,2142
13594.0,2,2010-08-11 10:23:00,2011-10-18 10:19:00,508.42,394
13595.0,3,2010-03-03 14:42:00,2010-07-11 12:36:00,784.48,341
13596.0,2,2011-11-27 11:57:00,2011-12-04 12:01:00,664.11,384
13597.0,2,2010-11-02 09:30:00,2010-11-04 14:54:00,377.21000000000004,221
13598.0,5,2010-02-26 11:22:00,2011-10-23 14:28:00,749.21,392
13599.0,33,2009-12-01 12:30:00,2011-12-08 16:10:00,9435.47,6025
13600.0,2,2010-03-15 17:16:00,2011-01-31 15:27:00,518.42,599
13601.0,4,2010-06-11 15:03:00,2011-10-25 17:31:00,1159.99,957
13602.0,4,2010-05-28 11:49:00,2011-10-06 11:47:00,1025.17,538
13603.0,1,2011-11-13 15:57:00,2011-11-13 15:57:00,164.34,164
13604.0,1,2010-02-19 12:02:00,2010-02-19 12:02:00,713.39,239
13605.0,2,2010-05-17 15:46:00,2010-11-17 17:16:00,522.67,425
13606.0,3,2011-02-01 11:42:00,2011-11-10 17:46:00,276.75,276
13607.0,2,2010-11-02 11:48:00,2011-10-30 16:17:00,1058.1100000000001,460
13608.0,1,2010-06-17 12:28:00,2010-06-17 12:28:00,232.05,110
13609.0,1,2010-04-25 13:26:00,2010-04-25 13:26:00,167.35,19
13610.0,14,2010-01-05 14:12:00,2011-11-27 15:38:00,2070.71,860
13611.0,10,2009-12-03 07:57:00,2011-09-11 14:51:00,3259.4300000000003,1975
13612.0,1,2010-03-17 12:14:00,2010-03-17 12:14:00,777.79,438
13613.0,5,2010-02-17 12:40:00,2010-09-13 12:01:00,1039.8500000000001,445
13614.0,6,2010-06-06 13:42:00,2011-11-15 14:47:00,2332.74,821
13615.0,8,2010-01-28 15:43:00,2011-01-25 08:21:00,6212.2300000000005,2891
13616.0,2,2010-01-17 14:56:00,2010-05-20 12:59:00,283.85,172
13617.0,8,2010-08-01 15:23:00,2011-10-30 13:50:00,1263.8,592
13618.0,1,2011-06-19 11:09:00,2011-06-19 11:09:00,177.34,246
13619.0,2,2010-02-03 14:16:00,2010-06-13 11:39:00,223.44,78
13620.0,1,2010-06-29 15:02:00,2010-06-29 15:02:00,112.34,74
13621.0,1,2011-08-15 08:26:00,2011-08-15 08:26:00,213.85,343
13622.0,1,2010-01-12 13:22:00,2010-01-12 13:22:00,651.45,377
13623.0,10,2009-12-02 13:57:00,2011-11-09 12:00:00,2456.73,1000
13624.0,1,2010-11-16 13:43:00,2010-11-16 13:43:00,427.18,814
13625.0,1,2010-04-22 10:50:00,2010-04-22 10:50:00,301.26,144
13626.0,2,2010-11-25 16:12:00,2011-04-01 10:05:00,689.49,395
13627.0,7,2010-03-09 14:03:00,2011-10-11 14:20:00,2217.55,1627
13628.0,1,2010-02-01 14:44:00,2010-02-01 14:44:00,310.14,106
13629.0,19,2010-02-11 17:34:00,2011-11-16 13:21:00,13370.86,7722
13630.0,7,2011-02-27 12:49:00,2011-12-04 15:16:00,1995.68,1377
13631.0,11,2011-03-17 17:13:00,2011-09-01 09:57:00,3021.77,460
13632.0,8,2010-04-07 10:59:00,2011-11-15 10:51:00,3632.36,1630
13634.0,15,2010-01-10 14:26:00,2011-11-06 13:40:00,4434.16,1929
13635.0,4,2009-12-01 09:46:00,2011-10-03 10:55:00,2948.2200000000003,1869
13636.0,5,2011-02-27 14:29:00,2011-11-03 10:30:00,941.62,586
13637.0,3,2011-04-27 13:06:00,2011-10-18 13:32:00,803.05,404
13638.0,1,2011-11-24 10:38:00,2011-11-24 10:38:00,122.64,93
13639.0,2,2010-09-29 10:05:00,2011-09-26 13:36:00,1346.27,997
13640.0,1,2010-04-07 15:33:00,2010-04-07 15:33:00,405.0,108
13641.0,4,2009-12-05 13:17:00,2010-03-09 07:37:00,847.72,1079
13642.0,4,2010-10-03 12:23:00,2011-05-08 12:34:00,459.45,230
13643.0,10,2009-12-08 12:48:00,2011-11-08 15:37:00,2112.17,894
13644.0,4,2011-08-26 11:53:00,2011-11-23 14:07:00,2597.52,2060
13645.0,1,2011-08-11 16:11:00,2011-08-11 16:11:00,252.1,158
13646.0,2,2010-11-05 12:00:00,2010-11-05 12:13:00,323.3,78
13647.0,8,2010-04-15 12:55:00,2011-11-30 12:00:00,3033.78,1794
13648.0,8,2009-12-01 18:13:00,2010-11-04 14:46:00,1681.1200000000001,928
13649.0,6,2010-06-30 16:35:00,2011-03-28 11:51:00,1453.68,782
13650.0,10,2010-01-26 08:44:00,2011-11-23 12:22:00,3098.5,1674
13651.0,2,2010-11-23 09:44:00,2011-10-31 12:11:00,193.95,59
13652.0,5,2010-02-25 17:37:00,2011-10-25 08:51:00,2262.05,1458
13653.0,1,2010-08-09 08:19:00,2010-08-09 08:19:00,152.2,72
13654.0,11,2009-12-02 11:43:00,2011-10-27 16:24:00,6308.0,4762
13655.0,6,2010-04-27 09:59:00,2011-08-17 14:25:00,2261.66,1213
13656.0,4,2010-04-23 12:50:00,2011-06-28 10:31:00,1053.35,859
13657.0,2,2011-05-22 12:35:00,2011-11-29 12:32:00,382.14,209
13658.0,9,2010-02-05 13:17:00,2011-11-30 10:13:00,5772.07,2146
13659.0,12,2010-02-17 09:05:00,2011-05-18 12:37:00,4706.43,2492
13660.0,1,2010-11-04 16:10:00,2010-11-04 16:10:00,295.74,134
13661.0,1,2010-04-15 14:58:00,2010-04-15 14:58:00,325.24,118
13662.0,11,2010-02-19 13:21:00,2011-09-15 12:04:00,2166.63,1142
13663.0,5,2010-03-03 10:11:00,2011-06-13 15:44:00,2013.6100000000001,891
13665.0,3,2010-07-23 13:29:00,2010-11-18 13:06:00,1711.66,1652
13666.0,5,2009-12-04 10:48:00,2011-10-10 15:39:00,127.05,53
13667.0,1,2011-07-13 15:42:00,2011-07-13 15:42:00,299.05,149
13668.0,35,2009-12-11 14:28:00,2011-12-07 12:11:00,12607.68,5945
13669.0,3,2010-10-28 15:05:00,2011-10-20 09:32:00,413.55,393
13670.0,1,2011-09-25 15:25:00,2011-09-25 15:25:00,349.7,282
13671.0,1,2010-11-10 10:50:00,2010-11-10 10:50:00,172.6,95
13672.0,3,2009-12-09 11:40:00,2011-02-11 13:53:00,233.53000000000003,81
13673.0,2,2011-11-07 15:40:00,2011-11-21 12:11:00,387.44,114
13674.0,1,2010-10-03 10:41:00,2010-10-03 10:41:00,215.88,98
13675.0,2,2011-02-28 12:14:00,2011-07-11 12:57:00,486.82000000000005,330
13676.0,2,2010-03-30 16:53:00,2010-06-18 17:30:00,153.15,59
13677.0,2,2010-07-07 17:25:00,2010-10-31 11:32:00,551.24,217
13678.0,1,2011-07-11 10:14:00,2011-07-11 10:14:00,232.6,924
13679.0,3,2009-12-04 16:52:00,2010-08-03 12:13:00,281.26,102
13680.0,12,2009-12-04 14:14:00,2011-12-08 13:47:00,9899.56,4575
13681.0,4,2011-07-07 15:21:00,2011-11-22 11:13:00,827.83,360
13682.0,1,2011-06-05 14:06:00,2011-06-05 14:06:00,59.5,10
13683.0,1,2010-09-08 10:00:00,2010-09-08 10:00:00,258.6,180
13684.0,4,2010-03-28 14:48:00,2011-02-27 10:13:00,544.42,222
13685.0,7,2011-10-10 12:59:00,2011-12-07 11:41:00,3119.44,5056
13686.0,3,2010-11-03 13:44:00,2011-06-10 09:10:00,409.04,378
13687.0,1,2010-09-27 16:30:00,2010-09-27 16:30:00,11880.84,87167
13688.0,1,2010-03-14 14:11:00,2010-03-14 14:11:00,375.5,130
13689.0,2,2010-09-21 10:27:00,2011-10-07 13:21:00,1259.5,722
13690.0,1,2011-10-11 15:03:00,2011-10-11 15:03:00,172.25,67
13691.0,1,2010-11-08 17:34:00,2010-11-08 17:34:00,210.78,144
13692.0,5,2010-10-15 13:28:00,2011-11-15 11:17:00,3022.95,2090
13693.0,9,2009-12-07 11:29:00,2010-11-30 18:21:00,1966.3200000000002,872
13694.0,143,2009-12-04 15:26:00,2011-12-06 09:32:00,190391.5,184542
13695.0,16,2010-05-11 11:07:00,2011-11-08 14:26:00,2770.73,1791
13696.0,3,2010-02-11 14:17:00,2010-10-14 09:44:00,2008.7,546
13697.0,1,2011-11-01 09:14:00,2011-11-01 09:14:00,151.3,177
13698.0,2,2010-01-27 09:02:00,2010-04-22 11:52:00,451.73,227
13699.0,2,2010-06-07 13:03:00,2011-07-07 16:51:00,711.4000000000001,214
13700.0,13,2010-02-07 10:53:00,2011-11-13 13:00:00,2569.7200000000003,2775
13701.0,1,2010-09-19 12:39:00,2010-09-19 12:39:00,159.55,79
13702.0,1,2010-09-20 11:40:00,2010-09-20 11:40:00,135.18,74
13703.0,2,2010-10-20 13:11:00,2011-01-25 13:10:00,99.5,10
13704.0,9,2011-09-12 14:40:00,2011-12-04 15:13:00,2295.31,1528
13705.0,7,2010-03-25 17:19:00,2011-12-02 12:32:00,1717.19,906
13706.0,2,2010-03-23 09:18:00,2011-02-10 09:21:00,631.1700000000001,301
13707.0,5,2010-06-21 11:57:00,2011-03-17 18:03:00,3365.86,2210
13708.0,1,2011-03-13 13:46:00,2011-03-13 13:46:00,283.33,300
13709.0,18,2010-01-11 10:40:00,2011-12-06 10:28:00,7492.41,4107
13710.0,3,2010-04-06 12:54:00,2011-11-08 08:16:00,509.52000000000004,336
13711.0,9,2009-12-15 19:04:00,2011-05-05 10:31:00,1632.6100000000001,796
13712.0,2,2010-04-08 11:16:00,2011-04-07 12:33:00,766.42,1128
13713.0,3,2010-05-05 16:48:00,2010-10-27 16:18:00,740.76,284
13714.0,1,2010-08-31 13:57:00,2010-08-31 13:57:00,161.35,50
13715.0,17,2010-03-11 15:33:00,2011-03-03 19:21:00,8108.09,4785
13716.0,1,2011-03-15 13:49:00,2011-03-15 13:49:00,138.28,138
13717.0,8,2010-08-11 09:40:00,2011-11-07 14:13:00,1748.05,2141
13718.0,2,2011-02-17 11:58:00,2011-04-07 13:24:00,306.55,173
13719.0,11,2010-05-17 14:36:00,2011-11-24 15:26:00,2782.1,1586
13720.0,4,2011-03-30 09:17:00,2011-08-15 12:46:00,799.9,501
13721.0,2,2010-11-09 17:59:00,2011-11-03 14:05:00,741.54,512
13722.0,10,2010-03-03 14:13:00,2011-07-31 12:44:00,5629.16,3058
13723.0,6,2010-04-07 14:32:00,2011-05-06 17:04:00,1194.08,593
13724.0,1,2010-03-12 15:28:00,2010-03-12 15:28:00,213.01,130
13725.0,8,2011-02-04 12:18:00,2011-10-21 10:03:00,1809.81,659
13726.0,2,2011-08-31 11:06:00,2011-11-01 10:49:00,1079.66,1054
13727.0,8,2009-12-09 13:25:00,2011-11-11 09:46:00,1061.4,365
13728.0,16,2009-12-09 17:13:00,2011-11-03 10:49:00,2855.17,1269
13729.0,3,2010-01-24 14:57:00,2010-09-30 10:44:00,676.4300000000001,405
13730.0,2,2011-07-01 12:47:00,2011-07-27 08:35:00,752.6,488
13731.0,2,2011-04-07 10:10:00,2011-05-04 14:33:00,610.59,278
13732.0,1,2011-11-11 15:49:00,2011-11-11 15:49:00,491.86,498
13733.0,2,2009-12-04 15:28:00,2010-10-25 12:18:00,484.53000000000003,333
13734.0,4,2010-04-16 08:42:00,2010-07-19 12:04:00,3445.3400000000006,209
13735.0,13,2009-12-13 13:31:00,2011-11-15 11:14:00,9422.36,4047
13736.0,7,2009-12-06 12:07:00,2011-12-04 15:19:00,2701.27,1537
13737.0,1,2011-05-23 16:32:00,2011-05-23 16:32:00,339.6,125
13738.0,1,2010-11-08 15:23:00,2010-11-08 15:23:00,434.78000000000003,237
13739.0,2,2010-06-30 10:25:00,2011-11-21 13:35:00,292.2,76
13740.0,5,2009-12-02 12:22:00,2011-04-13 10:32:00,1582.77,987
13741.0,3,2011-05-06 13:43:00,2011-09-29 09:19:00,666.33,217
13742.0,12,2011-01-23 14:59:00,2011-11-23 11:07:00,3079.27,1107
13743.0,7,2011-03-25 14:46:00,2011-12-07 10:09:00,1340.15,1775
13744.0,2,2011-02-20 14:08:00,2011-09-05 15:19:00,1080.52,1153
13745.0,2,2010-06-11 17:19:00,2011-06-30 16:43:00,761.27,1121
13746.0,1,2010-10-22 11:55:00,2010-10-22 11:55:00,176.69,83
13747.0,2,2010-10-11 09:15:00,2010-12-01 10:37:00,169.79999999999998,60
13748.0,9,2009-12-01 16:44:00,2011-09-05 09:45:00,2064.35,1028
13750.0,11,2010-04-01 14:49:00,2011-10-17 12:16:00,3563.6,1360
13751.0,1,2011-02-24 15:56:00,2011-02-24 15:56:00,296.25,152
13752.0,7,2010-06-30 10:23:00,2011-08-07 14:16:00,1579.8300000000002,1005
13753.0,4,2009-12-03 10:20:00,2011-02-25 12:48:00,2094.57,1450
13754.0,3,2010-09-28 15:29:00,2011-07-11 11:51:00,447.05,315
13755.0,9,2011-10-07 15:45:00,2011-12-06 12:26:00,2101.39,1219
13756.0,23,2009-12-15 15:18:00,2011-12-07 16:44:00,8595.65,5112
13757.0,1,2010-02-03 12:37:00,2010-02-03 12:37:00,195.55,54
13758.0,14,2009-12-01 10:06:00,2011-11-28 11:11:00,8544.29,4658
13759.0,2,2011-09-29 15:40:00,2011-11-06 14:47:00,659.41,287
13760.0,5,2010-04-25 13:10:00,2011-10-16 16:13:00,1358.6399999999999,619
13761.0,6,2010-02-21 11:08:00,2011-10-20 14:01:00,1952.17,1079
13762.0,5,2010-01-10 12:13:00,2011-05-05 09:15:00,2165.76,2336
13763.0,3,2010-09-30 17:39:00,2011-10-07 15:13:00,5181.99,3220
13764.0,6,2010-03-07 12:56:00,2011-09-30 12:03:00,2908.67,2080
13765.0,1,2010-02-24 13:46:00,2010-02-24 13:46:00,352.821,297
13766.0,1,2010-08-01 14:25:00,2010-08-01 14:25:00,190.35,137
13767.0,73,2009-12-01 10:52:00,2011-12-07 15:00:00,33480.82,14500
13768.0,2,2009-12-09 10:25:00,2009-12-13 10:41:00,758.07,357
13769.0,20,2009-12-16 11:59:00,2011-12-07 15:08:00,5444.33,2436
13770.0,4,2009-12-09 14:44:00,2010-10-13 15:10:00,785.37,468
13771.0,9,2010-02-25 12:37:00,2011-10-06 14:18:00,5726.07,3139
13772.0,8,2010-02-23 13:55:00,2011-11-06 11:43:00,3080.52,1424
13773.0,2,2010-02-18 10:27:00,2010-11-08 11:49:00,301.54,174
13774.0,1,2011-09-19 12:06:00,2011-09-19 12:06:00,345.0,192
13775.0,1,2010-04-28 12:15:00,2010-04-28 12:15:00,1049.66,455
13777.0,61,2009-12-02 09:47:00,2011-12-09 12:25:00,49228.16,23037
13778.0,4,2010-05-23 13:34:00,2011-08-28 15:25:00,1116.54,510
13779.0,1,2010-07-12 11:24:00,2010-07-12 11:24:00,161.13,53
13780.0,3,2010-10-28 19:51:00,2011-12-02 13:49:00,732.07,479
13781.0,3,2009-12-18 15:46:00,2011-04-03 12:08:00,770.88,299
13782.0,13,2009-12-06 12:52:00,2011-11-27 11:54:00,1778.13,642
13783.0,4,2010-02-04 13:47:00,2010-08-09 09:23:00,1542.09,3437
13784.0,14,2010-09-15 12:27:00,2011-11-30 09:33:00,2897.18,2822
13785.0,4,2010-09-05 16:01:00,2010-10-07 09:25:00,542.49,151
13786.0,6,2009-12-03 15:32:00,2010-12-07 13:53:00,3112.99,1503
13787.0,6,2010-01-14 10:13:00,2011-09-25 12:06:00,1173.7,987
13788.0,1,2010-07-22 15:50:00,2010-07-22 15:50:00,3.75,1
13789.0,1,2010-11-16 15:31:00,2010-11-16 15:31:00,239.46,258
13790.0,1,2011-12-05 15:48:00,2011-12-05 15:48:00,348.8,748
13791.0,2,2011-06-24 16:38:00,2011-08-04 11:44:00,1047.68,828
13792.0,3,2010-10-13 11:05:00,2011-10-04 14:31:00,383.95,156
13793.0,1,2010-03-03 08:25:00,2010-03-03 08:25:00,96.0,52
13794.0,1,2010-06-11 12:30:00,2010-06-11 12:30:00,126.03,63
13795.0,4,2010-03-12 12:44:00,2010-11-16 17:25:00,836.3,1250
13796.0,1,2010-07-28 14:45:00,2010-07-28 14:45:00,289.7,218
13797.0,3,2010-03-02 12:17:00,2010-09-29 10:34:00,1168.45,570
13798.0,110,2009-12-08 16:21:00,2011-12-08 15:51:00,73177.5,47253
13799.0,9,2010-03-05 16:39:00,2011-08-15 12:07:00,2039.82,1358
13800.0,3,2009-12-03 10:03:00,2011-02-03 12:27:00,1679.56,891
13801.0,1,2011-10-04 10:15:00,2011-10-04 10:15:00,324.8,168
13802.0,19,2010-02-16 10:11:00,2011-07-24 10:54:00,25491.56,13830
13803.0,3,2010-03-31 10:00:00,2011-03-29 12:57:00,1319.1100000000001,819
13804.0,9,2010-09-29 10:26:00,2011-11-09 12:32:00,3161.12,1797
13805.0,2,2011-08-02 15:29:00,2011-10-18 14:50:00,924.6,1900
13806.0,1,2011-10-07 11:43:00,2011-10-07 11:43:00,256.38,56
13807.0,3,2009-12-04 12:41:00,2010-12-07 15:48:00,397.3,114
13808.0,5,2011-09-04 12:07:00,2011-12-04 12:18:00,1747.66,782
13809.0,3,2010-09-05 11:42:00,2011-02-07 13:15:00,679.7,281
13810.0,2,2011-10-14 12:57:00,2011-11-11 08:33:00,827.51,307
13811.0,2,2011-04-14 18:40:00,2011-06-09 09:54:00,519.75,63
13812.0,3,2011-08-26 12:54:00,2011-10-28 14:27:00,485.0,330
13813.0,8,2009-12-06 10:16:00,2011-10-31 10:38:00,2308.42,1255
13814.0,3,2010-06-30 14:12:00,2011-09-08 13:48:00,2239.07,1211
13815.0,8,2010-02-12 10:26:00,2011-11-17 14:19:00,6547.79,5317
13816.0,2,2011-10-06 14:37:00,2011-11-16 08:38:00,483.04,256
13817.0,2,2010-12-23 11:46:00,2011-11-10 17:49:00,328.98,208
13818.0,1,2010-10-06 12:35:00,2010-10-06 12:35:00,61.28,60
13819.0,6,2009-12-01 16:18:00,2011-02-11 10:38:00,2631.1,2302
13820.0,3,2010-01-28 12:26:00,2010-10-17 13:46:00,632.5,282
13821.0,6,2010-01-04 13:36:00,2011-07-18 09:49:00,1355.38,471
13822.0,2,2011-10-30 15:55:00,2011-12-04 12:13:00,632.0,611
13823.0,7,2009-12-15 14:34:00,2011-11-21 10:22:00,3358.55,1560
13824.0,12,2010-03-12 15:17:00,2011-11-07 12:41:00,3273.36,1434
13825.0,2,2009-12-09 14:30:00,2010-03-28 11:02:00,255.59,182
13826.0,1,2011-06-16 13:48:00,2011-06-16 13:48:00,179.55,81
13827.0,3,2011-07-19 15:38:00,2011-10-13 12:38:00,409.8,138
13828.0,1,2011-11-17 16:02:00,2011-11-17 16:02:00,209.49,311
13829.0,1,2010-10-14 18:19:00,2010-10-14 18:19:00,0.0,0
13830.0,1,2010-05-07 12:24:00,2010-05-07 12:24:00,135.95000000000002,45
13831.0,18,2009-12-10 14:50:00,2011-11-23 15:41:00,6571.139999999999,2389
13832.0,2,2010-10-13 14:41:00,2011-11-20 15:36:00,598.64,417
13833.0,2,2010-10-31 14:11:00,2011-07-03 13:27:00,700.41,243
13834.0,2,2010-02-08 12:52:00,2010-05-12 10:27:00,269.89,215
13835.0,7,2010-03-04 08:26:00,2011-11-14 15:37:00,1044.82,513
13836.0,2,2010-10-21 13:27:00,2010-11-05 13:31:00,602.52,270
13837.0,2,2011-01-26 12:15:00,2011-05-12 12:10:00,266.59000000000003,182
13838.0,10,2010-05-09 11:40:00,2011-12-04 11:00:00,1690.07,694
13839.0,1,2010-08-10 13:52:00,2010-08-10 13:52:00,139.95000000000002,25
13840.0,1,2010-10-19 13:34:00,2010-10-19 13:34:00,651.4,358
13841.0,1,2011-04-01 12:10:00,2011-04-01 12:10:00,85.0,100
13842.0,18,2010-02-16 15:54:00,2011-10-12 10:51:00,5294.39,2709
13843.0,1,2010-11-23 17:48:00,2010-11-23 17:48:00,319.75,145
13844.0,1,2011-11-28 13:21:00,2011-11-28 13:21:00,361.62,196
13845.0,1,2011-10-06 08:25:00,2011-10-06 08:25:00,312.98,182
13846.0,4,2010-11-05 09:47:00,2011-11-15 12:07:00,1290.34,700
13847.0,1,2009-12-20 10:41:00,2009-12-20 10:41:00,310.72,96
13848.0,8,2009-12-09 16:17:00,2011-09-08 12:58:00,3015.0,9200
13849.0,5,2010-03-25 12:03:00,2011-10-19 10:59:00,3443.8,1881
13850.0,1,2011-08-02 14:04:00,2011-08-02 14:04:00,1586.81,941
13851.0,8,2010-01-29 11:54:00,2011-09-05 12:36:00,4516.76,2519
13852.0,1,2010-04-08 09:06:00,2010-04-08 09:06:00,170.45000000000002,79
13853.0,1,2011-10-13 14:18:00,2011-10-13 14:18:00,1056.94,304
13854.0,39,2010-01-08 11:28:00,2011-12-01 09:06:00,11848.81,3621
13855.0,4,2009-12-08 16:56:00,2010-07-27 09:53:00,1253.94,561
13856.0,11,2010-03-30 15:40:00,2011-06-24 10:03:00,1058.88,1086
13857.0,6,2010-05-17 14:21:00,2010-11-11 12:54:00,997.01,779
13858.0,1,2011-10-13 16:17:00,2011-10-13 16:17:00,216.17000000000002,75
13859.0,2,2010-06-28 15:36:00,2011-01-17 16:14:00,515.86,167
13860.0,5,2011-09-14 09:27:00,2011-12-08 12:57:00,1240.0,589
13861.0,2,2010-06-27 11:37:00,2010-10-06 14:20:00,251.31,220
13862.0,9,2010-11-15 13:43:00,2011-11-21 16:24:00,2534.04,1921
13863.0,4,2010-04-25 13:09:00,2011-04-06 10:20:00,1217.63,546
13864.0,1,2010-11-18 12:50:00,2010-11-18 12:50:00,662.4000000000001,192
13865.0,4,2011-02-23 12:04:00,2011-10-12 13:31:00,501.56,204
13866.0,1,2011-09-26 14:54:00,2011-09-26 14:54:00,145.67,57
13867.0,3,2011-05-05 17:28:00,2011-11-08 15:48:00,1005.09,501
13868.0,2,2011-11-01 12:45:00,2011-12-02 16:32:00,3192.54,1964
13869.0,10,2010-01-17 14:53:00,2011-08-08 13:53:00,7996.87,4302
13870.0,15,2010-02-08 12:08:00,2011-12-07 13:23:00,5689.84,3443
13871.0,17,2009-12-20 13:09:00,2011-11-17 10:49:00,7804.95,3462
13872.0,3,2009-12-14 09:56:00,2010-06-30 15:35:00,891.32,332
13873.0,8,2010-03-03 12:31:00,2011-08-12 10:08:00,1031.02,470
13874.0,7,2010-02-04 18:39:00,2010-12-16 18:20:00,1989.2,851
13875.0,14,2009-12-17 10:30:00,2011-10-17 09:36:00,4814.37,3072
13876.0,1,2011-10-07 10:22:00,2011-10-07 10:22:00,122.7,36
13877.0,3,2010-01-19 10:53:00,2011-09-14 15:49:00,446.33,475
13878.0,4,2010-04-14 13:50:00,2011-10-16 12:19:00,2416.9,927
13879.0,1,2010-03-04 10:49:00,2010-03-04 10:49:00,395.5,204
13880.0,17,2010-05-26 14:29:00,2011-11-18 13:44:00,4293.86,2535
13881.0,43,2010-03-04 14:41:00,2011-12-06 12:50:00,44392.5,29446
13882.0,5,2011-10-06 15:28:00,2011-12-07 11:16:00,1131.28,950
13883.0,14,2010-02-28 12:53:00,2011-11-29 10:45:00,6321.59,3492
13884.0,10,2010-08-26 19:57:00,2011-12-02 16:30:00,1788.93,745
13885.0,2,2011-05-23 08:52:00,2011-06-03 15:07:00,506.8,182
13886.0,1,2011-09-29 13:17:00,2011-09-29 13:17:00,243.56,126
13887.0,1,2011-05-19 17:22:00,2011-05-19 17:22:00,349.55,147
13888.0,7,2010-05-13 11:57:00,2011-08-12 10:13:00,2001.5900000000001,795
13889.0,6,2010-01-22 14:32:00,2011-09-08 09:13:00,1855.73,947
13890.0,14,2009-12-06 15:15:00,2011-12-08 15:36:00,2858.73,1365
13891.0,3,2010-05-06 16:02:00,2010-11-26 15:57:00,859.21,476
13892.0,6,2010-05-13 10:32:00,2011-11-13 11:50:00,1267.65,3125
13893.0,1,2011-02-15 11:30:00,2011-02-15 11:30:00,821.1,190
13894.0,3,2011-02-02 12:54:00,2011-11-16 09:44:00,535.97,339
13895.0,6,2009-12-03 13:09:00,2011-11-11 16:57:00,3923.62,2058
13896.0,1,2010-03-24 08:55:00,2010-03-24 08:55:00,388.55,149
13897.0,3,2010-01-31 13:48:00,2011-10-20 14:30:00,1160.72,820
13898.0,2,2010-10-24 15:42:00,2011-01-18 10:28:00,686.4,544
13899.0,2,2011-03-10 09:30:00,2011-11-23 13:40:00,388.52,156
13900.0,6,2010-03-25 13:46:00,2011-06-09 19:26:00,1608.0900000000001,936
13901.0,15,2010-01-05 09:29:00,2011-09-28 14:48:00,5599.34,3326
13902.0,5,2009-12-15 10:02:00,2010-03-17 13:09:00,30375.260000000002,218088
13903.0,1,2010-11-04 17:44:00,2010-11-04 17:44:00,165.45,103
13904.0,2,2011-02-18 11:18:00,2011-11-02 13:41:00,332.64,332
13905.0,1,2009-12-07 11:41:00,2009-12-07 11:41:00,244.45000000000002,124
13906.0,1,2010-10-26 15:00:00,2010-10-26 15:00:00,42.0,100
13907.0,1,2010-01-17 12:22:00,2010-01-17 12:22:00,136.8,68
13908.0,4,2011-03-08 12:04:00,2011-09-21 11:49:00,2347.05,1470
13909.0,2,2010-07-06 16:52:00,2010-10-12 17:22:00,282.85,301
13911.0,20,2010-03-01 16:31:00,2011-10-13 15:43:00,4200.04,4476
13912.0,1,2010-10-12 08:43:00,2010-10-12 08:43:00,124.95,29
13913.0,1,2010-07-21 10:11:00,2010-07-21 10:11:00,42.22,10
13914.0,2,2011-11-03 16:28:00,2011-11-28 10:35:00,613.95,379
13915.0,1,2010-11-10 15:17:00,2010-11-10 15:17:00,31.200000000000003,16
13916.0,4,2010-02-02 10:06:00,2010-09-02 10:04:00,1260.51,667
13917.0,2,2011-06-01 12:46:00,2011-10-21 09:56:00,272.04,228
13918.0,2,2011-03-31 18:05:00,2011-10-21 12:25:00,1212.8400000000001,1140
13919.0,4,2010-06-17 09:30:00,2011-10-11 14:24:00,1218.03,1090
13920.0,4,2010-05-26 15:48:00,2010-10-04 12:37:00,1734.8799999999999,1768
13921.0,4,2009-12-18 12:19:00,2010-11-02 16:32:00,720.75,209
13922.0,3,2010-08-29 14:36:00,2010-12-23 10:38:00,826.6500000000001,454
13923.0,1,2011-10-17 12:33:00,2011-10-17 12:33:00,351.13,185
13924.0,6,2011-09-28 15:07:00,2011-12-08 09:39:00,1682.0800000000002,1532
13925.0,4,2011-07-28 12:09:00,2011-09-08 12:47:00,616.65,327
13926.0,1,2011-11-16 13:16:00,2011-11-16 13:16:00,223.85000000000002,104
13927.0,2,2010-09-28 16:12:00,2011-09-26 12:00:00,689.96,457
13928.0,4,2011-07-29 15:59:00,2011-11-29 10:33:00,464.57,129
13929.0,11,2010-01-14 07:25:00,2011-06-23 15:26:00,3318.1,1550
13930.0,2,2011-07-26 11:00:00,2011-10-13 09:45:00,337.34,274
13931.0,11,2009-12-03 10:26:00,2011-09-05 10:12:00,5250.78,3484
13932.0,1,2011-02-18 12:02:00,2011-02-18 12:02:00,307.4,72
13933.0,2,2011-07-14 13:35:00,2011-08-22 14:03:00,608.79,205
13934.0,1,2011-03-21 08:39:00,2011-03-21 08:39:00,922.1,390
13935.0,3,2010-02-25 16:01:00,2010-04-22 11:21:00,6116.92,2252
13936.0,3,2010-10-21 14:21:00,2011-06-13 08:47:00,924.36,655
13937.0,2,2010-11-02 12:37:00,2011-06-23 16:35:00,867.38,586
13938.0,1,2011-11-04 14:37:00,2011-11-04 14:37:00,71.66,70
13939.0,7,2010-04-06 12:43:00,2011-11-16 13:33:00,1533.66,1600
13940.0,4,2011-07-18 16:05:00,2011-11-22 15:15:00,839.14,516
13941.0,15,2009-12-16 16:10:00,2011-11-18 09:43:00,9826.630000000001,4725
13942.0,1,2010-06-23 12:35:00,2010-06-23 12:35:00,320.0,1000
13943.0,1,2010-05-11 11:30:00,2010-05-11 11:30:00,246.54000000000002,94
13944.0,1,2010-02-24 15:02:00,2010-02-24 15:02:00,200.43,153
13945.0,2,2010-08-17 09:59:00,2010-11-10 10:00:00,854.1500000000001,413
13946.0,6,2009-12-04 11:07:00,2011-09-21 13:33:00,1745.43,2823
13947.0,1,2011-10-05 14:42:00,2011-10-05 14:42:00,90.60000000000001,44
13948.0,4,2009-12-04 12:14:00,2010-12-14 10:18:00,536.86,246
13949.0,6,2011-09-06 11:55:00,2011-12-07 09:35:00,2427.32,2474
13950.0,4,2011-04-07 11:29:00,2011-11-28 14:44:00,728.5600000000001,321
13951.0,3,2011-02-18 15:21:00,2011-06-16 16:43:00,674.45,459
13952.0,14,2009-12-16 09:41:00,2011-05-06 09:00:00,12790.891,5938
13953.0,12,2009-12-11 12:58:00,2011-12-02 16:04:00,6640.68,5224
13954.0,2,2011-09-30 10:52:00,2011-12-08 12:50:00,378.59,141
13955.0,3,2010-11-29 17:35:00,2011-07-08 17:19:00,544.0699999999999,272
13956.0,5,2011-03-13 12:51:00,2011-12-04 13:20:00,1019.27,486
13957.0,3,2010-02-19 10:32:00,2010-10-18 10:02:00,458.25,157
13958.0,8,2009-12-05 13:12:00,2010-11-25 10:11:00,4504.78,2215
13959.0,6,2010-07-16 15:11:00,2011-09-21 15:06:00,1064.77,694
13960.0,2,2011-09-29 12:39:00,2011-11-18 15:27:00,230.22,142
13961.0,1,2010-11-12 14:40:00,2010-11-12 14:40:00,498.70000000000005,222
13962.0,3,2010-09-30 10:35:00,2011-11-18 08:47:00,362.8,160
13963.0,17,2010-04-21 16:20:00,2011-02-04 14:43:00,2748.32,2000
13964.0,2,2010-10-05 12:38:00,2010-11-17 13:53:00,421.90000000000003,226
13965.0,3,2010-01-05 15:21:00,2010-08-20 10:40:00,777.6600000000001,402
13966.0,1,2010-09-30 13:08:00,2010-09-30 13:08:00,384.26,760
13967.0,2,2010-11-08 13:24:00,2011-07-17 12:02:00,166.3,66
13968.0,1,2010-10-12 13:22:00,2010-10-12 13:22:00,123.66,174
13969.0,35,2010-03-25 13:15:00,2011-12-02 15:11:00,12820.36,6578
13970.0,2,2010-09-28 11:53:00,2010-11-18 13:21:00,846.55,469
13971.0,14,2010-01-26 09:51:00,2011-11-21 12:06:00,4593.83,3052
13972.0,2,2011-05-22 11:34:00,2011-09-30 11:54:00,190.25,187
13973.0,1,2011-02-25 15:21:00,2011-02-25 15:21:00,264.7,109
13974.0,2,2010-05-06 17:55:00,2011-10-21 14:41:00,663.52,354
13975.0,12,2010-02-02 13:13:00,2011-11-08 13:19:00,5224.85,3876
13976.0,4,2010-02-09 13:08:00,2011-05-17 09:13:00,1192.3600000000001,452
13977.0,1,2010-10-24 14:08:00,2010-10-24 14:08:00,519.81,303
13978.0,2,2011-10-25 15:04:00,2011-11-25 11:36:00,196.79,315
13979.0,7,2009-12-03 10:02:00,2011-09-27 13:32:00,3284.23,2223
13980.0,5,2010-02-21 14:18:00,2011-10-10 13:34:00,722.02,457
13981.0,1,2010-10-20 10:03:00,2010-10-20 10:03:00,327.39,233
13982.0,9,2010-01-20 14:04:00,2011-10-31 16:24:00,3927.49,2466
13983.0,21,2009-12-09 13:53:00,2011-11-10 11:06:00,6638.85,3811
13984.0,12,2009-12-07 11:51:00,2011-11-13 12:38:00,1461.32,893
13985.0,22,2010-02-09 13:56:00,2011-12-05 17:06:00,9982.31,4927
13986.0,1,2011-11-22 15:00:00,2011-11-22 15:00:00,320.46,430
13987.0,2,2010-11-04 09:54:00,2010-11-25 10:20:00,682.54,492
13988.0,8,2010-03-24 11:05:00,2011-11-20 10:15:00,4708.64,3366
13989.0,5,2010-05-25 12:13:00,2011-10-05 09:47:00,2026.06,2207
13990.0,1,2011-05-10 15:19:00,2011-05-10 15:19:00,311.3,190
13991.0,6,2011-07-19 12:58:00,2011-11-27 16:18:00,846.54,992
13992.0,3,2010-09-02 17:04:00,2011-11-09 15:23:00,219.5,154
13993.0,19,2009-12-03 11:57:00,2011-10-28 09:06:00,6690.360000000001,2120
13994.0,6,2011-07-14 18:28:00,2011-12-06 11:05:00,2274.14,932
13995.0,14,2009-12-18 12:43:00,2011-11-24 14:22:00,3836.26,2324
13996.0,2,2010-11-05 15:07:00,2010-11-18 16:27:00,895.76,613
13997.0,3,2010-06-07 17:33:00,2010-07-08 18:06:00,376.46,143
13998.0,3,2010-05-12 13:18:00,2010-09-19 10:20:00,566.7,204
13999.0,29,2009-12-05 12:42:00,2011-11-29 13:40:00,9438.01,5023
14000.0,5,2009-12-02 09:50:00,2011-05-12 16:50:00,1877.59,1811
14001.0,9,2010-08-03 12:49:00,2011-10-25 10:31:00,4228.85,1779
14002.0,2,2011-07-06 14:59:00,2011-07-28 15:55:00,529.73,877
14003.0,1,2009-12-07 08:53:00,2009-12-07 08:53:00,209.41,149
14004.0,11,2010-09-30 09:39:00,2011-10-27 14:40:00,6258.45,3425
14005.0,5,2011-05-08 10:33:00,2011-11-30 12:41:00,2874.72,2478
14006.0,7,2010-02-25 09:45:00,2011-08-16 09:39:00,2196.67,2181
14007.0,1,2010-07-15 09:06:00,2010-07-15 09:06:00,79.47999999999999,16
14008.0,1,2010-10-03 13:09:00,2010-10-03 13:09:00,493.74,320
14009.0,3,2010-09-03 12:08:00,2011-05-25 15:47:00,1090.23,947
14010.0,2,2010-05-23 12:46:00,2010-05-23 13:00:00,288.1,128
14011.0,2,2010-04-11 13:40:00,2010-08-16 15:31:00,451.92,642
14012.0,1,2011-03-07 12:26:00,2011-03-07 12:26:00,328.8,160
14013.0,5,2010-03-26 10:02:00,2011-08-21 15:01:00,1006.22,766
14014.0,3,2010-05-12 09:04:00,2011-09-23 13:18:00,1948.21,2004
14015.0,1,2011-10-18 10:02:00,2011-10-18 10:02:00,917.34,378
14016.0,11,2010-01-08 14:12:00,2011-07-01 11:29:00,11379.71,5720
14017.0,1,2010-05-17 14:52:00,2010-05-17 14:52:00,229.75,73
14018.0,1,2010-03-04 14:23:00,2010-03-04 14:23:00,367.15000000000003,224
14019.0,3,2011-07-24 15:39:00,2011-10-24 10:13:00,1398.96,1034
14020.0,4,2010-06-28 15:29:00,2011-11-23 09:22:00,1213.26,641
14021.0,7,2010-04-26 11:22:00,2011-07-07 15:46:00,1716.58,878
14022.0,2,2010-08-10 09:38:00,2011-04-28 14:39:00,792.15,681
14023.0,2,2011-04-03 15:50:00,2011-12-02 13:58:00,584.07,345
14024.0,3,2010-11-14 10:51:00,2011-08-10 11:30:00,645.74,238
14025.0,8,2010-05-05 09:56:00,2010-09-01 10:11:00,3969.1,1898
14026.0,2,2010-03-24 14:10:00,2010-08-26 10:31:00,713.11,427
14027.0,1,2011-10-10 09:01:00,2011-10-10 09:01:00,104.82,62
14028.0,3,2010-06-07 12:02:00,2010-06-07 13:33:00,6786.0,4680
14029.0,2,2011-07-18 16:57:00,2011-10-07 14:46:00,467.65999999999997,198
14030.0,20,2009-12-10 17:27:00,2011-11-21 16:48:00,7405.1,4161
14031.0,44,2009-12-03 15:35:00,2011-12-02 17:13:00,36112.53,13235
14032.0,16,2009-12-14 12:02:00,2011-12-07 15:23:00,4482.21,3703
14033.0,1,2010-06-02 15:10:00,2010-06-02 15:10:00,109.44,576
14034.0,3,2011-07-05 13:06:00,2011-11-17 14:02:00,509.09,312
14035.0,9,2010-04-06 12:39:00,2011-11-11 10:03:00,2790.5,1402
14036.0,1,2011-02-28 09:26:00,2011-02-28 09:26:00,626.65,268
14037.0,6,2009-12-07 11:39:00,2011-06-16 13:57:00,755.95,563
14038.0,5,2010-02-04 08:56:00,2011-09-22 13:37:00,3000.93,1697
14039.0,2,2010-05-13 10:15:00,2011-11-06 13:48:00,267.28,192
14040.0,35,2009-12-01 12:14:00,2011-10-30 12:42:00,12340.13,4923
14041.0,1,2011-03-18 13:25:00,2011-03-18 13:25:00,141.41,94
14042.0,1,2009-12-14 15:07:00,2009-12-14 15:07:00,431.98,180
14043.0,2,2009-12-10 15:56:00,2010-08-05 18:18:00,299.65,151
14044.0,10,2010-01-24 15:14:00,2011-11-13 12:05:00,3057.0,2098
14045.0,16,2010-01-08 10:08:00,2011-08-22 15:27:00,9334.23,4119
14046.0,1,2011-02-28 14:48:00,2011-02-28 14:48:00,151.59,443
14047.0,14,2010-02-01 10:05:00,2011-12-01 11:43:00,3881.11,1528
14048.0,3,2010-11-22 14:08:00,2011-02-07 14:53:00,713.89,453
14049.0,13,2010-04-01 14:52:00,2011-11-23 12:20:00,12848.4,8425
14050.0,2,2011-08-25 13:46:00,2011-11-08 10:00:00,746.36,689
14051.0,37,2009-12-03 11:53:00,2011-12-09 10:20:00,21441.48,5653
14052.0,2,2010-11-14 11:37:00,2011-11-20 12:30:00,466.65999999999997,174
14053.0,4,2010-08-10 11:02:00,2011-08-07 14:27:00,572.3,490
14054.0,1,2011-10-05 15:49:00,2011-10-05 15:49:00,92.46000000000001,62
14055.0,3,2009-12-16 15:11:00,2011-08-25 15:04:00,1520.96,720
14056.0,23,2011-02-28 15:19:00,2011-12-08 13:36:00,8063.3,4213
14057.0,22,2009-12-03 13:17:00,2011-11-16 10:32:00,8276.1,6270
14058.0,2,2010-06-27 11:29:00,2010-09-03 09:31:00,469.19,211
14059.0,1,2011-03-18 10:06:00,2011-03-18 10:06:00,183.6,128
14060.0,30,2010-03-11 09:47:00,2011-12-05 12:29:00,8882.3,7405
14061.0,3,2009-12-01 18:03:00,2010-07-20 17:22:00,917.4300000000001,133
14062.0,24,2009-12-10 14:28:00,2011-11-30 10:04:00,25416.280000000002,12693
14063.0,7,2009-12-08 13:46:00,2010-01-22 11:28:00,9471.5,3848
14064.0,15,2010-01-21 13:22:00,2011-11-10 13:14:00,2967.57,3382
14065.0,3,2010-10-04 12:03:00,2010-11-15 16:13:00,889.37,581
14066.0,1,2011-03-18 12:21:00,2011-03-18 12:21:00,152.55,45
14067.0,2,2011-09-04 12:00:00,2011-10-07 10:21:00,374.7,361
14068.0,4,2010-01-31 10:10:00,2011-01-23 16:02:00,1493.32,498
14069.0,2,2010-05-27 12:30:00,2010-07-13 12:12:00,225.81,58
14070.0,1,2010-01-24 12:27:00,2010-01-24 12:27:00,321.6,85
14071.0,8,2011-03-20 11:33:00,2011-12-06 12:27:00,1291.34,861
14072.0,1,2010-02-11 12:31:00,2010-02-11 12:31:00,390.85,65
14073.0,1,2011-11-07 15:49:00,2011-11-07 15:49:00,139.54,128
14074.0,1,2010-03-26 13:55:00,2010-03-26 13:55:00,219.4,228
14075.0,5,2010-08-26 13:42:00,2011-12-05 08:38:00,1724.87,1493
14076.0,1,2011-08-02 15:19:00,2011-08-02 15:19:00,118.67,79
14077.0,6,2010-11-09 16:01:00,2011-10-30 12:35:00,615.08,376
14078.0,9,2010-03-28 15:05:00,2011-08-30 12:16:00,1551.82,585
14079.0,1,2011-08-07 12:10:00,2011-08-07 12:10:00,375.1,301
14080.0,5,2009-12-02 15:01:00,2011-11-07 11:09:00,1075.73,267
14081.0,10,2009-12-10 18:27:00,2011-02-10 16:17:00,4747.52,3361
14082.0,2,2010-11-12 11:47:00,2010-12-10 11:02:00,413.36,246
14083.0,11,2009-12-18 11:34:00,2011-12-05 13:14:00,1082.19,760
14084.0,1,2010-07-15 14:36:00,2010-07-15 14:36:00,150.5,306
14085.0,32,2009-12-08 13:41:00,2011-12-07 13:46:00,9692.92,6432
14086.0,1,2010-09-03 10:52:00,2010-09-03 10:52:00,39.95,1
14087.0,3,2009-12-04 15:27:00,2011-12-07 12:41:00,786.72,693
14088.0,16,2010-10-14 19:46:00,2011-11-29 16:16:00,63731.63,15181
14089.0,1,2011-10-14 10:38:00,2011-10-14 10:38:00,158.75,133
14090.0,1,2011-01-19 10:51:00,2011-01-19 10:51:00,76.32000000000001,72
14091.0,2,2010-01-10 13:41:00,2010-02-23 15:17:00,9530.08,3316
14092.0,24,2009-12-16 16:24:00,2011-12-02 12:13:00,7215.64,3601
14093.0,1,2011-11-27 16:27:00,2011-11-27 16:27:00,433.86,391
14094.0,1,2010-09-26 11:58:00,2010-09-26 11:58:00,310.82,157
14095.0,1,2009-12-17 12:49:00,2009-12-17 12:49:00,2.95,1
14096.0,17,2011-08-30 10:49:00,2011-12-05 17:17:00,53258.43,16336
14097.0,2,2010-03-04 10:46:00,2010-08-15 14:20:00,422.86,352
14098.0,1,2011-11-03 10:13:00,2011-11-03 10:13:00,147.35,104
14099.0,20,2009-12-10 11:55:00,2011-11-23 13:53:00,5685.71,3656
14100.0,1,2011-07-25 11:01:00,2011-07-25 11:01:00,191.95,63
14101.0,13,2010-03-28 13:36:00,2011-09-27 12:28:00,9942.13,10530
14102.0,5,2011-10-26 12:46:00,2011-12-04 15:38:00,1060.33,746
14104.0,5,2010-05-28 16:11:00,2011-07-08 12:50:00,740.53,495
14105.0,5,2009-12-18 16:57:00,2011-04-14 17:58:00,5703.9800000000005,3483
14106.0,1,2009-12-02 14:09:00,2009-12-02 14:09:00,214.8,24
14107.0,11,2009-12-09 14:20:00,2011-10-19 12:12:00,4853.7,3481
14108.0,4,2009-12-01 18:07:00,2011-11-09 10:41:00,1041.21,659
14109.0,1,2011-09-28 10:18:00,2011-09-28 10:18:00,80.2,56
14110.0,33,2009-12-01 09:50:00,2011-12-06 12:26:00,12959.6,5814
14111.0,4,2011-04-12 11:36:00,2011-11-25 13:44:00,688.6,457
14112.0,13,2010-02-23 14:16:00,2011-11-17 12:30:00,5524.51,3422
14113.0,16,2009-12-08 07:42:00,2011-12-06 12:18:00,6156.75,3092
14114.0,7,2010-04-12 11:07:00,2011-03-11 09:42:00,1364.09,650
14115.0,2,2010-02-11 11:44:00,2010-07-26 12:36:00,622.67,509
14116.0,5,2011-08-10 12:44:00,2011-11-20 10:29:00,1382.74,707
14117.0,1,2011-07-19 09:49:00,2011-07-19 09:49:00,90.0,72
14118.0,1,2010-10-07 11:59:00,2010-10-07 11:59:00,458.45,97
14119.0,2,2009-12-21 14:52:00,2010-11-29 10:33:00,163.47,175
14121.0,4,2011-10-11 10:39:00,2011-12-06 12:19:00,2740.3,2078
14122.0,3,2009-12-02 14:22:00,2010-10-29 15:11:00,309.77,95
14123.0,1,2009-12-06 15:35:00,2009-12-06 15:35:00,436.18,234
14124.0,1,2011-09-16 13:32:00,2011-09-16 13:32:00,419.58,1618
14125.0,3,2011-09-22 15:40:00,2011-11-29 12:47:00,2720.63,1628
14126.0,4,2010-09-21 14:51:00,2011-12-02 11:45:00,1109.96,837
14127.0,6,2010-10-10 11:53:00,2011-08-09 10:49:00,1900.0800000000002,828
14128.0,3,2010-06-06 14:05:00,2011-10-10 12:00:00,909.36,811
14129.0,9,2010-05-09 14:54:00,2011-12-08 11:02:00,2591.34,1414
14130.0,4,2009-12-11 16:33:00,2011-01-24 16:05:00,1858.77,1215
14131.0,1,2010-03-01 11:59:00,2010-03-01 11:59:00,168.22,105
14132.0,11,2011-06-09 12:04:00,2011-12-07 13:35:00,3580.13,3366
14133.0,4,2009-12-06 12:10:00,2011-08-02 11:34:00,895.84,392
14134.0,15,2009-12-10 09:25:00,2010-11-22 12:26:00,11123.35,5814
14135.0,24,2009-12-02 08:58:00,2011-12-08 11:38:00,8800.8,8511
14136.0,5,2009-12-08 09:19:00,2010-11-04 11:53:00,1553.96,1145
14137.0,1,2010-01-13 12:30:00,2010-01-13 12:30:00,294.09999999999997,400
14138.0,2,2011-10-07 09:38:00,2011-12-08 12:44:00,965.88,600
14139.0,4,2010-06-15 09:17:00,2011-10-24 13:34:00,1086.8,1049
14140.0,2,2011-11-08 11:20:00,2011-12-06 09:05:00,920.0500000000001,809
14141.0,4,2011-08-26 14:40:00,2011-12-07 09:53:00,879.0300000000001,337
14142.0,2,2010-03-03 15:13:00,2010-12-01 16:33:00,655.94,512
14143.0,1,2011-07-29 09:48:00,2011-07-29 09:48:00,115.8,30
14144.0,1,2010-08-10 15:17:00,2010-08-10 15:17:00,30.6,12
14145.0,7,2010-04-08 09:47:00,2011-10-24 12:10:00,7006.05,1535
14146.0,12,2010-01-13 16:04:00,2011-12-01 10:18:00,8208.87,5229
14147.0,9,2010-03-09 13:43:00,2011-09-22 18:10:00,2019.3,837
14148.0,2,2010-10-21 14:08:00,2011-04-20 12:02:00,466.28999999999996,223
14149.0,1,2011-05-03 09:44:00,2011-05-03 09:44:00,259.43,129
14150.0,2,2010-12-15 10:04:00,2011-11-04 10:05:00,658.64,496
14151.0,2,2009-12-23 10:54:00,2010-02-04 15:35:00,666.7,404
14152.0,7,2010-02-18 13:57:00,2011-09-25 12:54:00,1975.44,1826
14153.0,1,2010-08-13 14:35:00,2010-08-13 14:35:00,233.39999999999998,312
14154.0,8,2010-01-13 12:47:00,2011-04-14 16:26:00,6263.6,3204
14155.0,1,2011-03-18 14:13:00,2011-03-18 14:13:00,118.75,25
14156.0,145,2009-12-01 12:30:00,2011-11-30 10:54:00,299425.01,162242
14157.0,5,2010-03-03 16:49:00,2011-11-20 11:32:00,946.24,510
14158.0,1,2011-10-30 15:08:00,2011-10-30 15:08:00,507.65999999999997,781
14159.0,20,2009-12-03 12:31:00,2011-11-20 12:36:00,7526.62,6290
14160.0,7,2010-01-10 12:06:00,2010-04-08 14:30:00,8421.47,4661
14161.0,7,2009-12-13 11:46:00,2011-05-08 11:41:00,2996.93,1480
14162.0,2,2011-02-20 12:32:00,2011-06-19 11:36:00,289.36,142
14163.0,5,2010-09-03 17:15:00,2011-09-13 15:18:00,2594.62,950
14164.0,2,2011-09-20 12:18:00,2011-09-30 12:24:00,1631.77,1033
14165.0,1,2011-03-09 12:39:00,2011-03-09 12:39:00,120.44,53
14166.0,2,2010-03-23 15:10:00,2010-07-22 19:42:00,251.15,82
14167.0,8,2010-01-27 16:07:00,2011-10-31 14:29:00,1274.29,340
14168.0,2,2010-05-24 12:28:00,2010-10-15 10:49:00,305.9,138
14169.0,2,2010-09-21 13:39:00,2010-10-05 08:45:00,613.11,201
14170.0,3,2010-11-09 14:06:00,2010-11-29 13:10:00,570.18,270
14171.0,2,2009-12-09 13:50:00,2011-09-02 16:43:00,498.79,211
14172.0,3,2010-03-07 10:58:00,2010-04-13 13:26:00,356.27,77
14173.0,6,2009-12-09 12:46:00,2011-11-29 11:54:00,566.95,191
14174.0,1,2011-11-06 13:17:00,2011-11-06 13:17:00,134.46,94
14175.0,8,2010-03-22 10:43:00,2011-10-11 11:55:00,7350.4400000000005,2920
14176.0,5,2010-11-23 13:21:00,2011-02-15 13:12:00,753.5600000000001,263
14177.0,13,2010-02-26 11:59:00,2011-09-14 15:11:00,2204.74,1042
14178.0,7,2011-06-10 12:51:00,2011-12-01 12:01:00,1580.26,1492
14179.0,2,2011-10-18 14:00:00,2011-10-30 12:07:00,701.57,319
14180.0,33,2010-06-09 14:56:00,2011-11-29 10:56:00,5909.0,833
14181.0,2,2010-05-26 12:32:00,2010-10-25 08:27:00,308.35,120
14182.0,4,2010-04-22 15:36:00,2010-09-22 11:45:00,660.07,172
14183.0,2,2010-08-15 15:36:00,2010-10-24 14:45:00,278.34,60
14184.0,1,2011-10-04 12:43:00,2011-10-04 12:43:00,452.89,127
14185.0,1,2011-01-12 13:52:00,2011-01-12 13:52:00,197.65,6
14186.0,5,2010-03-05 11:17:00,2010-10-08 13:30:00,1550.63,1550
14187.0,1,2010-08-23 12:06:00,2010-08-23 12:06:00,123.5,50
14188.0,6,2011-02-02 13:46:00,2011-11-09 12:45:00,2018.91,1145
14189.0,16,2010-11-16 09:28:00,2011-12-07 15:55:00,5453.38,4374
14190.0,1,2010-02-11 14:27:00,2010-02-11 14:27:00,79.9,2
14191.0,15,2009-12-11 10:48:00,2011-12-08 09:23:00,4713.41,3709
14192.0,1,2010-11-16 17:44:00,2010-11-16 17:44:00,293.74,218
14193.0,3,2010-11-08 12:31:00,2011-10-03 09:34:00,1210.19,653
14194.0,36,2010-01-06 12:16:00,2011-12-05 10:38:00,18442.87,9927
14195.0,6,2010-03-15 17:12:00,2011-05-22 10:29:00,2401.4,1892
14196.0,1,2011-08-25 10:25:00,2011-08-25 10:25:00,335.52,142
14197.0,1,2010-10-25 10:01:00,2010-10-25 10:01:00,390.05,143
14198.0,9,2010-01-05 10:07:00,2011-11-21 16:35:00,1527.58,608
14199.0,4,2010-06-27 12:13:00,2011-05-05 13:44:00,916.5,230
14200.0,1,2010-04-01 13:01:00,2010-04-01 13:01:00,379.2,140
14201.0,10,2010-04-30 13:00:00,2011-10-10 13:27:00,1134.14,794
14202.0,3,2010-03-25 10:36:00,2010-11-23 17:13:00,847.76,166
14203.0,1,2010-11-07 13:35:00,2010-11-07 13:35:00,339.34,80
14204.0,4,2009-12-02 13:26:00,2011-12-07 13:38:00,1024.83,469
14205.0,9,2010-03-07 12:20:00,2011-11-23 10:55:00,2156.3,1236
14206.0,3,2010-11-02 11:37:00,2011-04-14 16:38:00,1145.21,926
14207.0,1,2010-01-21 09:33:00,2010-01-21 09:33:00,157.8,36
14208.0,2,2010-06-06 13:11:00,2011-09-06 12:48:00,567.05,529
14209.0,15,2010-01-22 10:28:00,2011-11-29 10:18:00,4937.37,1727
14210.0,16,2010-01-06 10:17:00,2011-08-26 12:36:00,5509.37,2503
14211.0,18,2009-12-09 12:48:00,2011-10-17 13:23:00,4301.6900000000005,2551
14212.0,2,2010-09-20 11:48:00,2011-09-11 12:45:00,2190.14,2046
14213.0,1,2010-10-31 10:37:00,2010-10-31 10:37:00,5.684341886080802e-14,0
14214.0,5,2011-03-07 12:26:00,2011-11-09 10:31:00,1000.23,748
14215.0,9,2009-12-08 09:35:00,2011-11-28 12:19:00,3238.53,2177
14216.0,5,2010-10-21 15:07:00,2011-12-06 14:56:00,2142.39,709
14217.0,23,2010-06-30 12:54:00,2011-12-08 11:53:00,3105.52,1207
14218.0,1,2011-10-28 10:00:00,2011-10-28 10:00:00,169.48000000000002,160
14219.0,3,2010-08-03 14:42:00,2011-12-05 16:23:00,633.83,363
14220.0,4,2010-05-19 13:26:00,2011-04-06 13:23:00,1515.0,468
14221.0,17,2010-04-06 14:10:00,2011-10-28 13:42:00,6506.59,3806
14222.0,1,2011-06-15 16:42:00,2011-06-15 16:42:00,683.17,607
14223.0,3,2011-03-20 16:02:00,2011-09-08 13:38:00,975.23,583
14224.0,9,2010-06-13 13:46:00,2011-08-21 13:24:00,1841.71,826
14225.0,4,2010-01-12 15:02:00,2010-10-01 10:32:00,2009.17,1154
14226.0,6,2010-09-24 14:32:00,2011-11-11 11:34:00,2950.38,1705
14227.0,15,2010-02-08 09:38:00,2011-11-13 15:48:00,6324.76,4033
14228.0,3,2010-06-11 12:29:00,2010-09-28 09:45:00,745.5,260
14229.0,7,2010-08-25 11:47:00,2011-10-19 10:04:00,2468.9900000000002,911
14230.0,3,2010-06-09 13:56:00,2010-09-30 09:07:00,979.8000000000001,246
14231.0,4,2010-09-15 09:52:00,2011-06-09 11:05:00,1131.97,603
14232.0,5,2011-03-20 12:44:00,2011-10-28 11:09:00,2043.93,1937
14233.0,7,2010-03-05 16:35:00,2011-10-21 15:54:00,2766.96,1226
14234.0,4,2011-10-13 13:58:00,2011-11-17 17:53:00,754.12,951
14235.0,9,2010-03-30 13:36:00,2011-09-25 14:37:00,4666.99,3002
14236.0,5,2010-07-22 14:27:00,2011-09-20 09:13:00,1543.44,772
14237.0,2,2010-04-28 10:04:00,2010-12-01 13:20:00,466.04,236
14238.0,3,2009-12-05 10:58:00,2011-01-17 14:40:00,434.22999999999996,189
14239.0,21,2009-12-05 12:36:00,2011-10-27 14:40:00,4203.72,1721
14240.0,3,2010-10-12 12:48:00,2011-11-09 13:45:00,1247.49,655
14241.0,2,2010-01-12 15:11:00,2011-06-09 11:46:00,333.7,242
14242.0,2,2011-01-18 08:53:00,2011-04-19 11:46:00,280.55,123
14243.0,17,2010-08-20 13:41:00,2011-12-01 11:12:00,7152.06,3610
14244.0,1,2010-02-17 11:40:00,2010-02-17 11:40:00,354.82,802
14245.0,2,2011-03-21 10:41:00,2011-05-04 08:40:00,1677.48,971
14246.0,3,2011-04-08 08:25:00,2011-08-21 11:50:00,1474.06,804
14247.0,5,2010-06-06 15:07:00,2011-03-06 15:21:00,750.61,377
14248.0,3,2010-07-12 14:27:00,2011-01-25 14:45:00,1032.95,692
14249.0,12,2010-01-29 14:21:00,2010-10-25 12:34:00,5400.461,2383
14250.0,3,2011-09-11 13:44:00,2011-12-02 14:30:00,1904.05,1200
14251.0,5,2011-10-13 12:46:00,2011-12-08 08:32:00,2879.7000000000003,1674
14252.0,1,2010-11-23 13:36:00,2010-11-23 13:36:00,350.99,111
14253.0,2,2010-03-26 15:08:00,2010-08-03 14:55:00,363.40000000000003,88
14254.0,1,2010-10-03 11:52:00,2010-10-03 11:52:00,601.03,263
14256.0,5,2010-01-14 10:35:00,2011-03-24 13:17:00,2384.14,1138
14257.0,9,2010-03-01 15:36:00,2011-10-06 16:54:00,5942.0,3327
14258.0,25,2009-12-04 08:36:00,2011-11-30 15:27:00,31027.35,17247
14259.0,1,2011-07-21 10:44:00,2011-07-21 10:44:00,120.0,68
14260.0,3,2010-06-09 11:23:00,2010-08-25 14:55:00,824.28,544
14261.0,2,2011-09-22 10:47:00,2011-10-20 10:04:00,1163.45,406
14262.0,8,2011-04-13 12:23:00,2011-12-01 14:17:00,2618.23,1645
14263.0,1,2010-10-12 14:09:00,2010-10-12 14:09:00,322.93,171
14264.0,6,2010-04-07 13:21:00,2011-07-08 10:20:00,1475.8600000000001,545
14265.0,4,2010-04-06 14:39:00,2011-08-22 13:32:00,1373.3500000000001,715
14266.0,1,2010-10-07 13:32:00,2010-10-07 13:32:00,40.56,24
14267.0,3,2011-03-24 11:38:00,2011-06-30 10:09:00,1259.19,459
14268.0,1,2010-08-26 10:45:00,2010-08-26 10:45:00,354.85,147
14269.0,1,2010-09-26 12:53:00,2010-09-26 12:53:00,261.68,114
14270.0,1,2011-01-12 09:33:00,2011-01-12 09:33:00,492.65000000000003,197
14271.0,2,2010-10-26 17:01:00,2011-04-28 12:47:00,214.18,148
14272.0,4,2010-05-06 14:01:00,2011-09-27 10:08:00,920.8100000000001,1097
14273.0,4,2011-04-11 13:24:00,2011-10-19 13:20:00,559.97,264
14274.0,1,2010-01-22 12:51:00,2010-01-22 12:51:00,256.6,178
14275.0,6,2010-04-11 12:32:00,2010-11-09 09:06:00,1189.3799999999999,538
14276.0,7,2010-02-17 13:10:00,2011-09-02 09:45:00,1933.73,1345
14277.0,8,2009-12-13 15:43:00,2011-11-24 15:01:00,3959.8199999999997,1883
14278.0,1,2010-10-26 12:07:00,2010-10-26 12:07:00,205.83,131
14279.0,2,2010-01-27 16:34:00,2010-07-07 08:42:00,191.86,46
14280.0,1,2011-05-27 10:37:00,2011-05-27 10:37:00,134.04000000000002,52
14281.0,1,2010-10-27 14:45:00,2010-10-27 14:45:00,245.15,45
14282.0,25,2010-02-15 11:22:00,2011-12-06 17:04:00,7245.76,5162
14283.0,4,2010-05-19 12:22:00,2010-09-02 14:46:00,628.44,550
14284.0,3,2010-02-24 12:06:00,2011-11-09 08:11:00,1282.85,506
14285.0,8,2009-12-08 14:13:00,2011-11-18 14:50:00,3284.42,954
14286.0,7,2009-12-04 08:40:00,2011-11-16 10:34:00,8396.7,8695
14287.0,3,2011-05-25 11:41:00,2011-12-01 13:25:00,156.23,237
14288.0,1,2011-05-10 13:22:00,2011-05-10 13:22:00,413.85,187
14289.0,6,2011-02-23 12:33:00,2011-12-01 11:44:00,911.26,292
14290.0,8,2009-12-08 11:44:00,2011-11-28 14:02:00,4221.43,1524
14291.0,23,2009-12-09 10:46:00,2011-12-08 10:26:00,7844.4,6140
14292.0,16,2010-03-19 11:10:00,2011-12-02 11:50:00,8887.9,3373
14293.0,9,2009-12-10 10:57:00,2011-12-06 15:17:00,2809.41,1414
14294.0,1,2010-10-28 16:25:00,2010-10-28 16:25:00,375.34000000000003,190
14295.0,4,2009-12-09 13:06:00,2011-10-30 15:50:00,2309.06,1022
14296.0,2,2010-05-14 14:34:00,2010-10-14 14:14:00,448.45,313
14297.0,4,2011-03-10 08:31:00,2011-11-22 09:06:00,1290.48,862
14298.0,82,2009-12-11 13:49:00,2011-12-01 13:12:00,90489.31,99854
14299.0,27,2009-12-02 10:58:00,2011-12-01 16:05:00,12620.28,7962
14300.0,1,2011-11-21 08:57:00,2011-11-21 08:57:00,43.2,32
14301.0,4,2010-02-11 13:07:00,2011-08-14 15:33:00,1956.23,1673
14302.0,3,2009-12-02 08:16:00,2010-10-05 08:10:00,742.9000000000001,298
14303.0,2,2010-10-01 10:31:00,2010-10-28 15:37:00,277.94,218
14304.0,3,2010-05-18 10:50:00,2011-05-01 11:50:00,1523.8100000000002,687
14305.0,3,2011-07-27 14:14:00,2011-09-29 15:29:00,1803.76,1069
14306.0,6,2010-01-31 13:42:00,2011-10-19 13:23:00,3141.5,2063
14307.0,10,2009-12-07 13:06:00,2011-09-12 09:38:00,4279.97,2815
14309.0,11,2010-06-07 10:24:00,2011-12-01 13:33:00,3747.96,2569
14310.0,1,2010-10-03 12:34:00,2010-10-03 12:34:00,492.1,230
14311.0,2,2010-05-21 10:28:00,2011-04-11 10:14:00,435.90000000000003,214
14312.0,11,2010-07-23 15:05:00,2011-10-24 09:46:00,3090.29,1904
14314.0,2,2010-10-05 08:00:00,2011-08-25 10:39:00,221.9,330
14315.0,8,2010-03-15 12:49:00,2011-10-26 12:06:00,3168.7200000000003,1332
14316.0,5,2010-03-19 15:18:00,2010-10-13 16:31:00,1355.34,4482
14317.0,1,2011-10-06 10:44:00,2011-10-06 10:44:00,508.58000000000004,255
14318.0,1,2010-09-05 15:32:00,2010-09-05 15:32:00,158.02,152
14319.0,1,2010-10-11 13:38:00,2010-10-11 13:38:00,476.95000000000005,327
14320.0,5,2010-01-21 11:44:00,2011-05-17 09:24:00,1204.1200000000001,626
14321.0,7,2010-08-23 12:56:00,2011-11-29 09:47:00,2198.58,3271
14322.0,4,2010-02-18 08:49:00,2010-10-06 15:17:00,384.3,142
14323.0,2,2011-04-15 11:44:00,2011-08-17 11:37:00,574.26,340
14324.0,2,2010-01-15 13:31:00,2010-10-26 11:44:00,701.61,402
14325.0,1,2010-05-19 09:20:00,2010-05-19 09:20:00,245.48000000000002,320
14326.0,3,2010-06-25 12:10:00,2011-04-11 15:04:00,923.98,568
14327.0,6,2010-01-08 14:04:00,2011-06-29 13:58:00,1894.93,1296
14329.0,15,2009-12-16 15:31:00,2011-11-22 15:50:00,9695.92,5879
14330.0,1,2010-03-26 09:10:00,2010-03-26 09:10:00,200.63,103
14331.0,2,2011-07-27 15:14:00,2011-08-07 13:17:00,462.65999999999997,252
14332.0,5,2010-10-19 13:01:00,2011-11-17 11:54:00,1917.41,875
14333.0,1,2011-10-03 10:38:00,2011-10-03 10:38:00,351.45,52
14334.0,12,2010-05-20 10:04:00,2011-11-23 10:01:00,4292.9800000000005,2984
14335.0,2,2011-09-04 13:07:00,2011-11-23 13:41:00,454.86,375
14336.0,4,2011-03-08 16:48:00,2011-11-23 11:40:00,1614.91,1759
14338.0,3,2010-06-21 10:32:00,2011-07-01 14:08:00,894.1,616
14339.0,2,2010-10-07 08:50:00,2011-04-11 11:06:00,604.48,439
14340.0,1,2011-05-05 09:44:00,2011-05-05 09:44:00,134.70000000000002,58
14341.0,18,2009-12-01 12:20:00,2011-10-25 15:48:00,4428.17,2810
14342.0,6,2010-08-24 13:03:00,2011-11-18 13:21:00,843.74,509
14343.0,4,2010-01-18 16:47:00,2010-10-14 13:05:00,1079.66,626
14344.0,20,2010-03-23 15:47:00,2011-08-04 13:51:00,2993.05,1546
14345.0,1,2011-11-01 09:51:00,2011-11-01 09:51:00,108.98,50
14346.0,5,2010-07-30 10:44:00,2011-08-11 09:47:00,2315.75,1878
14347.0,1,2009-12-03 10:49:00,2009-12-03 10:49:00,82.60000000000001,48
14348.0,1,2011-03-24 16:23:00,2011-03-24 16:23:00,409.57,183
14349.0,1,2011-11-29 15:39:00,2011-11-29 15:39:00,133.5,86
14350.0,3,2010-10-05 15:52:00,2011-03-10 14:14:00,947.8,526
14351.0,1,2011-06-28 11:56:00,2011-06-28 11:56:00,51.0,12
14352.0,4,2011-03-11 14:58:00,2011-07-05 15:41:00,1078.96,538
14353.0,3,2010-10-04 12:38:00,2011-05-08 16:06:00,376.5,344
14354.0,2,2011-11-09 15:36:00,2011-12-04 11:32:00,163.62,210
14355.0,3,2010-03-22 15:08:00,2010-12-09 12:16:00,840.0500000000001,617
14356.0,2,2011-09-19 14:43:00,2011-09-21 09:18:00,666.9399999999999,266
14357.0,1,2011-10-27 16:23:00,2011-10-27 16:23:00,225.12,147
14358.0,2,2010-10-07 17:26:00,2010-11-15 15:51:00,400.06,338
14359.0,3,2011-09-13 09:03:00,2011-11-20 13:17:00,882.58,363
14360.0,4,2011-09-06 11:58:00,2011-11-08 09:12:00,2118.03,1139
14361.0,1,2010-05-10 12:29:00,2010-05-10 12:29:00,214.71,251
14362.0,1,2011-11-17 15:08:00,2011-11-17 15:08:00,151.5,96
14363.0,2,2010-09-14 14:39:00,2010-11-02 17:01:00,227.47000000000003,105
14364.0,8,2011-05-12 12:56:00,2011-08-23 11:01:00,3717.35,1967
14365.0,2,2010-01-27 09:44:00,2010-11-10 09:52:00,634.68,557
14366.0,1,2010-07-02 17:23:00,2010-07-02 17:23:00,136.0,16
14367.0,16,2011-03-08 14:12:00,2011-12-01 13:19:00,9134.12,4398
14368.0,1,2011-01-24 09:52:00,2011-01-24 09:52:00,155.0,36
14369.0,2,2010-02-16 10:28:00,2010-03-07 15:47:00,469.13,255
14370.0,6,2010-02-01 08:35:00,2010-09-15 10:53:00,1092.13,257
14371.0,1,2011-02-17 16:35:00,2011-02-17 16:35:00,100.5,34
14372.0,2,2010-04-19 15:57:00,2010-09-22 16:17:00,830.1800000000001,376
14373.0,1,2010-12-16 15:40:00,2010-12-16 15:40:00,76.55,17
14374.0,1,2010-06-16 14:25:00,2010-06-16 14:25:00,108.0,20
14375.0,3,2010-06-16 14:34:00,2011-06-07 13:44:00,1106.82,647
14376.0,1,2010-01-25 15:36:00,2010-01-25 15:36:00,215.46,50
14377.0,2,2011-03-22 13:38:00,2011-06-01 13:32:00,617.05,219
14378.0,1,2010-03-28 12:22:00,2010-03-28 12:22:00,131.25,57
14379.0,4,2010-08-16 15:31:00,2011-10-26 16:43:00,1265.16,712
14381.0,2,2010-09-14 16:15:00,2011-10-18 17:10:00,625.94,449
14382.0,2,2010-11-14 16:32:00,2011-11-13 16:18:00,1187.68,1666
14383.0,3,2011-06-29 10:18:00,2011-11-01 15:53:00,1247.69,817
14384.0,1,2010-07-27 09:53:00,2010-07-27 09:53:00,58.5,30
14385.0,3,2011-11-16 11:55:00,2011-11-30 15:36:00,202.11,159
14386.0,1,2011-02-16 09:45:00,2011-02-16 09:45:00,142.4,54
14387.0,3,2011-08-22 14:13:00,2011-11-07 12:29:00,1727.6000000000001,795
14388.0,16,2010-01-20 11:54:00,2011-11-29 13:32:00,6289.95,4169
14389.0,5,2010-04-28 14:57:00,2011-10-05 15:17:00,1821.07,1333
14390.0,13,2010-10-10 14:30:00,2011-11-29 13:49:00,6079.4800000000005,2817
14391.0,1,2010-05-12 09:42:00,2010-05-12 09:42:00,135.6,168
14392.0,1,2010-10-03 12:56:00,2010-10-03 12:56:00,266.40000000000003,114
14393.0,1,2011-05-05 18:16:00,2011-05-05 18:16:00,67.95,13
14394.0,1,2010-05-24 10:43:00,2010-05-24 10:43:00,93.8,58
14395.0,20,2010-04-18 13:12:00,2011-12-07 14:34:00,7754.7300000000005,3866
14396.0,7,2009-12-02 14:21:00,2011-10-05 16:09:00,1969.38,959
14397.0,19,2011-05-10 12:25:00,2011-12-07 09:22:00,2556.68,1852
14398.0,2,2010-06-30 11:57:00,2010-11-03 13:46:00,707.79,267
14399.0,8,2010-02-03 13:09:00,2010-11-10 13:23:00,2093.21,957
14400.0,3,2010-03-18 12:11:00,2011-07-13 15:50:00,1703.0,1693
14401.0,22,2009-12-14 13:22:00,2011-12-05 13:30:00,6703.4,6379
14402.0,1,2010-02-25 13:20:00,2010-02-25 13:20:00,285.6,240
14403.0,6,2010-03-10 14:00:00,2011-08-01 12:57:00,1822.76,726
14404.0,13,2009-12-20 14:40:00,2011-11-06 12:30:00,2625.13,1557
14405.0,1,2010-11-18 11:40:00,2010-11-18 11:40:00,195.0,100
14406.0,1,2011-08-12 16:54:00,2011-08-12 16:54:00,156.75,77
14407.0,5,2011-03-08 11:59:00,2011-08-24 14:02:00,2096.08,1411
14408.0,11,2009-12-07 12:18:00,2011-11-29 11:41:00,4102.27,2438
14409.0,9,2010-05-21 16:45:00,2011-09-29 18:18:00,3276.09,2161
14410.0,11,2010-09-28 15:46:00,2011-09-08 15:08:00,2119.08,1100
14411.0,1,2011-02-02 10:56:00,2011-02-02 10:56:00,1063.0,196
14412.0,3,2010-10-11 12:33:00,2011-10-28 10:45:00,1417.49,1426
14413.0,3,2010-01-19 14:27:00,2010-12-12 13:37:00,421.72,276
14414.0,8,2010-11-30 10:12:00,2011-09-09 12:09:00,2387.48,2874
14415.0,23,2009-12-16 14:08:00,2011-12-08 14:38:00,11803.62,6205
14416.0,2,2011-10-28 15:10:00,2011-11-17 15:22:00,490.22,326
14417.0,1,2010-11-17 10:55:00,2010-11-17 10:55:00,524.65,543
14418.0,3,2011-08-23 17:18:00,2011-12-06 11:39:00,1937.25,1711
14419.0,7,2010-11-22 11:09:00,2011-11-29 11:22:00,1254.64,552
14420.0,4,2010-01-17 12:41:00,2011-09-01 18:07:00,1627.72,1115
14421.0,6,2010-01-17 11:30:00,2011-10-13 13:24:00,2456.62,1341
14422.0,19,2009-12-17 12:12:00,2011-12-09 11:26:00,10200.92,6059
14423.0,3,2010-01-14 11:49:00,2011-05-05 15:12:00,914.96,418
14424.0,1,2011-11-22 11:48:00,2011-11-22 11:48:00,322.08,48
14425.0,3,2009-12-02 11:31:00,2010-10-01 10:24:00,635.89,319
14426.0,17,2010-03-04 14:36:00,2011-11-16 12:25:00,11103.97,6656
14427.0,4,2010-03-18 09:49:00,2011-10-20 14:23:00,1263.52,538
14428.0,5,2011-01-18 16:39:00,2011-12-02 13:17:00,1209.3700000000001,420
14429.0,1,2010-11-01 10:08:00,2010-11-01 10:08:00,516.28,286
14430.0,3,2010-04-11 15:59:00,2010-07-16 11:35:00,992.1000000000001,414
14431.0,4,2010-01-21 10:49:00,2011-02-10 10:40:00,2567.1,1196
14432.0,6,2011-09-11 14:09:00,2011-11-30 08:04:00,2248.5,2013
14433.0,1,2010-08-31 12:35:00,2010-08-31 12:35:00,280.7,131
14434.0,6,2011-09-28 15:31:00,2011-11-18 08:56:00,1372.8,368
14435.0,1,2010-07-26 12:33:00,2010-07-26 12:33:00,90.42,282
14436.0,2,2010-06-04 11:32:00,2011-09-02 10:13:00,271.7,297
14437.0,5,2010-05-05 12:20:00,2010-12-09 09:27:00,850.84,414
14438.0,1,2011-02-06 14:56:00,2011-02-06 14:56:00,131.9,82
14439.0,5,2010-01-21 14:01:00,2011-01-24 11:39:00,9443.04,2244
14440.0,13,2009-12-02 12:13:00,2011-12-01 15:42:00,5870.13,1595
14441.0,11,2010-01-18 10:40:00,2011-12-09 09:07:00,4426.99,1243
14442.0,7,2010-01-18 12:59:00,2011-05-19 11:36:00,5272.02,1420
14443.0,5,2010-11-25 14:18:00,2011-10-17 10:10:00,2063.65,1350
14444.0,1,2010-09-09 18:56:00,2010-09-09 18:56:00,120.44,172
14445.0,1,2010-09-10 11:09:00,2010-09-10 11:09:00,221.65,83
14446.0,5,2010-11-18 12:08:00,2011-12-09 11:34:00,1195.48,1031
14447.0,6,2010-11-04 13:32:00,2011-11-21 08:28:00,1711.73,913
14448.0,2,2010-12-10 17:26:00,2011-11-30 13:50:00,375.35,104
14449.0,8,2010-09-29 13:15:00,2011-11-21 12:06:00,2230.96,1604
14450.0,7,2010-04-08 12:09:00,2011-06-12 10:46:00,1128.44,522
14451.0,12,2010-01-17 10:35:00,2011-10-10 13:38:00,3215.5,1703
14452.0,4,2010-07-06 13:13:00,2011-11-29 12:06:00,658.95,285
14453.0,1,2011-06-02 14:15:00,2011-06-02 14:15:00,119.93,49
14454.0,5,2009-12-06 12:56:00,2010-11-28 13:26:00,970.7,396
14455.0,4,2010-08-01 13:26:00,2010-10-03 15:48:00,587.12,670
14456.0,9,2011-07-20 13:06:00,2011-12-04 13:59:00,3000.8,2842
14457.0,1,2011-02-02 09:39:00,2011-02-02 09:39:00,113.64,88
14458.0,1,2010-11-24 12:43:00,2010-11-24 12:43:00,219.26999999999998,309
14459.0,2,2010-02-26 13:26:00,2011-07-07 13:35:00,5339.1410000000005,2302
14460.0,9,2009-12-15 19:06:00,2011-08-21 14:19:00,919.6,1761
14461.0,13,2010-01-18 12:48:00,2011-07-14 17:11:00,6660.62,3002
14462.0,12,2010-10-03 14:13:00,2011-10-04 15:55:00,2204.69,1031
14463.0,4,2010-07-28 11:35:00,2011-09-02 15:20:00,786.5699999999999,210
14464.0,2,2010-03-22 15:20:00,2010-05-20 18:00:00,111.0,62
14465.0,11,2010-01-07 15:03:00,2011-04-07 12:38:00,3925.85,2539
14466.0,13,2009-12-13 15:44:00,2011-11-10 14:07:00,4267.15,2507
14467.0,12,2009-12-02 12:44:00,2011-11-22 12:48:00,2203.2400000000002,1187
14468.0,1,2009-12-06 12:21:00,2009-12-06 12:21:00,204.24,164
14469.0,4,2010-01-29 11:12:00,2010-10-19 14:30:00,2093.46,973
14470.0,3,2010-10-05 12:39:00,2011-11-28 10:31:00,712.04,282
14471.0,2,2009-12-07 12:26:00,2010-04-27 17:12:00,400.95,187
14472.0,9,2010-01-19 13:09:00,2011-08-28 11:01:00,2118.72,1271
14473.0,2,2011-03-02 13:56:00,2011-09-26 15:10:00,234.34,88
14474.0,2,2010-05-09 12:12:00,2011-10-24 13:26:00,1248.94,447
14475.0,4,2010-10-27 09:20:00,2011-09-29 10:46:00,1025.1200000000001,522
14476.0,1,2011-03-27 15:39:00,2011-03-27 15:39:00,193.0,110
14477.0,7,2010-01-04 15:41:00,2011-11-20 11:11:00,1960.61,1115
14478.0,4,2009-12-01 13:20:00,2010-11-22 15:29:00,1276.66,1226
14479.0,4,2009-12-06 13:48:00,2011-03-31 09:07:00,1124.71,562
14480.0,4,2009-12-21 16:32:00,2011-11-28 16:35:00,1295.27,669
14481.0,5,2010-01-31 12:43:00,2011-06-28 10:38:00,2284.69,1568
14482.0,12,2010-08-26 14:13:00,2011-11-21 13:14:00,4141.06,2783
14483.0,2,2009-12-03 10:16:00,2011-03-03 10:26:00,249.20000000000002,191
14484.0,4,2009-12-17 10:57:00,2011-10-20 14:11:00,1070.98,744
14485.0,1,2011-11-01 12:25:00,2011-11-01 12:25:00,162.8,70
14486.0,2,2010-06-04 10:30:00,2010-07-16 09:42:00,175.5,90
14487.0,7,2010-11-25 13:36:00,2011-11-13 12:17:00,1253.52,760
14488.0,1,2011-10-03 09:30:00,2011-10-03 09:30:00,1047.43,793
14489.0,4,2010-04-06 09:52:00,2011-05-16 14:51:00,1574.93,1011
14490.0,2,2010-10-07 11:36:00,2010-10-29 15:04:00,1273.47,933
14491.0,2,2010-12-02 12:10:00,2011-06-17 15:22:00,340.93,139
14492.0,7,2010-03-30 14:23:00,2010-10-05 13:21:00,1574.3600000000001,639
14493.0,10,2010-03-08 08:33:00,2011-12-02 16:14:00,4993.76,3136
14494.0,3,2009-12-08 13:25:00,2011-11-14 09:21:00,401.46,210
14495.0,3,2010-02-18 08:49:00,2011-10-20 12:28:00,166.3,67
14496.0,7,2010-03-16 13:15:00,2011-02-01 09:01:00,2341.54,894
14497.0,2,2010-02-04 09:59:00,2011-02-03 17:01:00,679.16,330
14498.0,10,2010-06-07 16:05:00,2011-10-28 12:09:00,3900.83,2120
14499.0,7,2010-08-27 11:57:00,2011-11-13 13:01:00,2083.44,1222
14500.0,3,2011-06-03 10:08:00,2011-09-12 16:45:00,356.85,117
14501.0,2,2011-01-24 10:43:00,2011-06-09 12:02:00,190.31,119
14502.0,11,2011-01-30 15:52:00,2011-11-20 11:50:00,2307.14,1449
14503.0,6,2011-06-14 10:00:00,2011-12-06 13:30:00,3543.26,2004
14504.0,4,2011-03-06 14:38:00,2011-10-23 16:00:00,673.26,308
14505.0,19,2009-12-09 14:48:00,2011-11-22 15:45:00,11590.04,5244
14506.0,7,2010-04-19 08:27:00,2011-11-22 13:02:00,2960.25,936
14507.0,11,2009-12-10 17:04:00,2011-11-16 12:21:00,3104.8,1448
14508.0,5,2010-06-17 13:02:00,2011-11-17 19:48:00,804.07,334
14509.0,1,2010-06-23 13:21:00,2010-06-23 13:21:00,110.95,38
14510.0,3,2010-09-29 13:35:00,2010-11-29 12:46:00,964.55,787
14511.0,5,2011-07-29 12:13:00,2011-11-28 17:05:00,1267.41,772
14512.0,7,2009-12-07 13:49:00,2011-06-05 12:39:00,1215.97,736
14513.0,6,2010-05-20 17:57:00,2011-08-31 11:25:00,770.9100000000001,587
14514.0,9,2009-12-13 13:21:00,2011-10-09 16:05:00,4375.79,2361
14515.0,12,2010-06-07 12:37:00,2011-11-22 11:37:00,3693.7000000000003,1883
14516.0,1,2010-07-11 14:07:00,2010-07-11 14:07:00,151.17,63
14517.0,2,2011-07-21 11:42:00,2011-11-06 14:20:00,330.45,91
14518.0,1,2011-10-06 14:43:00,2011-10-06 14:43:00,174.37,278
14519.0,2,2009-12-11 10:40:00,2010-01-25 11:18:00,203.14,81
14520.0,2,2011-02-22 09:15:00,2011-12-08 09:46:00,270.6,146
14521.0,1,2010-08-05 16:35:00,2010-08-05 16:35:00,167.65,203
14522.0,8,2010-01-24 13:55:00,2011-11-15 13:24:00,1748.42,956
14523.0,1,2011-08-23 13:13:00,2011-08-23 13:13:00,241.09,251
14524.0,13,2010-10-19 11:44:00,2011-11-08 12:29:00,2909.86,1169
14525.0,17,2009-12-13 14:01:00,2011-11-20 11:37:00,7952.76,5083
14526.0,1,2010-11-15 13:32:00,2010-11-15 13:32:00,258.65,178
14527.0,121,2009-12-02 12:06:00,2011-12-07 12:19:00,26359.18,6499
14528.0,1,2011-11-02 17:09:00,2011-11-02 17:09:00,364.21999999999997,278
14529.0,3,2011-08-21 14:10:00,2011-10-10 15:27:00,578.61,325
14530.0,16,2010-01-21 11:25:00,2011-11-14 10:38:00,5968.62,2974
14531.0,1,2010-08-17 10:16:00,2010-08-17 10:16:00,376.34,260
14532.0,11,2010-01-10 11:47:00,2011-04-17 13:05:00,3833.03,1110
14533.0,11,2010-04-08 12:13:00,2011-11-15 12:05:00,3185.12,4783
14534.0,26,2010-03-15 14:16:00,2011-12-07 12:19:00,5698.37,2683
14535.0,9,2010-02-24 15:03:00,2011-10-10 15:39:00,5803.79,3161
14536.0,1,2011-03-25 12:21:00,2011-03-25 12:21:00,170.95,39
14537.0,2,2010-03-26 13:44:00,2011-10-13 10:54:00,635.45,227
14538.0,5,2010-01-25 15:42:00,2011-10-06 10:31:00,1370.8400000000001,284
14539.0,2,2011-10-26 12:03:00,2011-11-24 09:50:00,537.48,428
14540.0,11,2009-12-07 13:00:00,2011-11-30 10:15:00,3699.7400000000002,1593
14541.0,14,2010-01-07 11:59:00,2011-10-12 10:08:00,2491.38,1123
14542.0,1,2011-06-07 08:19:00,2011-06-07 08:19:00,103.25,19
14543.0,39,2009-12-01 13:47:00,2011-11-11 12:45:00,11958.76,2053
14544.0,3,2010-08-26 16:00:00,2011-11-15 15:06:00,2938.53,2412
14545.0,1,2010-02-03 15:23:00,2010-02-03 15:23:00,349.25,236
14546.0,11,2009-12-06 13:10:00,2011-12-04 13:00:00,4987.97,2612
14547.0,8,2011-10-16 14:35:00,2011-12-06 11:06:00,3953.9500000000003,2629
14548.0,9,2009-12-06 14:00:00,2011-07-12 12:19:00,2541.29,986
14549.0,4,2009-12-02 14:06:00,2011-02-01 13:47:00,913.6,394
14550.0,4,2010-08-13 12:05:00,2011-11-29 12:12:00,1345.06,771
14551.0,7,2010-01-27 12:06:00,2011-11-21 13:36:00,856.64,475
14552.0,3,2010-04-26 13:44:00,2011-07-11 12:49:00,507.93,258
14553.0,9,2010-07-18 12:07:00,2011-11-20 13:20:00,1793.1,1116
14554.0,4,2011-10-18 13:04:00,2011-11-29 16:44:00,2279.4900000000002,1443
14555.0,6,2009-12-18 11:39:00,2011-10-13 16:24:00,2294.88,839
14556.0,3,2010-01-20 11:49:00,2010-04-22 14:57:00,815.69,323
14557.0,1,2011-09-15 15:48:00,2011-09-15 15:48:00,0.0,0
14558.0,3,2009-12-08 10:41:00,2010-02-23 12:51:00,614.1,158
14559.0,1,2010-11-14 16:05:00,2010-11-14 16:05:00,75.6,72
14560.0,44,2009-12-02 10:15:00,2011-12-02 15:22:00,6050.44,4543
14561.0,3,2011-06-08 13:26:00,2011-09-25 12:39:00,1080.76,1014
14562.0,26,2010-02-07 14:10:00,2011-12-06 11:05:00,6314.3,2425
14563.0,2,2010-04-26 12:51:00,2010-07-18 12:01:00,625.42,243
14564.0,2,2009-12-04 09:27:00,2010-10-01 09:02:00,2519.32,1284
14565.0,5,2010-08-23 09:48:00,2011-09-05 09:07:00,3833.8700000000003,1932
14566.0,4,2010-06-24 10:34:00,2011-08-21 11:05:00,4092.0,2400
14567.0,2,2011-08-01 13:48:00,2011-10-14 10:21:00,1524.46,410
14568.0,1,2010-09-30 17:15:00,2010-09-30 17:15:00,909.5,633
14569.0,4,2010-04-15 11:49:00,2011-12-08 14:58:00,597.33,257
14570.0,3,2010-09-22 13:07:00,2011-03-04 10:58:00,512.4,363
14571.0,1,2010-10-10 15:06:00,2010-10-10 15:06:00,160.0,56
14572.0,11,2010-03-28 13:47:00,2011-12-06 14:40:00,5479.08,2872
14573.0,13,2010-01-08 16:34:00,2011-06-13 11:15:00,2113.42,677
14574.0,1,2009-12-07 12:42:00,2009-12-07 12:42:00,143.7,63
14575.0,1,2010-08-08 14:51:00,2010-08-08 14:51:00,420.22,163
14576.0,1,2010-12-02 17:51:00,2010-12-02 17:51:00,35.400000000000006,12
14577.0,7,2009-12-11 12:09:00,2011-11-27 12:47:00,1364.15,569
14578.0,1,2011-12-06 17:18:00,2011-12-06 17:18:00,168.63,240
14579.0,1,2010-10-03 14:36:00,2010-10-03 14:36:00,105.56,56
14580.0,1,2010-07-09 15:20:00,2010-07-09 15:20:00,14.85,3
14581.0,2,2010-06-13 15:48:00,2011-11-23 12:39:00,409.65,304
14582.0,1,2011-10-30 11:56:00,2011-10-30 11:56:00,114.11000000000001,73
14583.0,8,2010-03-28 15:16:00,2011-12-04 12:32:00,1660.29,1071
14584.0,8,2010-02-17 14:01:00,2011-06-23 18:33:00,1725.16,956
14585.0,5,2010-10-19 12:17:00,2011-10-20 14:33:00,1143.27,630
14586.0,1,2011-03-08 10:04:00,2011-03-08 10:04:00,134.16,236
14587.0,9,2011-01-12 13:16:00,2011-11-21 11:34:00,1577.39,747
14588.0,1,2010-05-10 15:08:00,2010-05-10 15:08:00,135.39,62
14589.0,1,2010-12-03 11:42:00,2010-12-03 11:42:00,39.75,5
14590.0,20,2009-12-07 14:10:00,2010-10-11 12:06:00,2871.04,878
14591.0,4,2011-05-10 14:09:00,2011-11-24 13:57:00,1320.21,1228
14592.0,3,2011-10-06 18:08:00,2011-11-04 16:35:00,557.94,407
14593.0,12,2009-12-09 12:57:00,2011-11-18 12:48:00,3602.31,1834
14594.0,2,2010-12-01 13:54:00,2011-12-02 13:28:00,363.33,183
14595.0,8,2010-01-20 13:59:00,2011-11-20 12:12:00,2164.45,1228
14596.0,1,2010-03-23 12:13:00,2010-03-23 12:13:00,222.22,75
14597.0,6,2010-09-28 13:17:00,2011-11-28 13:13:00,2184.63,1436
14598.0,2,2010-05-19 13:07:00,2011-10-26 13:19:00,221.97,189
14599.0,2,2010-07-18 15:54:00,2010-11-14 14:49:00,457.89,292
14600.0,2,2010-11-11 15:56:00,2011-02-07 09:48:00,865.1700000000001,487
14601.0,1,2011-11-29 09:48:00,2011-11-29 09:48:00,213.96,168
14602.0,1,2010-02-21 15:47:00,2010-02-21 15:47:00,205.36,80
14603.0,1,2011-03-10 10:27:00,2011-03-10 10:27:00,660.0,400
14604.0,1,2010-03-16 13:00:00,2010-03-16 13:00:00,136.35999999999999,86
14605.0,4,2009-12-08 13:59:00,2010-11-30 14:07:00,920.71,415
14606.0,184,2009-12-03 12:40:00,2011-12-08 19:28:00,28913.22,14864
14607.0,20,2009-12-15 11:25:00,2011-11-24 10:35:00,17226.23,10665
14608.0,10,2009-12-06 12:34:00,2011-12-05 16:52:00,3263.44,916
14609.0,10,2010-02-09 09:48:00,2011-09-28 12:54:00,1366.2,10320
14610.0,2,2010-07-13 16:06:00,2010-11-09 10:58:00,24.35,15
14611.0,2,2010-04-20 10:19:00,2010-09-22 09:19:00,599.38,581
14612.0,1,2010-10-20 16:01:00,2010-10-20 16:01:00,877.7,134
14613.0,1,2010-01-28 13:02:00,2010-01-28 13:02:00,76.32000000000001,72
14614.0,1,2010-11-18 13:04:00,2010-11-18 13:04:00,295.13,189
14615.0,5,2010-06-09 13:59:00,2010-11-10 13:36:00,934.26,481
14616.0,5,2010-06-09 09:42:00,2011-04-11 09:54:00,527.78,170
14617.0,2,2010-10-20 10:40:00,2010-11-02 11:41:00,190.47,81
14618.0,7,2010-06-11 10:11:00,2011-11-30 13:45:00,1310.52,700
14619.0,2,2010-06-16 14:41:00,2011-04-08 07:37:00,1276.31,587
14620.0,2,2011-03-01 08:30:00,2011-05-18 11:58:00,393.28000000000003,188
14621.0,9,2010-01-25 09:08:00,2011-12-08 16:22:00,2878.27,1671
14622.0,1,2011-06-08 12:42:00,2011-06-08 12:42:00,320.58,146
14623.0,10,2010-04-16 17:12:00,2011-11-07 13:56:00,1983.55,1008
14624.0,6,2010-04-14 10:44:00,2011-10-13 13:44:00,814.07,645
14625.0,11,2009-12-16 13:23:00,2011-05-27 15:32:00,4429.18,2144
14626.0,11,2009-12-10 14:57:00,2011-11-16 10:37:00,5374.77,3118
14627.0,1,2010-11-25 16:32:00,2010-11-25 16:32:00,406.40000000000003,269
14628.0,5,2010-01-25 14:40:00,2011-09-09 14:58:00,1998.0,1147
14629.0,2,2011-10-23 16:13:00,2011-12-05 16:55:00,935.46,374
14630.0,1,2010-08-12 16:38:00,2010-08-12 16:38:00,338.65,111
14631.0,6,2010-08-09 14:45:00,2011-10-20 11:17:00,2023.17,1395
14632.0,1,2011-03-22 08:49:00,2011-03-22 08:49:00,114.56,96
14633.0,1,2011-03-18 17:07:00,2011-03-18 17:07:00,344.90000000000003,96
14634.0,4,2010-06-16 09:48:00,2010-09-28 10:40:00,1971.82,1850
14635.0,1,2010-09-12 10:47:00,2010-09-12 10:47:00,215.22,118
14636.0,2,2011-03-16 09:52:00,2011-11-03 16:12:00,609.85,241
14637.0,1,2010-01-31 15:52:00,2010-01-31 15:52:00,106.68,100
14638.0,1,2011-10-20 10:10:00,2011-10-20 10:10:00,443.6,166
14639.0,9,2010-02-16 12:35:00,2011-10-18 15:06:00,4946.81,2407
14640.0,10,2010-01-22 15:44:00,2011-11-15 13:07:00,3446.33,1552
14641.0,1,2011-11-18 10:42:00,2011-11-18 10:42:00,110.46000000000001,90
14642.0,1,2011-10-12 11:08:00,2011-10-12 11:08:00,96.12,76
14643.0,5,2009-12-11 11:52:00,2011-06-22 14:41:00,1654.69,1317
14644.0,7,2009-12-03 16:24:00,2011-10-03 08:30:00,2077.47,755
14645.0,3,2010-03-15 11:33:00,2011-07-06 09:15:00,840.24,574
14646.0,145,2009-12-02 16:52:00,2011-12-08 12:12:00,523202.74,364956
14647.0,2,2010-07-04 13:27:00,2011-05-22 13:40:00,506.04,175
14648.0,15,2009-12-10 13:59:00,2010-10-19 13:12:00,4374.74,3218
14649.0,9,2010-01-20 13:10:00,2011-12-05 12:30:00,3630.04,2412
14650.0,1,2010-04-29 20:27:00,2010-04-29 20:27:00,62.5,22
14651.0,9,2010-03-18 11:39:00,2011-10-03 15:52:00,2025.52,880
14652.0,1,2011-09-23 14:21:00,2011-09-23 14:21:00,114.17999999999999,53
14653.0,11,2009-12-02 11:51:00,2011-12-08 13:45:00,3404.8,1967
14654.0,1,2009-12-01 12:57:00,2009-12-01 12:57:00,246.86,273
14655.0,7,2010-04-22 14:29:00,2011-12-01 16:28:00,3836.73,2326
14656.0,5,2010-04-15 12:10:00,2011-06-23 13:51:00,790.0,309
14657.0,6,2010-09-30 19:57:00,2011-11-22 12:47:00,1440.24,878
14658.0,2,2011-08-14 15:42:00,2011-12-04 15:35:00,247.15,47
14659.0,9,2011-01-28 12:43:00,2011-12-01 12:17:00,2456.53,1183
14660.0,2,2011-08-31 10:40:00,2011-09-14 11:34:00,285.74,228
14661.0,1,2011-11-13 11:51:00,2011-11-13 11:51:00,107.95,35
14662.0,7,2009-12-03 16:47:00,2011-11-11 12:13:00,1376.43,907
14663.0,2,2010-10-05 13:12:00,2010-10-05 13:21:00,490.6,397
14664.0,2,2011-11-06 14:56:00,2011-11-20 10:59:00,636.24,465
14665.0,7,2010-04-26 11:17:00,2011-10-10 09:14:00,2172.33,904
14666.0,1,2011-11-15 12:57:00,2011-11-15 12:57:00,179.95,155
14667.0,54,2009-12-02 12:38:00,2011-11-29 11:30:00,20153.04,11797
14668.0,1,2010-09-20 15:03:00,2010-09-20 15:03:00,111.63000000000001,49
14669.0,7,2009-12-02 13:06:00,2011-04-12 11:43:00,3216.78,2043
14670.0,3,2009-12-07 13:59:00,2011-03-04 14:13:00,583.33,423
14671.0,2,2010-05-20 18:21:00,2010-06-08 13:39:00,1127.45,571
14672.0,4,2010-01-28 11:33:00,2011-04-19 10:19:00,1113.14,646
14673.0,7,2010-10-26 10:14:00,2011-12-06 14:31:00,3037.32,1822
14674.0,1,2010-07-18 14:25:00,2010-07-18 14:25:00,173.66,103
14675.0,2,2010-11-16 12:22:00,2011-11-23 12:58:00,1015.58,660
14676.0,12,2010-03-10 09:30:00,2011-11-08 13:29:00,8285.49,8744
14677.0,1,2010-04-26 09:48:00,2010-04-26 09:48:00,184.91,139
14678.0,1,2010-05-09 14:32:00,2010-05-09 14:32:00,386.44,178
14679.0,3,2009-12-08 17:13:00,2010-11-23 11:51:00,1272.95,789
14680.0,58,2009-12-04 12:36:00,2011-11-14 16:59:00,53080.02,25551
14681.0,6,2010-02-24 08:54:00,2011-09-29 15:52:00,875.1500000000001,172
14682.0,6,2010-02-05 14:47:00,2011-06-05 12:12:00,1514.81,949
14683.0,1,2010-04-30 17:18:00,2010-04-30 17:18:00,146.56,386
14684.0,6,2010-11-14 14:07:00,2011-11-14 11:33:00,1430.03,1005
14685.0,8,2009-12-13 11:32:00,2010-05-12 13:08:00,4241.16,1909
14686.0,5,2010-02-18 18:29:00,2010-10-21 18:31:00,844.58,456
14687.0,3,2010-06-06 10:36:00,2011-08-25 11:59:00,1402.06,850
14688.0,28,2010-09-09 12:35:00,2011-12-02 12:26:00,6666.93,4642
14689.0,1,2011-05-15 11:22:00,2011-05-15 11:22:00,112.8,76
14690.0,4,2010-10-25 12:20:00,2011-10-26 15:39:00,764.59,334
14691.0,5,2011-05-11 09:55:00,2011-11-09 12:30:00,2114.33,707
14692.0,12,2010-04-01 14:04:00,2011-07-25 15:08:00,1705.64,880
14693.0,7,2010-07-02 08:28:00,2011-03-20 12:50:00,1139.86,386
14694.0,1,2010-04-01 19:46:00,2010-04-01 19:46:00,244.31,193
14695.0,3,2009-12-07 11:05:00,2010-07-08 14:18:00,1466.72,607
14696.0,8,2010-10-14 11:43:00,2011-12-05 13:43:00,2465.3,1863
14697.0,2,2011-05-05 15:29:00,2011-05-05 15:39:00,188.61,181
14698.0,5,2011-10-19 12:54:00,2011-12-08 12:26:00,1217.27,602
14699.0,4,2010-07-02 12:04:00,2011-05-09 14:54:00,702.6,484
14700.0,5,2010-08-11 12:19:00,2011-11-07 14:40:00,3076.06,1606
14701.0,15,2010-01-24 12:15:00,2011-11-29 12:38:00,4423.96,1721
14702.0,29,2009-12-10 20:22:00,2011-12-08 19:29:00,6298.4800000000005,2862
14703.0,1,2011-11-25 09:23:00,2011-11-25 09:23:00,318.17,183
14704.0,9,2010-03-25 17:21:00,2011-11-20 12:20:00,1720.58,1156
14705.0,1,2011-05-25 12:39:00,2011-05-25 12:39:00,179.0,100
14706.0,1,2010-03-31 11:09:00,2010-03-31 11:09:00,367.54,246
14707.0,2,2010-05-12 11:07:00,2010-09-30 11:37:00,139.2,96
14708.0,5,2010-09-10 10:26:00,2011-12-07 08:21:00,1763.52,1153
14709.0,25,2009-12-05 15:26:00,2011-11-24 15:41:00,8866.48,4138
14710.0,13,2009-12-03 17:12:00,2011-11-25 14:53:00,1899.79,1135
14711.0,11,2011-03-22 13:32:00,2011-11-29 14:58:00,2809.02,954
14712.0,4,2010-10-17 14:49:00,2011-11-10 12:59:00,1328.0700000000002,411
14713.0,21,2009-12-03 19:22:00,2011-11-30 16:26:00,5068.96,3316
14714.0,4,2010-01-21 11:51:00,2011-11-15 13:07:00,896.4,637
14715.0,8,2010-01-19 12:18:00,2011-11-15 12:10:00,1809.55,1028
14716.0,3,2010-09-21 12:07:00,2011-10-27 17:29:00,543.28,643
14717.0,1,2009-12-06 13:05:00,2009-12-06 13:05:00,72.8,30
14718.0,1,2010-10-25 13:07:00,2010-10-25 13:07:00,226.42000000000002,202
14719.0,5,2011-04-04 14:17:00,2011-12-08 12:43:00,1571.89,1024
14720.0,3,2011-08-05 12:06:00,2011-12-04 12:02:00,663.81,219
14721.0,1,2010-11-25 13:08:00,2010-11-25 13:08:00,109.07,57
14722.0,3,2010-08-10 13:28:00,2011-07-15 14:58:00,489.52,214
14723.0,11,2009-12-04 11:22:00,2011-11-29 15:23:00,1801.3600000000001,1166
14724.0,1,2010-04-28 13:26:00,2010-04-28 13:26:00,341.9,184
14725.0,4,2010-06-23 11:34:00,2011-11-15 12:42:00,1196.46,1283
14726.0,1,2010-02-23 12:35:00,2010-02-23 12:35:00,116.5,82
14727.0,3,2010-06-11 13:23:00,2011-03-10 14:45:00,291.13,76
14728.0,1,2010-10-22 15:57:00,2010-10-22 15:57:00,190.58,68
14729.0,3,2010-03-24 13:30:00,2010-12-01 12:43:00,586.24,372
14730.0,8,2011-03-08 12:49:00,2011-12-08 14:39:00,1897.57,1078
14731.0,3,2011-05-11 13:06:00,2011-10-23 15:54:00,380.02,256
14732.0,19,2009-12-09 10:48:00,2011-12-01 14:34:00,5447.52,2259
14733.0,15,2010-11-02 15:42:00,2011-11-23 15:39:00,14200.78,5760
14734.0,4,2010-06-06 15:15:00,2010-10-10 12:04:00,1045.47,377
14735.0,55,2009-12-04 11:32:00,2011-12-06 12:09:00,11899.66,4398
14736.0,2,2010-08-11 15:13:00,2010-08-11 15:21:00,374.05,148
14737.0,4,2010-11-04 11:29:00,2011-12-06 10:16:00,3554.17,1071
14738.0,9,2009-12-07 10:21:00,2011-10-28 08:56:00,1763.64,727
14739.0,25,2009-12-02 13:23:00,2011-12-05 16:54:00,11555.69,9688
14740.0,11,2010-02-25 11:40:00,2011-05-26 18:17:00,4068.86,2059
14741.0,7,2010-10-18 09:33:00,2011-11-28 08:48:00,1713.09,1006
14742.0,1,2010-09-30 14:07:00,2010-09-30 14:07:00,579.85,374
14743.0,1,2010-04-26 10:26:00,2010-04-26 10:26:00,50.480000000000004,40
14744.0,14,2010-05-18 14:06:00,2011-11-23 12:51:00,3648.63,2397
14745.0,12,2010-03-12 10:33:00,2011-08-19 10:05:00,2471.06,1945
14746.0,4,2010-10-12 11:06:00,2010-10-29 14:44:00,593.5,398
14747.0,1,2011-04-04 14:09:00,2011-04-04 14:09:00,294.3,82
14748.0,10,2010-03-04 17:08:00,2011-11-10 18:33:00,2208.89,1991
14749.0,1,2010-08-17 12:36:00,2010-08-17 12:36:00,310.15,403
14750.0,1,2009-12-03 17:57:00,2009-12-03 17:57:00,112.03,65
14751.0,2,2009-12-13 14:08:00,2010-01-24 13:37:00,126.45,65
14752.0,1,2011-10-27 11:55:00,2011-10-27 11:55:00,389.64000000000004,260
14753.0,2,2010-09-05 11:04:00,2011-09-13 14:50:00,869.51,412
14754.0,6,2010-01-18 11:04:00,2011-10-26 12:01:00,1543.73,1008
14755.0,25,2009-12-03 16:51:00,2011-11-30 11:24:00,9851.45,4366
14756.0,3,2010-10-11 11:50:00,2011-11-24 18:13:00,2613.46,1419
14757.0,1,2011-09-25 14:36:00,2011-09-25 14:36:00,420.5,160
14758.0,7,2010-04-08 08:27:00,2011-07-18 08:21:00,2864.9700000000003,840
14759.0,3,2011-04-21 10:55:00,2011-12-05 12:03:00,1625.97,569
14760.0,1,2011-02-15 16:27:00,2011-02-15 16:27:00,53.8,28
14761.0,3,2010-09-21 14:22:00,2011-10-12 12:10:00,447.92,206
14762.0,2,2010-03-23 15:36:00,2011-03-21 08:20:00,417.57,428
14764.0,1,2011-10-24 11:54:00,2011-10-24 11:54:00,250.55,175
14765.0,3,2011-06-16 19:49:00,2011-11-10 19:53:00,254.11,135
14766.0,11,2010-06-06 11:11:00,2011-12-01 16:05:00,6301.88,3963
14767.0,1,2010-08-22 14:54:00,2010-08-22 14:54:00,382.81,117
14768.0,2,2011-08-04 13:25:00,2011-11-22 12:54:00,139.5,34
14769.0,17,2009-12-16 09:17:00,2011-12-07 10:24:00,15437.25,11004
14770.0,8,2010-02-25 18:58:00,2011-04-21 14:21:00,3624.89,1597
14771.0,2,2009-12-03 09:44:00,2010-03-28 12:52:00,579.92,608
14772.0,1,2011-08-19 15:04:00,2011-08-19 15:04:00,139.26,82
14773.0,1,2010-04-26 10:29:00,2010-04-26 10:29:00,125.7,50
14774.0,1,2010-06-29 12:26:00,2010-06-29 12:26:00,241.45000000000002,99
14775.0,3,2010-12-02 16:38:00,2011-10-12 15:27:00,1011.9,1174
14776.0,15,2010-09-19 14:12:00,2011-10-19 15:34:00,3339.02,4204
14777.0,1,2010-11-01 12:50:00,2010-11-01 12:50:00,239.26000000000002,200
14778.0,2,2011-02-04 11:43:00,2011-08-04 15:23:00,730.86,306
14779.0,3,2011-01-20 12:04:00,2011-03-04 12:42:00,386.15,84
14780.0,2,2011-09-21 15:15:00,2011-10-16 12:46:00,447.68,310
14782.0,1,2011-01-24 11:12:00,2011-01-24 11:12:00,200.10000000000002,114
14783.0,1,2010-02-18 16:16:00,2010-02-18 16:16:00,305.35,261
14784.0,3,2010-11-15 09:49:00,2011-11-13 13:30:00,449.93,363
14785.0,2,2011-11-24 13:40:00,2011-11-29 13:21:00,77.4,84
14786.0,1,2010-06-07 13:42:00,2010-06-07 13:42:00,90.96,112
14787.0,1,2010-08-25 14:38:00,2010-08-25 14:38:00,110.65,59
14788.0,3,2010-04-22 18:16:00,2011-12-02 17:06:00,1156.32,719
14789.0,1,2011-11-11 08:59:00,2011-11-11 08:59:00,197.64000000000001,116
14790.0,10,2009-12-11 14:37:00,2011-11-23 09:28:00,2526.62,2642
14791.0,1,2010-04-12 10:24:00,2010-04-12 10:24:00,303.63,127
14792.0,1,2011-10-07 09:19:00,2011-10-07 09:19:00,-2.220446049250313e-16,0
14793.0,2,2010-06-22 16:54:00,2011-11-18 14:50:00,611.0500000000001,358
14794.0,10,2010-08-09 15:44:00,2011-12-07 10:11:00,1889.15,778
14795.0,1,2011-06-26 13:04:00,2011-06-26 13:04:00,131.45000000000002,17
14796.0,27,2009-12-14 15:06:00,2011-12-08 15:31:00,9971.2,7097
14797.0,1,2010-07-20 14:07:00,2010-07-20 14:07:00,300.31,99
14798.0,8,2010-03-01 08:38:00,2011-10-18 10:58:00,715.11,599
14799.0,2,2009-12-02 11:18:00,2011-10-19 16:16:00,338.15,495
14800.0,17,2010-09-30 14:38:00,2011-10-23 12:46:00,6890.73,6376
14801.0,1,2011-10-09 15:24:00,2011-10-09 15:24:00,189.34,173
14803.0,3,2011-02-20 13:21:00,2011-06-30 13:58:00,845.55,370
14804.0,1,2011-12-01 11:20:00,2011-12-01 11:20:00,353.27,121
14805.0,7,2010-03-28 12:34:00,2011-11-24 16:20:00,1082.55,416
14806.0,2,2010-09-26 15:50:00,2011-09-25 15:32:00,303.43,423
14807.0,2,2010-02-28 11:33:00,2010-11-14 12:47:00,504.14,234
14808.0,8,2011-06-20 12:53:00,2011-10-31 12:21:00,2277.8,2028
14809.0,2,2010-03-28 15:42:00,2010-03-28 15:44:00,686.76,232
14810.0,13,2010-10-06 13:12:00,2011-10-30 11:19:00,2354.03,1162
14811.0,1,2010-11-17 13:09:00,2010-11-17 13:09:00,170.5,74
14812.0,1,2010-04-20 12:13:00,2010-04-20 12:13:00,178.85,135
14813.0,4,2010-04-08 11:49:00,2010-12-05 11:57:00,888.91,392
14814.0,1,2010-05-07 14:10:00,2010-05-07 14:10:00,152.96,92
14815.0,2,2011-10-03 11:36:00,2011-11-03 11:36:00,778.5,744
14816.0,1,2011-05-26 13:16:00,2011-05-26 13:16:00,271.85,5
14817.0,7,2010-03-22 12:10:00,2011-05-23 13:35:00,3889.21,2445
14818.0,6,2010-03-02 12:48:00,2011-09-27 11:01:00,1153.56,543
14819.0,4,2009-12-21 15:54:00,2011-10-06 13:41:00,456.40999999999997,170
14820.0,9,2010-01-31 12:49:00,2011-11-18 15:41:00,1274.76,724
14821.0,7,2010-02-01 13:33:00,2010-12-08 08:43:00,1230.15,459
14822.0,1,2010-08-11 12:52:00,2010-08-11 12:52:00,157.7,94
14823.0,3,2011-05-29 12:48:00,2011-06-12 13:12:00,321.43,88
14824.0,10,2010-03-12 13:07:00,2011-11-29 14:20:00,3952.51,1934
14825.0,24,2010-04-06 14:14:00,2011-12-06 11:38:00,4696.28,2767
14826.0,2,2010-01-13 13:08:00,2010-05-07 09:00:00,385.2,152
14828.0,13,2009-12-07 11:19:00,2011-05-27 10:16:00,9803.460000000001,9670
14829.0,7,2010-09-29 13:14:00,2011-11-10 16:16:00,1402.97,919
14830.0,1,2011-10-17 14:29:00,2011-10-17 14:29:00,188.03,163
14831.0,3,2009-12-02 09:21:00,2010-01-28 14:31:00,1623.97,877
14833.0,1,2010-07-29 10:06:00,2010-07-29 10:06:00,94.8,58
14834.0,7,2010-10-28 17:37:00,2011-11-22 10:30:00,2184.21,869
14835.0,2,2010-04-01 19:34:00,2010-06-29 10:08:00,293.09999999999997,178
14836.0,3,2011-11-09 13:26:00,2011-11-29 16:45:00,102.45,45
14837.0,9,2010-01-24 10:20:00,2011-09-11 10:58:00,3445.82,3022
14838.0,2,2009-12-03 09:52:00,2010-10-12 15:46:00,769.9200000000001,361
14839.0,3,2010-01-04 16:29:00,2010-10-17 13:01:00,915.28,927
14840.0,2,2010-06-18 15:42:00,2011-03-17 12:00:00,340.21,173
14841.0,14,2009-12-02 16:49:00,2011-10-17 15:03:00,7163.0,4164
14842.0,4,2011-02-04 15:32:00,2011-10-27 12:37:00,2456.8,1146
14843.0,1,2010-09-29 12:39:00,2010-09-29 12:39:00,211.8,132
14844.0,10,2010-04-12 12:50:00,2011-10-07 10:41:00,6688.43,4365
14845.0,1,2010-04-19 10:19:00,2010-04-19 10:19:00,150.0,600
14846.0,1,2010-10-08 17:07:00,2010-10-08 17:07:00,406.79999999999995,181
14847.0,3,2010-05-24 12:29:00,2011-07-14 10:52:00,1320.6,529
14848.0,1,2010-10-31 12:22:00,2010-10-31 12:22:00,310.56,260
14849.0,43,2010-01-10 11:40:00,2011-11-18 10:58:00,15186.6,11687
14850.0,7,2010-05-20 13:28:00,2011-02-01 11:21:00,1599.76,1377
14851.0,3,2010-03-19 11:52:00,2011-11-16 14:20:00,829.4100000000001,631
14852.0,18,2010-03-05 14:51:00,2011-10-12 13:20:00,6108.88,4361
14853.0,5,2010-04-13 09:26:00,2011-11-15 16:56:00,1351.37,343
14854.0,11,2010-01-22 09:48:00,2011-09-22 17:00:00,4282.37,2974
14855.0,7,2010-04-08 10:30:00,2011-08-12 14:02:00,6520.3,3510
14856.0,3,2011-10-14 09:35:00,2011-11-03 14:53:00,1290.53,711
14857.0,7,2010-03-15 11:00:00,2011-10-11 09:23:00,3578.931,2065
14858.0,1,2010-07-22 10:51:00,2010-07-22 10:51:00,180.75,105
14859.0,5,2010-06-03 10:26:00,2011-11-27 11:18:00,1703.94,886
14860.0,1,2011-11-20 14:17:00,2011-11-20 14:17:00,168.62,230
14861.0,10,2009-12-08 12:12:00,2011-10-18 12:54:00,1318.4,1054
14862.0,2,2011-07-14 11:20:00,2011-11-14 10:01:00,841.2,772
14863.0,1,2011-11-10 15:04:00,2011-11-10 15:04:00,266.76,132
14865.0,4,2009-12-01 16:05:00,2011-12-02 16:25:00,92.52000000000001,204
14866.0,17,2010-09-21 15:14:00,2011-11-29 11:45:00,20507.59,8904
14867.0,16,2009-12-05 15:47:00,2011-06-07 11:39:00,2910.41,993
14868.0,12,2010-10-15 14:52:00,2011-12-06 14:49:00,4170.06,2224
14869.0,6,2009-12-16 11:43:00,2011-12-01 12:36:00,2750.7,2118
14870.0,6,2010-01-25 09:05:00,2011-03-23 10:51:00,1794.6000000000001,478
14871.0,9,2009-12-01 11:57:00,2011-12-06 13:42:00,1228.17,446
14872.0,3,2010-03-16 14:41:00,2010-08-13 12:34:00,802.68,614
14873.0,2,2010-03-16 10:51:00,2011-05-13 13:52:00,854.13,311
14874.0,1,2010-06-22 14:58:00,2010-06-22 14:58:00,116.18,148
14875.0,3,2010-09-24 10:28:00,2011-08-24 12:20:00,2850.5,1328
14876.0,2,2010-05-27 13:49:00,2010-07-06 14:57:00,256.7,162
14877.0,2,2010-03-07 12:25:00,2010-10-17 13:09:00,425.85,168
14878.0,25,2010-02-21 11:14:00,2011-11-27 11:15:00,3807.1,2164
14879.0,1,2010-01-24 11:35:00,2010-01-24 11:35:00,185.06,104
14880.0,3,2011-02-24 12:27:00,2011-09-23 13:42:00,690.59,365
14881.0,1,2011-11-20 11:06:00,2011-11-20 11:06:00,255.4,316
14882.0,14,2010-03-30 15:02:00,2011-11-13 12:47:00,3345.05,1422
14883.0,6,2011-05-12 09:49:00,2011-11-21 10:23:00,756.64,789
14884.0,1,2010-02-08 12:56:00,2010-02-08 12:56:00,120.6,72
14885.0,3,2010-08-31 10:11:00,2011-07-31 12:05:00,1496.12,1284
14886.0,1,2011-04-01 08:56:00,2011-04-01 08:56:00,364.8,160
14887.0,1,2011-09-21 15:32:00,2011-09-21 15:32:00,1862.0,1100
14888.0,1,2011-05-16 14:58:00,2011-05-16 14:58:00,369.2,184
14889.0,1,2011-01-07 15:19:00,2011-01-07 15:19:00,135.9,90
14890.0,3,2010-02-18 09:00:00,2011-03-31 11:57:00,817.25,636
14891.0,4,2010-09-29 12:41:00,2011-07-14 18:08:00,1106.73,788
14892.0,1,2010-01-18 08:58:00,2010-01-18 08:58:00,202.35000000000002,79
14893.0,3,2010-04-01 09:03:00,2011-11-30 12:31:00,1785.01,1035
14894.0,3,2009-12-02 10:42:00,2011-09-15 13:51:00,1412.21,591
14895.0,38,2009-12-10 14:22:00,2011-12-02 09:23:00,24488.82,10645
14896.0,8,2009-12-06 12:42:00,2011-05-19 10:20:00,1727.3,917
14897.0,8,2009-12-15 17:05:00,2011-12-02 10:32:00,3100.7400000000002,1158
14898.0,14,2009-12-03 16:40:00,2011-11-16 14:54:00,3242.6,2186
14899.0,1,2010-11-09 15:20:00,2010-11-09 15:20:00,1331.38,570
14900.0,1,2010-07-05 15:09:00,2010-07-05 15:09:00,13.919999999999998,48
14901.0,12,2010-07-29 11:11:00,2011-11-28 17:09:00,1912.7,878
14902.0,3,2010-06-04 12:35:00,2011-11-14 10:34:00,1000.27,703
14903.0,5,2011-03-06 11:50:00,2011-11-18 16:07:00,2729.18,1486
14904.0,4,2010-10-08 12:48:00,2011-12-07 12:55:00,1630.49,2522
14905.0,8,2009-12-03 14:36:00,2011-07-05 12:41:00,1939.69,987
14907.0,16,2010-04-16 13:40:00,2011-12-06 14:14:00,5476.62,2549
14908.0,2,2010-09-02 16:39:00,2011-09-26 12:56:00,381.9,182
14909.0,3,2010-02-14 15:47:00,2010-09-28 16:56:00,1380.98,886
14910.0,4,2011-10-16 11:06:00,2011-12-07 10:06:00,389.86,221
14911.0,375,2009-12-01 11:41:00,2011-12-08 15:54:00,265697.43,141498
14912.0,5,2010-04-28 09:41:00,2011-11-23 09:20:00,1829.78,1806
14913.0,8,2010-08-11 08:40:00,2011-11-04 08:29:00,4073.13,3955
14915.0,11,2009-12-03 10:17:00,2011-09-09 13:34:00,1752.65,699
14916.0,8,2010-04-01 10:57:00,2011-09-30 09:20:00,2888.21,2379
14917.0,2,2010-04-22 09:44:00,2010-04-22 11:28:00,1123.75,891
14918.0,9,2010-04-08 11:18:00,2011-08-16 11:50:00,5955.81,2551
14919.0,1,2010-06-18 13:06:00,2010-06-18 13:06:00,359.35,129
14920.0,3,2010-05-23 15:25:00,2011-05-11 10:32:00,1607.17,886
14921.0,2,2011-05-22 12:51:00,2011-11-09 13:17:00,1316.07,953
14922.0,2,2010-07-20 09:45:00,2010-11-11 11:14:00,843.74,376
14923.0,1,2011-10-20 11:51:00,2011-10-20 11:51:00,749.1,418
14924.0,3,2010-03-10 12:51:00,2011-04-08 09:25:00,931.01,312
14926.0,2,2010-04-20 09:59:00,2010-11-23 07:13:00,337.65,189
14927.0,1,2010-11-08 12:30:00,2010-11-08 12:30:00,308.2,196
14928.0,1,2010-03-22 09:14:00,2010-03-22 09:14:00,204.46,263
14929.0,2,2010-10-14 12:22:00,2011-11-07 17:21:00,836.69,487
14930.0,6,2010-04-12 11:22:00,2011-08-23 10:31:00,5126.74,2186
14931.0,4,2011-04-13 09:32:00,2011-12-05 10:19:00,964.6800000000001,416
14932.0,2,2010-11-19 09:16:00,2010-12-09 11:48:00,666.13,257
14933.0,4,2010-09-21 17:29:00,2010-09-22 10:47:00,885.0,300
14934.0,5,2010-09-24 12:08:00,2011-09-19 10:10:00,2521.07,1447
14935.0,2,2010-03-30 11:48:00,2011-02-15 14:44:00,2849.83,1931
14936.0,12,2010-05-05 12:26:00,2011-11-06 10:30:00,12378.46,6271
14937.0,3,2011-08-01 14:16:00,2011-10-14 12:29:00,1617.63,483
14938.0,2,2010-05-26 13:35:00,2010-05-26 13:38:00,2289.43,1361
14940.0,2,2009-12-06 15:46:00,2010-10-18 10:47:00,531.49,384
14941.0,1,2010-05-10 11:30:00,2010-05-10 11:30:00,182.1,80
14942.0,4,2009-12-10 10:32:00,2010-11-03 10:51:00,746.56,354
14943.0,1,2010-02-14 16:04:00,2010-02-14 16:04:00,107.62,46
14944.0,19,2010-02-17 08:47:00,2011-11-10 09:10:00,9674.92,4833
14945.0,1,2010-10-22 11:26:00,2010-10-22 11:26:00,179.4,156
14946.0,1,2011-11-25 13:33:00,2011-11-25 13:33:00,100.9,22
14947.0,6,2010-03-25 11:29:00,2011-09-28 15:48:00,1049.79,416
14948.0,6,2011-05-04 14:52:00,2011-11-16 17:16:00,1066.57,661
14949.0,4,2009-12-18 15:28:00,2010-08-27 15:38:00,498.55,243
14950.0,1,2011-11-20 13:48:00,2011-11-20 13:48:00,361.25,135
14951.0,1,2011-09-21 15:15:00,2011-09-21 15:15:00,311.69,311
14952.0,32,2009-12-03 15:34:00,2011-10-11 10:33:00,17347.25,6875
14953.0,4,2010-09-30 12:16:00,2011-11-14 14:59:00,960.42,992
14954.0,2,2010-01-05 16:38:00,2011-11-27 14:30:00,462.12,209
14955.0,1,2009-12-07 11:35:00,2009-12-07 11:35:00,163.77,74
14956.0,1,2010-10-14 16:40:00,2010-10-14 16:40:00,1325.0,2500
14957.0,2,2010-03-05 10:50:00,2011-03-31 17:59:00,261.69,97
14958.0,6,2009-12-03 16:02:00,2011-07-15 14:20:00,941.99,248
14959.0,4,2011-02-16 13:00:00,2011-10-06 18:23:00,684.97,491
14960.0,2,2011-06-21 13:38:00,2011-12-01 12:54:00,221.26999999999998,221
14961.0,22,2009-12-04 11:32:00,2011-11-29 09:42:00,16328.9,8335
14962.0,4,2010-05-04 14:57:00,2011-03-14 09:42:00,366.91,123
14963.0,12,2010-07-02 12:43:00,2011-11-30 12:16:00,3117.72,2284
14964.0,1,2011-04-06 14:13:00,2011-04-06 14:13:00,206.21,143
14965.0,2,2011-09-04 13:15:00,2011-09-04 13:20:00,596.09,363
14966.0,6,2009-12-15 13:48:00,2011-11-25 12:20:00,1064.26,1060
14967.0,6,2009-12-03 14:07:00,2011-10-21 11:06:00,1982.6100000000001,652
14968.0,2,2010-09-07 13:28:00,2011-11-09 13:58:00,497.49,256
14969.0,1,2010-01-05 12:43:00,2010-01-05 12:43:00,906.23,665
14970.0,12,2010-02-14 13:37:00,2011-10-02 13:44:00,3593.4,763
14971.0,3,2011-10-27 13:33:00,2011-11-04 17:07:00,1097.98,639
14972.0,2,2010-11-23 16:17:00,2011-08-03 14:54:00,145.07,40
14973.0,3,2011-04-28 12:22:00,2011-08-24 15:51:00,1314.45,369
14974.0,1,2011-11-02 13:01:00,2011-11-02 13:01:00,89.94,37
14975.0,2,2010-10-14 14:11:00,2011-10-13 14:08:00,472.39,507
14976.0,6,2011-01-17 11:09:00,2011-10-13 16:33:00,749.86,228
14977.0,1,2009-12-14 10:37:00,2009-12-14 10:37:00,31.93,17
14978.0,10,2010-04-28 10:50:00,2011-09-28 13:07:00,3076.39,732
14979.0,1,2009-12-04 12:54:00,2009-12-04 12:54:00,429.66,209
14980.0,1,2009-12-02 14:09:00,2009-12-02 14:09:00,150.68,79
14981.0,2,2010-10-12 11:04:00,2011-04-07 13:45:00,313.52,229
14982.0,1,2010-05-16 15:52:00,2010-05-16 15:52:00,234.88,123
14983.0,1,2010-01-19 17:32:00,2010-01-19 17:32:00,183.20000000000002,90
14984.0,6,2010-01-11 13:22:00,2011-11-20 14:28:00,1260.51,348
14985.0,2,2010-12-16 19:51:00,2011-05-25 14:29:00,292.01,256
14986.0,2,2010-01-24 15:54:00,2010-11-28 15:25:00,563.1,338
14987.0,8,2009-12-02 14:56:00,2011-11-24 09:59:00,1469.05,575
14988.0,7,2010-04-16 13:34:00,2011-05-12 12:05:00,2038.65,1260
14989.0,1,2010-02-16 10:40:00,2010-02-16 10:40:00,342.4,200
14990.0,2,2009-12-09 13:31:00,2010-04-06 13:54:00,304.17,129
14991.0,1,2010-10-05 13:01:00,2010-10-05 13:01:00,314.67,191
14992.0,1,2010-09-23 17:48:00,2010-09-23 17:48:00,210.5,145
14993.0,1,2010-05-25 12:47:00,2010-05-25 12:47:00,36.13,21
14994.0,5,2010-03-26 14:16:00,2010-11-22 12:59:00,886.64,479
14995.0,2,2011-03-04 13:14:00,2011-11-01 11:39:00,231.98,102
14996.0,2,2010-08-15 13:41:00,2010-08-15 13:44:00,442.29,404
14997.0,4,2010-02-22 12:11:00,2011-10-24 13:28:00,771.38,1390
14998.0,4,2010-04-13 16:07:00,2011-06-22 17:30:00,753.18,352
14999.0,1,2010-04-26 10:47:00,2010-04-26 10:47:00,129.48000000000002,88
15000.0,1,2011-10-23 11:42:00,2011-10-23 11:42:00,490.52,218
15001.0,2,2010-11-10 13:31:00,2010-11-10 13:51:00,197.10999999999999,69
15002.0,9,2010-01-12 11:40:00,2011-08-16 10:44:00,4138.08,2214
15003.0,6,2010-01-26 13:04:00,2010-08-23 15:44:00,1022.03,521
15004.0,1,2011-07-15 14:05:00,2011-07-15 14:05:00,1220.3799999999999,622
15005.0,56,2009-12-01 14:19:00,2011-11-24 12:25:00,13410.9,8558
15006.0,2,2010-09-12 13:03:00,2011-10-19 15:08:00,752.83,386
15007.0,1,2011-07-03 16:00:00,2011-07-03 16:00:00,156.91,69
15008.0,2,2010-03-12 11:13:00,2010-08-16 13:09:00,360.0,1500
15009.0,3,2011-11-14 17:40:00,2011-11-27 13:35:00,1259.43,639
15010.0,1,2011-11-04 12:42:00,2011-11-04 12:42:00,308.94,184
15011.0,2,2010-10-19 12:05:00,2010-11-09 11:10:00,416.6,289
15012.0,3,2010-05-12 11:49:00,2011-10-17 12:22:00,646.26,383
15013.0,10,2010-01-31 12:15:00,2010-08-09 12:05:00,1610.82,1715
15014.0,2,2011-06-16 19:40:00,2011-10-27 20:07:00,257.67,149
15015.0,13,2009-12-14 14:46:00,2010-07-26 13:50:00,2255.27,1529
15016.0,5,2010-06-14 13:06:00,2011-06-20 12:06:00,612.89,240
15017.0,1,2011-11-06 10:33:00,2011-11-06 10:33:00,125.58,63
15018.0,3,2010-12-07 10:47:00,2011-11-01 12:47:00,456.26,188
15019.0,1,2011-03-18 12:35:00,2011-03-18 12:35:00,252.81,150
15020.0,1,2010-11-25 13:29:00,2010-11-25 13:29:00,198.47,111
15021.0,12,2010-07-29 16:35:00,2011-12-01 11:53:00,2422.35,1055
15022.0,5,2010-01-31 16:02:00,2011-11-28 12:35:00,1133.44,640
15023.0,20,2010-02-03 15:45:00,2011-12-06 17:23:00,11477.01,4733
15024.0,16,2010-10-11 16:14:00,2011-11-30 12:06:00,3559.39,1924
15025.0,2,2010-05-20 13:28:00,2011-11-06 15:20:00,971.84,502
15026.0,5,2010-09-17 13:52:00,2011-09-20 13:52:00,1044.09,595
15027.0,10,2010-03-25 14:39:00,2011-11-09 10:16:00,2974.04,2204
15028.0,6,2010-11-10 14:32:00,2011-12-01 14:06:00,962.94,673
15029.0,1,2010-03-30 12:16:00,2010-03-30 12:16:00,362.15000000000003,233
15030.0,8,2010-03-04 17:10:00,2011-09-29 10:50:00,1967.16,1224
15031.0,14,2009-12-08 13:38:00,2011-12-05 14:19:00,2813.73,1407
15032.0,8,2009-12-10 15:27:00,2011-03-28 15:03:00,10515.05,6301
15033.0,10,2011-01-14 13:28:00,2011-12-05 12:40:00,2538.23,1667
15034.0,14,2010-05-11 13:30:00,2011-11-24 12:11:00,8200.25,4737
15035.0,1,2011-09-11 11:08:00,2011-09-11 11:08:00,252.73000000000002,245
15036.0,3,2011-06-13 12:19:00,2011-09-28 15:42:00,429.56,316
15037.0,2,2010-11-28 12:14:00,2010-11-28 13:05:00,397.76,298
15038.0,9,2010-10-10 14:35:00,2011-10-12 11:33:00,1106.63,351
15039.0,93,2009-12-10 11:39:00,2011-11-30 11:31:00,38853.04,17655
15040.0,1,2010-06-16 11:40:00,2010-06-16 11:40:00,7.49,1
15041.0,2,2010-09-21 13:16:00,2011-06-22 16:16:00,288.98,192
15042.0,2,2010-04-23 14:01:00,2011-05-24 16:25:00,315.45,238
15043.0,6,2010-06-24 15:50:00,2011-11-08 14:26:00,2855.3199999999997,1007
15044.0,32,2009-12-16 15:13:00,2011-11-20 13:20:00,15653.61,5220
15045.0,2,2011-03-27 11:44:00,2011-07-11 11:33:00,633.66,106
15046.0,25,2010-01-14 14:29:00,2011-11-30 15:50:00,7375.83,4413
15047.0,1,2011-03-15 10:49:00,2011-03-15 10:49:00,343.62,222
15048.0,4,2010-12-06 12:15:00,2011-10-05 14:55:00,377.52,180
15049.0,1,2011-03-11 12:13:00,2011-03-11 12:13:00,121.17000000000002,63
15050.0,5,2010-08-16 12:00:00,2011-11-14 16:17:00,4032.27,2560
15051.0,9,2009-12-01 13:29:00,2011-11-16 15:38:00,3911.91,3040
15052.0,1,2011-01-24 15:52:00,2011-01-24 15:52:00,207.73,79
15053.0,3,2011-03-03 12:06:00,2011-12-05 12:08:00,693.95,984
15054.0,2,2011-10-30 14:33:00,2011-11-27 15:02:00,302.1,198
15055.0,3,2009-12-16 15:48:00,2010-08-22 11:06:00,549.12,225
15056.0,1,2010-07-07 15:58:00,2010-07-07 15:58:00,113.65,69
15057.0,5,2009-12-05 15:27:00,2011-03-09 15:17:00,3184.56,1382
15058.0,16,2010-02-24 14:07:00,2011-11-14 14:57:00,3354.73,1642
15059.0,19,2009-12-06 12:17:00,2011-10-30 11:35:00,3394.45,1578
15060.0,4,2011-11-30 14:03:00,2011-12-01 13:47:00,293.0,256
15061.0,127,2009-12-01 12:18:00,2011-12-06 12:06:00,124982.13,73601
15062.0,8,2010-04-08 15:41:00,2011-09-29 16:51:00,2585.62,1872
15063.0,1,2011-05-10 13:25:00,2011-05-10 13:25:00,370.79999999999995,56
15064.0,4,2009-12-22 16:17:00,2010-10-25 14:32:00,1254.41,810
15065.0,5,2010-10-25 09:13:00,2011-11-02 09:45:00,3304.71,1418
15066.0,1,2011-10-17 13:25:00,2011-10-17 13:25:00,760.59,279
15067.0,5,2010-04-11 15:54:00,2011-09-22 13:20:00,3850.13,2150
15068.0,4,2010-03-28 13:18:00,2011-10-24 14:47:00,1174.9,832
15069.0,1,2011-06-13 14:16:00,2011-06-13 14:16:00,1109.53,520
15070.0,3,2009-12-15 13:49:00,2010-12-02 11:23:00,737.05,339
15071.0,4,2010-05-18 12:45:00,2011-09-07 11:43:00,1455.5600000000002,416
15072.0,1,2010-08-17 15:46:00,2010-08-17 15:46:00,187.52,164
15073.0,8,2010-01-27 08:48:00,2011-11-30 10:44:00,2357.04,1196
15074.0,3,2010-08-29 11:47:00,2011-08-26 14:45:00,1553.13,1039
15075.0,1,2011-09-23 12:27:00,2011-09-23 12:27:00,773.03,447
15076.0,3,2010-07-05 14:11:00,2011-06-20 08:23:00,1425.84,864
15077.0,2,2009-12-09 17:10:00,2010-08-02 11:13:00,2423.88,526
15078.0,52,2009-12-04 12:03:00,2011-12-02 15:41:00,17091.37,8692
15079.0,11,2009-12-08 11:22:00,2011-05-11 12:45:00,3546.75,1440
15080.0,2,2010-07-26 10:03:00,2010-10-08 11:52:00,546.25,287
15081.0,12,2010-06-22 10:25:00,2011-11-17 17:08:00,1837.1200000000001,747
15082.0,1,2010-02-09 10:23:00,2010-02-09 10:23:00,93.35000000000001,43
15083.0,1,2011-03-28 12:18:00,2011-03-28 12:18:00,88.2,38
15084.0,2,2010-03-04 10:45:00,2010-11-25 11:58:00,965.1999999999999,600
15085.0,1,2009-12-10 11:47:00,2009-12-10 11:47:00,347.54,169
15086.0,2,2010-03-24 13:56:00,2010-05-24 12:27:00,218.53,95
15087.0,1,2011-03-03 10:34:00,2011-03-03 10:34:00,306.94,470
15088.0,2,2011-10-03 14:05:00,2011-11-18 13:14:00,1140.27,457
15089.0,6,2011-08-03 14:14:00,2011-11-29 16:31:00,2420.84,1359
15090.0,1,2011-02-04 14:03:00,2011-02-04 14:03:00,381.32,208
15091.0,3,2010-02-03 11:46:00,2011-10-03 12:47:00,1023.11,574
15092.0,3,2010-09-03 12:33:00,2011-05-08 14:10:00,773.16,228
15093.0,23,2009-12-08 12:46:00,2011-11-21 13:09:00,13034.15,10651
15094.0,2,2010-03-05 12:56:00,2010-09-02 16:55:00,83.0,28
15095.0,10,2010-01-21 09:37:00,2011-08-28 12:01:00,3135.7400000000002,2231
15096.0,1,2011-10-28 10:27:00,2011-10-28 10:27:00,219.39000000000001,120
15097.0,3,2010-05-05 14:22:00,2011-12-05 14:03:00,587.05,298
15098.0,3,2011-06-10 15:22:00,2011-06-10 15:33:00,39619.5,61
15099.0,1,2011-09-16 13:13:00,2011-09-16 13:13:00,410.48,343
15100.0,7,2010-01-07 14:33:00,2011-01-10 10:35:00,1750.1,226
15101.0,6,2010-04-28 15:00:00,2011-12-01 10:18:00,1303.49,655
15102.0,2,2010-06-11 10:16:00,2010-06-27 12:16:00,554.67,339
15103.0,2,2011-09-14 13:54:00,2011-11-08 14:53:00,703.36,329
15104.0,2,2011-03-02 14:16:00,2011-05-27 12:29:00,968.64,633
15105.0,9,2010-03-23 12:18:00,2011-11-21 16:54:00,3094.91,1747
15106.0,5,2011-03-15 12:52:00,2011-11-22 09:16:00,1407.73,1144
15107.0,9,2010-09-14 10:47:00,2011-02-01 14:46:00,752.6,321
15108.0,3,2011-04-26 10:54:00,2011-07-21 10:24:00,1150.75,488
15109.0,3,2009-12-04 12:33:00,2011-04-08 09:58:00,961.9,254
15110.0,6,2010-08-11 15:49:00,2011-11-16 11:16:00,1482.95,332
15111.0,5,2010-04-26 13:12:00,2011-11-10 16:58:00,2442.37,1058
15112.0,1,2010-04-07 14:17:00,2010-04-07 14:17:00,209.4,72
15113.0,3,2011-10-16 15:27:00,2011-11-30 08:23:00,3339.12,2319
15114.0,12,2010-10-14 16:44:00,2011-11-09 15:05:00,3400.12,3532
15115.0,2,2009-12-07 11:20:00,2011-11-21 14:59:00,528.1,244
15116.0,4,2011-05-19 08:50:00,2011-11-22 12:25:00,1352.75,648
15117.0,8,2010-03-15 13:39:00,2011-11-25 08:12:00,2484.32,3092
15118.0,1,2011-07-28 14:54:00,2011-07-28 14:54:00,244.8,1440
15119.0,1,2011-04-08 09:08:00,2011-04-08 09:08:00,266.4,88
15120.0,1,2011-07-29 09:48:00,2011-07-29 09:48:00,343.82,292
15121.0,2,2011-02-24 12:41:00,2011-10-20 14:51:00,457.71999999999997,199
15122.0,11,2010-03-30 14:05:00,2011-08-17 16:48:00,4451.22,2007
15123.0,5,2010-03-16 09:49:00,2011-12-02 13:12:00,4656.17,2524
15124.0,4,2010-02-26 10:49:00,2011-11-17 10:09:00,450.82,462
15125.0,24,2010-03-31 13:29:00,2011-11-14 13:57:00,16124.33,8135
15126.0,2,2010-01-21 17:09:00,2010-06-21 12:31:00,449.49,273
15127.0,2,2010-07-08 10:07:00,2011-10-05 10:30:00,711.5,464
15128.0,5,2010-10-05 16:46:00,2011-10-10 13:54:00,1735.93,1567
15129.0,23,2010-04-08 17:15:00,2011-10-20 14:40:00,6860.18,4002
15130.0,1,2011-06-23 10:15:00,2011-06-23 10:15:00,330.11,197
15131.0,1,2010-11-10 12:07:00,2010-11-10 12:07:00,80.28,88
15132.0,5,2011-03-22 12:02:00,2011-11-21 17:10:00,977.9300000000001,679
15133.0,5,2010-07-07 12:31:00,2011-08-04 10:44:00,1806.9,960
15134.0,10,2010-10-13 12:44:00,2011-11-25 08:55:00,1596.29,1057
15135.0,2,2010-06-01 13:33:00,2011-04-14 19:16:00,293.78,82
15136.0,4,2011-09-04 16:05:00,2011-12-07 12:26:00,1282.45,775
15137.0,2,2010-01-28 15:45:00,2010-07-07 09:41:00,747.55,507
15138.0,1,2010-11-11 09:16:00,2010-11-11 09:16:00,486.59000000000003,278
15139.0,2,2011-01-07 12:44:00,2011-04-14 11:39:00,178.96,208
15140.0,8,2010-09-23 13:07:00,2011-10-18 14:07:00,3239.44,2005
15141.0,7,2010-03-28 15:58:00,2010-09-08 11:33:00,1378.31,1184
15142.0,6,2010-07-27 09:05:00,2011-10-24 12:51:00,2608.97,2154
15143.0,2,2010-10-03 13:58:00,2011-04-28 12:03:00,563.63,320
15144.0,29,2009-12-13 11:35:00,2011-12-01 15:12:00,12006.51,5205
15145.0,4,2011-04-05 15:20:00,2011-12-05 17:21:00,1194.73,756
15146.0,2,2011-02-21 13:07:00,2011-06-28 12:09:00,1313.66,1459
15147.0,1,2011-04-13 15:57:00,2011-04-13 15:57:00,608.65,363
15148.0,1,2011-11-29 08:21:00,2011-11-29 08:21:00,301.29,187
15149.0,4,2010-02-28 11:13:00,2011-07-29 10:58:00,1524.6100000000001,379
15150.0,13,2010-06-14 12:01:00,2011-11-22 12:52:00,8967.44,6142
15151.0,2,2010-07-18 12:19:00,2010-10-12 16:37:00,2085.61,795
15152.0,14,2010-01-07 15:15:00,2011-11-30 12:32:00,5202.38,2984
15153.0,1,2011-11-08 17:09:00,2011-11-08 17:09:00,329.25,198
15154.0,3,2010-08-18 17:41:00,2011-09-25 16:05:00,1314.17,329
15155.0,1,2010-11-21 12:59:00,2010-11-21 12:59:00,383.96999999999997,192
15156.0,3,2011-11-06 12:41:00,2011-12-08 18:22:00,961.49,597
15157.0,5,2009-12-10 14:44:00,2011-12-06 11:28:00,2597.88,3317
15158.0,2,2010-11-03 13:46:00,2011-10-25 13:53:00,437.66,210
15159.0,34,2010-10-04 09:31:00,2011-12-08 12:05:00,22049.4,13465
15160.0,4,2010-10-14 15:26:00,2010-12-17 14:15:00,589.27,307
15161.0,1,2010-11-16 16:08:00,2010-11-16 16:08:00,119.92,144
15162.0,1,2009-12-08 13:14:00,2009-12-08 13:14:00,241.5,66
15163.0,2,2011-05-31 15:22:00,2011-11-21 13:10:00,304.47,186
15164.0,9,2010-01-18 13:34:00,2011-10-02 12:05:00,2011.21,910
15165.0,1,2010-12-01 14:03:00,2010-12-01 14:03:00,487.75,160
15166.0,1,2010-08-29 12:31:00,2010-08-29 12:31:00,167.16,140
15167.0,5,2010-02-04 14:13:00,2011-01-23 12:41:00,1627.62,863
15168.0,1,2011-11-14 11:26:00,2011-11-14 11:26:00,106.56,52
15169.0,2,2009-12-13 11:16:00,2010-11-22 13:04:00,569.22,356
15170.0,1,2010-10-29 10:34:00,2010-10-29 10:34:00,81.15,33
15171.0,1,2011-01-12 15:36:00,2011-01-12 15:36:00,1034.5,190
15172.0,5,2011-04-17 11:56:00,2011-12-01 11:51:00,1624.05,1611
15173.0,7,2010-04-01 12:26:00,2010-11-24 10:21:00,1399.26,828
15174.0,2,2010-10-25 09:40:00,2011-01-21 09:06:00,481.46,382
15175.0,1,2011-09-29 11:31:00,2011-09-29 11:31:00,224.14,454
15176.0,1,2010-02-10 10:36:00,2010-02-10 10:36:00,985.09,447
15177.0,1,2010-10-10 12:48:00,2010-10-10 12:48:00,948.9300000000001,485
15178.0,1,2011-03-24 15:12:00,2011-03-24 15:12:00,40.5,30
15179.0,13,2009-12-03 12:27:00,2011-11-21 12:53:00,7426.82,5363
15180.0,3,2010-04-29 15:27:00,2010-12-07 14:57:00,816.9300000000001,654
15181.0,5,2009-12-08 19:02:00,2011-10-04 13:58:00,957.65,639
15182.0,11,2010-02-21 12:03:00,2011-07-08 13:37:00,2942.752,1174
15183.0,3,2010-05-04 11:31:00,2010-06-10 10:43:00,637.03,295
15184.0,4,2009-12-16 12:06:00,2011-11-10 13:41:00,685.39,462
15185.0,1,2011-09-30 14:06:00,2011-09-30 14:06:00,310.62,666
15186.0,5,2010-01-12 10:14:00,2011-11-25 14:58:00,1403.2,716
15187.0,15,2011-05-11 13:49:00,2011-12-08 11:56:00,4655.08,1868
15188.0,1,2009-12-14 13:30:00,2009-12-14 13:30:00,310.43,233
15189.0,46,2010-07-18 13:37:00,2011-12-08 13:22:00,17101.13,6788
15190.0,1,2010-10-01 13:09:00,2010-10-01 13:09:00,834.4399999999999,790
15191.0,3,2010-01-20 12:35:00,2010-09-02 15:37:00,588.05,287
15192.0,5,2010-01-29 10:13:00,2011-08-12 11:41:00,1666.39,1448
15193.0,1,2011-10-10 08:23:00,2011-10-10 08:23:00,499.32,144
15194.0,28,2009-12-03 10:37:00,2011-12-06 15:10:00,11781.52,8833
15195.0,1,2011-12-07 12:20:00,2011-12-07 12:20:00,3861.0,1404
15196.0,2,2009-12-13 11:14:00,2010-10-03 10:50:00,313.7,130
15197.0,6,2009-12-11 12:56:00,2011-11-29 10:00:00,1437.84,1038
15198.0,5,2010-01-19 10:01:00,2011-09-08 14:42:00,559.45,325
15199.0,10,2010-05-13 10:14:00,2011-10-11 15:12:00,3122.4,894
15200.0,1,2010-08-02 09:38:00,2010-08-02 09:38:00,549.05,195
15201.0,7,2010-04-07 14:50:00,2011-09-13 14:53:00,1525.9,1409
15203.0,15,2009-12-08 18:06:00,2011-11-14 08:16:00,4400.18,4182
15204.0,1,2010-12-17 13:49:00,2010-12-17 13:49:00,316.58,258
15205.0,2,2011-08-04 16:07:00,2011-09-15 19:36:00,653.24,378
15206.0,4,2011-03-09 08:59:00,2011-11-29 13:41:00,420.3,162
15207.0,3,2010-06-10 17:29:00,2010-10-19 13:29:00,657.27,399
15208.0,6,2010-10-12 12:17:00,2011-12-08 17:24:00,968.02,354
15209.0,1,2009-12-09 17:26:00,2009-12-09 17:26:00,178.98000000000002,94
15210.0,3,2010-05-13 14:42:00,2011-04-28 16:11:00,1176.19,841
15211.0,2,2010-12-09 16:08:00,2011-10-10 13:31:00,894.4100000000001,240
15212.0,2,2010-11-28 10:45:00,2011-04-12 13:45:00,195.43,81
15213.0,2,2011-01-14 11:05:00,2011-01-25 12:21:00,325.05,270
15214.0,8,2011-04-11 09:46:00,2011-12-08 12:07:00,1661.44,1254
15215.0,7,2010-04-06 11:21:00,2011-10-24 11:41:00,1496.46,470
15216.0,2,2010-03-31 09:52:00,2011-09-13 11:41:00,486.09000000000003,217
15217.0,1,2010-05-25 13:51:00,2010-05-25 13:51:00,426.24,190
15218.0,22,2010-01-26 11:33:00,2011-11-29 11:48:00,11393.26,6485
15219.0,2,2010-03-01 11:33:00,2011-06-16 16:57:00,685.45,271
15220.0,6,2011-03-04 10:24:00,2011-10-19 12:39:00,1758.92,1377
15221.0,4,2010-03-12 10:40:00,2010-12-08 13:08:00,1702.0,214
15222.0,11,2009-12-16 13:49:00,2011-01-25 08:03:00,3415.66,4141
15223.0,5,2009-12-05 11:19:00,2011-04-28 11:31:00,1117.1,270
15224.0,5,2010-01-15 16:14:00,2010-12-16 15:02:00,837.26,423
15225.0,1,2011-04-19 14:51:00,2011-04-19 14:51:00,409.40000000000003,226
15226.0,1,2011-02-02 11:41:00,2011-02-02 11:41:00,154.41,71
15227.0,9,2010-03-16 08:23:00,2011-11-03 11:59:00,2488.4900000000002,1217
15228.0,6,2010-07-28 10:21:00,2011-10-04 13:56:00,5570.52,3372
15229.0,1,2010-05-02 13:50:00,2010-05-02 13:50:00,160.5,114
15230.0,2,2011-04-13 11:04:00,2011-04-14 14:39:00,429.6,351
15231.0,1,2010-03-28 15:12:00,2010-03-28 15:12:00,228.36,182
15232.0,2,2011-07-22 12:21:00,2011-08-18 16:27:00,612.06,686
15233.0,1,2010-11-03 13:36:00,2010-11-03 13:36:00,59.400000000000006,12
15234.0,1,2011-03-08 08:53:00,2011-03-08 08:53:00,197.0,196
15235.0,16,2010-11-16 12:48:00,2011-05-06 09:44:00,2772.76,1676
15236.0,1,2011-02-14 10:52:00,2011-02-14 10:52:00,321.05,269
15237.0,4,2011-04-26 15:04:00,2011-12-08 09:46:00,1412.32,1071
15238.0,3,2011-06-08 16:00:00,2011-11-10 14:28:00,1056.54,689
15239.0,2,2011-09-22 09:53:00,2011-11-29 14:14:00,764.34,591
15240.0,12,2009-12-05 14:57:00,2011-10-26 09:50:00,4327.51,3156
15241.0,11,2010-02-23 13:59:00,2011-10-04 09:05:00,3032.31,3325
15242.0,1,2010-10-13 15:33:00,2010-10-13 15:33:00,302.04,196
15243.0,2,2010-09-30 17:28:00,2011-09-26 14:12:00,927.28,543
15244.0,3,2010-02-11 14:48:00,2011-10-05 13:19:00,850.1800000000001,470
15245.0,8,2010-04-23 14:23:00,2011-07-28 18:56:00,4610.84,3021
15246.0,3,2010-06-02 11:28:00,2011-04-15 14:45:00,780.4,359
15247.0,3,2010-06-20 14:08:00,2011-08-09 12:52:00,967.11,513
15248.0,3,2010-06-23 14:34:00,2010-10-24 13:09:00,1865.03,1057
15249.0,18,2010-03-26 14:51:00,2011-11-08 11:45:00,9147.15,4947
15250.0,1,2010-03-09 07:35:00,2010-03-09 07:35:00,60.0,48
15251.0,21,2010-01-29 12:42:00,2011-11-30 15:02:00,20118.920000000002,12002
15252.0,5,2010-04-07 10:24:00,2011-11-03 13:30:00,2053.06,1415
15253.0,8,2010-05-02 11:17:00,2011-11-23 16:22:00,2033.29,1577
15254.0,3,2010-05-28 10:08:00,2011-08-04 15:04:00,1073.4,710
15255.0,9,2009-12-03 09:10:00,2011-10-04 12:43:00,3647.37,2195
15256.0,2,2010-05-27 11:41:00,2011-07-14 11:47:00,170.4,92
15257.0,2,2010-10-21 14:03:00,2011-03-01 12:58:00,600.9,70
15258.0,2,2011-05-06 14:16:00,2011-06-24 12:30:00,623.16,142
15259.0,4,2010-01-26 09:41:00,2010-07-15 08:47:00,1182.3799999999999,631
15260.0,25,2009-12-06 11:45:00,2011-08-31 13:55:00,8677.880000000001,4431
15261.0,4,2010-10-01 11:59:00,2011-07-27 15:20:00,1508.0,806
15262.0,3,2010-08-08 15:55:00,2011-01-20 12:16:00,418.82,218
15263.0,1,2011-08-25 10:26:00,2011-08-25 10:26:00,156.51,89
15264.0,2,2010-06-27 13:29:00,2011-10-06 13:49:00,844.2,441
15265.0,4,2009-12-01 17:08:00,2011-07-11 14:46:00,3345.64,1570
15266.0,5,2010-01-07 12:19:00,2011-01-05 13:40:00,852.21,236
15267.0,5,2011-06-10 10:24:00,2011-11-17 15:59:00,1717.36,944
15268.0,3,2010-04-13 11:27:00,2010-08-18 10:33:00,941.25,422
15269.0,3,2010-11-14 12:58:00,2011-11-16 09:32:00,1225.3600000000001,372
15270.0,21,2009-12-17 15:02:00,2011-11-24 09:24:00,7241.1900000000005,3648
15271.0,24,2010-08-05 14:57:00,2011-12-02 14:11:00,4458.29,2376
15272.0,6,2010-02-14 13:39:00,2011-10-13 12:59:00,2030.95,665
15273.0,1,2010-04-19 11:31:00,2010-04-19 11:31:00,228.96,216
15274.0,2,2011-11-21 14:17:00,2011-12-05 16:57:00,716.57,619
15275.0,1,2011-11-02 11:20:00,2011-11-02 11:20:00,609.19,497
15276.0,4,2010-10-01 12:24:00,2011-10-04 16:39:00,601.3,313
15277.0,2,2010-10-10 16:02:00,2011-10-24 10:08:00,476.34,373
15278.0,4,2010-02-12 14:53:00,2010-05-27 10:03:00,496.16,458
15279.0,5,2010-02-02 10:15:00,2010-12-20 10:48:00,1554.84,738
15280.0,3,2010-05-17 14:17:00,2011-06-20 17:14:00,397.52,507
15281.0,16,2010-10-08 12:14:00,2011-10-12 09:10:00,8317.62,5181
15282.0,1,2010-05-18 16:27:00,2010-05-18 16:27:00,348.59,395
15283.0,3,2010-07-09 15:46:00,2010-11-14 14:54:00,135.43,25
15284.0,1,2010-07-27 13:25:00,2010-07-27 13:25:00,24.75,5
15285.0,1,2010-10-28 09:46:00,2010-10-28 09:46:00,94.92,120
15286.0,1,2011-10-21 11:08:00,2011-10-21 11:08:00,240.55,55
15287.0,5,2009-12-02 12:13:00,2011-11-17 15:34:00,854.58,1009
15288.0,10,2010-02-12 15:27:00,2011-10-27 16:58:00,3706.53,1333
15289.0,5,2010-03-28 11:45:00,2011-11-10 13:49:00,1570.71,1609
15290.0,26,2010-02-24 10:15:00,2011-12-05 11:39:00,10355.58,6496
15291.0,39,2009-12-03 11:09:00,2011-11-14 11:02:00,13077.44,4555
15292.0,1,2011-05-22 15:00:00,2011-05-22 15:00:00,178.39,55
15293.0,1,2010-02-12 11:54:00,2010-02-12 11:54:00,247.5,178
15294.0,1,2010-10-25 11:45:00,2010-10-25 11:45:00,222.3,95
15295.0,1,2010-02-23 13:03:00,2010-02-23 13:03:00,207.04,139
15296.0,12,2010-01-21 13:48:00,2011-10-20 11:47:00,10204.130000000001,5426
15297.0,3,2011-10-07 09:42:00,2011-11-29 16:32:00,635.0400000000001,290
15298.0,23,2009-12-08 17:04:00,2011-12-07 17:17:00,7958.43,5608
15299.0,9,2010-01-12 11:34:00,2011-10-03 14:19:00,5550.52,3350
15300.0,1,2011-10-06 17:08:00,2011-10-06 17:08:00,496.44,292
15301.0,17,2010-09-15 15:41:00,2011-10-20 09:57:00,6867.4400000000005,3756
15302.0,1,2009-12-09 13:11:00,2009-12-09 13:11:00,291.05,101
15303.0,3,2010-01-25 09:42:00,2011-02-22 13:59:00,1178.78,510
15304.0,9,2010-10-14 10:24:00,2011-10-10 10:23:00,782.3,108
15305.0,1,2010-06-02 13:50:00,2010-06-02 13:50:00,93.6,40
15306.0,9,2010-02-18 17:12:00,2011-10-06 12:56:00,3480.98,3073
15307.0,1,2011-09-05 11:38:00,2011-09-05 11:38:00,205.3,37
15308.0,1,2011-03-10 13:08:00,2011-03-10 13:08:00,302.27,173
15309.0,4,2009-12-04 13:01:00,2010-04-08 11:11:00,715.53,417
15310.0,1,2010-08-18 11:38:00,2010-08-18 11:38:00,1634.64,1476
15311.0,207,2009-12-01 11:21:00,2011-12-09 12:00:00,111444.36,68641
15312.0,12,2009-12-16 09:23:00,2011-09-25 13:10:00,2916.4900000000002,1689
15313.0,1,2011-08-21 16:02:00,2011-08-21 16:02:00,52.0,25
15314.0,3,2010-10-07 15:41:00,2011-05-24 14:39:00,800.65,738
15315.0,2,2011-08-15 15:17:00,2011-10-06 12:51:00,551.54,838
15316.0,1,2011-01-17 11:34:00,2011-01-17 11:34:00,165.0,100
15317.0,1,2010-01-31 15:55:00,2010-01-31 15:55:00,112.05000000000001,39
15318.0,1,2011-12-06 11:30:00,2011-12-06 11:30:00,312.62,642
15319.0,1,2011-03-01 12:48:00,2011-03-01 12:48:00,204.5,175
15320.0,1,2011-10-26 13:27:00,2011-10-26 13:27:00,267.13,326
15321.0,12,2010-02-03 09:47:00,2011-09-30 09:40:00,6573.400000000001,3615
15322.0,2,2010-08-20 13:10:00,2011-09-15 09:34:00,1314.15,920
15323.0,3,2010-02-16 09:21:00,2010-05-26 10:01:00,320.90000000000003,139
15324.0,1,2010-01-07 14:37:00,2010-01-07 14:37:00,140.22000000000003,74
15325.0,8,2010-02-16 13:30:00,2011-08-28 11:55:00,1596.26,1374
15326.0,5,2009-12-01 13:19:00,2011-01-10 11:38:00,1529.82,1320
15327.0,1,2011-10-18 11:55:00,2011-10-18 11:55:00,208.75,116
15328.0,1,2010-10-28 09:05:00,2010-10-28 09:05:00,107.24000000000001,88
15329.0,11,2009-12-14 12:18:00,2011-10-31 15:36:00,2737.1800000000003,1163
15330.0,2,2011-10-10 12:30:00,2011-11-07 17:50:00,714.9599999999999,1312
15331.0,3,2010-04-09 14:26:00,2010-07-28 09:42:00,755.41,697
15332.0,6,2010-07-14 13:01:00,2010-12-08 14:43:00,4892.68,2306
15333.0,1,2011-05-15 13:27:00,2011-05-15 13:27:00,1028.56,344
15334.0,3,2011-06-19 13:51:00,2011-07-06 11:22:00,347.87,272
15335.0,1,2011-10-17 12:50:00,2011-10-17 12:50:00,170.22,79
15336.0,1,2010-11-03 12:39:00,2010-11-03 12:39:00,240.5,84
15337.0,1,2010-10-24 15:29:00,2010-10-24 15:29:00,344.72,192
15338.0,1,2010-01-31 14:25:00,2010-01-31 14:25:00,277.93,148
15339.0,7,2010-02-08 13:38:00,2011-10-04 12:51:00,1627.27,1095
15340.0,1,2010-05-27 10:27:00,2010-05-27 10:27:00,105.5,76
15341.0,2,2010-09-16 16:41:00,2011-09-20 09:40:00,2401.02,1006
15342.0,1,2011-08-02 10:19:00,2011-08-02 10:19:00,391.76,276
15343.0,1,2011-09-13 13:55:00,2011-09-13 13:55:00,364.5,84
15344.0,3,2011-09-26 14:48:00,2011-12-09 10:45:00,476.58,106
15345.0,1,2011-10-25 11:28:00,2011-10-25 11:28:00,367.69,78
15346.0,3,2010-10-04 15:11:00,2011-01-11 11:18:00,591.65,257
15347.0,4,2010-09-28 12:50:00,2010-12-08 15:25:00,1132.3,536
15348.0,1,2011-09-28 13:17:00,2011-09-28 13:17:00,158.04,84
15349.0,2,2011-06-05 15:46:00,2011-07-04 16:06:00,463.90999999999997,321
15350.0,2,2010-11-21 15:14:00,2010-12-01 13:33:00,547.6,272
15351.0,10,2010-10-03 12:18:00,2011-11-27 12:52:00,3320.5,1324
15352.0,1,2010-06-09 11:28:00,2010-06-09 11:28:00,111.15,40
15353.0,7,2009-12-02 11:33:00,2011-03-30 12:15:00,2772.57,1389
15355.0,2,2011-10-17 15:22:00,2011-11-10 13:44:00,277.05,45
15356.0,13,2010-10-13 13:12:00,2011-11-08 13:11:00,3239.57,1892
15358.0,42,2009-12-07 12:19:00,2011-12-05 09:04:00,16213.65,14744
15359.0,8,2010-01-15 11:30:00,2010-02-15 10:47:00,162.6,130
15360.0,1,2011-10-31 09:35:00,2011-10-31 09:35:00,427.93,223
15361.0,4,2010-06-14 13:27:00,2010-12-13 09:52:00,689.07,373
15362.0,2,2009-12-01 09:08:00,2010-09-17 10:37:00,613.08,368
15363.0,2,2010-08-04 08:41:00,2010-12-02 12:28:00,670.1600000000001,382
15364.0,2,2011-03-30 13:39:00,2011-09-05 09:46:00,913.19,493
15365.0,13,2010-02-04 16:43:00,2011-11-14 08:29:00,3791.98,1806
15366.0,7,2010-02-26 10:10:00,2011-09-25 15:01:00,2389.08,2447
15367.0,11,2009-12-10 14:20:00,2011-10-13 14:13:00,5005.7300000000005,2936
15368.0,2,2010-11-10 15:52:00,2011-11-18 14:42:00,722.74,406
15369.0,11,2009-12-08 07:43:00,2010-08-04 13:54:00,3346.4300000000003,1788
15370.0,8,2010-10-25 12:08:00,2011-10-30 10:58:00,3713.51,1395
15371.0,1,2010-02-15 13:14:00,2010-02-15 13:14:00,59.400000000000006,12
15372.0,8,2010-02-14 11:24:00,2011-07-25 16:39:00,5954.42,6336
15373.0,17,2010-05-02 11:57:00,2011-12-01 15:05:00,2881.7400000000002,702
15374.0,2,2010-03-25 12:03:00,2011-08-03 09:59:00,307.32,290
15375.0,1,2010-01-18 15:38:00,2010-01-18 15:38:00,60.96,84
15376.0,3,2011-05-01 13:45:00,2011-10-30 15:04:00,1221.56,615
15377.0,4,2010-10-20 11:42:00,2010-11-22 08:55:00,1179.95,249
15378.0,2,2010-07-26 08:47:00,2010-09-03 11:30:00,246.5,130
15379.0,8,2010-11-04 11:59:00,2011-06-23 13:13:00,4806.4400000000005,2988
15380.0,11,2009-12-01 13:50:00,2011-12-01 12:13:00,3192.1,936
15381.0,5,2010-05-05 14:35:00,2011-05-10 11:55:00,1887.62,801
15382.0,12,2009-12-04 14:13:00,2011-11-25 10:58:00,13646.5,9130
15384.0,4,2010-04-26 12:38:00,2011-06-23 10:57:00,2021.14,1764
15385.0,3,2010-01-31 13:02:00,2011-10-30 15:11:00,942.08,428
15386.0,1,2011-06-06 13:47:00,2011-06-06 13:47:00,394.14,446
15387.0,1,2010-08-04 16:05:00,2010-08-04 16:05:00,468.65,335
15388.0,1,2011-03-14 13:53:00,2011-03-14 13:53:00,140.54,88
15389.0,5,2010-01-27 12:44:00,2011-06-20 16:18:00,2733.8,3940
15390.0,2,2010-10-26 17:23:00,2010-11-08 15:19:00,1216.66,894
15391.0,1,2010-05-04 15:04:00,2010-05-04 15:04:00,282.92,108
15392.0,7,2010-10-04 12:50:00,2011-12-05 11:01:00,2891.82,2132
15393.0,5,2009-12-15 17:56:00,2011-11-23 16:48:00,891.34,378
15394.0,11,2009-12-15 19:05:00,2011-11-30 11:49:00,5251.400000000001,2368
15395.0,1,2011-01-18 12:40:00,2011-01-18 12:40:00,107.45,17
15396.0,2,2010-05-05 09:04:00,2011-08-19 10:56:00,796.38,278
15397.0,1,2011-02-23 09:25:00,2011-02-23 09:25:00,94.0,20
15398.0,2,2011-09-22 14:56:00,2011-11-23 16:47:00,1339.63,767
15399.0,3,2011-09-21 15:57:00,2011-12-08 13:04:00,815.77,611
15400.0,8,2010-05-28 08:33:00,2011-09-08 13:57:00,1252.8,632
15401.0,2,2010-05-20 10:56:00,2010-09-13 13:42:00,216.95000000000002,93
15402.0,6,2010-04-27 12:12:00,2011-07-14 12:17:00,1816.22,2031
15403.0,2,2009-12-09 12:45:00,2010-08-05 12:21:00,170.88,492
15404.0,1,2010-11-29 11:03:00,2010-11-29 11:03:00,257.06,334
15405.0,2,2010-05-12 15:56:00,2011-06-03 14:44:00,659.84,348
15406.0,4,2010-09-12 13:06:00,2011-11-08 13:22:00,891.77,529
15407.0,4,2011-02-07 13:18:00,2011-11-06 11:55:00,1046.74,552
15408.0,1,2011-03-20 15:02:00,2011-03-20 15:02:00,267.18,106
15409.0,1,2009-12-18 15:35:00,2009-12-18 15:35:00,117.2,54
15410.0,10,2010-04-19 08:57:00,2011-09-16 14:47:00,4685.72,1902
15411.0,4,2011-06-10 12:30:00,2011-11-13 15:19:00,1336.43,527
15412.0,1,2011-06-21 15:24:00,2011-06-21 15:24:00,190.53,108
15413.0,5,2009-12-01 10:18:00,2010-01-17 11:33:00,6798.72,2694
15414.0,3,2011-04-11 13:45:00,2011-11-30 09:50:00,774.9000000000001,443
15415.0,1,2011-01-30 14:13:00,2011-01-30 14:13:00,559.61,551
15416.0,7,2010-02-01 11:55:00,2011-10-06 09:38:00,4562.87,2419
15417.0,1,2011-09-15 15:26:00,2011-09-15 15:26:00,508.8,284
15418.0,2,2010-05-02 11:31:00,2010-10-10 13:38:00,449.42,264
15419.0,1,2011-11-15 09:23:00,2011-11-15 09:23:00,135.86,230
15420.0,6,2009-12-05 13:29:00,2010-10-01 15:46:00,743.0,844
15421.0,10,2009-12-07 15:10:00,2011-10-12 09:20:00,3805.34,1927
15422.0,7,2010-02-07 11:52:00,2011-01-20 16:17:00,1615.02,709
15423.0,3,2010-03-28 13:42:00,2011-11-01 14:01:00,219.14,193
15424.0,3,2010-09-02 17:17:00,2011-03-30 13:02:00,597.78,873
15425.0,4,2010-02-14 12:36:00,2010-11-04 18:13:00,1941.1200000000001,1041
15426.0,9,2010-05-02 15:10:00,2011-11-20 15:36:00,2138.86,1030
15427.0,3,2011-10-23 14:47:00,2011-11-06 14:29:00,1430.54,967
15428.0,4,2009-12-17 17:46:00,2011-11-24 16:54:00,762.75,347
15429.0,2,2011-09-25 13:42:00,2011-11-13 12:28:00,364.9,369
15430.0,2,2010-06-29 15:04:00,2010-08-29 10:42:00,903.75,301
15431.0,1,2010-07-25 12:44:00,2010-07-25 12:44:00,153.24,84
15432.0,2,2010-06-16 14:34:00,2011-11-16 16:30:00,301.26,90
15433.0,2,2011-03-17 14:12:00,2011-05-10 10:45:00,417.87,399
15434.0,11,2010-01-24 15:35:00,2011-12-01 13:33:00,2517.11,1413
15435.0,1,2011-11-17 16:39:00,2011-11-17 16:39:00,149.29,54
15436.0,3,2011-04-19 16:52:00,2011-11-27 16:05:00,1067.75,574
15437.0,2,2010-03-09 10:45:00,2011-03-22 13:11:00,393.45,177
15438.0,1,2011-07-31 14:19:00,2011-07-31 14:19:00,156.58,59
15439.0,4,2010-02-24 12:05:00,2010-10-31 10:38:00,1269.05,572
15440.0,3,2011-05-15 11:30:00,2011-10-16 12:16:00,383.68,197
15441.0,3,2009-12-09 14:55:00,2010-11-08 15:50:00,1254.21,587
15442.0,1,2011-04-05 12:24:00,2011-04-05 12:24:00,594.0,120
15443.0,14,2010-03-07 12:10:00,2011-12-08 10:40:00,5054.44,2660
15444.0,2,2011-10-30 16:12:00,2011-11-30 17:37:00,1411.21,759
15445.0,2,2010-04-28 15:00:00,2011-03-20 15:06:00,284.5,118
15446.0,3,2009-12-13 13:53:00,2010-11-28 11:59:00,390.0,261
15447.0,5,2010-03-24 14:40:00,2011-01-13 11:26:00,484.93,227
15448.0,2,2010-02-03 13:29:00,2011-01-31 10:42:00,788.81,487
15449.0,3,2011-03-23 10:43:00,2011-11-13 15:02:00,971.22,810
15450.0,1,2011-11-09 17:11:00,2011-11-09 17:11:00,429.84,376
15451.0,2,2010-04-19 14:08:00,2010-10-01 13:40:00,226.86,76
15452.0,6,2010-07-16 14:23:00,2011-11-10 12:13:00,1785.1100000000001,1087
15453.0,7,2011-06-05 12:37:00,2011-12-08 10:59:00,1371.77,837
15454.0,2,2010-03-31 13:15:00,2010-12-12 14:21:00,303.89,141
15455.0,1,2010-04-21 12:43:00,2010-04-21 12:43:00,38.25,3
15456.0,10,2009-12-08 12:54:00,2011-03-01 13:51:00,2091.52,2727
15457.0,1,2011-03-22 15:31:00,2011-03-22 15:31:00,237.07,132
15458.0,2,2010-11-02 19:50:00,2011-11-14 13:08:00,370.44,300
15459.0,2,2010-07-30 14:31:00,2010-10-18 15:25:00,202.83,121
15460.0,1,2010-12-20 16:08:00,2010-12-20 16:08:00,214.26,107
15461.0,2,2010-03-18 12:40:00,2010-09-05 12:31:00,391.29999999999995,226
15462.0,4,2010-09-20 10:23:00,2011-09-06 13:11:00,737.05,495
15463.0,1,2011-11-10 12:57:00,2011-11-10 12:57:00,126.14,106
15464.0,1,2011-01-05 15:56:00,2011-01-05 15:56:00,1044.65,348
15465.0,32,2009-12-10 09:42:00,2011-11-20 10:11:00,11670.9,2596
15466.0,4,2009-12-03 12:28:00,2011-09-15 14:08:00,1560.46,941
15467.0,3,2011-07-10 14:42:00,2011-11-30 14:17:00,511.88,306
15468.0,3,2010-11-12 09:39:00,2011-10-19 13:49:00,1387.48,1390
15469.0,3,2010-09-27 10:09:00,2011-10-20 16:21:00,834.4,280
15470.0,1,2010-05-13 09:35:00,2010-05-13 09:35:00,63.42,232
15471.0,3,2010-06-07 12:17:00,2011-12-07 14:12:00,1292.01,670
15472.0,1,2011-08-18 15:17:00,2011-08-18 15:17:00,371.56,251
15473.0,8,2010-09-21 09:14:00,2011-11-25 15:15:00,1740.0,656
15474.0,1,2010-04-23 11:14:00,2010-04-23 11:14:00,150.35000000000002,55
15475.0,1,2011-09-23 15:20:00,2011-09-23 15:20:00,454.11,319
15476.0,4,2010-09-23 14:00:00,2010-11-24 15:17:00,2180.28,1168
15477.0,1,2010-02-28 10:37:00,2010-02-28 10:37:00,368.4,216
15478.0,3,2010-05-13 18:49:00,2011-10-30 14:19:00,1940.98,844
15479.0,1,2009-12-06 15:08:00,2009-12-06 15:08:00,147.4,38
15480.0,3,2010-02-01 14:52:00,2011-08-15 14:32:00,3592.25,1850
15481.0,1,2010-11-03 14:52:00,2010-11-03 14:52:00,1993.34,1450
15482.0,18,2009-12-02 16:59:00,2011-11-24 10:46:00,9891.12,4493
15483.0,10,2010-01-24 15:42:00,2011-07-01 13:07:00,810.68,871
15484.0,6,2009-12-05 15:18:00,2011-12-08 15:03:00,4620.9,4058
15485.0,7,2009-12-01 17:31:00,2011-11-09 14:31:00,4663.92,2125
15486.0,1,2010-06-30 13:15:00,2010-06-30 13:15:00,102.0,40
15487.0,1,2010-01-29 12:07:00,2010-01-29 12:07:00,231.32,144
15488.0,5,2010-05-05 13:03:00,2011-09-08 10:11:00,431.92,251
15489.0,8,2010-01-15 16:58:00,2011-11-17 08:53:00,2327.36,1225
15490.0,1,2010-10-05 13:11:00,2010-10-05 13:11:00,181.35000000000002,72
15491.0,6,2011-04-18 10:04:00,2011-09-05 15:56:00,3090.85,1624
15492.0,2,2011-09-26 14:02:00,2011-11-11 14:53:00,659.46,483
15493.0,9,2010-02-23 11:14:00,2011-11-07 12:04:00,4078.64,1200
15494.0,5,2009-12-10 20:16:00,2011-11-18 14:51:00,3702.6,3052
15495.0,1,2010-11-25 13:46:00,2010-11-25 13:46:00,246.5,194
15496.0,1,2010-03-18 13:16:00,2010-03-18 13:16:00,146.14,98
15497.0,9,2009-12-18 15:08:00,2011-11-22 11:51:00,8643.46,2932
15498.0,44,2009-12-16 17:27:00,2011-12-07 12:48:00,24739.06,12094
15499.0,1,2009-12-16 12:17:00,2009-12-16 12:17:00,158.65,59
15500.0,4,2011-09-19 13:47:00,2011-12-01 13:47:00,1131.56,572
15501.0,2,2010-10-20 12:47:00,2010-10-31 11:15:00,399.95,205
15502.0,12,2010-06-03 11:12:00,2011-11-24 12:48:00,8076.45,5134
15503.0,2,2009-12-13 11:34:00,2010-12-12 10:57:00,257.3,130
15504.0,4,2010-02-12 12:34:00,2011-09-19 13:45:00,381.5,137
15505.0,5,2011-07-07 13:33:00,2011-10-18 07:56:00,3497.14,2348
15506.0,6,2010-08-19 12:38:00,2011-11-17 12:11:00,2030.33,1637
15507.0,1,2011-06-21 11:19:00,2011-06-21 11:19:00,475.86,160
15508.0,6,2011-04-18 15:31:00,2011-06-03 15:43:00,1000.27,440
15509.0,1,2010-11-24 14:48:00,2010-11-24 14:48:00,152.41,58
15510.0,1,2011-01-13 12:10:00,2011-01-13 12:10:00,250.0,2
15511.0,5,2011-09-15 15:05:00,2011-11-28 09:43:00,900.53,269
15512.0,4,2010-02-01 13:23:00,2011-07-07 10:20:00,331.58,235
15513.0,35,2010-01-13 14:59:00,2011-11-06 14:36:00,25959.16,10262
15514.0,18,2009-12-04 16:37:00,2011-11-27 14:40:00,5272.01,3732
15515.0,1,2010-11-17 13:39:00,2010-11-17 13:39:00,171.81,131
15516.0,3,2011-10-24 11:33:00,2011-10-26 10:51:00,62.43,27
15517.0,1,2011-04-20 14:02:00,2011-04-20 14:02:00,267.03000000000003,293
15518.0,15,2009-12-20 12:21:00,2011-10-06 13:05:00,4081.59,2760
15519.0,2,2010-09-19 13:57:00,2010-11-21 14:35:00,344.61,116
15520.0,1,2011-12-08 10:58:00,2011-12-08 10:58:00,343.5,314
15521.0,16,2010-01-05 10:19:00,2011-10-30 13:42:00,6780.39,4339
15522.0,2,2011-09-13 12:26:00,2011-11-07 11:26:00,397.99,572
15523.0,16,2009-12-02 15:16:00,2011-09-16 16:29:00,17119.24,15610
15524.0,2,2010-04-12 09:19:00,2011-11-15 12:09:00,591.4,28
15525.0,4,2010-11-22 12:10:00,2011-12-07 14:43:00,872.82,523
15526.0,2,2011-11-06 15:01:00,2011-11-06 15:04:00,148.44,24
15527.0,23,2009-12-15 17:31:00,2011-11-21 12:17:00,5166.04,2099
15528.0,1,2011-03-30 16:14:00,2011-03-30 16:14:00,229.33,123
15529.0,12,2010-11-10 14:26:00,2011-11-17 11:29:00,4753.66,4263
15530.0,5,2010-07-15 11:10:00,2011-11-18 12:25:00,1808.68,1328
15531.0,2,2011-11-09 17:47:00,2011-12-01 18:43:00,1972.39,1085
15532.0,10,2010-06-08 14:52:00,2011-11-14 14:51:00,3653.35,1315
15533.0,3,2011-09-11 15:41:00,2011-11-20 15:35:00,746.92,256
15534.0,1,2009-12-14 12:48:00,2009-12-14 12:48:00,162.25,63
15535.0,6,2010-09-16 20:04:00,2011-06-19 16:02:00,955.12,299
15536.0,1,2010-10-26 16:31:00,2010-10-26 16:31:00,259.09000000000003,242
15537.0,1,2011-06-29 13:10:00,2011-06-29 13:10:00,110.92,29
15538.0,6,2010-02-14 12:38:00,2010-06-20 10:49:00,3036.1,989
15539.0,1,2011-12-02 13:36:00,2011-12-02 13:36:00,538.46,410
15540.0,2,2010-11-29 11:10:00,2011-11-28 13:51:00,460.68,444
15541.0,1,2011-08-17 14:58:00,2011-08-17 14:58:00,85.13000000000001,49
15542.0,3,2009-12-02 11:53:00,2010-07-15 13:32:00,833.16,401
15543.0,2,2010-09-06 11:28:00,2011-02-24 15:26:00,242.26,167
15544.0,20,2010-01-28 14:39:00,2011-11-30 16:43:00,7779.58,6732
15545.0,2,2010-12-03 17:28:00,2011-10-16 13:24:00,288.97,162
15546.0,2,2010-04-12 11:45:00,2010-04-12 11:51:00,539.5500000000001,99
15547.0,26,2009-12-06 13:40:00,2011-12-02 12:52:00,9989.15,7249
15548.0,1,2010-04-23 12:20:00,2010-04-23 12:20:00,158.09,64
15549.0,8,2010-01-11 13:16:00,2011-09-23 16:22:00,2292.91,923
15550.0,12,2009-12-03 15:15:00,2011-12-05 15:38:00,1987.8500000000001,1131
15551.0,7,2010-06-07 15:05:00,2011-11-03 12:37:00,1629.01,788
15552.0,2,2010-03-26 16:17:00,2011-05-06 14:47:00,252.52,166
15553.0,1,2011-10-10 14:02:00,2011-10-10 14:02:00,428.93,449
15554.0,1,2011-03-07 09:00:00,2011-03-07 09:00:00,217.2,74
15555.0,36,2009-12-06 11:58:00,2011-11-27 16:19:00,10866.36,8150
15556.0,1,2011-11-15 16:08:00,2011-11-15 16:08:00,279.77,236
15557.0,1,2011-11-11 12:46:00,2011-11-11 12:46:00,468.91,213
15558.0,1,2010-03-10 15:25:00,2010-03-10 15:25:00,131.88,49
15559.0,1,2010-05-20 14:06:00,2010-05-20 14:06:00,1109.4,526
15560.0,2,2010-11-07 10:14:00,2010-11-07 10:15:00,153.52,72
15561.0,8,2010-02-14 12:22:00,2011-11-28 11:07:00,1856.54,1323
15562.0,3,2009-12-13 15:17:00,2010-12-23 09:55:00,671.4300000000001,560
15563.0,6,2010-01-28 11:36:00,2011-11-17 12:59:00,2764.67,2922
15564.0,2,2010-02-01 15:58:00,2010-09-02 15:52:00,70.74000000000001,42
15565.0,2,2011-09-30 10:44:00,2011-10-20 14:33:00,173.16000000000003,60
15566.0,2,2009-12-15 14:53:00,2010-11-12 12:11:00,227.87,153
15567.0,1,2011-11-21 10:48:00,2011-11-21 10:48:00,186.01,223
15568.0,3,2011-09-27 14:37:00,2011-12-07 11:27:00,758.29,461
15569.0,10,2010-02-28 10:55:00,2011-08-28 10:15:00,3583.4500000000003,1734
15570.0,25,2010-03-28 14:04:00,2011-12-02 14:47:00,8672.44,4069
15571.0,14,2009-12-06 12:10:00,2011-11-28 10:02:00,3892.35,2411
15572.0,10,2010-04-14 14:38:00,2011-12-05 10:09:00,3965.2,2089
15573.0,5,2009-12-10 14:19:00,2011-11-08 11:38:00,1180.47,769
15574.0,6,2010-09-01 14:37:00,2011-06-15 12:01:00,1059.44,650
15575.0,1,2010-03-30 12:50:00,2010-03-30 12:50:00,30.1,6
15576.0,1,2011-11-02 12:03:00,2011-11-02 12:03:00,921.37,394
15577.0,5,2009-12-13 16:17:00,2011-07-11 17:03:00,396.03,120
15578.0,1,2011-06-30 13:03:00,2011-06-30 13:03:00,127.1,52
15579.0,5,2010-10-03 14:37:00,2011-10-02 12:45:00,1215.38,637
15580.0,8,2010-02-07 11:21:00,2010-11-28 11:00:00,1216.15,902
15581.0,34,2009-12-02 12:19:00,2011-07-06 14:04:00,4350.06,2962
15582.0,3,2011-05-03 13:36:00,2011-11-15 09:55:00,682.9100000000001,453
15583.0,1,2010-11-28 15:04:00,2010-11-28 15:04:00,95.96000000000001,56
15584.0,6,2010-02-07 12:16:00,2011-11-16 10:55:00,1265.7,481
15585.0,1,2011-06-16 08:38:00,2011-06-16 08:38:00,455.3,320
15586.0,3,2010-01-08 10:02:00,2010-04-26 11:00:00,1128.66,1302
15587.0,7,2010-08-05 08:44:00,2011-10-20 13:37:00,1522.0800000000002,528
15588.0,1,2010-01-31 12:19:00,2010-01-31 12:19:00,579.6,96
15589.0,3,2011-02-02 10:46:00,2011-03-29 09:54:00,456.58,242
15590.0,5,2010-04-12 10:09:00,2010-11-22 14:49:00,1496.6,832
15591.0,3,2010-02-04 09:20:00,2010-05-06 09:23:00,217.9,58
15592.0,1,2011-10-24 08:59:00,2011-10-24 08:59:00,388.58,354
15593.0,1,2011-09-30 11:46:00,2011-09-30 11:46:00,199.8,60
15594.0,5,2011-04-19 10:08:00,2011-11-24 08:53:00,1767.53,982
15595.0,1,2010-08-09 12:27:00,2010-08-09 12:27:00,357.59999999999997,144
15596.0,9,2010-07-28 11:46:00,2011-08-31 10:55:00,2621.27,1185
15597.0,2,2010-05-13 13:10:00,2011-11-04 13:26:00,554.52,390
15598.0,2,2010-10-08 09:20:00,2011-10-17 16:04:00,543.02,400
15599.0,3,2010-09-20 10:15:00,2011-11-13 11:44:00,1250.06,1098
15600.0,4,2010-04-25 11:50:00,2010-10-07 14:30:00,1178.71,651
15601.0,30,2009-12-01 14:53:00,2011-11-28 15:15:00,14150.84,10384
15602.0,16,2009-12-02 09:35:00,2011-12-01 14:14:00,2902.16,2138
15603.0,2,2010-03-01 16:02:00,2011-09-22 10:04:00,74.73,117
15604.0,1,2011-10-18 14:47:00,2011-10-18 14:47:00,216.39000000000001,159
15605.0,9,2010-01-14 14:03:00,2011-11-03 14:17:00,1738.55,637
15606.0,17,2010-03-02 14:48:00,2011-10-09 15:47:00,4733.47,1443
15607.0,9,2010-01-08 12:16:00,2011-01-07 12:44:00,1616.37,1452
15608.0,5,2010-10-20 10:10:00,2011-11-11 13:20:00,1785.98,1262
15609.0,1,2011-06-08 13:00:00,2011-06-08 13:00:00,270.03000000000003,145
15610.0,1,2011-10-19 10:36:00,2011-10-19 10:36:00,112.46000000000001,66
15611.0,24,2010-01-25 14:50:00,2011-11-30 12:36:00,2837.37,720
15612.0,2,2011-10-09 12:49:00,2011-11-03 14:52:00,195.15,52
15613.0,1,2010-04-08 12:51:00,2010-04-08 12:51:00,433.71999999999997,700
15614.0,4,2010-03-23 11:13:00,2010-09-28 10:46:00,3008.86,1606
15615.0,47,2009-12-02 15:28:00,2011-11-29 14:42:00,21282.07,12055
15616.0,1,2010-09-27 13:10:00,2010-09-27 13:10:00,317.11,137
15617.0,3,2010-07-20 13:16:00,2010-11-08 16:07:00,828.5500000000001,485
15618.0,4,2011-07-26 10:13:00,2011-11-07 08:34:00,747.031,428
15619.0,1,2011-11-29 08:14:00,2011-11-29 08:14:00,336.4,136
15620.0,4,2010-10-26 11:32:00,2011-10-14 12:41:00,1909.93,1228
15621.0,4,2011-11-18 11:49:00,2011-12-05 14:01:00,1158.77,463
15622.0,17,2010-03-04 10:29:00,2011-10-27 16:44:00,7318.08,3961
15623.0,8,2009-12-10 14:46:00,2011-07-21 17:26:00,2437.05,1087
15624.0,4,2011-03-28 13:32:00,2011-08-15 11:38:00,588.13,357
15625.0,9,2010-06-15 15:23:00,2011-08-28 10:21:00,3203.25,2993
15626.0,3,2010-10-14 17:16:00,2011-09-26 10:03:00,1049.37,1133
15627.0,2,2010-07-05 11:56:00,2010-09-08 14:14:00,566.9,344
15628.0,17,2009-12-13 13:39:00,2011-12-05 10:24:00,5284.18,3547
15629.0,4,2010-06-25 11:39:00,2010-09-15 13:46:00,2240.9,1518
15630.0,3,2010-03-05 14:30:00,2011-10-25 15:36:00,1475.45,986
15631.0,1,2010-03-07 14:52:00,2010-03-07 14:52:00,596.67,525
15632.0,8,2011-03-10 08:29:00,2011-11-24 09:51:00,3147.31,2049
15633.0,13,2009-12-08 17:51:00,2010-07-18 13:54:00,4156.91,2014
15634.0,2,2010-11-21 15:30:00,2011-11-22 16:28:00,554.65,227
15635.0,1,2010-11-09 08:58:00,2010-11-09 08:58:00,100.35,5
15636.0,4,2010-05-19 11:37:00,2011-09-11 11:17:00,1444.5800000000002,560
15637.0,5,2009-12-15 17:54:00,2011-10-18 08:28:00,797.59,651
15638.0,6,2010-04-08 14:37:00,2010-11-26 11:52:00,2137.2,1078
15639.0,3,2010-04-13 13:11:00,2011-07-28 14:30:00,1028.33,832
15640.0,29,2009-12-14 16:36:00,2011-12-05 14:35:00,23340.29,12063
15641.0,12,2009-12-06 15:31:00,2011-08-26 14:04:00,5345.55,4422
15642.0,1,2009-12-10 11:51:00,2009-12-10 11:51:00,105.78,270
15643.0,3,2011-03-02 14:34:00,2011-06-01 07:38:00,647.4,242
15644.0,4,2011-03-23 15:37:00,2011-06-26 14:54:00,803.54,550
15645.0,3,2010-10-10 12:51:00,2011-11-21 11:55:00,1042.15,389
15646.0,5,2010-10-25 13:06:00,2011-07-05 09:53:00,762.3100000000001,815
15647.0,1,2010-10-20 15:09:00,2010-10-20 15:09:00,169.0,124
15648.0,2,2011-03-17 18:59:00,2011-05-19 15:53:00,584.75,211
15649.0,4,2010-11-17 16:22:00,2011-01-07 13:34:00,1660.35,365
15650.0,2,2010-03-21 11:46:00,2010-07-06 10:41:00,539.03,207
15651.0,5,2010-04-22 13:26:00,2011-11-03 08:41:00,1259.06,871
15652.0,5,2010-08-11 16:58:00,2011-09-09 14:22:00,1397.44,655
15653.0,2,2011-08-16 09:50:00,2011-09-08 10:49:00,877.44,1200
15654.0,2,2011-11-13 15:15:00,2011-11-30 13:08:00,922.53,475
15655.0,1,2011-04-10 15:25:00,2011-04-10 15:25:00,511.32,319
15656.0,4,2011-02-28 15:32:00,2011-10-25 14:56:00,748.5,343
15657.0,1,2011-11-17 12:19:00,2011-11-17 12:19:00,30.0,24
15658.0,8,2009-12-03 11:19:00,2011-06-02 15:22:00,1964.14,598
15659.0,3,2010-02-24 13:32:00,2011-10-27 09:23:00,532.49,161
15660.0,15,2010-02-05 16:01:00,2011-11-14 16:58:00,2554.84,1770
15661.0,8,2010-05-10 07:59:00,2011-01-26 13:56:00,1215.95,779
15662.0,2,2009-12-01 13:49:00,2010-02-16 16:47:00,283.73,145
15663.0,1,2011-08-25 15:50:00,2011-08-25 15:50:00,138.14,106
15664.0,4,2010-02-28 12:50:00,2011-10-20 10:57:00,1199.53,506
15665.0,5,2010-03-14 15:07:00,2011-06-24 14:57:00,3987.07,2777
15666.0,2,2010-08-01 15:41:00,2010-08-24 16:14:00,632.9399999999999,469
15667.0,1,2011-10-31 10:56:00,2011-10-31 10:56:00,301.32000000000005,240
15668.0,1,2011-05-06 10:39:00,2011-05-06 10:39:00,76.32000000000001,72
15669.0,4,2011-03-21 09:13:00,2011-10-30 16:03:00,677.69,339
15670.0,2,2010-06-01 15:34:00,2011-02-16 10:50:00,315.2,124
15671.0,7,2011-03-14 09:37:00,2011-11-21 12:43:00,2635.4900000000002,1681
15672.0,1,2009-12-14 16:52:00,2009-12-14 16:52:00,45.300000000000004,10
15673.0,9,2010-02-22 14:28:00,2011-09-12 16:12:00,6199.37,3273
15674.0,12,2009-12-08 17:08:00,2011-09-27 15:17:00,6217.85,3444
15675.0,4,2010-10-31 14:14:00,2011-09-19 13:48:00,542.04,624
15676.0,3,2011-03-01 10:19:00,2011-11-21 12:40:00,3324.09,2231
15677.0,3,2010-09-02 12:08:00,2011-10-21 15:36:00,1305.63,675
15678.0,3,2010-07-05 12:49:00,2011-10-18 09:25:00,1825.94,1022
15679.0,4,2011-06-10 08:24:00,2011-11-15 16:19:00,781.28,1170
15680.0,10,2009-12-02 12:15:00,2011-11-30 13:46:00,3985.59,2733
15681.0,14,2010-05-24 14:18:00,2011-11-14 16:30:00,2480.2,1126
15682.0,2,2010-01-21 14:37:00,2010-04-19 15:30:00,316.99,221
15683.0,2,2010-08-23 12:01:00,2011-08-14 12:56:00,524.54,332
15684.0,3,2009-12-04 16:13:00,2010-06-10 18:51:00,147.79999999999998,72
15685.0,1,2010-09-15 13:43:00,2010-09-15 13:43:00,55.98,36
15686.0,1,2010-10-15 13:50:00,2010-10-15 13:50:00,90.0,72
15687.0,9,2011-01-13 15:13:00,2011-12-01 08:33:00,2981.5,1308
15688.0,1,2010-10-17 12:06:00,2010-10-17 12:06:00,190.57,95
15689.0,3,2010-04-01 09:53:00,2011-08-12 09:37:00,521.03,207
15690.0,2,2011-08-31 11:40:00,2011-12-05 15:59:00,239.76,408
15691.0,4,2009-12-06 16:01:00,2011-04-01 15:13:00,511.8,202
15692.0,1,2011-11-11 14:12:00,2011-11-11 14:12:00,191.04,138
15693.0,1,2010-02-18 14:37:00,2010-02-18 14:37:00,37.5,30
15694.0,23,2009-12-07 15:43:00,2011-12-09 09:44:00,9719.13,2423
15695.0,4,2010-01-27 10:56:00,2011-03-18 08:32:00,1131.04,484
15696.0,13,2010-01-24 14:36:00,2011-11-06 14:02:00,3732.12,1370
15697.0,1,2010-01-19 09:10:00,2010-01-19 09:10:00,246.75,127
15698.0,1,2010-03-25 17:38:00,2010-03-25 17:38:00,46.2,60
15699.0,1,2011-11-22 08:26:00,2011-11-22 08:26:00,309.65,113
15700.0,2,2011-06-19 15:36:00,2011-06-20 16:53:00,664.03,328
15701.0,4,2011-08-21 12:36:00,2011-12-07 14:39:00,1529.0,912
15702.0,1,2010-08-20 14:50:00,2010-08-20 14:50:00,112.57,102
15703.0,1,2011-03-20 10:51:00,2011-03-20 10:51:00,211.5,66
15704.0,6,2010-05-05 14:51:00,2011-07-22 13:35:00,3663.86,1685
15705.0,1,2011-05-22 15:37:00,2011-05-22 15:37:00,143.1,62
15706.0,4,2011-08-15 14:32:00,2011-10-07 10:09:00,1001.8100000000001,305
15707.0,4,2011-09-14 14:19:00,2011-11-04 14:35:00,916.98,594
15708.0,9,2010-10-10 11:33:00,2011-10-30 10:54:00,3840.73,1454
15709.0,2,2010-04-29 18:31:00,2011-03-01 10:38:00,327.85,169
15710.0,1,2010-10-18 17:05:00,2010-10-18 17:05:00,898.87,641
15711.0,2,2010-01-24 12:13:00,2010-06-01 12:14:00,420.25,199
15712.0,12,2009-12-01 11:17:00,2011-11-30 14:09:00,3467.46,1276
15713.0,4,2009-12-16 09:41:00,2011-07-19 13:34:00,814.84,447
15714.0,5,2010-06-02 12:08:00,2011-11-28 11:26:00,783.96,361
15715.0,5,2010-03-30 12:17:00,2010-06-02 09:56:00,658.02,246
15716.0,11,2009-12-07 12:42:00,2011-07-17 11:59:00,2482.7400000000002,1373
15717.0,5,2010-04-26 10:41:00,2011-04-19 13:21:00,607.0,224
15718.0,1,2010-06-17 16:20:00,2010-06-17 16:20:00,293.79,95
15719.0,31,2009-12-01 12:47:00,2011-11-07 12:29:00,10117.22,5342
15720.0,2,2010-06-07 15:40:00,2011-11-15 14:48:00,739.22,327
15721.0,1,2011-11-28 12:14:00,2011-11-28 12:14:00,471.40000000000003,388
15722.0,11,2010-03-09 15:05:00,2011-11-04 11:43:00,5107.85,2261
15723.0,4,2010-05-14 12:55:00,2010-12-10 11:12:00,930.7,427
15724.0,3,2010-11-04 10:22:00,2011-05-22 14:40:00,299.8,114
15725.0,1,2011-11-24 14:51:00,2011-11-24 14:51:00,415.25,221
15726.0,1,2010-11-14 16:12:00,2010-11-14 16:12:00,321.91,123
15727.0,15,2010-01-24 12:12:00,2011-11-23 12:36:00,9371.710000000001,5908
15728.0,2,2010-09-21 14:46:00,2010-11-25 10:39:00,409.8,98
15729.0,3,2010-11-01 13:44:00,2011-05-11 12:36:00,154.70000000000002,40
15730.0,5,2010-10-04 14:15:00,2011-10-05 12:31:00,1708.18,1053
15731.0,1,2010-06-04 10:10:00,2010-06-04 10:10:00,125.3,122
15732.0,10,2010-02-04 10:10:00,2011-05-11 14:24:00,1499.42,1255
15733.0,1,2011-03-02 09:05:00,2011-03-02 09:05:00,162.3,62
15734.0,4,2010-06-10 14:25:00,2011-08-17 10:50:00,2263.3,516
15735.0,1,2010-10-14 13:38:00,2010-10-14 13:38:00,327.68,206
15736.0,2,2010-09-30 14:19:00,2010-09-30 14:20:00,1668.67,1199
15737.0,8,2011-04-11 10:01:00,2011-11-25 11:21:00,1121.21,584
15738.0,41,2009-12-10 15:52:00,2011-11-21 08:26:00,13015.42,9010
15739.0,1,2011-10-04 13:42:00,2011-10-04 13:42:00,449.12,472
15740.0,1,2011-10-21 14:29:00,2011-10-21 14:29:00,154.88,152
15741.0,2,2010-03-31 11:55:00,2010-09-07 16:21:00,208.62,70
15742.0,1,2010-03-30 15:25:00,2010-03-30 15:25:00,156.87,51
15743.0,4,2011-06-08 10:14:00,2011-11-23 17:19:00,775.96,214
15744.0,1,2011-09-23 09:52:00,2011-09-23 09:52:00,34.8,120
15745.0,4,2011-04-17 13:04:00,2011-11-20 13:45:00,1071.24,412
15746.0,1,2011-07-28 15:21:00,2011-07-28 15:21:00,182.96,130
15747.0,9,2010-01-18 11:21:00,2011-11-27 12:26:00,2497.86,1343
15748.0,3,2010-09-16 16:52:00,2011-10-30 12:51:00,609.81,261
15749.0,3,2011-01-11 12:55:00,2011-04-18 13:20:00,21535.9,9014
15750.0,18,2009-12-01 17:19:00,2011-12-07 12:34:00,6362.601,4260
15751.0,11,2009-12-06 13:08:00,2010-09-05 12:44:00,1318.84,437
15752.0,9,2010-09-08 11:56:00,2011-10-31 11:37:00,3916.46,2787
15753.0,1,2011-02-08 12:41:00,2011-02-08 12:41:00,79.2,144
15754.0,9,2010-02-22 13:31:00,2011-10-19 14:40:00,3001.86,1755
15755.0,17,2009-12-04 08:24:00,2011-11-29 14:57:00,5936.95,3999
15756.0,4,2011-04-04 14:00:00,2011-10-09 13:30:00,528.01,241
15757.0,6,2010-06-10 13:47:00,2011-10-05 12:14:00,2940.36,1757
15758.0,1,2011-11-15 10:48:00,2011-11-15 10:48:00,205.25,47
15759.0,7,2009-12-02 10:08:00,2011-05-05 15:13:00,810.98,518
15761.0,1,2010-09-23 09:33:00,2010-09-23 09:33:00,143.05,31
15762.0,2,2011-09-23 15:17:00,2011-10-05 16:15:00,583.75,251
15763.0,2,2011-09-23 12:10:00,2011-11-08 09:44:00,1048.67,268
15764.0,8,2010-08-18 13:58:00,2011-09-12 17:58:00,4453.28,2925
15765.0,1,2010-02-11 10:25:00,2010-02-11 10:25:00,370.63,335
15766.0,3,2010-01-26 15:55:00,2011-10-06 17:03:00,799.6600000000001,330
15768.0,34,2009-12-03 12:10:00,2011-08-16 10:48:00,15307.26,4213
15769.0,46,2009-12-11 09:58:00,2011-12-02 13:52:00,84183.52,47056
15770.0,1,2010-04-06 11:47:00,2010-04-06 11:47:00,321.45,67
15771.0,3,2010-01-15 12:14:00,2010-04-14 13:56:00,1006.54,512
15772.0,1,2010-10-17 13:33:00,2010-10-17 13:33:00,280.88,110
15773.0,2,2010-10-26 15:27:00,2011-12-04 12:48:00,774.52,410
15774.0,6,2010-02-21 12:57:00,2011-10-02 12:04:00,1287.09,464
15775.0,2,2010-03-18 07:32:00,2011-04-08 12:56:00,150.5,260
15776.0,1,2011-07-29 13:46:00,2011-07-29 13:46:00,241.62,138
15777.0,7,2010-05-20 10:37:00,2011-04-12 16:43:00,1732.16,595
15778.0,1,2010-10-04 15:10:00,2010-10-04 15:10:00,307.95000000000005,101
15779.0,2,2010-06-25 15:55:00,2010-09-02 16:40:00,124.08000000000001,20
15780.0,3,2010-12-17 11:43:00,2011-06-09 12:01:00,475.28000000000003,220
15781.0,3,2011-02-07 09:15:00,2011-11-14 14:57:00,333.56,178
15782.0,4,2010-10-05 15:43:00,2011-11-30 10:49:00,3985.65,1842
15783.0,1,2011-11-29 09:50:00,2011-11-29 09:50:00,246.3,212
15784.0,2,2010-02-05 14:42:00,2010-08-29 10:38:00,848.33,381
15785.0,16,2009-12-15 16:28:00,2011-11-07 11:33:00,5825.33,4427
15786.0,5,2010-06-21 10:13:00,2011-10-24 14:13:00,8379.65,5869
15787.0,3,2011-10-09 13:11:00,2011-11-13 14:55:00,933.26,534
15788.0,1,2010-07-19 12:48:00,2010-07-19 12:48:00,215.53,112
15789.0,6,2010-03-26 11:21:00,2010-12-16 14:35:00,1932.01,2475
15790.0,1,2011-11-29 14:53:00,2011-11-29 14:53:00,218.75,113
15791.0,5,2010-03-08 09:41:00,2011-10-27 10:14:00,3541.79,1949
15792.0,2,2010-03-31 09:42:00,2010-11-05 08:21:00,933.84,606
15793.0,8,2009-12-01 12:54:00,2011-11-25 09:31:00,2382.92,1684
15794.0,2,2009-12-02 15:10:00,2009-12-03 13:04:00,777.0,288
15795.0,8,2010-01-18 11:31:00,2011-07-13 10:43:00,1979.8700000000001,1411
15796.0,17,2010-03-31 13:10:00,2011-12-08 19:55:00,5066.33,1714
15797.0,5,2010-01-27 13:12:00,2011-08-18 17:04:00,2806.08,1280
15798.0,3,2010-01-27 11:55:00,2010-08-04 09:13:00,1535.3700000000001,915
15799.0,4,2010-10-17 14:26:00,2011-09-25 12:46:00,1421.34,1341
15800.0,7,2010-03-31 13:17:00,2011-08-24 14:23:00,1227.07,575
15801.0,3,2011-08-22 09:53:00,2011-10-24 13:52:00,1042.19,562
15803.0,4,2010-02-01 16:29:00,2011-10-19 14:56:00,1929.66,1030
15804.0,13,2011-05-25 10:12:00,2011-12-09 12:31:00,3848.55,2513
15805.0,30,2009-12-10 12:57:00,2011-11-16 16:32:00,9668.62,6087
15806.0,3,2011-03-08 09:24:00,2011-10-24 14:35:00,784.58,602
15807.0,5,2010-02-11 15:32:00,2011-10-20 14:10:00,1807.57,1531
15808.0,21,2009-12-01 16:30:00,2011-02-06 14:33:00,17038.95,6726
15809.0,7,2010-06-22 14:23:00,2011-11-03 16:40:00,862.88,649
15810.0,8,2010-02-04 18:18:00,2011-09-22 09:38:00,2724.8,1510
15811.0,7,2010-11-16 16:46:00,2011-11-17 15:31:00,3345.25,1723
15812.0,12,2009-12-15 13:40:00,2011-08-24 14:19:00,5186.17,3432
15813.0,2,2011-04-14 09:09:00,2011-05-16 08:13:00,1303.91,603
15814.0,6,2010-04-15 14:31:00,2011-11-23 08:17:00,2531.84,1704
15815.0,5,2011-03-25 08:43:00,2011-10-07 12:42:00,2100.6,1856
15816.0,2,2010-06-15 12:54:00,2010-06-15 13:36:00,93.3,51
15817.0,3,2010-06-14 13:31:00,2010-10-15 11:07:00,2766.4,1596
15818.0,1,2010-04-30 12:58:00,2010-04-30 12:58:00,340.5,284
15819.0,10,2010-03-18 11:08:00,2011-10-21 14:50:00,3911.28,2913
15820.0,1,2011-01-24 12:00:00,2011-01-24 12:00:00,206.98,128
15821.0,2,2011-10-09 13:28:00,2011-10-26 15:48:00,570.96,202
15822.0,6,2009-12-06 15:12:00,2011-12-06 14:50:00,1797.71,942
15823.0,2,2009-12-08 15:12:00,2009-12-10 18:03:00,3047.76,1487
15824.0,2,2010-06-25 15:10:00,2010-09-12 13:20:00,890.94,478
15825.0,1,2011-06-20 13:27:00,2011-06-20 13:27:00,532.94,220
15826.0,4,2010-05-20 17:00:00,2011-10-14 16:05:00,2583.13,1811
15827.0,28,2010-01-08 11:25:00,2011-09-27 15:35:00,3247.09,1641
15828.0,1,2010-11-29 16:41:00,2010-11-29 16:41:00,1108.82,367
15829.0,2,2011-07-22 10:23:00,2011-09-01 16:45:00,636.14,996
15830.0,1,2011-11-02 10:40:00,2011-11-02 10:40:00,547.7,409
15831.0,3,2011-01-19 14:52:00,2011-10-12 13:14:00,740.64,1084
15832.0,1,2011-03-30 15:29:00,2011-03-30 15:29:00,836.79,465
15833.0,1,2009-12-02 11:59:00,2009-12-02 11:59:00,80.4,24
15834.0,7,2010-10-11 14:05:00,2011-09-30 14:41:00,3613.04,1809
15835.0,4,2011-01-13 10:35:00,2011-10-26 15:47:00,954.09,439
15836.0,1,2011-10-20 17:13:00,2011-10-20 17:13:00,117.47,24
15837.0,2,2010-08-11 10:16:00,2011-10-06 09:01:00,777.01,405
15838.0,34,2009-12-15 09:51:00,2011-11-28 14:00:00,72738.93,54635
15839.0,3,2011-07-14 16:35:00,2011-11-06 13:54:00,1020.74,670
15840.0,2,2011-06-20 11:42:00,2011-10-12 09:08:00,345.66,394
15841.0,9,2009-12-10 08:29:00,2011-09-28 12:15:00,2716.5,2374
15842.0,2,2010-06-30 09:06:00,2010-11-11 14:08:00,528.75,288
15843.0,1,2011-02-09 10:19:00,2011-02-09 10:19:00,118.95,27
15844.0,1,2011-10-24 15:19:00,2011-10-24 15:19:00,130.73999999999998,134
15845.0,11,2010-01-26 14:44:00,2011-11-22 09:42:00,4273.650000000001,2085
15846.0,1,2010-11-19 14:40:00,2010-11-19 14:40:00,107.01,79
15847.0,5,2010-03-08 08:47:00,2011-11-01 14:41:00,822.57,643
15848.0,1,2010-03-28 10:54:00,2010-03-28 10:54:00,137.99,45
15850.0,6,2009-12-13 13:27:00,2011-11-20 14:14:00,1006.75,1334
15851.0,1,2010-07-01 12:34:00,2010-07-01 12:34:00,109.72999999999999,67
15852.0,3,2010-07-01 10:16:00,2011-06-06 11:22:00,257.26,60
15853.0,1,2011-10-19 10:38:00,2011-10-19 10:38:00,110.8,135
15854.0,21,2009-12-10 12:08:00,2011-12-05 13:39:00,5578.28,1691
15855.0,6,2010-08-20 17:15:00,2011-07-26 10:20:00,1052.72,712
15856.0,52,2009-12-03 14:02:00,2011-12-05 17:09:00,31871.79,19447
15857.0,2,2010-10-05 16:43:00,2011-11-21 12:18:00,570.48,584
15858.0,13,2009-12-10 11:42:00,2011-11-24 12:48:00,3509.91,2709
15859.0,1,2010-10-03 12:52:00,2010-10-03 12:52:00,438.46,174
15860.0,17,2009-12-06 12:31:00,2011-10-30 11:25:00,2358.8,1258
15861.0,12,2010-01-28 19:41:00,2011-11-27 15:59:00,4177.1,3820
15862.0,13,2009-12-17 11:33:00,2011-12-01 13:28:00,2507.14,1515
15863.0,5,2009-12-17 10:20:00,2011-11-14 12:49:00,355.1,162
15864.0,7,2010-11-23 15:02:00,2011-11-17 13:32:00,2014.22,1338
15865.0,5,2010-01-05 13:58:00,2011-10-30 12:43:00,2241.42,1141
15866.0,1,2011-08-30 14:09:00,2011-08-30 14:09:00,211.89,124
15867.0,31,2009-12-14 15:16:00,2011-12-04 13:32:00,8780.77,4952
15868.0,1,2010-05-05 14:11:00,2010-05-05 14:11:00,94.53,57
15869.0,3,2010-03-23 16:50:00,2011-03-07 17:23:00,321.11,273
15870.0,4,2010-09-19 16:22:00,2011-11-07 10:58:00,857.46,504
15871.0,1,2010-09-28 14:16:00,2010-09-28 14:16:00,33.099999999999994,5
15872.0,4,2010-06-07 14:53:00,2011-11-25 11:55:00,729.25,467
15873.0,4,2010-07-27 11:58:00,2010-07-28 12:41:00,138.23999999999998,576
15874.0,21,2010-01-07 13:56:00,2011-10-07 12:31:00,11135.0,5054
15875.0,1,2010-03-03 16:51:00,2010-03-03 16:51:00,108.52,74
15876.0,2,2010-09-17 15:26:00,2010-10-26 18:58:00,1449.14,886
15877.0,2,2011-11-22 11:18:00,2011-12-08 11:53:00,437.83,243
15878.0,2,2009-12-06 12:28:00,2010-05-27 12:17:00,330.77,243
15879.0,4,2009-12-17 19:54:00,2010-10-31 16:21:00,1137.8,639
15880.0,1,2010-12-05 13:00:00,2010-12-05 13:00:00,299.03,178
15881.0,5,2010-12-10 13:32:00,2011-01-31 16:59:00,438.24,199
15882.0,8,2009-12-10 15:33:00,2011-05-25 11:35:00,1096.31,625
15883.0,2,2011-11-06 14:50:00,2011-12-07 17:05:00,396.48,223
15884.0,2,2009-12-03 18:23:00,2010-10-03 15:55:00,244.60000000000002,152
15885.0,13,2010-01-21 12:47:00,2011-09-07 14:56:00,1707.57,595
15886.0,4,2010-04-20 15:03:00,2011-10-10 14:25:00,1052.87,667
15887.0,3,2010-06-02 11:53:00,2010-10-29 08:36:00,1027.15,605
15888.0,3,2010-07-01 11:51:00,2011-09-20 12:30:00,396.45,114
15889.0,8,2009-12-10 12:21:00,2011-07-06 11:10:00,1396.6,786
15890.0,5,2010-04-14 08:43:00,2010-11-10 12:46:00,535.65,119
15891.0,1,2011-04-27 12:35:00,2011-04-27 12:35:00,509.13,417
15892.0,1,2010-02-08 16:23:00,2010-02-08 16:23:00,128.2,46
15893.0,1,2010-08-15 11:12:00,2010-08-15 11:12:00,305.28000000000003,288
15894.0,2,2010-12-05 14:06:00,2011-03-31 13:50:00,257.6,163
15895.0,1,2011-07-13 10:27:00,2011-07-13 10:27:00,179.17,94
15897.0,2,2011-05-29 13:32:00,2011-05-29 13:50:00,208.59,223
15898.0,25,2009-12-11 16:11:00,2011-12-08 15:23:00,4930.75,2140
15899.0,1,2010-12-06 10:36:00,2010-12-06 10:36:00,56.25,39
15900.0,4,2010-05-26 11:27:00,2011-11-16 12:19:00,876.67,654
15901.0,6,2010-06-14 12:39:00,2011-11-23 12:43:00,667.89,686
15902.0,1,2010-11-24 16:57:00,2010-11-24 16:57:00,145.01,124
15903.0,12,2010-01-14 10:57:00,2011-11-30 08:08:00,8859.82,3917
15904.0,1,2011-12-01 14:50:00,2011-12-01 14:50:00,164.68,84
15905.0,1,2010-06-14 16:00:00,2010-06-14 16:00:00,114.69,82
15906.0,10,2010-09-15 12:17:00,2011-11-20 12:24:00,2442.44,740
15907.0,3,2011-05-13 13:01:00,2011-12-06 12:21:00,881.87,477
15908.0,2,2010-07-15 19:21:00,2010-08-06 11:56:00,758.62,173
15909.0,1,2011-06-19 10:38:00,2011-06-19 10:38:00,191.94,98
15910.0,15,2010-01-21 11:51:00,2011-12-09 10:51:00,2661.17,2158
15911.0,8,2009-12-09 13:26:00,2010-03-26 12:06:00,1683.79,784
15912.0,9,2009-12-10 12:58:00,2011-06-14 14:29:00,1074.7,759
15913.0,1,2010-06-23 16:31:00,2010-06-23 16:31:00,6.300000000000001,3
15914.0,2,2010-11-26 16:09:00,2010-11-26 16:10:00,205.99,149
15915.0,1,2010-11-03 11:13:00,2010-11-03 11:13:00,364.24,413
15916.0,13,2009-12-10 16:21:00,2011-11-23 13:46:00,3014.04,1600
15917.0,5,2009-12-02 14:55:00,2011-04-06 10:40:00,530.17,248
15918.0,3,2010-03-18 11:40:00,2011-06-02 11:42:00,582.88,240
15919.0,2,2010-12-06 11:26:00,2011-11-20 11:28:00,525.6899999999999,385
15920.0,8,2009-12-14 13:09:00,2011-07-08 15:25:00,565.19,233
15921.0,4,2010-03-09 11:03:00,2011-06-20 11:03:00,765.61,333
15922.0,1,2010-12-01 13:51:00,2010-12-01 13:51:00,363.6,136
15923.0,1,2010-12-02 12:16:00,2010-12-02 12:16:00,127.08,122
15924.0,1,2009-12-08 15:00:00,2009-12-08 15:00:00,102.82000000000001,103
15925.0,1,2011-05-29 15:35:00,2011-05-29 15:35:00,207.15,93
15926.0,1,2010-06-15 15:23:00,2010-06-15 15:23:00,134.44,155
15927.0,1,2010-03-02 13:25:00,2010-03-02 13:25:00,106.54,66
15928.0,1,2010-02-21 15:16:00,2010-02-21 15:16:00,293.53,164
15929.0,1,2010-03-05 14:56:00,2010-03-05 14:56:00,594.0,120
15930.0,1,2011-10-03 14:52:00,2011-10-03 14:52:00,426.63,139
15931.0,1,2010-10-07 16:46:00,2010-10-07 16:46:00,239.9,118
15932.0,8,2011-02-23 14:50:00,2011-12-05 17:13:00,2461.85,2311
15933.0,3,2011-09-14 12:05:00,2011-11-18 13:14:00,1107.46,885
15934.0,2,2010-10-06 12:08:00,2010-10-18 10:13:00,2190.66,2166
15935.0,1,2011-04-14 13:27:00,2011-04-14 13:27:00,-200.78,-172
15936.0,2,2010-08-29 11:42:00,2010-11-25 16:39:00,282.79,211
15937.0,1,2011-10-06 15:48:00,2011-10-06 15:48:00,145.35000000000002,73
15938.0,9,2010-06-01 09:42:00,2011-08-19 12:56:00,734.8100000000001,449
15939.0,15,2010-11-30 12:07:00,2011-09-11 11:30:00,8992.09,6224
15940.0,1,2011-02-01 16:18:00,2011-02-01 16:18:00,3.9999999999999964,0
15941.0,1,2010-03-12 14:45:00,2010-03-12 14:45:00,230.6,28
15942.0,1,2011-07-29 09:01:00,2011-07-29 09:01:00,337.44,232
15943.0,2,2010-01-31 11:04:00,2010-02-28 12:49:00,271.28999999999996,183
15944.0,4,2009-12-13 12:57:00,2011-03-08 10:33:00,2164.24,859
15945.0,4,2009-12-01 13:47:00,2010-12-09 13:14:00,646.27,345
15946.0,3,2010-03-16 10:49:00,2010-07-25 12:18:00,2304.18,1614
15947.0,1,2011-09-18 10:46:00,2011-09-18 10:46:00,1708.24,898
15948.0,3,2010-10-11 12:16:00,2011-12-01 15:32:00,1509.09,852
15949.0,2,2011-09-29 17:34:00,2011-11-23 09:09:00,364.72,284
15950.0,10,2010-01-26 11:39:00,2011-11-08 11:09:00,6878.71,3300
15951.0,3,2010-11-23 18:20:00,2011-12-01 08:34:00,974.52,413
15952.0,4,2011-04-28 12:55:00,2011-11-06 11:18:00,781.91,391
15953.0,18,2009-12-03 14:00:00,2011-11-24 15:32:00,3295.49,1638
15954.0,1,2010-04-29 13:35:00,2010-04-29 13:35:00,187.8,118
15955.0,22,2010-02-23 16:36:00,2011-11-15 14:15:00,8050.2300000000005,3952
15956.0,2,2009-12-13 11:16:00,2010-06-06 13:06:00,617.6,278
15957.0,3,2010-10-15 12:11:00,2011-11-08 12:14:00,921.25,453
15958.0,4,2010-06-07 10:59:00,2011-09-26 13:41:00,462.12,154
15959.0,3,2010-01-26 16:19:00,2010-01-26 16:38:00,542.89,269
15960.0,4,2010-09-30 15:50:00,2010-11-30 15:57:00,394.0,257
15961.0,1,2010-11-25 15:59:00,2010-11-25 15:59:00,451.28999999999996,154
15962.0,1,2010-09-16 13:48:00,2010-09-16 13:48:00,289.48,228
15963.0,2,2011-10-25 13:05:00,2011-11-20 11:33:00,470.76,298
15964.0,1,2010-02-14 15:30:00,2010-02-14 15:30:00,269.21,93
15965.0,13,2009-12-03 11:45:00,2011-11-22 16:44:00,2758.19,1308
15966.0,1,2010-09-15 10:44:00,2010-09-15 10:44:00,399.58,268
15967.0,12,2009-12-01 13:29:00,2011-11-16 15:41:00,2943.6,1179
15968.0,1,2010-11-16 13:04:00,2010-11-16 13:04:00,401.8,242
15969.0,5,2010-07-05 13:10:00,2011-12-07 11:06:00,1043.85,219
15970.0,2,2010-04-20 11:30:00,2011-02-09 12:08:00,1017.3199999999999,498
15971.0,18,2009-12-08 09:46:00,2011-11-22 12:50:00,4925.4800000000005,1954
15972.0,5,2010-04-18 14:06:00,2010-09-09 13:20:00,1769.33,468
15973.0,2,2010-10-07 08:33:00,2010-12-08 11:42:00,457.57,175
15974.0,7,2011-02-24 10:10:00,2011-10-31 13:13:00,3429.55,2256
15975.0,1,2011-09-16 13:33:00,2011-09-16 13:33:00,371.01,243
15976.0,6,2010-06-06 14:01:00,2011-06-27 13:00:00,1680.31,1044
15977.0,2,2011-10-31 16:24:00,2011-11-22 13:29:00,1054.73,1016
15978.0,3,2010-03-05 14:39:00,2011-09-23 15:21:00,3272.62,2440
15979.0,1,2010-04-16 11:35:00,2010-04-16 11:35:00,329.21999999999997,450
15980.0,7,2010-06-01 14:40:00,2011-09-12 09:41:00,6496.28,4786
15981.0,21,2010-03-29 10:07:00,2011-11-15 08:00:00,9284.07,4779
15982.0,1,2010-04-13 15:47:00,2010-04-13 15:47:00,324.51,131
15983.0,8,2009-12-06 12:52:00,2011-11-17 17:34:00,3110.37,1872
15984.0,30,2009-12-01 13:38:00,2011-12-07 12:16:00,8304.82,5710
15985.0,7,2010-05-27 15:51:00,2011-08-08 16:31:00,2610.28,2500
15986.0,2,2010-11-23 10:02:00,2011-11-09 15:17:00,354.42,368
15987.0,8,2010-11-25 12:56:00,2011-11-27 15:38:00,1535.99,1599
15988.0,3,2010-02-21 11:36:00,2011-11-20 13:23:00,736.39,474
15989.0,2,2009-12-02 15:51:00,2010-11-29 12:03:00,368.31,169
15990.0,7,2010-02-28 12:30:00,2011-10-26 15:58:00,1997.75,1086
15991.0,1,2010-06-23 15:50:00,2010-06-23 15:50:00,150.55,41
15992.0,3,2010-09-12 11:52:00,2011-12-06 11:00:00,896.6,514
15993.0,7,2011-10-26 16:21:00,2011-12-01 10:45:00,2728.22,2022
15994.0,3,2010-03-14 11:55:00,2011-10-16 12:28:00,1172.34,460
15995.0,1,2010-10-21 13:57:00,2010-10-21 13:57:00,694.54,352
15996.0,7,2010-11-07 15:49:00,2011-09-12 15:14:00,1370.5,641
15998.0,16,2009-12-01 11:45:00,2011-11-03 12:45:00,8186.19,5331
15999.0,1,2009-12-04 12:31:00,2009-12-04 12:31:00,20.4,24
16000.0,3,2011-12-07 12:14:00,2011-12-07 12:17:00,12393.7,5110
16001.0,1,2010-11-23 17:10:00,2010-11-23 17:10:00,519.0600000000001,305
16002.0,1,2010-03-24 13:08:00,2010-03-24 13:08:00,169.21,70
16003.0,10,2009-12-03 18:51:00,2011-11-10 09:57:00,5613.83,2210
16004.0,5,2010-01-25 13:56:00,2010-08-22 11:48:00,2146.39,1076
16005.0,10,2010-09-15 13:21:00,2011-11-27 13:47:00,2332.62,1256
16006.0,2,2010-11-17 12:03:00,2011-05-12 13:12:00,332.82,205
16007.0,7,2010-06-14 13:18:00,2011-10-23 11:05:00,3053.06,2631
16008.0,15,2010-03-19 11:07:00,2011-11-16 10:32:00,5339.13,3237
16009.0,4,2011-07-03 11:26:00,2011-11-17 16:51:00,972.11,366
16010.0,11,2010-10-24 10:54:00,2011-04-08 10:14:00,1692.91,918
16011.0,29,2009-12-01 12:02:00,2011-12-01 16:31:00,5585.86,3318
16012.0,5,2010-06-28 11:39:00,2011-11-04 13:25:00,2978.59,1760
16013.0,84,2009-12-08 10:24:00,2011-12-06 10:36:00,51615.64,23609
16014.0,5,2010-01-31 12:43:00,2011-11-02 12:04:00,1091.03,458
16015.0,3,2011-10-21 12:56:00,2011-12-06 10:58:00,689.41,903
16016.0,11,2010-11-02 13:27:00,2011-12-06 14:35:00,2053.0,876
16017.0,5,2010-01-05 12:06:00,2011-10-23 12:56:00,1545.58,635
16018.0,4,2009-12-07 13:57:00,2011-10-31 14:13:00,698.13,503
16019.0,27,2009-12-14 14:12:00,2011-10-24 11:51:00,16503.46,6610
16020.0,3,2011-10-05 13:54:00,2011-11-23 11:18:00,851.01,487
16021.0,2,2010-06-13 11:05:00,2010-11-09 14:48:00,487.03,276
16022.0,1,2011-03-24 13:16:00,2011-03-24 13:16:00,602.63,255
16023.0,3,2011-03-18 13:32:00,2011-10-24 16:34:00,719.81,358
16024.0,3,2010-10-24 11:40:00,2011-11-27 13:26:00,478.71,484
16025.0,1,2011-11-10 11:45:00,2011-11-10 11:45:00,439.65999999999997,338
16026.0,1,2011-10-27 13:53:00,2011-10-27 13:53:00,236.09,243
16027.0,15,2010-01-08 13:21:00,2011-09-09 10:47:00,1882.3400000000001,2021
16028.0,1,2010-04-23 11:45:00,2010-04-23 11:45:00,82.2,18
16029.0,106,2009-12-08 11:23:00,2011-11-01 10:27:00,97066.71,48005
16030.0,1,2011-02-03 11:28:00,2011-02-03 11:28:00,331.24,283
16031.0,2,2011-04-06 14:23:00,2011-09-08 13:07:00,547.9,421
16032.0,6,2010-07-04 13:31:00,2010-09-09 18:00:00,1965.72,1467
16033.0,27,2010-08-11 16:44:00,2011-12-04 12:44:00,10465.07,4164
16034.0,6,2010-10-26 13:00:00,2011-05-27 16:17:00,908.37,584
16035.0,1,2010-05-28 15:09:00,2010-05-28 15:09:00,217.73,33
16036.0,4,2010-03-29 14:47:00,2011-09-13 14:53:00,2556.84,1369
16037.0,5,2010-03-01 12:31:00,2011-03-15 09:13:00,1489.44,764
16038.0,3,2011-05-22 11:29:00,2011-12-02 12:40:00,454.33,241
16039.0,2,2010-03-21 15:17:00,2010-10-12 10:44:00,449.65,408
16040.0,7,2010-04-09 10:12:00,2011-10-05 13:47:00,2383.7000000000003,1161
16041.0,3,2011-07-21 16:27:00,2011-11-09 12:25:00,3166.4,1584
16042.0,8,2010-09-12 12:00:00,2011-11-17 17:50:00,2183.1,1417
16043.0,8,2010-08-15 11:26:00,2011-11-02 12:50:00,1856.5900000000001,1011
16044.0,1,2010-09-30 18:12:00,2010-09-30 18:12:00,340.84000000000003,170
16045.0,8,2010-07-29 12:50:00,2011-08-12 12:41:00,3187.03,1942
16046.0,1,2010-05-26 13:18:00,2010-05-26 13:18:00,235.78,248
16048.0,4,2010-06-08 12:36:00,2010-12-01 15:28:00,800.09,423
16049.0,6,2010-07-11 13:53:00,2011-10-30 13:19:00,1852.15,1132
16050.0,3,2010-11-03 15:55:00,2011-06-19 11:44:00,300.7,388
16051.0,1,2010-01-27 09:38:00,2010-01-27 09:38:00,188.44,80
16052.0,1,2011-10-16 15:13:00,2011-10-16 15:13:00,362.06,282
16053.0,6,2010-04-08 11:11:00,2011-11-07 11:21:00,3606.14,3061
16054.0,4,2010-04-01 18:37:00,2011-07-17 13:08:00,2090.68,779
16055.0,1,2011-05-03 09:26:00,2011-05-03 09:26:00,134.8,22
16056.0,1,2011-10-25 15:19:00,2011-10-25 15:19:00,650.75,345
16057.0,10,2010-01-07 17:11:00,2011-11-23 15:23:00,3202.07,1432
16058.0,1,2010-10-29 16:48:00,2010-10-29 16:48:00,62.7,18
16059.0,12,2010-05-19 13:04:00,2011-10-05 09:56:00,3053.57,1431
16060.0,3,2010-08-02 15:26:00,2010-11-04 12:10:00,541.95,243
16061.0,1,2010-10-04 15:29:00,2010-10-04 15:29:00,44.95,13
16062.0,8,2010-06-21 13:32:00,2011-11-30 12:15:00,2863.45,2035
16063.0,1,2011-03-24 14:55:00,2011-03-24 14:56:00,335.32,262
16064.0,1,2009-12-14 16:11:00,2009-12-14 16:11:00,109.31,55
16065.0,8,2010-09-02 13:27:00,2010-12-09 13:03:00,1975.13,1205
16066.0,5,2011-08-07 14:33:00,2011-11-23 11:54:00,1521.04,935
16067.0,3,2010-02-02 18:01:00,2010-05-26 12:33:00,2900.01,1166
16068.0,1,2010-04-25 11:52:00,2010-04-25 11:52:00,115.73,48
16069.0,1,2010-10-18 10:32:00,2010-10-18 10:32:00,457.7,138
16070.0,2,2011-11-07 16:36:00,2011-11-17 15:50:00,852.15,457
16071.0,4,2010-02-22 14:48:00,2011-10-26 11:14:00,1076.8,697
16072.0,4,2010-06-08 16:47:00,2011-02-24 14:32:00,4180.09,1580
16073.0,1,2011-02-15 15:41:00,2011-02-15 15:41:00,94.35000000000001,37
16074.0,1,2010-11-14 13:19:00,2010-11-14 13:19:00,252.5,38
16075.0,2,2010-05-24 15:57:00,2010-07-25 11:31:00,726.98,270
16076.0,10,2011-05-15 12:31:00,2011-12-06 14:59:00,2173.53,1363
16077.0,1,2010-03-24 10:42:00,2010-03-24 10:42:00,599.9999999999998,528
16078.0,2,2010-02-08 13:29:00,2011-03-01 09:47:00,362.99,200
16079.0,3,2011-10-30 13:06:00,2011-11-23 12:48:00,1352.0,864
16080.0,4,2010-09-15 14:19:00,2011-09-19 10:42:00,472.90000000000003,256
16081.0,8,2010-02-03 12:46:00,2011-10-14 13:06:00,4278.96,2177
16082.0,1,2010-02-07 15:16:00,2010-02-07 15:16:00,106.75,39
16083.0,4,2010-11-16 11:53:00,2011-08-31 10:47:00,2351.42,1514
16084.0,1,2011-02-13 16:05:00,2011-02-13 16:05:00,436.18,216
16085.0,12,2010-01-20 14:03:00,2011-11-16 13:24:00,2318.91,1377
16086.0,10,2009-12-02 13:20:00,2011-10-11 13:09:00,2685.65,1449
16087.0,5,2010-01-19 12:30:00,2010-11-15 16:44:00,1739.92,664
16088.0,2,2010-04-27 10:56:00,2010-05-13 10:16:00,1437.43,373
16089.0,2,2010-07-18 15:51:00,2010-11-18 13:51:00,263.49,119
16090.0,1,2010-03-25 13:05:00,2010-03-25 13:05:00,180.56,58
16091.0,2,2011-05-25 09:18:00,2011-07-08 08:45:00,315.06,154
16092.0,6,2010-05-09 16:10:00,2011-08-17 10:46:00,1515.49,1151
16093.0,1,2011-08-25 11:09:00,2011-08-25 11:09:00,17.0,20
16094.0,11,2010-04-16 14:00:00,2011-11-28 12:45:00,3599.16,1992
16095.0,1,2010-09-09 16:54:00,2010-09-09 16:54:00,447.05,265
16096.0,4,2010-03-04 15:44:00,2011-03-20 13:38:00,1584.97,700
16097.0,1,2011-04-13 13:47:00,2011-04-13 13:47:00,185.04999999999998,87
16098.0,14,2009-12-15 09:40:00,2011-09-13 09:59:00,4010.7000000000003,2008
16099.0,7,2010-03-03 11:13:00,2011-10-20 13:13:00,1568.25,959
16100.0,1,2010-09-03 11:39:00,2010-09-03 11:39:00,582.64,438
16101.0,4,2010-05-27 12:50:00,2011-09-30 10:18:00,3167.42,1823
16102.0,3,2011-08-03 12:50:00,2011-10-28 13:19:00,1842.14,942
16103.0,22,2010-01-08 12:08:00,2011-12-02 14:16:00,6002.76,2606
16104.0,9,2009-12-06 10:41:00,2011-10-09 10:23:00,2511.21,1008
16105.0,5,2010-04-14 13:27:00,2011-04-05 10:13:00,2386.19,2125
16106.0,1,2011-10-05 10:37:00,2011-10-05 10:37:00,108.38,74
16107.0,7,2011-06-09 18:42:00,2011-11-22 09:40:00,3204.1600000000003,1176
16108.0,4,2010-03-18 14:14:00,2011-09-16 11:48:00,2171.93,1446
16109.0,3,2010-01-10 10:37:00,2011-05-05 09:17:00,923.5799999999999,1090
16110.0,4,2010-07-05 13:04:00,2011-10-25 14:35:00,1781.59,880
16111.0,1,2010-10-07 19:51:00,2010-10-07 19:51:00,549.33,233
16112.0,4,2011-01-05 11:47:00,2011-07-19 14:28:00,195.74,574
16113.0,1,2011-06-09 16:16:00,2011-06-09 16:16:00,161.38,176
16114.0,1,2011-06-22 10:13:00,2011-06-22 10:13:00,135.75000000000003,43
16115.0,12,2010-05-14 11:59:00,2011-11-30 11:32:00,2553.8,1589
16116.0,1,2011-05-12 12:01:00,2011-05-12 12:01:00,592.88,246
16117.0,3,2010-04-27 11:50:00,2011-06-03 11:42:00,650.05,318
16118.0,1,2010-02-25 09:40:00,2010-02-25 09:40:00,4255.43,2822
16119.0,8,2009-12-16 11:56:00,2011-12-01 15:11:00,1720.81,811
16120.0,6,2010-10-13 15:07:00,2011-10-11 14:22:00,2952.51,2149
16121.0,5,2010-05-23 10:52:00,2011-10-13 12:59:00,1430.14,877
16122.0,6,2010-10-10 15:26:00,2011-09-27 15:34:00,895.62,1280
16123.0,1,2011-10-19 09:18:00,2011-10-19 09:18:00,307.78,170
16124.0,4,2009-12-07 10:33:00,2011-01-26 14:45:00,1709.39,789
16125.0,14,2009-12-14 15:38:00,2010-12-07 15:48:00,4292.35,1819
16126.0,15,2009-12-02 13:34:00,2011-11-10 16:03:00,14644.6,6140
16127.0,2,2009-12-13 12:19:00,2011-10-31 13:58:00,801.3100000000001,391
16128.0,11,2010-07-16 16:30:00,2011-11-22 11:14:00,3748.4,2419
16129.0,3,2010-07-20 12:32:00,2010-10-28 14:29:00,1396.05,1261
16130.0,4,2010-04-01 13:58:00,2010-10-13 15:14:00,987.48,296
16131.0,12,2009-12-02 10:09:00,2011-10-19 11:53:00,9866.27,4753
16132.0,2,2010-03-22 10:25:00,2010-06-13 13:49:00,664.2,280
16133.0,56,2010-03-31 12:21:00,2011-12-06 11:24:00,22228.88,13453
16134.0,5,2010-06-17 09:48:00,2011-11-18 10:05:00,2119.9900000000002,1622
16135.0,2,2010-05-05 09:35:00,2011-03-22 12:30:00,819.45,395
16136.0,4,2010-02-14 12:49:00,2011-10-11 09:10:00,921.08,622
16137.0,1,2010-01-28 15:04:00,2010-01-28 15:04:00,422.7,210
16138.0,3,2010-04-28 09:51:00,2010-11-26 12:13:00,902.4,773
16139.0,5,2009-12-03 13:51:00,2011-11-21 08:37:00,1111.15,602
16140.0,3,2010-09-24 12:03:00,2011-10-05 12:15:00,1416.46,1270
16141.0,2,2010-10-18 14:12:00,2011-09-12 13:11:00,955.94,410
16142.0,1,2011-04-04 10:16:00,2011-04-04 10:16:00,535.34,422
16143.0,12,2009-12-10 09:44:00,2011-12-06 14:13:00,4511.13,1849
16144.0,1,2011-04-07 10:09:00,2011-04-07 10:09:00,175.2,16
16145.0,19,2010-05-04 13:31:00,2011-12-01 10:33:00,6693.6,5183
16146.0,4,2010-09-17 10:46:00,2011-07-05 14:20:00,946.38,544
16147.0,5,2010-02-05 12:26:00,2011-07-29 09:57:00,2367.02,1322
16148.0,2,2010-09-29 10:12:00,2011-02-16 14:01:00,370.37,247
16149.0,3,2010-10-06 15:54:00,2011-12-05 11:29:00,422.21999999999997,598
16150.0,10,2009-12-17 15:33:00,2011-10-28 12:39:00,3761.27,1924
16152.0,1,2011-03-16 09:47:00,2011-03-16 09:47:00,1829.04,642
16153.0,11,2010-05-26 12:41:00,2011-10-21 10:50:00,5047.09,3657
16155.0,5,2010-06-18 11:23:00,2010-11-23 12:03:00,781.05,482
16156.0,20,2009-12-02 17:06:00,2011-12-01 12:42:00,5931.01,3009
16157.0,3,2011-09-28 11:48:00,2011-11-24 11:41:00,644.24,344
16158.0,9,2009-12-05 15:00:00,2010-07-05 13:55:00,611.32,180
16159.0,4,2009-12-03 11:51:00,2011-03-03 12:27:00,1230.29,633
16160.0,2,2011-09-15 10:53:00,2011-10-05 14:19:00,1009.4499999999999,1153
16161.0,43,2010-02-08 11:06:00,2011-12-08 12:10:00,12279.97,6176
16162.0,1,2011-04-01 15:03:00,2011-04-01 15:03:00,37.4,4
16163.0,6,2009-12-02 10:00:00,2011-04-21 15:15:00,1822.03,549
16164.0,3,2011-10-28 09:12:00,2011-11-22 15:04:00,802.53,432
16165.0,1,2010-07-22 14:17:00,2010-07-22 14:17:00,79.9,2
16166.0,2,2010-01-17 14:16:00,2010-10-07 15:44:00,327.48,156
16167.0,5,2009-12-01 10:46:00,2010-10-21 15:33:00,1149.87,1459
16168.0,66,2009-12-03 12:38:00,2011-11-29 12:45:00,10279.02,4956
16169.0,4,2011-09-25 11:33:00,2011-12-01 15:28:00,1822.97,1325
16170.0,20,2010-02-18 13:50:00,2011-10-20 08:21:00,6813.67,6031
16171.0,1,2011-10-11 14:51:00,2011-10-11 14:51:00,73.19999999999999,24
16172.0,8,2010-07-14 15:34:00,2011-09-05 13:22:00,1884.55,1419
16173.0,6,2011-09-02 15:23:00,2011-11-24 10:53:00,1406.57,571
16174.0,7,2010-04-15 15:12:00,2011-08-05 13:26:00,2246.75,1431
16175.0,7,2010-05-25 12:01:00,2011-09-06 14:32:00,1836.44,932
16176.0,4,2010-03-29 14:52:00,2010-10-14 13:54:00,1964.04,913
16177.0,8,2010-03-02 14:03:00,2011-10-20 12:57:00,2141.61,1001
16178.0,2,2010-11-03 14:46:00,2011-07-24 16:05:00,612.6,304
16179.0,1,2011-10-10 09:41:00,2011-10-10 09:41:00,215.83,99
16180.0,13,2010-06-23 13:19:00,2011-08-31 16:28:00,16170.27,9785
16181.0,1,2011-09-27 13:38:00,2011-09-27 13:38:00,305.54,152
16182.0,9,2010-03-09 09:34:00,2011-09-28 13:23:00,9971.65,5887
16183.0,4,2010-10-28 14:43:00,2011-10-03 14:59:00,1077.81,351
16184.0,6,2011-05-12 13:33:00,2011-10-06 17:43:00,1155.54,560
16185.0,3,2010-05-24 11:04:00,2011-11-23 09:41:00,644.72,321
16186.0,26,2009-12-09 15:36:00,2011-11-17 12:43:00,8676.23,6566
16187.0,15,2011-02-28 13:34:00,2011-11-08 09:50:00,6841.24,5004
16188.0,5,2010-10-27 11:50:00,2011-10-26 12:19:00,1077.71,837
16189.0,2,2011-09-15 15:21:00,2011-11-24 11:47:00,215.48,134
16190.0,8,2009-12-14 11:59:00,2011-10-30 15:59:00,2723.55,1231
16191.0,24,2009-12-11 12:24:00,2011-12-07 11:26:00,15155.17,9143
16192.0,1,2009-12-04 12:28:00,2009-12-04 12:28:00,351.3,208
16193.0,2,2010-10-25 10:25:00,2011-04-17 11:45:00,630.4300000000001,379
16194.0,1,2010-11-29 13:28:00,2010-11-29 13:28:00,308.6,140
16195.0,1,2009-12-16 14:09:00,2009-12-16 14:09:00,323.25,123
16196.0,1,2010-08-08 11:40:00,2010-08-08 11:40:00,93.3,26
16197.0,9,2009-12-16 11:44:00,2010-08-27 12:56:00,2016.71,1420
16198.0,2,2010-09-28 13:59:00,2011-09-25 14:58:00,1030.0410000000002,384
16199.0,7,2010-03-18 18:47:00,2010-11-12 12:55:00,942.75,321
16200.0,12,2009-12-02 15:04:00,2011-12-05 14:40:00,5594.6,3066
16201.0,5,2010-10-20 12:00:00,2011-12-06 16:02:00,2070.17,1402
16202.0,9,2009-12-02 10:48:00,2010-12-14 10:43:00,2467.04,1282
16203.0,6,2010-07-23 13:09:00,2011-10-12 12:31:00,940.09,536
16204.0,3,2009-12-08 17:44:00,2011-11-16 13:40:00,913.71,667
16205.0,7,2010-06-15 11:58:00,2011-11-09 09:32:00,1813.51,1448
16206.0,13,2010-01-24 15:25:00,2011-10-16 10:41:00,2572.17,1377
16207.0,1,2011-11-14 13:51:00,2011-11-14 13:51:00,394.38,140
16208.0,10,2010-02-24 14:24:00,2011-10-26 11:36:00,3440.4500000000003,1541
16209.0,9,2010-06-11 11:58:00,2011-09-12 11:58:00,4146.78,1895
16210.0,33,2009-12-02 12:54:00,2011-12-08 12:36:00,33545.520000000004,12364
16211.0,3,2010-09-27 15:24:00,2011-09-12 12:11:00,1086.34,518
16212.0,4,2010-02-07 15:26:00,2011-11-20 13:00:00,1284.56,568
16213.0,1,2011-09-22 10:03:00,2011-09-22 10:03:00,159.0,48
16214.0,4,2010-09-30 13:57:00,2011-06-22 11:30:00,2038.25,1308
16215.0,1,2011-09-20 10:18:00,2011-09-20 10:18:00,242.35,104
16216.0,1,2011-03-17 15:34:00,2011-03-17 15:34:00,914.9300000000001,254
16217.0,2,2011-03-02 15:28:00,2011-04-18 13:31:00,266.45,77
16218.0,13,2010-05-27 16:09:00,2011-11-10 09:59:00,3872.3,2754
16219.0,1,2010-07-27 11:44:00,2010-07-27 11:44:00,40.8,48
16221.0,9,2010-08-10 13:32:00,2011-11-03 11:43:00,2011.97,1446
16222.0,2,2009-12-18 14:31:00,2011-01-25 13:38:00,1272.05,463
16223.0,2,2010-11-09 12:07:00,2010-11-30 11:50:00,1087.05,643
16224.0,5,2010-11-17 13:14:00,2011-10-13 17:51:00,1616.54,1555
16225.0,15,2010-02-07 12:41:00,2011-10-26 08:30:00,2813.81,1275
16226.0,5,2010-10-22 11:19:00,2011-05-20 14:41:00,672.1700000000001,521
16227.0,3,2010-06-22 13:28:00,2011-04-28 13:33:00,948.82,382
16228.0,3,2010-11-04 18:54:00,2010-11-19 14:20:00,881.06,554
16229.0,6,2010-05-24 12:59:00,2011-09-13 17:16:00,2835.36,1286
16230.0,2,2011-05-03 15:12:00,2011-06-03 10:06:00,542.03,365
16231.0,4,2010-04-21 12:06:00,2010-11-25 15:00:00,1074.47,563
16232.0,7,2010-06-07 14:04:00,2011-10-27 12:16:00,2692.02,1836
16233.0,9,2009-12-02 13:23:00,2011-09-29 17:27:00,1678.26,666
16234.0,3,2010-05-27 10:39:00,2010-08-20 14:33:00,312.78000000000003,162
16235.0,8,2010-08-26 12:10:00,2011-10-30 10:56:00,1980.6100000000001,779
16236.0,1,2011-09-22 14:10:00,2011-09-22 14:10:00,432.2,184
16237.0,1,2010-09-28 17:02:00,2010-09-28 17:02:00,136.65,57
16238.0,1,2010-10-13 12:36:00,2010-10-13 12:36:00,63.66,85
16239.0,6,2010-09-02 19:17:00,2011-10-14 08:29:00,1450.9,682
16240.0,2,2011-09-23 13:44:00,2011-11-15 14:30:00,3693.81,1634
16241.0,16,2010-10-25 13:40:00,2011-11-30 11:08:00,3989.81,2250
16242.0,14,2010-03-15 16:02:00,2011-12-01 15:12:00,7370.5,3913
16243.0,2,2011-10-16 12:09:00,2011-11-06 12:32:00,409.1,110
16244.0,2,2010-12-02 11:41:00,2011-05-12 10:18:00,1522.75,855
16245.0,3,2011-03-28 09:30:00,2011-11-16 10:14:00,1352.36,1008
16246.0,2,2010-02-08 12:32:00,2010-09-06 12:04:00,821.35,336
16247.0,1,2011-06-22 14:23:00,2011-06-22 14:23:00,114.56,182
16248.0,1,2011-10-09 11:32:00,2011-10-09 11:32:00,152.94,78
16249.0,5,2011-04-14 13:50:00,2011-10-18 10:07:00,1800.07,950
16250.0,3,2010-11-18 10:43:00,2011-03-23 15:07:00,565.24,268
16251.0,1,2010-07-15 14:55:00,2010-07-15 14:55:00,128.31,44
16252.0,1,2010-11-22 11:57:00,2010-11-22 11:57:00,0.0,0
16253.0,7,2009-12-08 17:24:00,2011-10-04 09:09:00,7272.2,6030
16254.0,3,2010-03-17 15:43:00,2010-11-26 13:22:00,967.44,543
16255.0,15,2010-01-24 12:21:00,2011-11-23 12:40:00,4457.59,2841
16256.0,3,2010-04-21 10:34:00,2011-03-18 12:18:00,1609.57,1586
16257.0,1,2011-06-16 10:11:00,2011-06-16 10:11:00,46.95,2
16258.0,15,2010-03-10 14:19:00,2011-10-25 13:30:00,11833.52,7180
16259.0,3,2010-04-13 16:57:00,2010-10-25 14:27:00,340.94,143
16260.0,1,2011-10-20 09:40:00,2011-10-20 09:40:00,1035.45,311
16261.0,6,2010-09-23 16:40:00,2011-11-22 17:23:00,1041.16,454
16262.0,1,2010-11-26 13:22:00,2010-11-26 13:22:00,677.78,429
16263.0,1,2010-10-12 14:52:00,2010-10-12 14:52:00,348.16,197
16264.0,2,2010-09-19 16:14:00,2010-09-27 15:00:00,823.53,616
16265.0,12,2010-10-28 15:18:00,2011-11-30 16:41:00,6893.62,3189
16266.0,14,2010-02-04 16:21:00,2011-09-27 12:08:00,1757.95,791
16267.0,1,2010-04-27 14:10:00,2010-04-27 14:10:00,186.66,198
16268.0,2,2011-09-29 18:30:00,2011-09-29 18:30:00,667.65,533
16269.0,1,2010-09-28 11:50:00,2010-09-28 11:50:00,714.59,577
16270.0,1,2010-12-21 14:26:00,2010-12-21 14:26:00,1141.24,688
16271.0,8,2010-03-07 12:03:00,2011-11-24 12:12:00,3361.87,2356
16272.0,1,2011-08-15 10:53:00,2011-08-15 10:54:00,411.7,224
16273.0,2,2010-02-21 16:02:00,2010-03-01 13:24:00,318.34,40
16274.0,1,2010-12-01 15:35:00,2010-12-01 15:35:00,331.55,151
16275.0,3,2010-03-08 14:41:00,2011-05-27 12:41:00,2151.11,1268
16276.0,3,2010-04-11 12:02:00,2011-06-16 09:34:00,2629.3900000000003,1467
16277.0,1,2009-12-06 11:27:00,2009-12-06 11:27:00,188.69,33
16278.0,3,2010-07-28 15:40:00,2011-08-31 17:12:00,1056.59,327
16279.0,9,2010-04-22 14:09:00,2011-11-18 15:00:00,5685.38,3681
16280.0,1,2009-12-14 15:49:00,2009-12-14 15:49:00,238.05,101
16281.0,3,2010-01-26 13:41:00,2011-09-28 14:57:00,3416.52,1568
16282.0,3,2009-12-21 11:52:00,2011-01-04 11:42:00,1307.5800000000002,790
16283.0,8,2010-02-28 14:12:00,2011-12-04 12:08:00,4256.17,2840
16284.0,3,2010-11-11 13:27:00,2011-11-08 16:12:00,1018.48,674
16285.0,1,2010-03-03 16:03:00,2010-03-03 16:03:00,176.9,60
16286.0,2,2010-03-26 09:58:00,2010-08-19 14:48:00,263.65000000000003,87
16287.0,5,2010-01-19 09:46:00,2011-06-23 09:08:00,1006.98,1426
16288.0,1,2010-08-26 14:45:00,2010-08-26 14:45:00,129.85,19
16289.0,1,2010-09-03 14:02:00,2010-09-03 14:02:00,98.81,87
16290.0,4,2010-05-23 11:46:00,2010-09-01 11:52:00,1957.7,957
16292.0,5,2010-04-14 13:29:00,2011-08-10 12:24:00,1171.46,680
16293.0,15,2009-12-11 09:58:00,2011-11-18 09:58:00,4253.45,1824
16294.0,1,2010-08-20 12:01:00,2010-08-20 12:01:00,126.05000000000001,54
16295.0,4,2011-10-06 10:45:00,2011-11-30 08:17:00,1328.55,841
16296.0,4,2009-12-18 12:03:00,2010-03-23 13:11:00,1245.97,632
16297.0,1,2011-03-16 08:29:00,2011-03-16 08:29:00,278.55,181
16298.0,7,2010-09-23 15:23:00,2011-11-17 11:59:00,1080.0,306
16299.0,1,2010-08-19 17:46:00,2010-08-19 17:46:00,178.65,103
16300.0,3,2010-02-02 11:40:00,2010-10-05 13:14:00,1367.32,643
16301.0,1,2009-12-03 10:20:00,2009-12-03 10:20:00,107.33,41
16302.0,1,2011-08-05 09:44:00,2011-08-05 09:44:00,212.82,134
16303.0,7,2010-03-18 14:12:00,2011-11-14 10:49:00,7823.72,3816
16304.0,1,2010-01-14 08:30:00,2010-01-14 08:30:00,381.66,228
16305.0,1,2011-07-24 12:18:00,2011-07-24 12:18:00,361.22,256
16306.0,7,2010-10-01 09:36:00,2011-05-10 12:12:00,1094.72,696
16307.0,3,2010-05-11 14:40:00,2010-10-06 14:31:00,1194.92,1123
16308.0,7,2009-12-15 15:48:00,2011-11-02 11:24:00,5120.0,16000
16309.0,2,2011-04-13 11:46:00,2011-08-25 15:35:00,686.67,465
16310.0,2,2010-03-07 15:41:00,2010-10-21 14:47:00,460.08,270
16311.0,2,2011-10-21 13:13:00,2011-11-22 08:54:00,616.26,394
16312.0,1,2010-10-03 14:15:00,2010-10-03 14:15:00,171.15,53
16313.0,2,2011-10-21 09:04:00,2011-12-06 13:02:00,274.15000000000003,165
16314.0,3,2010-08-24 11:52:00,2010-11-15 12:06:00,1491.4,636
16315.0,2,2010-06-21 13:53:00,2011-01-13 11:57:00,402.71,143
16316.0,13,2010-08-03 14:38:00,2011-10-06 13:48:00,5533.31,3034
16317.0,5,2010-05-04 10:17:00,2011-08-12 12:46:00,2179.76,1235
16318.0,1,2011-11-04 13:05:00,2011-11-04 13:05:00,328.15,199
16319.0,1,2011-05-06 11:27:00,2011-05-06 11:27:00,404.40000000000003,72
16320.0,6,2010-01-27 13:29:00,2011-06-20 15:25:00,5618.79,3307
16321.0,7,2009-12-01 10:36:00,2011-09-28 14:55:00,265.5,102
16322.0,2,2011-11-03 14:33:00,2011-12-08 15:41:00,326.75,231
16323.0,2,2010-05-11 09:48:00,2011-05-27 14:48:00,353.66,146
16324.0,3,2011-06-15 14:26:00,2011-08-03 12:58:00,408.59,270
16325.0,12,2009-12-04 13:21:00,2011-10-24 08:48:00,3470.9,2418
16326.0,24,2010-01-28 13:23:00,2011-12-04 10:11:00,4601.25,1062
16327.0,16,2009-12-14 13:06:00,2011-11-25 13:23:00,10103.22,8075
16328.0,1,2010-05-25 14:02:00,2010-05-25 14:02:00,310.83,141
16329.0,4,2009-12-01 11:34:00,2010-10-08 12:44:00,1664.92,797
16330.0,7,2010-02-15 12:36:00,2011-11-22 12:24:00,615.68,324
16331.0,6,2010-03-07 10:55:00,2010-10-03 13:47:00,2037.7,756
16332.0,11,2010-04-29 13:41:00,2011-11-11 14:22:00,1977.05,1078
16333.0,22,2011-02-03 10:50:00,2011-12-02 12:19:00,26626.8,32184
16334.0,1,2010-08-04 16:38:00,2010-08-04 16:38:00,263.73,206
16335.0,7,2009-12-04 10:18:00,2010-06-06 11:35:00,2726.52,1000
16336.0,4,2010-03-18 08:05:00,2010-10-15 12:32:00,3517.69,1473
16337.0,1,2011-11-03 10:03:00,2011-11-03 10:03:00,151.05,87
16338.0,1,2011-07-05 13:56:00,2011-07-05 13:56:00,214.8,94
16339.0,1,2011-02-28 13:41:00,2011-02-28 13:41:00,94.05,21
16340.0,3,2010-06-06 13:26:00,2011-08-24 14:53:00,1496.24,1319
16341.0,7,2010-04-09 10:30:00,2011-11-15 09:12:00,3832.29,3006
16342.0,4,2011-06-13 10:10:00,2011-09-25 14:36:00,322.41,157
16343.0,3,2010-10-28 14:15:00,2011-11-23 17:45:00,614.12,345
16344.0,4,2010-02-09 12:16:00,2011-07-04 15:50:00,842.42,706
16345.0,2,2010-08-13 17:13:00,2011-10-26 16:03:00,1178.79,611
16346.0,1,2010-11-19 15:55:00,2010-11-19 15:55:00,224.51,289
16347.0,11,2010-03-12 12:41:00,2011-11-28 13:14:00,3415.56,1709
16348.0,8,2010-10-05 13:57:00,2011-11-07 15:44:00,1742.08,1158
16349.0,1,2011-02-22 12:40:00,2011-02-22 12:40:00,53.5,9
16350.0,9,2010-10-07 16:33:00,2011-11-18 15:53:00,2222.4900000000002,1072
16351.0,13,2009-12-04 16:12:00,2011-01-11 10:26:00,3279.13,2121
16352.0,2,2011-11-02 08:44:00,2011-11-22 10:32:00,494.44,300
16353.0,38,2009-12-07 13:55:00,2011-12-06 12:23:00,9781.93,3478
16354.0,5,2010-04-27 13:33:00,2011-10-07 14:28:00,1119.46,592
16355.0,1,2010-11-29 14:21:00,2010-11-29 14:21:00,349.2,145
16356.0,6,2010-06-06 11:26:00,2011-05-26 11:51:00,414.42,189
16357.0,4,2010-11-23 18:52:00,2011-11-06 16:04:00,868.37,389
16358.0,5,2010-11-10 11:36:00,2011-12-08 15:09:00,2917.1,2064
16359.0,16,2010-02-16 10:39:00,2011-12-02 17:04:00,2379.4,1731
16360.0,6,2011-09-12 13:50:00,2011-12-05 12:16:00,3349.57,2094
16361.0,4,2011-09-29 13:13:00,2011-11-30 12:32:00,891.21,418
16362.0,6,2010-09-28 09:24:00,2011-11-07 13:01:00,816.96,435
16363.0,1,2011-10-17 14:14:00,2011-10-17 14:14:00,109.36000000000001,52
16364.0,2,2011-07-25 14:35:00,2011-11-28 11:27:00,705.79,279
16365.0,15,2009-12-11 12:41:00,2011-11-22 11:24:00,3156.94,1018
16366.0,4,2009-12-16 10:39:00,2011-11-21 08:19:00,1548.13,882
16367.0,3,2010-11-21 13:23:00,2011-11-02 13:13:00,1350.48,1103
16368.0,3,2010-09-30 11:30:00,2011-12-07 13:12:00,621.44,307
16369.0,7,2010-04-07 16:52:00,2011-11-21 16:25:00,2654.48,1585
16370.0,4,2011-04-28 16:40:00,2011-09-18 15:55:00,1301.91,640
16371.0,1,2010-09-17 12:09:00,2010-09-17 12:09:00,157.2,108
16372.0,5,2010-04-11 15:20:00,2011-11-06 13:08:00,1260.31,698
16373.0,2,2010-10-24 13:10:00,2010-11-22 15:50:00,309.49,119
16374.0,5,2010-04-30 13:10:00,2011-10-04 15:21:00,1709.55,768
16375.0,2,2010-08-26 14:12:00,2010-08-26 14:25:00,104.0,74
16376.0,2,2011-11-22 16:47:00,2011-12-01 11:38:00,965.47,686
16377.0,2,2010-04-01 10:36:00,2011-03-17 15:41:00,1308.48,2928
16378.0,3,2011-02-02 12:42:00,2011-04-06 15:07:00,362.95,267
16379.0,4,2011-09-22 09:33:00,2011-12-05 15:38:00,2131.9,1408
16380.0,1,2011-10-09 15:40:00,2011-10-09 15:40:00,1743.1499999999999,1428
16381.0,2,2010-10-17 13:06:00,2010-11-09 09:56:00,247.85,108
16382.0,2,2010-06-07 12:42:00,2010-10-27 16:23:00,353.1,167
16383.0,7,2010-02-04 13:18:00,2011-09-26 12:45:00,2828.94,1583
16384.0,4,2010-04-28 14:01:00,2011-09-11 11:19:00,1358.95,861
16385.0,5,2010-03-18 12:45:00,2011-10-10 13:12:00,881.35,476
16386.0,3,2010-11-17 11:19:00,2011-11-11 12:28:00,1068.16,700
16387.0,5,2010-03-11 12:22:00,2011-01-21 11:34:00,882.46,448
16388.0,1,2010-02-24 10:20:00,2010-02-24 10:20:00,186.05,83
16389.0,4,2011-03-01 15:47:00,2011-10-17 14:41:00,1362.27,1230
16390.0,3,2010-01-29 15:25:00,2010-06-21 10:11:00,467.5,122
16391.0,4,2010-05-27 11:27:00,2010-11-04 12:27:00,1048.86,713
16392.0,3,2010-05-27 11:17:00,2011-03-15 12:11:00,755.45,603
16393.0,23,2009-12-01 12:13:00,2011-12-07 12:51:00,5192.61,2954
16394.0,5,2011-02-23 10:58:00,2011-10-14 09:48:00,1412.06,2317
16395.0,14,2009-12-06 12:26:00,2011-10-10 12:50:00,3438.66,2880
16396.0,1,2010-08-20 14:17:00,2010-08-20 14:17:00,102.7,46
16397.0,1,2010-03-21 15:36:00,2010-03-21 15:36:00,123.13,43
16398.0,2,2011-03-31 09:38:00,2011-07-08 15:16:00,1631.15,745
16399.0,3,2010-11-15 15:03:00,2011-11-20 16:12:00,628.42,434
16400.0,9,2009-12-08 12:38:00,2011-09-06 12:27:00,3059.85,2066
16401.0,23,2010-06-02 13:13:00,2011-12-08 18:15:00,6629.24,5909
16402.0,2,2010-12-05 13:42:00,2011-03-20 12:25:00,293.45,146
16403.0,1,2011-01-31 13:39:00,2011-01-31 13:39:00,161.05,103
16404.0,1,2011-09-30 14:55:00,2011-09-30 14:55:00,430.3,156
16405.0,2,2011-02-02 17:08:00,2011-02-10 15:24:00,167.25,187
16406.0,3,2010-02-24 11:51:00,2011-11-21 11:57:00,509.66,235
16407.0,14,2010-10-03 13:56:00,2011-11-27 11:05:00,2761.65,1448
16408.0,1,2010-04-27 14:08:00,2010-04-27 14:08:00,231.93,227
16409.0,12,2009-12-13 15:38:00,2011-11-03 16:45:00,5652.74,3664
16410.0,1,2009-12-05 14:51:00,2009-12-05 14:51:00,130.32,348
16411.0,4,2010-10-07 15:09:00,2011-11-20 13:23:00,756.39,461
16412.0,5,2010-02-04 13:46:00,2011-10-17 12:35:00,593.19,288
16413.0,2,2010-11-29 12:49:00,2011-10-14 12:08:00,522.03,283
16414.0,5,2010-01-14 10:21:00,2011-11-18 09:42:00,551.21,201
16415.0,3,2010-02-01 12:30:00,2011-10-26 13:35:00,696.76,508
16416.0,9,2010-02-23 12:00:00,2011-11-13 12:50:00,2937.88,2182
16417.0,1,2010-08-04 09:08:00,2010-08-04 09:08:00,35.7,6
16418.0,5,2010-10-13 12:31:00,2011-10-26 12:39:00,1028.74,564
16419.0,8,2010-02-09 13:26:00,2011-08-19 12:33:00,1450.95,700
16420.0,1,2010-11-08 15:15:00,2010-11-08 15:15:00,75.0,120
16421.0,3,2010-08-27 12:02:00,2010-11-28 13:31:00,526.27,123
16422.0,108,2010-01-12 11:57:00,2011-11-22 14:00:00,60011.97,62271
16423.0,1,2011-11-15 09:21:00,2011-11-15 09:21:00,346.12,230
16424.0,2,2010-11-22 11:24:00,2011-06-01 13:40:00,392.06,206
16425.0,1,2011-02-10 14:30:00,2011-02-10 14:30:00,302.7,199
16426.0,10,2011-03-08 15:45:00,2011-12-07 14:01:00,1863.76,1215
16427.0,2,2011-02-28 15:18:00,2011-03-21 17:10:00,241.06,156
16428.0,3,2010-07-30 12:10:00,2010-10-22 12:22:00,635.54,574
16429.0,1,2011-08-25 13:54:00,2011-08-25 13:54:00,284.55,9
16430.0,6,2010-01-27 12:45:00,2011-10-13 14:47:00,1102.94,306
16431.0,3,2011-02-15 14:02:00,2011-05-10 14:09:00,623.28,442
16432.0,1,2011-10-06 13:59:00,2011-10-06 13:59:00,287.40000000000003,276
16433.0,2,2010-10-27 12:26:00,2011-11-11 14:09:00,384.52,214
16434.0,12,2010-01-17 14:51:00,2011-11-10 14:28:00,2658.99,1303
16435.0,3,2010-07-13 13:29:00,2010-07-15 18:22:00,1003.07,608
16436.0,3,2009-12-06 16:02:00,2010-02-09 13:19:00,231.84,205
16437.0,2,2010-10-06 12:34:00,2010-11-23 16:59:00,301.25,197
16438.0,5,2011-09-18 13:31:00,2011-12-04 10:51:00,798.35,463
16439.0,1,2009-12-17 14:22:00,2009-12-17 14:22:00,310.70000000000005,74
16440.0,6,2010-08-03 11:32:00,2011-12-02 12:02:00,3856.9700000000003,2108
16441.0,5,2010-03-22 18:00:00,2011-10-03 17:48:00,1002.23,476
16442.0,5,2009-12-13 11:05:00,2011-12-08 11:43:00,891.98,580
16443.0,1,2010-07-07 11:57:00,2010-07-07 11:57:00,162.24,96
16444.0,17,2010-03-24 14:06:00,2011-10-24 13:50:00,3558.63,1934
16445.0,4,2010-10-24 12:39:00,2011-11-06 12:32:00,583.16,287
16446.0,2,2011-05-18 09:52:00,2011-12-09 09:15:00,-6.100000000005821,0
16447.0,3,2010-02-17 14:09:00,2011-07-27 12:45:00,727.1,315
16448.0,2,2010-08-25 16:58:00,2011-05-25 16:28:00,361.12,176
16449.0,2,2011-03-04 12:15:00,2011-05-26 10:25:00,674.69,359
16450.0,3,2010-02-21 15:46:00,2011-07-13 11:47:00,1475.73,657
16451.0,3,2009-12-04 15:11:00,2011-09-13 09:17:00,1009.4,521
16452.0,2,2010-01-15 12:22:00,2010-03-19 12:39:00,332.17,199
16453.0,2,2010-06-09 13:15:00,2010-06-27 12:46:00,251.71,139
16454.0,3,2010-04-07 15:54:00,2011-10-06 16:57:00,20.950000000000003,6
16455.0,11,2010-03-30 10:31:00,2011-10-07 12:17:00,3917.92,2808
16456.0,13,2010-03-29 11:16:00,2011-09-01 13:50:00,6000.9400000000005,3296
16457.0,1,2011-05-05 13:19:00,2011-05-05 13:19:00,208.36,140
16458.0,30,2010-05-26 14:38:00,2011-12-07 09:34:00,5690.89,3395
16459.0,1,2009-12-10 12:42:00,2009-12-10 12:42:00,71.79,59
16460.0,3,2011-09-19 10:15:00,2011-11-11 13:46:00,811.23,876
16461.0,3,2010-03-03 13:57:00,2011-06-15 12:07:00,1539.83,927
16462.0,3,2011-03-01 08:58:00,2011-09-27 10:24:00,102.0,12
16463.0,4,2011-05-19 14:45:00,2011-11-18 14:01:00,1383.7,1135
16464.0,3,2011-07-20 13:53:00,2011-11-20 12:11:00,1298.66,952
16465.0,2,2010-09-21 10:46:00,2010-10-15 09:27:00,726.34,502
16466.0,15,2010-03-07 14:31:00,2011-11-06 11:35:00,3642.09,1776
16467.0,7,2009-12-02 11:59:00,2010-07-19 11:49:00,2862.4,7380
16468.0,3,2010-08-15 13:10:00,2011-09-26 14:13:00,787.52,371
16469.0,5,2010-07-13 13:17:00,2011-11-16 12:25:00,803.9,332
16470.0,11,2009-12-11 12:21:00,2011-10-19 12:11:00,2411.9,1334
16471.0,4,2010-02-25 10:07:00,2011-03-10 09:41:00,1186.18,666
16472.0,2,2010-04-21 11:48:00,2010-10-01 13:56:00,789.6,252
16473.0,4,2010-11-30 16:29:00,2011-06-28 09:10:00,469.58,295
16474.0,7,2011-07-17 14:51:00,2011-12-02 13:02:00,1750.46,882
16475.0,4,2011-03-11 09:39:00,2011-09-12 14:37:00,544.3,319
16476.0,1,2010-10-04 10:29:00,2010-10-04 10:29:00,337.0,182
16477.0,11,2010-08-12 09:43:00,2011-10-07 09:44:00,4094.3700000000003,2507
16478.0,3,2011-10-05 12:02:00,2011-11-14 15:51:00,331.0,224
16479.0,2,2011-11-29 13:04:00,2011-11-29 13:40:00,300.83,102
16480.0,1,2011-09-25 11:40:00,2011-09-25 11:40:00,769.29,455
16481.0,1,2010-01-26 13:09:00,2010-01-26 13:09:00,430.93,186
16482.0,1,2011-11-24 12:33:00,2011-11-24 12:33:00,220.62,346
16483.0,1,2011-05-31 13:08:00,2011-05-31 13:08:00,139.35,44
16484.0,2,2011-06-02 10:39:00,2011-06-19 12:06:00,379.4,194
16485.0,5,2009-12-06 12:28:00,2011-09-23 15:50:00,2130.19,1126
16486.0,1,2010-06-20 12:16:00,2010-06-20 12:16:00,134.36,24
16487.0,2,2010-02-18 17:36:00,2010-05-11 13:38:00,209.4,163
16488.0,3,2011-07-14 11:46:00,2011-11-06 13:42:00,492.2,724
16489.0,2,2010-09-29 15:02:00,2010-11-24 14:40:00,303.7,38
16490.0,1,2010-09-29 16:30:00,2010-09-29 16:30:00,179.16000000000003,106
16491.0,2,2010-10-22 15:42:00,2011-10-24 10:18:00,1524.31,1057
16492.0,1,2010-06-17 08:20:00,2010-06-17 08:20:00,385.56,235
16493.0,7,2010-03-26 13:05:00,2011-09-21 11:10:00,2110.12,1937
16494.0,1,2011-02-16 12:49:00,2011-02-16 12:49:00,826.53,675
16495.0,3,2011-03-08 16:38:00,2011-12-06 13:20:00,648.26,328
16496.0,6,2010-07-18 13:42:00,2011-12-01 10:31:00,2293.4700000000003,1744
16497.0,23,2009-12-03 14:11:00,2011-10-21 10:55:00,6695.28,3050
16498.0,2,2011-06-30 19:52:00,2011-07-01 15:07:00,86.12,42
16499.0,8,2010-06-11 12:22:00,2010-12-14 13:31:00,2509.64,1354
16500.0,9,2010-06-14 14:54:00,2011-12-05 12:04:00,835.96,385
16501.0,1,2010-11-21 14:10:00,2010-11-21 14:10:00,1191.23,628
16502.0,2,2010-03-29 13:39:00,2010-03-29 13:44:00,258.55,220
16503.0,11,2010-06-21 14:07:00,2011-08-25 11:46:00,3597.89,1532
16504.0,1,2011-11-14 15:18:00,2011-11-14 15:18:00,465.88,510
16505.0,1,2011-11-08 12:14:00,2011-11-08 12:14:00,777.6,576
16506.0,2,2011-10-30 15:50:00,2011-11-20 12:17:00,90.30000000000001,42
16507.0,1,2010-05-16 12:56:00,2010-05-16 12:56:00,142.71,111
16508.0,1,2010-03-19 13:41:00,2010-03-19 13:41:00,240.95,103
16509.0,1,2011-02-16 09:25:00,2011-02-16 09:25:00,363.70000000000005,64
16510.0,6,2010-01-17 12:30:00,2010-12-02 13:39:00,1757.25,927
16511.0,6,2010-03-01 12:21:00,2011-11-18 10:41:00,1758.49,765
16513.0,4,2011-10-27 14:56:00,2011-12-05 10:18:00,874.59,407
16515.0,10,2010-06-17 12:17:00,2011-10-18 13:10:00,3179.06,1573
16516.0,1,2011-11-09 14:59:00,2011-11-09 14:59:00,101.69999999999999,58
16517.0,1,2011-03-07 13:50:00,2011-03-07 13:50:00,162.70000000000002,96
16518.0,4,2010-06-01 13:31:00,2011-10-09 15:04:00,938.27,516
16519.0,4,2010-03-01 13:51:00,2011-11-14 15:41:00,436.96,149
16520.0,6,2010-03-02 16:50:00,2011-06-06 13:24:00,2131.68,1043
16521.0,3,2010-03-01 13:22:00,2010-10-20 13:09:00,1136.36,1013
16522.0,2,2010-09-15 13:32:00,2010-09-30 10:54:00,433.36,212
16523.0,28,2010-01-24 13:14:00,2011-12-08 09:06:00,11760.54,4942
16524.0,2,2010-01-17 13:16:00,2010-09-19 13:37:00,306.19,259
16525.0,48,2009-12-02 13:53:00,2011-12-07 15:07:00,22919.4,13492
16526.0,2,2010-05-04 16:34:00,2011-06-21 12:02:00,717.21,279
16527.0,2,2010-10-11 13:25:00,2011-09-19 16:21:00,1232.94,708
16528.0,1,2011-12-06 12:45:00,2011-12-06 12:45:00,244.41,171
16529.0,4,2010-06-27 13:29:00,2011-06-02 17:23:00,1986.8,739
16530.0,1,2010-02-09 15:30:00,2010-02-09 15:30:00,48.35,17
16531.0,11,2010-09-24 09:49:00,2011-11-17 16:29:00,2263.58,1858
16532.0,5,2010-03-29 10:26:00,2011-11-22 11:08:00,8756.64,2544
16533.0,3,2011-10-02 15:07:00,2011-11-20 13:08:00,1014.19,513
16534.0,1,2010-03-07 15:47:00,2010-03-07 15:47:00,635.9,168
16535.0,2,2010-11-19 13:01:00,2011-12-04 15:18:00,952.04,663
16536.0,1,2011-08-21 15:54:00,2011-08-21 15:54:00,538.17,249
16537.0,1,2010-03-08 13:41:00,2010-03-08 13:41:00,10.55,19
16538.0,3,2010-04-23 16:25:00,2010-06-16 16:59:00,395.07,254
16539.0,10,2010-06-25 15:24:00,2011-12-07 08:41:00,3289.66,1014
16540.0,1,2010-10-21 17:22:00,2010-10-21 17:22:00,205.75,105
16541.0,1,2009-12-04 13:22:00,2009-12-04 13:22:00,419.78,172
16542.0,2,2010-11-03 14:44:00,2011-10-17 10:47:00,257.32,142
16543.0,1,2010-04-27 11:38:00,2010-04-27 11:38:00,277.81,303
16544.0,4,2010-02-15 13:20:00,2010-07-08 11:11:00,110.30000000000001,54
16545.0,2,2010-11-29 10:39:00,2011-06-28 10:37:00,689.82,322
16546.0,5,2010-09-23 15:43:00,2011-02-22 11:20:00,4421.04,3358
16547.0,1,2010-06-11 13:02:00,2010-06-11 13:02:00,104.25999999999999,108
16548.0,1,2010-04-19 16:15:00,2010-04-19 16:15:00,30.15,6
16549.0,34,2010-03-28 15:45:00,2011-11-29 15:06:00,12759.25,7082
16550.0,18,2009-12-02 11:24:00,2011-08-23 11:12:00,8550.92,5345
16551.0,7,2009-12-13 16:12:00,2011-09-05 09:38:00,2237.12,2076
16552.0,2,2010-12-01 12:36:00,2011-04-11 10:04:00,379.73,219
16553.0,33,2010-02-11 18:46:00,2011-06-29 15:42:00,16500.12,16403
16554.0,8,2009-12-15 09:42:00,2011-10-28 14:51:00,2407.17,1169
16555.0,6,2010-07-22 13:39:00,2011-11-04 14:31:00,285.89,175
16556.0,17,2009-12-07 10:51:00,2011-10-04 11:36:00,7610.2300000000005,4329
16557.0,2,2011-07-25 13:28:00,2011-11-15 14:04:00,281.85,111
16558.0,38,2009-12-03 18:11:00,2011-12-09 10:20:00,13149.56,7758
16559.0,1,2010-11-07 13:52:00,2010-11-07 13:52:00,175.0,61
16560.0,8,2009-12-08 12:05:00,2011-11-13 10:35:00,3010.73,1596
16561.0,2,2011-10-11 09:53:00,2011-12-04 11:50:00,511.12,244
16562.0,1,2010-08-20 11:45:00,2010-08-20 11:45:00,223.86,264
16563.0,6,2009-12-01 18:35:00,2011-10-17 11:51:00,4402.36,2572
16564.0,1,2010-05-19 14:41:00,2010-05-19 14:41:00,87.80000000000001,40
16565.0,4,2010-06-02 12:47:00,2010-12-10 15:21:00,700.45,191
16566.0,5,2011-02-20 10:29:00,2011-11-24 16:34:00,614.01,361
16567.0,2,2011-01-07 09:31:00,2011-05-29 13:57:00,865.6,996
16568.0,2,2010-03-08 14:51:00,2010-10-08 10:54:00,1020.9,366
16569.0,5,2009-12-16 15:05:00,2011-12-06 15:32:00,1455.23,988
16570.0,20,2010-03-30 09:32:00,2011-11-24 17:02:00,6844.81,4141
16571.0,10,2010-03-18 09:12:00,2011-11-13 11:46:00,4025.05,3601
16572.0,3,2011-03-09 12:04:00,2011-08-04 16:34:00,999.7,530
16573.0,2,2011-02-22 15:14:00,2011-09-16 09:13:00,648.41,354
16574.0,3,2010-02-19 11:46:00,2011-09-29 13:39:00,1301.78,1002
16576.0,2,2010-07-06 10:42:00,2010-10-15 13:37:00,513.1700000000001,309
16577.0,1,2010-02-11 09:45:00,2010-02-11 09:45:00,380.0,142
16578.0,1,2010-03-23 15:11:00,2010-03-23 15:11:00,156.6,108
16579.0,1,2010-10-10 11:58:00,2010-10-10 11:58:00,264.45,107
16581.0,1,2011-06-10 10:05:00,2011-06-10 10:05:00,70.44,122
16582.0,1,2011-08-18 17:02:00,2011-08-18 17:02:00,313.62,164
16583.0,2,2010-02-04 12:18:00,2010-12-01 12:03:00,297.95,153
16584.0,5,2010-02-16 10:41:00,2011-09-20 13:45:00,3077.9700000000003,1885
16585.0,2,2010-01-13 13:31:00,2010-04-25 10:34:00,341.59000000000003,151
16586.0,3,2010-03-14 11:24:00,2011-04-05 09:32:00,1462.78,348
16587.0,1,2011-04-21 15:51:00,2011-04-21 15:51:00,225.15,71
16588.0,4,2010-05-14 13:43:00,2010-11-18 17:56:00,1361.28,882
16589.0,4,2010-09-15 14:56:00,2011-09-29 14:50:00,612.36,536
16590.0,2,2010-10-21 12:09:00,2010-11-04 09:06:00,563.6,234
16591.0,1,2011-10-02 10:43:00,2011-10-02 10:43:00,213.5,41
16592.0,28,2009-12-18 15:57:00,2011-12-05 13:49:00,7624.46,5424
16593.0,8,2009-12-05 10:44:00,2011-10-20 12:41:00,1051.24,375
16594.0,1,2011-09-25 14:08:00,2011-09-25 14:08:00,181.09,64
16595.0,5,2010-01-17 12:12:00,2011-10-09 13:15:00,1757.75,1331
16596.0,4,2009-12-10 13:09:00,2011-11-24 10:02:00,458.98,180
16597.0,1,2011-12-05 15:44:00,2011-12-05 15:44:00,90.04,184
16598.0,1,2011-02-27 11:42:00,2011-02-27 11:42:00,140.7,70
16599.0,1,2010-11-19 12:45:00,2010-11-19 12:45:00,172.8,159
16600.0,13,2009-12-18 12:59:00,2011-12-05 16:00:00,2093.56,2395
16601.0,3,2010-03-26 13:39:00,2011-10-30 11:09:00,675.83,388
16602.0,2,2010-11-16 09:13:00,2011-11-03 15:54:00,711.63,406
16603.0,2,2011-09-09 13:02:00,2011-09-26 10:06:00,482.47,480
16604.0,2,2010-05-20 16:34:00,2010-05-26 09:10:00,326.25,115
16605.0,1,2009-12-15 19:03:00,2009-12-15 19:03:00,60.48,144
16606.0,2,2010-10-01 13:21:00,2010-10-31 13:57:00,357.66,148
16607.0,25,2010-04-29 14:01:00,2011-11-22 10:24:00,5375.18,4390
16608.0,2,2010-02-14 11:57:00,2010-09-12 11:44:00,1286.6200000000001,612
16609.0,7,2011-04-01 10:11:00,2011-11-24 13:32:00,5450.96,2410
16610.0,1,2011-05-04 13:13:00,2011-05-04 13:13:00,75.66,66
16611.0,6,2010-03-10 16:07:00,2011-06-06 15:46:00,1776.63,873
16612.0,9,2009-12-03 15:54:00,2011-11-07 07:38:00,3243.48,1418
16613.0,1,2011-09-30 15:52:00,2011-09-30 15:52:00,618.59,293
16614.0,3,2010-05-10 15:18:00,2011-06-10 11:36:00,1179.79,349
16615.0,1,2010-03-23 15:13:00,2010-03-23 15:13:00,264.5,207
16616.0,2,2011-07-05 13:38:00,2011-11-24 16:31:00,500.42,370
16617.0,1,2011-04-18 10:35:00,2011-04-18 10:35:00,151.85,91
16618.0,5,2011-01-21 11:55:00,2011-11-08 13:52:00,2630.64,1362
16619.0,4,2010-02-22 12:05:00,2011-03-21 08:18:00,1916.53,1051
16620.0,6,2009-12-01 14:35:00,2011-12-06 12:19:00,1758.93,1146
16621.0,4,2011-03-07 11:32:00,2011-10-19 11:38:00,813.48,302
16622.0,1,2010-06-14 10:44:00,2010-06-14 10:44:00,205.6,40
16623.0,4,2010-04-26 14:04:00,2011-04-08 10:09:00,1002.49,441
16624.0,2,2011-05-26 14:20:00,2011-09-20 12:39:00,810.5699999999999,488
16625.0,5,2010-06-14 11:56:00,2011-03-10 12:50:00,1651.08,1056
16626.0,17,2011-03-18 12:27:00,2011-12-09 11:56:00,4379.65,2670
16627.0,1,2011-09-21 14:38:00,2011-09-21 14:38:00,322.8,162
16628.0,7,2010-03-08 12:24:00,2011-11-10 12:45:00,2313.09,1257
16629.0,2,2011-09-04 16:12:00,2011-09-27 10:34:00,408.63,489
16630.0,1,2010-10-28 14:30:00,2010-10-28 14:30:00,104.30000000000001,70
16631.0,7,2010-02-26 10:49:00,2010-08-15 11:20:00,1867.02,773
16632.0,2,2010-05-07 16:46:00,2010-08-11 11:39:00,406.4,256
16633.0,6,2011-04-19 14:36:00,2011-11-22 13:41:00,2878.15,1137
16634.0,6,2010-01-21 09:30:00,2011-05-01 12:09:00,1198.3,488
16635.0,1,2010-10-29 09:41:00,2010-10-29 09:41:00,473.0,277
16636.0,4,2010-03-03 14:06:00,2010-09-27 13:13:00,3802.04,2186
16637.0,4,2011-04-28 10:20:00,2011-11-07 13:17:00,1124.59,891
16638.0,15,2010-08-18 13:33:00,2011-11-17 11:09:00,2375.88,1626
16639.0,4,2010-10-26 18:23:00,2011-11-08 13:20:00,1659.8500000000001,744
16640.0,1,2010-11-07 10:48:00,2010-11-07 10:48:00,179.4,146
16641.0,2,2010-01-07 12:22:00,2011-08-26 12:49:00,554.5,454
16642.0,3,2010-10-20 14:22:00,2011-12-05 11:31:00,1051.46,744
16643.0,2,2010-10-13 09:47:00,2011-04-08 08:24:00,915.5600000000001,550
16644.0,2,2011-05-11 12:53:00,2011-06-15 12:39:00,833.78,826
16645.0,1,2009-12-04 09:49:00,2009-12-04 09:49:00,160.39,117
16646.0,1,2010-09-16 13:28:00,2010-09-16 13:28:00,675.05,1071
16647.0,4,2010-06-13 15:52:00,2011-06-23 11:47:00,541.9,396
16648.0,3,2010-04-28 14:58:00,2011-10-28 08:58:00,653.0,491
16649.0,1,2010-07-07 15:41:00,2010-07-07 15:41:00,306.58,82
16650.0,7,2010-07-08 14:18:00,2011-09-29 09:51:00,1916.11,1511
16651.0,1,2010-05-02 11:46:00,2010-05-02 11:46:00,136.2,60
16652.0,16,2010-03-17 10:22:00,2011-10-12 09:38:00,17312.83,7446
16653.0,2,2011-09-29 13:38:00,2011-11-23 14:51:00,1166.92,723
16654.0,8,2010-04-06 13:29:00,2011-07-21 15:23:00,1477.77,638
16655.0,13,2010-01-31 15:40:00,2011-11-22 11:25:00,6423.26,3938
16656.0,30,2009-12-04 12:59:00,2011-11-17 14:43:00,16307.720000000001,14987
16657.0,4,2011-03-30 12:02:00,2011-11-30 11:48:00,874.43,1130
16658.0,5,2010-03-30 16:24:00,2010-12-06 13:47:00,563.48,228
16659.0,1,2011-06-03 15:03:00,2011-06-03 15:03:00,39.12,72
16660.0,7,2010-01-14 11:09:00,2011-11-23 14:53:00,1422.3500000000001,871
16661.0,4,2009-12-17 15:39:00,2010-06-17 15:24:00,788.31,275
16662.0,1,2010-11-10 16:56:00,2010-11-10 16:56:00,151.05,35
16663.0,1,2009-12-10 13:12:00,2009-12-10 13:12:00,165.0,100
16664.0,1,2010-05-19 17:11:00,2010-05-19 17:11:00,109.2,24
16665.0,1,2010-12-12 14:03:00,2010-12-12 14:03:00,135.4,59
16666.0,2,2010-03-28 15:13:00,2011-11-20 14:01:00,217.71,354
16667.0,2,2011-02-28 12:57:00,2011-10-02 15:26:00,567.18,236
16668.0,13,2010-03-18 18:25:00,2011-11-24 17:43:00,862.42,773
16669.0,2,2011-09-22 14:13:00,2011-11-16 12:26:00,1344.48,871
16670.0,20,2009-12-10 15:28:00,2011-11-23 09:34:00,7786.66,4451
16671.0,3,2011-06-28 11:20:00,2011-11-11 13:40:00,1692.27,875
16672.0,20,2011-03-18 10:15:00,2011-12-07 16:29:00,8119.6900000000005,2830
16673.0,1,2010-01-29 14:22:00,2010-01-29 14:22:00,171.13,95
16674.0,2,2011-09-02 13:59:00,2011-10-16 11:31:00,304.24,181
16675.0,2,2010-08-18 13:11:00,2010-09-24 12:15:00,608.86,296
16676.0,6,2010-10-17 13:07:00,2011-11-06 12:01:00,2328.5,922
16677.0,2,2010-02-25 16:11:00,2010-10-24 14:53:00,849.77,454
16678.0,12,2011-03-02 09:24:00,2011-12-07 12:17:00,3025.24,2370
16679.0,3,2010-06-10 18:35:00,2010-12-08 13:51:00,663.3100000000001,247
16680.0,3,2010-06-23 09:30:00,2011-10-27 17:35:00,821.45,377
16681.0,7,2010-03-08 14:10:00,2011-09-28 11:11:00,1921.8400000000001,1492
16682.0,5,2011-06-05 11:02:00,2011-12-05 12:13:00,1028.0,1040
16683.0,1,2010-06-24 10:36:00,2010-06-24 10:36:00,309.35,188
16684.0,55,2009-12-07 12:56:00,2011-12-05 14:06:00,141530.29,101096
16685.0,2,2011-10-09 13:44:00,2011-10-09 13:58:00,324.24,396
16686.0,16,2009-12-06 15:48:00,2011-10-23 13:49:00,4861.72,3414
16687.0,1,2010-11-14 11:46:00,2010-11-14 11:46:00,157.63,141
16688.0,4,2011-10-10 12:23:00,2011-12-08 15:24:00,1260.8600000000001,804
16689.0,2,2011-09-18 13:29:00,2011-09-25 11:39:00,355.1,312
16690.0,4,2010-09-14 15:00:00,2011-09-28 15:02:00,336.08,208
16691.0,2,2010-05-27 14:55:00,2010-10-17 15:03:00,178.83,92
16692.0,4,2010-09-24 11:31:00,2011-03-28 14:46:00,1764.6999999999998,877
16693.0,5,2010-02-21 12:42:00,2011-10-02 11:10:00,1179.48,658
16694.0,1,2009-12-16 15:45:00,2009-12-16 15:45:00,98.30000000000001,26
16695.0,2,2010-05-27 12:24:00,2010-05-27 12:36:00,191.9,184
16696.0,4,2011-04-05 15:20:00,2011-07-27 14:23:00,657.9,146
16697.0,1,2011-04-12 17:12:00,2011-04-12 17:12:00,112.75,27
16698.0,2,2011-03-31 13:33:00,2011-04-27 10:52:00,1998.0,840
16699.0,7,2009-12-04 13:31:00,2010-11-24 14:38:00,964.9,634
16700.0,25,2009-12-02 10:51:00,2011-12-01 11:00:00,8747.12,6625
16701.0,26,2009-12-01 19:19:00,2011-12-01 11:10:00,9614.59,10817
16702.0,4,2009-12-07 16:40:00,2010-10-20 14:10:00,1099.58,689
16704.0,2,2010-02-05 14:14:00,2010-03-31 14:02:00,664.16,433
16705.0,42,2009-12-09 13:34:00,2011-12-09 12:08:00,42653.141,22001
16706.0,3,2011-08-17 15:53:00,2011-11-02 13:50:00,531.35,249
16707.0,4,2010-03-09 15:16:00,2010-11-04 14:39:00,533.41,396
16708.0,1,2011-10-25 12:20:00,2011-10-25 12:20:00,656.63,285
16709.0,14,2009-12-09 13:16:00,2011-09-16 10:56:00,9056.01,3261
16710.0,22,2009-12-04 13:41:00,2011-11-20 14:50:00,5908.6,4173
16711.0,9,2009-12-02 13:22:00,2011-12-06 16:32:00,2751.48,1186
16712.0,13,2010-11-03 15:45:00,2011-11-30 13:48:00,4225.22,2071
16713.0,32,2009-12-15 12:49:00,2011-11-21 12:36:00,13943.36,8458
16714.0,3,2010-02-07 11:17:00,2011-01-26 13:46:00,1209.38,812
16715.0,2,2010-05-26 12:35:00,2011-09-22 18:15:00,625.52,1174
16716.0,3,2010-03-19 11:05:00,2011-03-18 10:03:00,1568.2800000000002,836
16717.0,14,2009-12-07 15:55:00,2011-11-16 12:16:00,5987.41,2824
16718.0,5,2009-12-06 13:07:00,2010-12-05 13:03:00,3006.08,1924
16719.0,14,2009-12-13 10:59:00,2011-11-25 09:27:00,3363.87,2285
16720.0,3,2009-12-17 17:54:00,2011-11-13 16:22:00,556.6899999999999,452
16721.0,1,2011-03-22 16:08:00,2011-03-22 16:08:00,292.47,172
16722.0,22,2009-12-03 19:23:00,2011-11-22 13:28:00,8168.31,7973
16723.0,4,2009-12-04 13:23:00,2011-09-09 13:01:00,1231.3600000000001,958
16724.0,1,2010-10-31 11:40:00,2010-10-31 11:40:00,147.35,69
16725.0,13,2009-12-13 15:54:00,2011-02-10 16:52:00,1675.41,697
16726.0,7,2010-10-24 16:09:00,2011-11-13 14:53:00,2063.88,1323
16727.0,4,2010-01-20 10:48:00,2010-12-10 13:48:00,1377.77,1066
16728.0,4,2011-03-20 13:28:00,2011-10-24 14:36:00,1048.28,671
16729.0,21,2011-04-12 14:22:00,2011-11-01 14:29:00,7045.41,5706
16730.0,3,2011-01-24 14:01:00,2011-10-18 14:11:00,702.79,898
16731.0,1,2010-03-01 15:05:00,2010-03-01 15:05:00,170.3,124
16732.0,4,2009-12-08 13:04:00,2011-11-08 09:54:00,3966.79,2382
16733.0,1,2010-06-28 10:12:00,2010-06-28 10:12:00,259.68,112
16734.0,3,2011-08-17 15:00:00,2011-10-18 13:44:00,646.76,345
16735.0,14,2009-12-08 09:24:00,2011-09-22 11:49:00,5578.860000000001,3931
16736.0,5,2009-12-03 16:12:00,2010-07-22 10:09:00,2904.51,1039
16737.0,2,2010-05-11 09:53:00,2011-10-17 13:03:00,835.2,576
16738.0,1,2011-02-15 09:46:00,2011-02-15 09:46:00,3.75,3
16739.0,2,2010-06-21 09:38:00,2011-06-16 09:17:00,772.23,387
16740.0,1,2010-11-09 13:34:00,2010-11-09 13:34:00,226.91,110
16741.0,1,2010-03-24 15:15:00,2010-03-24 15:15:00,173.06,81
16742.0,13,2009-12-16 17:22:00,2010-08-04 10:52:00,1870.0700000000002,2367
16743.0,14,2010-04-22 13:21:00,2011-11-10 13:13:00,4165.9,3670
16744.0,7,2011-06-19 15:13:00,2011-11-28 13:06:00,1291.91,798
16745.0,17,2011-02-01 11:31:00,2011-09-14 11:58:00,7157.1,6711
16746.0,42,2009-12-04 13:00:00,2011-12-05 12:33:00,18010.5,11890
16747.0,2,2011-10-03 10:18:00,2011-11-02 11:37:00,826.96,577
16748.0,14,2009-12-10 12:28:00,2011-11-22 10:17:00,3632.29,2115
16749.0,2,2009-12-15 14:05:00,2010-04-27 13:06:00,4157.88,1910
16750.0,5,2011-04-21 16:53:00,2011-10-26 12:48:00,623.9300000000001,214
16751.0,1,2011-11-09 10:48:00,2011-11-09 10:48:00,1764.72,1031
16752.0,1,2010-12-02 12:18:00,2010-12-02 12:18:00,207.5,54
16753.0,1,2011-10-12 13:14:00,2011-10-12 13:14:00,223.92000000000002,189
16754.0,29,2010-03-08 11:32:00,2010-12-02 17:38:00,54692.82,54598
16755.0,7,2009-12-09 14:25:00,2011-08-17 13:21:00,2846.13,1978
16756.0,7,2010-03-09 15:56:00,2011-05-09 09:33:00,1287.42,700
16757.0,2,2010-10-26 15:09:00,2011-01-25 11:59:00,270.48,180
16758.0,1,2011-10-05 14:47:00,2011-10-05 14:47:00,369.34,203
16759.0,3,2011-11-09 09:06:00,2011-12-02 12:42:00,772.84,608
16760.0,1,2010-10-05 15:55:00,2010-10-05 15:55:00,228.0,168
16761.0,1,2011-09-04 11:15:00,2011-09-04 11:15:00,316.62,341
16762.0,3,2011-07-18 12:52:00,2011-11-20 11:43:00,1207.24,480
16763.0,2,2009-12-01 15:26:00,2011-05-25 11:52:00,947.75,491
16764.0,13,2011-07-19 17:17:00,2011-12-06 11:41:00,2749.95,1241
16765.0,2,2010-11-22 13:42:00,2011-02-18 15:41:00,454.75,311
16766.0,2,2011-03-11 13:34:00,2011-03-11 15:22:00,1145.6,536
16767.0,15,2010-04-28 16:49:00,2011-11-09 09:42:00,7950.41,7075
16768.0,9,2009-12-07 11:47:00,2011-10-23 10:38:00,1637.52,762
16769.0,4,2009-12-14 11:10:00,2011-03-24 13:41:00,1117.05,295
16770.0,9,2010-08-22 16:08:00,2011-10-13 12:21:00,1746.83,1038
16771.0,10,2009-12-09 11:52:00,2011-11-06 13:28:00,3921.1,2290
16772.0,3,2009-12-18 10:50:00,2010-10-12 13:19:00,2760.1,558
16773.0,3,2009-12-06 15:01:00,2011-10-13 14:37:00,421.24,252
16774.0,8,2010-02-16 16:53:00,2011-10-03 12:41:00,1560.88,770
16775.0,16,2010-09-23 17:34:00,2011-11-29 15:22:00,2739.24,861
16776.0,2,2010-10-20 12:13:00,2011-10-10 13:04:00,592.51,435
16777.0,5,2010-03-17 12:42:00,2011-09-20 13:41:00,1261.43,465
16778.0,2,2011-03-10 15:21:00,2011-09-26 13:48:00,245.94,194
16779.0,53,2009-12-03 13:03:00,2011-12-07 14:54:00,32522.4,19284
16780.0,3,2010-10-28 19:41:00,2011-08-31 16:09:00,596.4,352
16781.0,2,2010-02-08 13:56:00,2010-12-02 14:26:00,606.4,190
16782.0,38,2009-12-09 11:58:00,2011-11-29 13:20:00,9552.62,4008
16783.0,1,2010-09-29 11:53:00,2010-09-29 11:53:00,391.95,163
16784.0,5,2010-03-28 12:55:00,2011-11-20 12:20:00,892.33,494
16785.0,1,2010-10-26 10:36:00,2010-10-26 10:36:00,533.78,313
16786.0,1,2010-11-11 08:25:00,2010-11-11 08:25:00,51.84,72
16787.0,4,2010-01-10 11:12:00,2010-11-07 11:01:00,1017.53,472
16788.0,5,2010-02-07 12:40:00,2011-08-08 14:53:00,1927.28,964
16789.0,1,2011-12-01 15:12:00,2011-12-01 15:12:00,80.80000000000001,32
16790.0,6,2011-11-02 11:23:00,2011-12-06 11:53:00,1520.1200000000001,892
16791.0,15,2009-12-03 18:08:00,2011-11-10 19:12:00,3852.31,1826
16792.0,5,2010-01-04 13:47:00,2011-03-02 14:41:00,623.46,324
16793.0,1,2011-10-13 15:08:00,2011-10-13 15:08:00,243.84,146
16794.0,15,2010-03-25 15:17:00,2011-12-08 17:54:00,2029.48,1571
16795.0,3,2010-01-25 13:14:00,2010-12-09 14:08:00,2035.21,1200
16796.0,1,2011-09-11 14:01:00,2011-09-11 14:01:00,305.62,186
16797.0,5,2009-12-02 13:33:00,2010-11-11 19:14:00,1761.02,890
16798.0,3,2009-12-10 19:35:00,2010-06-03 19:01:00,832.21,204
16799.0,2,2010-09-12 12:46:00,2010-10-03 14:28:00,447.83,161
16800.0,1,2011-11-28 14:06:00,2011-11-28 14:06:00,1162.65,524
16801.0,4,2011-03-11 13:56:00,2011-06-29 15:33:00,842.3299999999999,307
16802.0,2,2009-12-09 13:00:00,2010-01-29 13:44:00,582.61,369
16803.0,1,2011-10-05 14:28:00,2011-10-05 14:28:00,332.3,245
16804.0,3,2011-03-14 15:48:00,2011-11-16 16:43:00,536.99,246
16805.0,4,2009-12-14 15:17:00,2011-06-19 11:23:00,1076.34,1119
16806.0,4,2011-04-14 19:59:00,2011-08-28 15:27:00,736.21,355
16807.0,6,2010-03-26 14:38:00,2011-07-20 12:00:00,2064.88,1413
16808.0,2,2011-03-10 19:05:00,2011-09-01 19:34:00,288.42,196
16809.0,9,2010-04-13 15:34:00,2011-11-16 15:45:00,1725.48,1092
16810.0,2,2010-10-15 15:32:00,2011-05-31 15:32:00,786.14,367
16811.0,2,2011-11-22 17:19:00,2011-12-05 11:39:00,547.07,477
16812.0,4,2010-11-22 14:36:00,2010-12-14 12:35:00,2216.8,1100
16813.0,10,2011-05-19 13:28:00,2011-12-01 14:03:00,1652.18,1501
16814.0,36,2010-04-11 12:45:00,2011-11-25 13:27:00,11906.45,4837
16815.0,2,2010-06-21 12:05:00,2010-09-12 10:59:00,406.02,237
16816.0,4,2010-12-16 17:01:00,2011-08-28 14:16:00,417.06,274
16817.0,13,2010-10-04 09:06:00,2011-12-07 11:03:00,2392.85,1335
16818.0,11,2011-05-18 11:42:00,2011-11-29 10:41:00,3317.9700000000003,2162
16819.0,2,2010-08-31 17:31:00,2010-08-31 17:37:00,182.59,253
16820.0,1,2011-09-05 12:06:00,2011-09-05 12:06:00,497.61,307
16821.0,1,2010-11-23 10:04:00,2010-11-23 10:04:00,113.35,13
16822.0,1,2010-01-22 14:22:00,2010-01-22 14:22:00,144.84,166
16823.0,7,2009-12-02 09:57:00,2011-04-26 15:00:00,2236.14,1165
16824.0,3,2010-11-11 12:21:00,2011-11-24 12:38:00,686.24,390
16825.0,5,2010-06-23 13:14:00,2011-11-01 11:51:00,1826.8899999999999,1297
16826.0,1,2011-10-19 14:05:00,2011-10-19 14:05:00,341.7,158
16827.0,5,2010-04-29 19:07:00,2010-11-11 14:04:00,387.18,124
16828.0,1,2011-08-19 13:24:00,2011-08-19 13:24:00,113.5,58
16829.0,2,2010-11-16 18:11:00,2011-07-06 10:48:00,513.32,215
16830.0,4,2009-12-13 12:11:00,2011-11-01 11:35:00,1183.7,693
16831.0,1,2010-05-24 09:08:00,2010-05-24 09:08:00,91.8,48
16832.0,5,2010-09-07 12:35:00,2011-06-08 15:36:00,417.61,179
16833.0,6,2010-03-26 15:31:00,2011-12-08 14:39:00,2409.04,878
16834.0,2,2010-02-03 14:24:00,2011-04-26 09:37:00,898.96,760
16835.0,6,2010-05-19 08:41:00,2011-08-03 13:50:00,1389.76,474
16836.0,4,2010-05-14 12:52:00,2011-10-31 10:05:00,782.37,539
16837.0,11,2011-04-08 08:48:00,2011-11-08 14:27:00,3167.73,1562
16838.0,4,2010-02-14 15:27:00,2011-05-26 13:13:00,1126.66,504
16839.0,44,2010-02-11 15:02:00,2011-12-01 09:03:00,20420.53,10780
16840.0,2,2010-02-03 12:42:00,2010-04-15 15:48:00,139.85,117
16841.0,12,2010-01-12 11:32:00,2011-11-03 11:51:00,3841.16,3445
16842.0,3,2011-02-10 14:51:00,2011-08-31 10:42:00,1260.44,692
16843.0,35,2009-12-10 11:40:00,2011-10-28 09:06:00,19528.78,18459
16844.0,2,2010-05-06 09:16:00,2010-05-26 10:29:00,614.34,281
16845.0,1,2010-03-31 13:09:00,2010-03-31 13:09:00,253.88,167
16846.0,3,2010-03-10 12:03:00,2011-10-20 13:55:00,842.41,517
16847.0,2,2010-03-31 13:32:00,2011-10-27 13:29:00,614.89,255
16848.0,4,2010-10-03 11:01:00,2011-10-18 08:42:00,1411.62,780
16849.0,1,2011-06-06 09:16:00,2011-06-06 09:16:00,124.57,33
16850.0,1,2011-01-10 11:09:00,2011-01-10 11:09:00,332.41,249
16851.0,3,2011-10-19 09:48:00,2011-12-05 13:32:00,342.45,271
16852.0,2,2011-06-16 15:49:00,2011-11-29 13:22:00,144.91,56
16854.0,2,2010-03-09 14:32:00,2010-10-18 16:31:00,1408.96,997
16855.0,2,2011-10-27 16:31:00,2011-11-16 12:03:00,328.40000000000003,164
16856.0,3,2010-09-23 13:11:00,2011-11-25 08:59:00,358.49,171
16857.0,1,2010-09-23 10:49:00,2010-09-23 10:49:00,352.8,168
16858.0,10,2009-12-15 11:09:00,2010-12-06 09:52:00,4085.7400000000002,1367
16859.0,7,2010-03-04 12:37:00,2011-07-18 12:19:00,1657.74,1728
16860.0,3,2010-02-15 13:46:00,2010-09-13 10:05:00,1593.67,624
16861.0,5,2010-07-19 11:44:00,2011-10-11 09:05:00,928.89,610
16862.0,4,2010-01-07 12:57:00,2010-06-10 13:05:00,662.33,513
16863.0,3,2010-10-26 10:03:00,2011-11-08 15:26:00,812.82,623
16864.0,2,2010-04-20 11:56:00,2010-10-01 16:16:00,409.25,283
16865.0,1,2010-11-03 11:34:00,2010-11-03 11:34:00,130.95,157
16866.0,3,2011-07-01 12:34:00,2011-07-22 10:06:00,207.74,60
16867.0,1,2010-01-19 09:11:00,2010-01-19 09:11:00,76.74000000000001,58
16868.0,3,2010-04-25 11:31:00,2010-11-10 13:17:00,384.56,112
16869.0,4,2011-06-17 13:01:00,2011-11-17 12:02:00,797.32,579
16870.0,1,2010-08-27 13:53:00,2010-08-27 13:53:00,450.16,278
16871.0,6,2011-03-14 10:31:00,2011-11-17 19:27:00,2761.4900000000002,1250
16872.0,6,2010-09-02 17:36:00,2011-09-23 16:05:00,1213.13,1079
16873.0,12,2010-02-09 14:17:00,2011-12-05 12:05:00,14547.03,8583
16874.0,1,2010-11-25 13:08:00,2010-11-25 13:08:00,209.89000000000001,78
16875.0,11,2010-01-05 09:16:00,2011-10-03 13:39:00,4053.2000000000003,2055
16876.0,1,2010-11-01 11:59:00,2010-11-01 11:59:00,136.01,181
16877.0,6,2011-05-15 16:13:00,2011-11-27 13:47:00,846.62,458
16878.0,1,2011-09-16 17:39:00,2011-09-16 17:39:00,0.0,0
16880.0,8,2010-08-03 13:54:00,2011-11-09 11:33:00,1813.21,904
16881.0,1,2011-10-04 10:33:00,2011-10-04 10:33:00,432.0,600
16882.0,3,2011-01-26 17:43:00,2011-10-04 10:42:00,705.12,424
16883.0,19,2009-12-04 12:07:00,2011-06-05 12:51:00,2236.11,1015
16884.0,4,2010-05-18 12:00:00,2011-11-02 11:52:00,1070.97,520
16885.0,4,2010-11-19 12:51:00,2011-11-24 13:40:00,683.35,357
16886.0,1,2010-09-09 15:08:00,2010-09-09 15:08:00,0.0,0
16887.0,3,2009-12-01 13:41:00,2011-11-04 14:07:00,658.17,423
16888.0,3,2010-01-07 13:07:00,2010-11-04 12:39:00,434.2,145
16889.0,6,2010-05-23 10:46:00,2011-05-29 11:05:00,2526.65,1611
16890.0,3,2010-05-06 16:27:00,2010-08-20 11:23:00,277.91,241
16891.0,11,2009-12-04 12:37:00,2011-12-08 11:15:00,1727.94,652
16892.0,7,2009-12-08 14:20:00,2011-12-08 13:18:00,726.05,363
16893.0,2,2010-11-28 15:14:00,2010-12-08 12:06:00,249.47,116
16894.0,3,2010-06-22 14:21:00,2010-07-25 15:43:00,1265.26,497
16895.0,5,2010-02-12 11:07:00,2011-10-06 12:15:00,1102.9,421
16896.0,1,2010-06-02 15:40:00,2010-06-02 15:40:00,103.95,18
16897.0,2,2011-01-30 11:52:00,2011-02-13 15:02:00,213.03,58
16898.0,5,2010-05-12 12:18:00,2011-11-13 15:44:00,820.86,662
16899.0,8,2010-11-07 15:00:00,2011-12-02 12:03:00,1695.77,811
16900.0,3,2011-10-07 13:17:00,2011-11-23 10:32:00,869.2,724
16901.0,1,2009-12-10 16:30:00,2009-12-10 16:30:00,204.26,42
16902.0,1,2011-08-15 14:17:00,2011-08-15 14:17:00,1706.88,629
16903.0,3,2010-10-20 14:42:00,2011-11-10 15:32:00,1009.45,691
16904.0,20,2010-10-24 16:03:00,2011-12-05 13:10:00,4656.56,2596
16905.0,17,2009-12-10 20:04:00,2011-12-04 14:01:00,4674.62,1908
16906.0,7,2010-05-13 13:23:00,2011-09-19 11:49:00,1410.07,589
16907.0,9,2010-07-01 17:30:00,2011-11-10 18:04:00,1470.89,451
16908.0,1,2009-12-17 13:35:00,2009-12-17 13:35:00,153.59,41
16909.0,1,2011-09-28 16:45:00,2011-09-28 16:45:00,364.14,434
16910.0,8,2011-09-09 14:14:00,2011-12-05 12:51:00,1508.96,884
16911.0,2,2010-02-16 16:12:00,2010-03-14 12:18:00,251.35,159
16912.0,15,2009-12-09 12:32:00,2011-11-11 12:18:00,4420.86,1675
16913.0,3,2010-02-26 12:06:00,2011-02-22 12:56:00,423.91,229
16914.0,1,2011-11-03 15:27:00,2011-11-03 15:27:00,183.76,112
16915.0,11,2010-05-19 13:32:00,2011-11-30 16:39:00,1543.18,190
16916.0,4,2010-10-20 12:56:00,2011-11-16 12:08:00,896.12,647
16917.0,2,2010-03-17 15:24:00,2011-03-08 11:55:00,1842.93,791
16918.0,16,2009-12-03 12:27:00,2011-10-21 12:50:00,3131.31,2046
16919.0,24,2010-08-19 15:28:00,2011-07-06 13:35:00,4837.56,2317
16920.0,1,2010-10-24 14:07:00,2010-10-24 14:07:00,355.45,81
16921.0,3,2010-04-18 15:34:00,2011-10-09 16:22:00,409.21,275
16922.0,1,2010-05-16 11:24:00,2010-05-16 11:24:00,611.08,281
16923.0,32,2010-01-31 11:14:00,2011-11-27 13:00:00,12572.15,5954
16924.0,3,2011-09-16 12:54:00,2011-11-18 12:53:00,722.64,454
16925.0,1,2010-06-17 15:03:00,2010-06-17 15:03:00,125.65,123
16926.0,5,2010-07-01 12:57:00,2010-12-03 13:42:00,1158.66,196
16927.0,3,2010-12-13 11:57:00,2011-08-16 11:10:00,543.05,993
16928.0,26,2010-02-03 12:30:00,2011-09-20 15:10:00,3678.43,2494
16929.0,7,2011-07-07 12:39:00,2011-12-06 08:37:00,1295.39,929
16930.0,3,2011-10-02 14:25:00,2011-11-13 16:13:00,378.89,339
16931.0,23,2010-11-07 13:24:00,2011-12-04 13:15:00,5032.22,3357
16932.0,3,2010-05-17 14:15:00,2011-10-17 14:12:00,412.55,217
16933.0,9,2009-12-09 15:03:00,2011-12-08 12:54:00,3017.65,1512
16934.0,6,2010-03-28 12:43:00,2011-10-16 12:40:00,2062.89,933
16935.0,3,2010-10-14 13:09:00,2010-11-23 09:16:00,530.86,273
16936.0,2,2010-11-19 11:54:00,2011-11-14 11:04:00,548.29,339
16937.0,1,2010-07-28 17:56:00,2010-07-28 17:56:00,196.25,123
16938.0,9,2010-02-17 14:47:00,2011-12-01 10:20:00,6162.110000000001,3526
16939.0,3,2010-02-28 13:33:00,2010-08-08 12:24:00,433.85,229
16940.0,8,2009-12-08 13:08:00,2011-10-18 13:15:00,6245.41,4470
16941.0,1,2010-04-07 11:13:00,2010-04-07 11:13:00,33.0,12
16942.0,9,2011-04-26 11:59:00,2011-11-27 12:40:00,1878.51,801
16943.0,3,2011-01-25 14:00:00,2011-05-12 11:57:00,816.73,145
16944.0,1,2010-04-09 11:03:00,2010-04-09 11:03:00,101.36,27
16945.0,33,2009-12-09 11:33:00,2011-11-18 11:39:00,8530.66,5875
16946.0,5,2010-03-02 10:49:00,2010-11-21 14:06:00,1199.54,503
16947.0,4,2010-03-03 10:54:00,2011-04-18 09:38:00,906.3100000000001,614
16948.0,7,2010-02-21 13:48:00,2011-07-24 12:46:00,868.77,2091
16949.0,6,2011-01-27 12:11:00,2011-12-06 11:07:00,1161.27,790
16950.0,10,2010-01-24 11:26:00,2011-10-14 09:06:00,3482.59,2339
16951.0,3,2011-02-08 14:58:00,2011-07-28 12:05:00,1262.75,1306
16952.0,5,2009-12-11 13:52:00,2011-08-22 13:03:00,795.83,343
16953.0,1,2011-11-09 15:54:00,2011-11-09 15:54:00,20.8,10
16954.0,20,2010-01-18 14:49:00,2011-12-09 09:46:00,6037.33,4077
16955.0,6,2010-01-31 11:38:00,2011-06-08 10:36:00,1072.06,696
16956.0,1,2011-11-22 08:56:00,2011-11-22 08:56:00,292.34000000000003,112
16957.0,2,2011-03-03 09:25:00,2011-04-14 13:56:00,416.64,172
16958.0,1,2010-09-30 14:25:00,2010-09-30 14:25:00,778.49,514
16959.0,1,2011-09-13 15:03:00,2011-09-13 15:03:00,117.35000000000001,49
16960.0,8,2010-03-02 13:36:00,2011-11-01 11:35:00,1967.48,1478
16961.0,3,2010-06-25 14:36:00,2011-08-15 13:46:00,773.01,479
16962.0,1,2010-10-26 11:36:00,2010-10-26 11:36:00,251.04,158
16963.0,1,2011-06-05 13:48:00,2011-06-05 13:48:00,110.55000000000001,35
16964.0,2,2009-12-06 12:51:00,2009-12-06 12:53:00,207.85,49
16965.0,1,2011-04-27 12:08:00,2011-04-27 12:08:00,192.07,243
16966.0,7,2011-04-13 14:17:00,2011-12-01 13:40:00,2148.97,1979
16967.0,1,2011-06-03 14:24:00,2011-06-03 14:24:00,319.02,333
16968.0,2,2011-08-24 10:51:00,2011-12-05 15:02:00,439.43,326
16969.0,3,2011-06-01 12:10:00,2011-10-31 13:12:00,650.41,816
16970.0,1,2010-03-23 13:50:00,2010-03-23 13:50:00,71.4,12
16971.0,1,2011-11-01 15:06:00,2011-11-01 15:06:00,357.21,72
16972.0,2,2010-09-09 11:20:00,2010-11-22 10:59:00,749.0,183
16973.0,1,2010-11-18 13:56:00,2010-11-18 13:56:00,127.0,60
16974.0,2,2010-05-24 10:43:00,2010-07-05 10:18:00,365.5,70
16975.0,3,2010-07-22 11:38:00,2010-10-12 17:53:00,902.4200000000001,580
16976.0,1,2011-03-17 16:33:00,2011-03-17 16:33:00,251.51999999999998,88
16977.0,4,2010-03-18 11:06:00,2010-11-09 13:17:00,496.0,142
16978.0,3,2010-02-11 16:27:00,2011-09-23 12:50:00,768.88,285
16979.0,9,2010-09-15 14:30:00,2011-12-06 12:21:00,2787.09,1440
16980.0,3,2010-10-07 14:05:00,2011-03-29 16:36:00,1422.83,990
16982.0,1,2011-10-10 12:28:00,2011-10-10 12:28:00,384.06,182
16983.0,11,2010-09-19 12:38:00,2011-11-27 12:10:00,3479.48,2302
16984.0,9,2010-03-07 15:34:00,2011-09-12 13:43:00,10206.4,5096
16985.0,23,2009-12-10 13:34:00,2011-11-22 13:33:00,10545.76,3098
16986.0,11,2010-02-04 14:46:00,2011-11-10 11:55:00,4888.75,2539
16987.0,11,2009-12-02 14:34:00,2011-12-06 17:26:00,2487.55,668
16988.0,2,2010-11-25 09:22:00,2011-12-04 16:02:00,382.67,158
16989.0,6,2011-07-12 09:11:00,2011-12-02 16:39:00,1133.25,1233
16990.0,2,2010-10-13 11:42:00,2011-05-05 08:30:00,344.0,200
16991.0,1,2010-10-14 14:08:00,2010-10-14 14:08:00,1041.21,793
16992.0,13,2010-02-11 12:36:00,2011-11-29 11:50:00,5460.1,2057
16993.0,2,2010-05-12 13:55:00,2010-09-02 12:16:00,1688.15,261
16996.0,9,2010-10-18 12:24:00,2011-11-09 16:43:00,2044.16,886
16997.0,3,2011-01-18 11:51:00,2011-02-24 17:28:00,702.0,360
16998.0,5,2010-09-21 14:39:00,2011-07-13 09:44:00,394.5,102
16999.0,2,2011-09-26 15:43:00,2011-11-16 13:53:00,484.82,294
17000.0,2,2010-10-27 14:16:00,2010-11-08 13:35:00,406.3,305
17001.0,19,2010-03-25 12:41:00,2011-12-09 09:38:00,6640.8,3782
17002.0,7,2010-03-08 15:46:00,2011-09-15 12:40:00,2565.6,1264
17003.0,4,2010-05-10 11:20:00,2010-11-02 13:15:00,828.21,494
17004.0,4,2010-10-11 15:43:00,2011-10-24 14:25:00,2324.36,1233
17005.0,2,2010-04-30 10:55:00,2010-08-26 10:57:00,612.41,690
17006.0,8,2010-03-05 13:33:00,2011-12-05 12:09:00,1635.27,572
17007.0,7,2010-09-28 13:51:00,2011-10-20 10:47:00,1107.6000000000001,707
17008.0,1,2010-10-06 15:19:00,2010-10-06 15:19:00,81.36,24
17009.0,1,2010-06-06 16:01:00,2010-06-06 16:01:00,242.06,336
17010.0,1,2011-11-21 14:49:00,2011-11-21 14:49:00,185.46,116
17011.0,3,2010-02-26 09:47:00,2011-11-09 13:30:00,536.6999999999999,684
17012.0,1,2009-12-14 17:34:00,2009-12-14 17:34:00,360.61,251
17014.0,3,2011-10-04 11:36:00,2011-12-01 14:09:00,562.6800000000001,238
17015.0,3,2011-06-07 13:19:00,2011-11-11 10:45:00,1838.6100000000001,1978
17016.0,1,2010-05-12 12:32:00,2010-05-12 12:32:00,552.4,309
17017.0,29,2009-12-03 13:22:00,2011-12-07 09:32:00,12397.49,9308
17018.0,6,2009-12-05 10:27:00,2011-10-30 11:42:00,2287.7,456
17019.0,11,2009-12-02 11:52:00,2011-11-28 13:06:00,3526.29,2368
17020.0,2,2010-03-03 12:27:00,2010-06-15 13:06:00,935.62,860
17021.0,6,2010-04-29 20:05:00,2010-09-23 20:01:00,1182.22,992
17022.0,2,2010-10-03 10:27:00,2011-11-08 17:09:00,260.0,180
17023.0,3,2010-01-11 15:09:00,2010-10-18 15:37:00,800.1800000000001,530
17024.0,3,2011-07-05 09:31:00,2011-10-25 13:47:00,95.85,69
17025.0,5,2010-03-08 13:37:00,2011-10-10 09:06:00,1349.67,885
17026.0,3,2010-10-18 15:22:00,2011-06-07 14:28:00,175.83,107
17027.0,9,2009-12-10 12:10:00,2011-09-22 12:24:00,1268.93,639
17028.0,3,2009-12-18 14:28:00,2010-05-07 15:33:00,1593.83,856
17029.0,7,2010-02-14 10:19:00,2011-08-21 11:06:00,2137.3,1265
17030.0,1,2011-10-07 08:49:00,2011-10-07 08:49:00,146.87,146
17031.0,6,2010-05-07 14:52:00,2011-11-28 10:23:00,2773.85,1595
17032.0,5,2009-12-10 15:36:00,2010-04-15 14:14:00,2816.69,1656
17033.0,4,2010-11-07 12:55:00,2011-09-14 14:34:00,1332.79,871
17034.0,5,2010-07-14 12:55:00,2011-11-23 15:14:00,1231.82,673
17035.0,4,2009-12-03 10:37:00,2011-04-08 11:23:00,568.39,299
17036.0,1,2010-11-21 14:26:00,2010-11-21 14:26:00,176.9,76
17037.0,1,2011-09-13 12:49:00,2011-09-13 12:49:00,1253.22,652
17038.0,2,2010-10-20 16:04:00,2011-11-09 13:50:00,743.17,535
17039.0,1,2010-04-14 12:56:00,2010-04-14 12:56:00,1954.99,689
17040.0,2,2010-06-07 15:08:00,2011-07-25 10:19:00,463.25,189
17041.0,6,2010-04-18 14:25:00,2011-11-13 11:21:00,1639.4,1299
17042.0,5,2011-04-06 14:53:00,2011-12-07 12:26:00,1036.58,990
17043.0,8,2009-12-09 15:20:00,2011-11-07 15:33:00,2593.65,1616
17044.0,12,2009-12-07 12:25:00,2011-11-14 14:28:00,11867.6,5692
17045.0,5,2010-10-06 14:52:00,2011-08-18 17:09:00,827.6800000000001,294
17046.0,5,2010-03-29 13:46:00,2011-07-05 14:24:00,1906.07,1636
17047.0,6,2009-12-08 08:48:00,2011-09-15 13:27:00,2289.23,1184
17048.0,7,2010-01-18 13:55:00,2011-08-14 11:49:00,1991.45,1033
17049.0,19,2010-03-04 10:23:00,2011-12-07 10:48:00,9588.83,4214
17050.0,11,2010-01-26 14:54:00,2011-09-04 13:48:00,4648.59,2432
17051.0,4,2010-03-21 14:55:00,2011-05-29 14:13:00,706.49,507
17052.0,1,2011-11-11 14:50:00,2011-11-11 14:50:00,399.09,251
17053.0,1,2011-08-01 10:23:00,2011-08-01 10:23:00,496.38,121
17054.0,5,2011-04-08 13:14:00,2011-11-11 12:56:00,1353.83,802
17055.0,1,2010-09-20 12:21:00,2010-09-20 12:21:00,232.85000000000002,83
17056.0,1,2009-12-01 12:55:00,2009-12-01 12:55:00,128.6,26
17057.0,1,2010-04-22 19:21:00,2010-04-22 19:21:00,288.79,122
17058.0,3,2011-04-14 09:18:00,2011-09-19 10:13:00,1179.89,592
17059.0,9,2010-01-26 14:43:00,2011-11-10 12:27:00,4846.87,3101
17060.0,1,2011-03-18 13:27:00,2011-03-18 13:27:00,234.23999999999998,216
17061.0,11,2011-04-21 13:29:00,2011-09-27 11:24:00,5116.13,1484
17062.0,6,2010-09-26 11:57:00,2011-01-30 11:01:00,880.8100000000001,630
17063.0,13,2009-12-01 12:36:00,2011-11-18 16:19:00,3576.88,1882
17064.0,3,2011-01-16 16:10:00,2011-10-12 10:18:00,855.45,316
17065.0,2,2010-03-12 11:40:00,2010-03-12 11:41:00,194.7,82
17066.0,1,2009-12-13 13:24:00,2009-12-13 13:24:00,228.34,93
17067.0,3,2009-12-08 12:03:00,2009-12-15 08:39:00,454.54,322
17068.0,47,2010-03-28 14:26:00,2011-11-27 13:14:00,8945.53,4332
17069.0,14,2009-12-03 12:27:00,2011-11-11 17:13:00,5441.35,3188
17070.0,2,2010-10-25 15:57:00,2011-08-17 17:01:00,437.42,232
17071.0,13,2010-01-24 13:05:00,2011-11-11 16:31:00,3730.96,1915
17072.0,1,2010-03-24 16:33:00,2010-03-24 16:33:00,273.35,212
17073.0,4,2011-08-22 14:37:00,2011-11-22 11:47:00,1444.84,758
17074.0,1,2010-05-26 12:04:00,2010-05-26 12:04:00,203.05,19
17075.0,10,2009-12-14 11:24:00,2011-11-22 11:58:00,2216.28,782
17076.0,6,2009-12-04 12:12:00,2011-11-03 17:53:00,1242.75,514
17077.0,1,2010-05-10 16:36:00,2010-05-10 16:36:00,306.0,36
17078.0,2,2011-11-03 18:49:00,2011-11-03 19:17:00,375.86,782
17079.0,1,2011-09-22 15:34:00,2011-09-22 15:34:00,118.80000000000001,24
17080.0,7,2010-07-01 16:03:00,2011-11-17 12:59:00,955.41,567
17081.0,6,2010-02-22 13:19:00,2011-11-14 12:56:00,949.39,381
17082.0,6,2009-12-15 11:25:00,2011-11-06 15:17:00,4732.03,2526
17083.0,9,2010-02-09 11:46:00,2011-08-22 15:43:00,4035.08,1950
17084.0,3,2010-11-08 14:20:00,2011-11-04 14:54:00,4997.96,3177
17085.0,28,2009-12-06 12:16:00,2011-08-08 14:15:00,7705.27,3505
17086.0,6,2011-10-07 11:22:00,2011-12-02 13:54:00,2050.08,1859
17087.0,1,2009-12-02 10:41:00,2009-12-02 10:41:00,221.53,113
17088.0,4,2011-03-31 09:48:00,2011-11-11 14:23:00,1991.01,868
17089.0,1,2010-11-18 15:33:00,2010-11-18 15:33:00,128.45,35
17090.0,13,2010-07-19 16:02:00,2011-12-05 13:44:00,2986.64,1319
17091.0,19,2009-12-16 15:45:00,2011-12-07 10:43:00,7462.150000000001,3726
17092.0,11,2010-02-02 16:42:00,2011-10-20 19:51:00,5479.76,3762
17093.0,1,2010-04-26 10:22:00,2010-04-26 10:22:00,235.88,114
17094.0,2,2010-10-12 10:48:00,2011-01-21 13:09:00,370.40000000000003,208
17095.0,7,2009-12-15 12:32:00,2011-11-17 12:21:00,2520.75,1681
17096.0,11,2010-06-02 14:48:00,2011-11-24 15:01:00,3629.58,1546
17097.0,9,2010-10-05 14:09:00,2011-12-07 17:05:00,1126.86,580
17098.0,3,2010-06-17 10:30:00,2010-11-23 12:13:00,591.07,125
17099.0,1,2010-06-24 16:25:00,2010-06-24 16:25:00,582.17,317
17100.0,2,2011-11-21 16:36:00,2011-11-21 16:36:00,971.74,800
17101.0,7,2010-06-07 15:12:00,2011-11-29 13:57:00,2507.05,1175
17102.0,1,2011-03-23 10:08:00,2011-03-23 10:08:00,25.5,2
17103.0,1,2009-12-17 14:08:00,2009-12-17 14:08:00,424.3,471
17104.0,1,2010-10-12 12:21:00,2010-10-12 12:21:00,474.03000000000003,149
17105.0,2,2011-02-06 14:46:00,2011-07-03 15:53:00,665.78,693
17106.0,1,2010-11-15 14:11:00,2010-11-15 14:11:00,481.58000000000004,153
17107.0,10,2010-01-31 15:47:00,2011-11-06 14:14:00,15595.37,7219
17108.0,1,2010-02-14 12:22:00,2010-02-14 12:22:00,174.95,31
17109.0,8,2010-07-30 12:42:00,2011-11-10 16:59:00,1276.35,772
17110.0,3,2010-04-08 13:32:00,2011-06-27 12:58:00,499.9,136
17111.0,2,2010-10-10 15:21:00,2011-10-23 15:59:00,459.58,581
17112.0,1,2010-07-25 11:14:00,2010-07-25 11:14:00,197.57,130
17113.0,6,2010-01-11 10:14:00,2010-05-14 13:59:00,2092.16,814
17114.0,8,2011-01-09 11:39:00,2011-12-04 12:17:00,739.72,206
17115.0,7,2009-12-05 12:13:00,2011-12-01 14:30:00,2616.29,865
17116.0,1,2010-03-01 16:29:00,2010-03-01 16:29:00,389.78,392
17117.0,1,2011-02-24 13:54:00,2011-02-24 13:54:00,116.2,68
17118.0,1,2011-01-26 12:19:00,2011-01-26 12:19:00,157.02,154
17119.0,2,2011-10-11 11:03:00,2011-12-06 14:40:00,593.61,327
17120.0,1,2011-04-20 15:21:00,2011-04-20 15:21:00,307.46,120
17121.0,1,2010-11-02 11:47:00,2010-11-02 11:47:00,314.74,106
17122.0,4,2010-07-28 09:34:00,2011-08-12 14:33:00,570.5,368
17123.0,3,2010-05-16 11:52:00,2011-07-01 10:47:00,966.6700000000001,651
17124.0,1,2011-06-07 14:02:00,2011-06-07 14:02:00,294.24,129
17125.0,1,2011-10-20 14:41:00,2011-10-20 14:41:00,230.5,281
17126.0,9,2010-08-31 13:41:00,2011-07-10 13:52:00,1996.03,1418
17127.0,5,2009-12-04 15:18:00,2010-10-07 09:54:00,1155.03,340
17128.0,1,2011-01-09 12:02:00,2011-01-09 12:02:00,157.09,76
17129.0,1,2010-07-07 13:46:00,2010-07-07 13:46:00,31.85,5
17131.0,5,2011-09-25 12:42:00,2011-12-04 12:52:00,2463.17,983
17132.0,2,2010-08-08 13:49:00,2010-09-13 16:31:00,1220.91,963
17133.0,12,2010-03-21 12:31:00,2011-11-24 12:27:00,12972.09,9019
17134.0,3,2010-09-23 18:32:00,2011-08-25 09:53:00,625.3000000000001,144
17135.0,10,2010-05-09 16:03:00,2011-11-23 16:48:00,1705.46,1656
17136.0,1,2010-02-15 13:13:00,2010-02-15 13:13:00,231.68,256
17137.0,6,2010-01-31 12:27:00,2010-10-19 14:51:00,1099.81,680
17138.0,7,2010-02-04 14:19:00,2011-03-09 11:54:00,4417.27,2024
17139.0,25,2010-01-11 11:31:00,2011-11-24 10:12:00,19473.91,9833
17140.0,1,2011-04-06 13:33:00,2011-04-06 13:33:00,454.12,296
17141.0,4,2010-01-24 14:19:00,2010-10-17 14:54:00,727.58,423
17142.0,4,2010-01-24 15:23:00,2011-04-14 18:22:00,1275.25,322
17143.0,2,2010-07-12 13:26:00,2010-10-18 15:27:00,880.97,314
17144.0,2,2011-09-16 12:50:00,2011-12-08 17:57:00,984.57,483
17145.0,4,2010-02-19 12:07:00,2010-07-15 09:02:00,3014.64,2563
17146.0,13,2010-02-02 09:39:00,2011-08-26 12:44:00,5788.39,2172
17147.0,9,2010-01-11 09:38:00,2011-11-17 12:32:00,3069.15,1295
17148.0,1,2011-10-19 09:59:00,2011-10-19 09:59:00,124.88,82
17149.0,1,2010-09-14 14:56:00,2010-09-14 14:56:00,143.10000000000002,18
17150.0,6,2009-12-06 10:51:00,2010-11-28 11:27:00,1357.95,397
17151.0,1,2009-12-04 14:56:00,2009-12-04 14:56:00,231.90000000000003,42
17152.0,4,2010-10-10 12:40:00,2011-05-29 12:19:00,1830.5,537
17153.0,1,2011-11-15 13:42:00,2011-11-15 13:42:00,213.78,104
17154.0,1,2011-09-25 13:42:00,2011-09-25 13:42:00,329.34,490
17155.0,7,2009-12-03 11:34:00,2011-11-22 12:38:00,892.46,987
17156.0,1,2010-08-05 11:30:00,2010-08-05 11:30:00,572.07,385
17157.0,19,2009-12-04 13:00:00,2011-12-02 09:10:00,5139.45,2089
17158.0,5,2010-03-07 15:50:00,2011-11-07 15:15:00,1962.3,1143
17159.0,5,2010-03-04 14:53:00,2011-11-18 10:52:00,2095.44,1347
17160.0,17,2009-12-04 10:57:00,2011-11-08 14:05:00,10201.36,8386
17161.0,1,2010-09-21 16:44:00,2010-09-21 16:44:00,856.01,537
17162.0,10,2011-02-07 12:27:00,2011-11-11 11:34:00,1707.21,1000
17163.0,4,2010-02-02 10:39:00,2011-11-18 08:57:00,699.78,531
17164.0,7,2011-03-11 14:26:00,2011-11-07 09:14:00,2466.4,1500
17165.0,6,2009-12-11 09:18:00,2011-02-28 16:39:00,1783.63,785
17166.0,2,2011-05-20 08:18:00,2011-11-01 09:46:00,189.49,75
17167.0,3,2010-09-20 14:02:00,2010-11-25 10:05:00,867.11,429
17168.0,1,2010-07-29 12:33:00,2010-07-29 12:33:00,400.2,220
17169.0,3,2010-05-10 13:00:00,2011-10-13 10:25:00,1129.88,659
17170.0,2,2010-11-15 16:23:00,2010-11-30 15:55:00,118.97999999999999,146
17171.0,2,2010-02-16 12:02:00,2011-02-23 16:37:00,384.59000000000003,225
17172.0,3,2009-12-13 11:46:00,2011-09-22 09:36:00,915.49,1199
17173.0,8,2011-07-31 15:26:00,2011-12-04 14:40:00,3755.65,1121
17174.0,1,2011-05-06 11:47:00,2011-05-06 11:47:00,59.9,41
17175.0,4,2011-02-16 14:56:00,2011-10-26 15:31:00,1430.94,865
17176.0,3,2010-01-31 15:49:00,2011-05-22 12:41:00,902.3199999999999,576
17177.0,1,2010-07-22 14:53:00,2010-07-22 14:53:00,119.5,40
17178.0,1,2009-12-08 16:20:00,2009-12-08 16:20:00,432.96,100
17179.0,6,2010-05-26 11:22:00,2011-06-14 16:48:00,1507.26,625
17180.0,11,2010-01-21 17:43:00,2011-10-14 15:46:00,2216.12,1803
17181.0,3,2010-04-23 11:21:00,2011-10-13 14:48:00,309.85,268
17182.0,2,2009-12-21 15:22:00,2010-10-13 10:09:00,321.3,54
17183.0,6,2011-08-26 15:25:00,2011-12-02 10:07:00,3286.91,1264
17184.0,2,2009-12-09 14:17:00,2010-05-19 14:24:00,198.41,73
17185.0,3,2010-04-20 13:49:00,2010-04-27 12:15:00,229.46,119
17186.0,2,2011-10-10 12:52:00,2011-10-24 10:20:00,144.0,200
17187.0,2,2010-07-01 14:38:00,2011-04-27 12:39:00,467.71,426
17188.0,13,2009-12-08 19:16:00,2011-11-28 13:53:00,4361.83,2535
17189.0,5,2009-12-02 11:45:00,2011-08-25 19:39:00,953.63,601
17190.0,7,2010-03-05 13:21:00,2011-10-12 11:33:00,1529.73,2213
17191.0,15,2009-12-01 16:34:00,2011-11-11 16:58:00,4284.84,2206
17192.0,1,2010-06-21 16:07:00,2010-06-21 16:07:00,75.28,45
17193.0,9,2009-12-02 10:02:00,2011-11-04 12:47:00,2254.6,1616
17194.0,2,2010-06-27 13:16:00,2010-12-14 12:06:00,776.66,413
17195.0,1,2010-02-22 13:05:00,2010-02-22 13:05:00,562.98,486
17196.0,1,2010-10-08 11:31:00,2010-10-08 11:31:00,327.75,154
17197.0,1,2011-11-10 10:32:00,2011-11-10 10:32:00,1013.01,191
17198.0,3,2010-12-03 14:54:00,2011-11-16 10:39:00,692.22,357
17199.0,1,2010-05-06 13:53:00,2010-05-06 13:53:00,135.04000000000002,232
17200.0,4,2010-02-25 13:23:00,2010-11-17 13:04:00,356.71,367
17201.0,4,2010-02-10 12:26:00,2011-10-17 11:55:00,1117.0,955
17202.0,1,2010-10-15 11:25:00,2010-10-15 11:25:00,160.65,55
17203.0,10,2010-11-16 12:52:00,2011-11-04 12:27:00,5564.09,4597
17204.0,9,2010-06-10 11:37:00,2011-06-17 14:46:00,5263.6900000000005,2591
17205.0,3,2010-05-24 15:36:00,2011-10-17 12:46:00,999.35,2214
17206.0,1,2011-10-17 13:25:00,2011-10-17 13:25:00,204.24,76
17207.0,1,2010-02-25 19:08:00,2010-02-25 19:08:00,291.77,232
17208.0,1,2010-11-09 12:50:00,2010-11-09 12:50:00,111.15,101
17209.0,3,2009-12-03 11:10:00,2010-02-28 16:01:00,595.7,723
17210.0,1,2010-11-12 12:15:00,2010-11-12 12:15:00,251.72,242
17211.0,13,2009-12-13 13:17:00,2011-11-13 12:03:00,3728.8,2124
17212.0,3,2010-08-10 09:22:00,2011-03-31 19:42:00,794.41,727
17213.0,13,2009-12-15 10:28:00,2011-10-30 14:53:00,4766.03,2065
17214.0,6,2010-12-15 15:14:00,2011-10-10 13:17:00,974.12,271
17215.0,1,2010-09-01 13:39:00,2010-09-01 13:39:00,186.15,104
17216.0,1,2010-06-03 13:03:00,2010-06-03 13:03:00,63.6,21
17217.0,2,2010-03-30 13:35:00,2011-04-19 17:19:00,210.1,93
17218.0,18,2010-01-25 16:12:00,2011-12-05 13:52:00,3889.39,2062
17219.0,2,2010-10-19 11:29:00,2011-11-08 11:25:00,259.13,188
17220.0,21,2010-01-20 11:57:00,2011-11-15 13:47:00,4451.41,2661
17221.0,5,2010-04-11 15:34:00,2011-12-02 13:35:00,976.62,713
17222.0,6,2010-01-10 15:24:00,2011-10-05 13:58:00,1563.6100000000001,855
17223.0,3,2010-11-29 17:19:00,2011-02-02 15:57:00,523.04,154
17224.0,1,2010-07-26 13:30:00,2010-07-26 13:30:00,100.86,65
17225.0,1,2010-05-07 11:38:00,2010-05-07 11:38:00,131.15,36
17226.0,3,2010-02-12 14:31:00,2011-02-04 11:52:00,895.47,853
17227.0,12,2010-01-15 15:05:00,2011-11-21 10:51:00,1878.93,1681
17228.0,13,2010-03-12 11:54:00,2011-11-24 10:24:00,2820.03,2354
17229.0,2,2011-07-20 12:38:00,2011-09-04 13:56:00,318.76,185
17230.0,18,2009-12-08 13:41:00,2011-03-20 16:12:00,9159.45,3649
17231.0,25,2009-12-07 16:38:00,2011-11-27 15:18:00,6958.83,3662
17232.0,2,2011-11-25 12:24:00,2011-12-07 12:21:00,417.77,202
17233.0,3,2009-12-15 12:03:00,2011-11-04 14:06:00,560.86,298
17234.0,1,2011-06-10 11:20:00,2011-06-10 11:20:00,149.89,55
17235.0,8,2010-06-04 17:01:00,2011-11-14 15:51:00,1562.98,845
17236.0,12,2010-03-07 13:00:00,2011-11-27 12:00:00,1929.26,804
17237.0,4,2010-11-23 11:45:00,2011-11-28 15:02:00,994.13,414
17238.0,32,2009-12-01 10:59:00,2011-12-07 11:35:00,7331.17,3554
17239.0,4,2010-07-01 10:53:00,2011-01-31 09:41:00,1174.15,513
17240.0,1,2010-04-22 15:44:00,2010-04-22 15:44:00,130.60000000000002,108
17241.0,12,2010-02-15 14:47:00,2010-11-19 13:01:00,2736.64,859
17242.0,5,2010-01-24 10:27:00,2011-08-23 14:55:00,2889.2799999999997,1459
17243.0,69,2009-12-01 15:36:00,2011-12-08 13:26:00,20004.03,7876
17244.0,5,2009-12-06 11:27:00,2011-10-17 15:19:00,1826.04,1419
17245.0,2,2010-01-19 15:39:00,2011-05-19 10:43:00,371.63,307
17246.0,2,2009-12-01 17:45:00,2010-06-11 12:36:00,38.92,36
17247.0,1,2011-11-24 15:21:00,2011-11-24 15:21:00,280.09000000000003,105
17248.0,2,2010-08-15 11:55:00,2011-08-11 13:34:00,500.54,276
17249.0,1,2010-10-07 11:33:00,2010-10-07 11:33:00,68.03,79
17250.0,2,2011-03-23 16:45:00,2011-12-06 12:15:00,381.97,167
17251.0,3,2009-12-15 10:36:00,2010-12-12 11:06:00,790.28,375
17252.0,2,2011-06-06 16:41:00,2011-08-15 09:45:00,348.91,192
17253.0,1,2011-11-21 12:59:00,2011-11-21 12:59:00,178.26,43
17254.0,3,2010-11-03 14:00:00,2011-12-05 12:46:00,469.48,397
17255.0,4,2010-09-19 15:53:00,2011-10-30 12:18:00,781.7,583
17256.0,5,2010-04-18 13:40:00,2011-08-24 13:30:00,498.93,299
17257.0,2,2010-09-29 12:49:00,2010-09-29 12:51:00,189.78,187
17258.0,2,2010-02-12 15:51:00,2010-11-08 12:37:00,417.3,188
17259.0,6,2010-02-22 13:38:00,2011-07-14 15:01:00,1452.39,844
17260.0,1,2010-10-24 13:21:00,2010-10-24 13:21:00,120.95,23
17261.0,1,2010-07-18 11:49:00,2010-07-18 11:49:00,221.59,95
17262.0,11,2009-12-15 11:26:00,2011-10-18 12:56:00,2488.76,635
17263.0,1,2011-05-15 14:32:00,2011-05-15 14:32:00,63.44,36
17264.0,1,2010-10-11 12:52:00,2010-10-11 12:52:00,268.28,217
17265.0,2,2011-06-12 12:00:00,2011-07-24 10:49:00,550.01,389
17266.0,5,2010-03-09 10:42:00,2011-12-07 14:12:00,501.72,243
17267.0,2,2011-08-04 17:19:00,2011-08-04 17:22:00,317.2,158
17268.0,11,2009-12-08 11:46:00,2011-08-24 10:06:00,1733.8899999999999,1395
17269.0,1,2010-11-19 11:12:00,2010-11-19 11:12:00,491.81,314
17270.0,2,2009-12-07 17:18:00,2010-08-27 14:09:00,601.4499999999999,420
17271.0,1,2009-12-03 13:49:00,2009-12-03 13:49:00,204.3,113
17272.0,4,2011-03-22 12:05:00,2011-10-28 16:37:00,2144.53,1776
17273.0,1,2010-10-11 15:57:00,2010-10-11 15:57:00,141.12,133
17274.0,2,2010-11-09 12:06:00,2011-11-04 13:16:00,573.22,271
17275.0,1,2010-11-21 13:26:00,2010-11-21 13:26:00,114.1,71
17276.0,1,2010-11-02 16:20:00,2010-11-02 16:20:00,444.19,181
17277.0,2,2011-01-21 12:37:00,2011-04-26 12:47:00,1065.3500000000001,430
17278.0,2,2010-05-23 13:49:00,2011-04-12 13:10:00,271.24,195
17279.0,1,2011-10-13 11:58:00,2011-10-13 11:58:00,187.83,48
17280.0,1,2010-09-27 16:46:00,2010-09-27 16:46:00,118.86,74
17281.0,6,2010-02-04 13:00:00,2010-11-30 18:05:00,797.85,295
17282.0,5,2010-06-09 12:07:00,2011-08-01 14:29:00,2308.54,2332
17283.0,1,2010-11-26 11:53:00,2010-11-26 11:53:00,188.46,179
17284.0,7,2010-11-15 17:14:00,2011-10-10 14:38:00,2547.7,2066
17285.0,2,2010-02-14 14:10:00,2010-03-21 13:38:00,400.44,132
17286.0,3,2010-11-04 13:43:00,2011-11-18 12:47:00,389.18,368
17287.0,21,2009-12-03 12:45:00,2011-11-13 13:27:00,3810.61,1951
17288.0,11,2010-11-10 14:44:00,2011-11-30 16:09:00,2468.43,1699
17289.0,9,2010-03-08 12:52:00,2011-11-08 12:01:00,2032.3,1235
17290.0,8,2009-12-13 13:28:00,2011-12-06 12:38:00,1427.48,995
17291.0,1,2011-02-04 13:04:00,2011-02-04 13:04:00,550.8000000000001,72
17292.0,2,2010-05-09 14:52:00,2010-08-24 17:14:00,271.75,131
17293.0,17,2009-12-03 15:09:00,2011-12-01 14:37:00,3750.63,2228
17294.0,2,2010-02-08 14:21:00,2010-02-08 16:12:00,467.79,297
17295.0,3,2011-10-06 12:22:00,2011-11-11 10:49:00,547.0,293
17296.0,1,2009-12-09 14:01:00,2009-12-09 14:01:00,338.13,216
17297.0,1,2011-11-22 14:43:00,2011-11-22 14:43:00,128.18,65
17298.0,5,2010-03-08 08:56:00,2011-08-30 16:43:00,933.32,838
17299.0,6,2010-08-15 16:00:00,2011-11-28 12:01:00,993.23,919
17300.0,2,2010-08-15 11:02:00,2010-11-14 10:56:00,393.64,467
17301.0,2,2010-03-25 13:16:00,2011-11-18 13:43:00,294.39,216
17302.0,5,2011-02-07 10:14:00,2011-11-25 09:36:00,1119.93,573
17303.0,1,2010-12-13 13:32:00,2010-12-13 13:32:00,250.04,144
17304.0,1,2010-06-23 16:23:00,2010-06-23 16:23:00,111.5,73
17305.0,1,2010-03-01 12:47:00,2010-03-01 12:47:00,2135.46,1006
17306.0,21,2010-11-01 11:38:00,2011-11-29 12:14:00,9751.77,13726
17307.0,11,2010-01-19 16:38:00,2010-11-09 13:40:00,3378.31,3233
17308.0,2,2010-09-13 09:35:00,2010-11-11 13:19:00,4511.76,5148
17309.0,3,2010-02-04 15:49:00,2011-09-05 15:20:00,320.39,181
17310.0,2,2010-06-23 11:38:00,2010-11-17 16:00:00,1025.1,402
17311.0,6,2010-02-03 12:38:00,2011-09-22 14:11:00,3490.66,2709
17312.0,3,2011-07-03 13:12:00,2011-07-24 11:52:00,644.3,372
17313.0,1,2011-11-08 15:45:00,2011-11-08 15:45:00,2288.13,1382
17314.0,17,2009-12-03 11:25:00,2011-11-15 09:41:00,4514.7,3225
17315.0,41,2010-09-27 12:45:00,2011-12-08 12:15:00,9467.45,5029
17316.0,1,2010-10-15 14:35:00,2010-10-15 14:35:00,124.45,44
17317.0,3,2011-09-11 12:45:00,2011-10-24 17:19:00,2524.02,1074
17318.0,1,2009-12-14 13:11:00,2009-12-14 13:11:00,157.33,59
17319.0,1,2010-02-08 15:47:00,2010-02-08 15:47:00,29.099999999999998,14
17320.0,6,2010-01-21 16:29:00,2011-08-31 13:31:00,2444.85,1182
17321.0,6,2010-05-11 12:10:00,2011-12-01 13:41:00,1665.21,790
17322.0,5,2009-12-03 11:46:00,2010-11-28 14:41:00,900.64,624
17323.0,12,2010-01-10 11:58:00,2011-11-24 17:29:00,1535.56,1416
17324.0,12,2009-12-18 15:29:00,2011-11-22 10:34:00,2018.07,1449
17325.0,3,2010-03-08 11:31:00,2011-03-04 13:09:00,609.5699999999999,465
17326.0,2,2010-06-28 14:05:00,2010-10-27 15:38:00,312.35,136
17327.0,2,2010-05-26 11:20:00,2010-10-26 09:54:00,152.35,59
17328.0,1,2010-02-04 17:11:00,2010-02-04 17:11:00,104.7,86
17329.0,5,2009-12-03 16:09:00,2011-11-25 14:24:00,998.53,430
17330.0,4,2010-03-02 09:20:00,2011-11-17 08:56:00,423.8,122
17331.0,1,2011-08-08 11:55:00,2011-08-08 11:55:00,175.2,16
17332.0,5,2010-02-21 14:41:00,2010-06-29 16:10:00,827.77,769
17333.0,1,2011-09-15 10:11:00,2011-09-15 10:11:00,494.25,375
17334.0,3,2010-10-29 12:16:00,2011-02-10 14:59:00,634.73,565
17335.0,2,2010-01-24 11:15:00,2010-11-21 10:17:00,497.04,210
17336.0,1,2010-08-24 15:37:00,2010-08-24 15:37:00,81.12,48
17337.0,4,2011-02-02 17:06:00,2011-07-11 14:55:00,1896.06,1217
17338.0,17,2010-03-10 16:09:00,2011-11-22 14:23:00,11777.49,5750
17339.0,3,2010-07-18 13:08:00,2011-09-06 13:29:00,243.36,152
17340.0,18,2010-02-14 14:54:00,2011-11-10 10:45:00,19159.010000000002,9382
17341.0,5,2010-06-17 18:17:00,2011-07-06 12:33:00,1272.21,831
17342.0,4,2010-02-08 09:16:00,2010-11-25 11:07:00,1155.8400000000001,499
17343.0,6,2009-12-03 18:30:00,2010-12-19 15:07:00,1259.94,454
17344.0,2,2009-12-11 12:31:00,2011-10-24 12:56:00,443.86,198
17345.0,10,2009-12-01 16:17:00,2011-11-24 15:03:00,1466.33,1949
17346.0,26,2010-04-18 12:18:00,2011-12-06 12:18:00,4926.43,3419
17347.0,1,2011-09-14 13:12:00,2011-09-14 13:12:00,228.96,216
17348.0,9,2010-03-10 12:13:00,2011-11-25 11:25:00,2430.99,2736
17349.0,5,2010-03-18 14:26:00,2011-06-13 14:29:00,772.41,772
17350.0,7,2010-02-01 15:38:00,2011-12-01 15:47:00,1863.821,1142
17351.0,12,2009-12-10 18:43:00,2011-11-03 18:45:00,1964.38,380
17352.0,1,2010-01-12 16:13:00,2010-01-12 16:13:00,36.25,15
17353.0,4,2010-03-25 12:52:00,2011-08-02 17:19:00,3155.55,2136
17354.0,4,2010-10-07 13:22:00,2011-10-20 10:34:00,3133.96,2531
17355.0,1,2010-11-18 13:18:00,2010-11-18 13:18:00,273.31,249
17356.0,5,2010-01-20 12:14:00,2011-02-01 11:07:00,946.47,925
17357.0,2,2011-11-15 16:29:00,2011-11-15 16:30:00,384.39,152
17358.0,5,2010-02-24 16:42:00,2011-02-09 16:57:00,861.01,430
17359.0,2,2010-03-01 14:48:00,2011-11-28 14:37:00,284.46,237
17360.0,6,2010-10-01 12:07:00,2011-11-22 13:11:00,1170.56,623
17361.0,5,2010-02-01 14:30:00,2011-10-21 15:43:00,871.7900000000001,380
17362.0,7,2010-01-06 10:53:00,2011-04-14 14:43:00,1010.54,547
17363.0,3,2010-11-02 17:25:00,2010-11-09 17:11:00,920.46,499
17364.0,28,2009-12-07 15:28:00,2011-12-09 09:00:00,11945.52,7442
17365.0,15,2010-02-01 11:56:00,2011-11-27 12:13:00,8160.3,8000
17366.0,2,2010-09-09 19:46:00,2010-10-03 16:04:00,1075.59,503
17367.0,1,2011-04-15 14:21:00,2011-04-15 14:21:00,167.55,149
17368.0,14,2009-12-15 17:45:00,2011-11-16 15:26:00,2145.39,1603
17369.0,1,2010-09-10 09:49:00,2010-09-10 09:49:00,979.2,1152
17370.0,4,2011-06-23 11:50:00,2011-09-28 10:14:00,446.18,540
17371.0,6,2009-12-08 12:25:00,2011-11-22 13:30:00,651.37,279
17372.0,27,2009-12-03 18:41:00,2011-10-30 11:37:00,4264.33,1810
17373.0,7,2010-02-28 14:17:00,2011-10-30 15:28:00,1167.5,738
17374.0,3,2010-11-09 17:14:00,2011-05-05 09:05:00,711.21,153
17375.0,4,2010-10-04 09:14:00,2011-05-24 15:45:00,632.95,474
17376.0,4,2010-07-05 11:11:00,2011-09-30 12:36:00,453.64,244
17377.0,78,2009-12-02 12:39:00,2011-11-16 11:17:00,17184.23,7275
17378.0,1,2010-11-30 18:46:00,2010-11-30 18:46:00,0.0,0
17379.0,1,2011-11-28 13:56:00,2011-11-28 13:56:00,389.72,623
17380.0,3,2010-06-23 11:24:00,2010-10-01 16:42:00,643.75,251
17381.0,38,2010-06-09 12:55:00,2011-12-01 11:59:00,36395.47,42876
17382.0,8,2010-05-19 11:33:00,2011-10-05 13:05:00,902.28,457
17383.0,2,2010-09-12 14:54:00,2011-12-05 17:36:00,304.09,160
17384.0,3,2010-08-29 16:01:00,2011-11-20 15:48:00,507.55,121
17385.0,1,2011-11-25 11:02:00,2011-11-25 11:02:00,256.11,197
17386.0,7,2010-11-19 13:40:00,2011-12-02 11:28:00,2812.77,1955
17387.0,2,2011-11-06 11:25:00,2011-11-20 11:00:00,746.81,522
17388.0,11,2009-12-10 11:45:00,2011-09-23 10:31:00,2675.37,2555
17389.0,61,2009-12-04 12:06:00,2011-12-09 09:38:00,54945.68,17531
17390.0,1,2010-10-15 11:29:00,2010-10-15 11:29:00,149.3,49
17391.0,2,2011-06-28 12:21:00,2011-06-29 09:58:00,508.8,480
17392.0,3,2010-09-15 16:17:00,2011-02-06 12:48:00,579.92,448
17393.0,2,2010-08-08 15:53:00,2010-10-25 11:10:00,381.15,238
17394.0,1,2011-05-04 13:22:00,2011-05-04 13:22:00,203.86999999999998,241
17395.0,1,2010-07-19 15:34:00,2010-07-19 15:34:00,97.5,66
17396.0,13,2010-09-24 13:04:00,2011-10-31 14:12:00,8159.1,2230
17397.0,3,2010-10-19 13:20:00,2011-11-17 14:08:00,1198.28,691
17398.0,3,2011-03-29 13:04:00,2011-08-17 09:48:00,653.38,310
17400.0,8,2009-12-17 15:41:00,2011-08-05 15:38:00,4623.28,2185
17401.0,1,2010-06-16 16:54:00,2010-06-16 16:54:00,114.85,34
17402.0,22,2009-12-16 17:40:00,2011-12-05 10:15:00,4566.41,1446
17403.0,2,2010-09-15 12:29:00,2011-11-03 15:18:00,382.87,188
17404.0,21,2010-01-07 11:31:00,2011-12-05 16:26:00,45863.82,50000
17405.0,3,2011-07-12 14:17:00,2011-12-08 17:12:00,967.22,705
17406.0,13,2009-12-06 13:45:00,2011-01-10 15:07:00,3874.0,1827
17407.0,1,2010-10-24 11:57:00,2010-10-24 11:57:00,552.9,426
17408.0,3,2010-07-13 14:02:00,2011-06-29 12:53:00,164.89000000000001,91
17409.0,10,2009-12-11 12:17:00,2011-06-08 10:36:00,7793.51,4089
17410.0,5,2011-05-08 15:21:00,2011-11-23 15:46:00,1214.72,616
17411.0,5,2009-12-03 12:02:00,2011-11-27 14:25:00,1316.53,581
17412.0,16,2009-12-02 13:51:00,2011-12-07 11:36:00,4187.68,2527
17413.0,2,2010-05-19 11:11:00,2010-10-31 12:33:00,560.14,302
17414.0,6,2009-12-03 16:49:00,2011-10-27 12:13:00,2249.52,6256
17415.0,1,2011-09-21 12:50:00,2011-09-21 12:50:00,507.84,114
17416.0,22,2009-12-14 16:29:00,2011-11-10 12:47:00,17221.47,8731
17417.0,1,2010-06-09 10:00:00,2010-06-09 10:00:00,164.18,76
17418.0,3,2010-11-17 13:42:00,2011-10-28 13:00:00,670.0600000000001,521
17419.0,18,2010-01-25 13:19:00,2011-11-28 13:47:00,6100.65,2880
17420.0,6,2010-11-03 13:09:00,2011-10-20 14:52:00,943.6800000000001,444
17421.0,3,2009-12-04 15:43:00,2010-11-18 16:57:00,1059.41,807
17422.0,11,2010-06-23 10:19:00,2011-11-23 13:27:00,3341.65,3375
17423.0,3,2010-11-11 12:26:00,2011-10-24 13:36:00,1084.17,752
17425.0,2,2011-10-10 11:37:00,2011-11-20 15:30:00,759.17,407
17426.0,13,2010-02-17 13:39:00,2011-12-01 18:07:00,7606.37,5090
17427.0,1,2011-09-29 11:29:00,2011-09-29 11:29:00,100.8,34
17428.0,45,2009-12-01 17:28:00,2011-12-09 09:45:00,30885.06,17243
17429.0,5,2010-10-06 12:30:00,2011-08-03 13:22:00,1342.16,1276
17430.0,4,2010-08-17 11:52:00,2011-11-07 09:24:00,622.57,455
17431.0,1,2011-01-30 14:36:00,2011-01-30 14:36:00,403.3,292
17432.0,9,2009-12-03 19:13:00,2011-11-21 17:33:00,1728.99,1008
17433.0,2,2010-11-19 13:37:00,2011-09-12 14:24:00,569.96,305
17434.0,7,2011-09-15 13:54:00,2011-12-07 13:16:00,2333.42,1685
17435.0,1,2010-10-24 13:55:00,2010-10-24 13:55:00,331.35,195
17436.0,5,2009-12-07 12:31:00,2011-12-08 12:30:00,521.3100000000001,173
17437.0,1,2010-06-28 11:11:00,2010-06-28 11:11:00,369.68,283
17438.0,5,2010-03-08 16:53:00,2011-03-31 10:26:00,1412.6200000000001,550
17439.0,1,2010-02-22 12:48:00,2010-02-22 12:48:00,325.74,370
17440.0,4,2010-06-08 14:40:00,2011-07-06 11:54:00,314.26,268
17441.0,1,2009-12-07 13:32:00,2009-12-07 13:32:00,293.35,245
17442.0,15,2010-02-15 15:54:00,2011-11-03 09:17:00,4517.7,3109
17443.0,1,2011-05-04 10:47:00,2011-05-04 10:47:00,534.24,504
17444.0,2,2011-06-20 09:04:00,2011-07-11 10:33:00,2389.1,2118
17446.0,2,2011-02-02 14:40:00,2011-06-16 10:42:00,120.89999999999999,198
17447.0,2,2011-09-29 10:10:00,2011-10-30 14:18:00,541.53,443
17448.0,41,2010-03-04 17:29:00,2010-06-28 13:58:00,14375.01,11500
17449.0,13,2009-12-09 14:16:00,2011-12-07 16:56:00,4849.15,2475
17450.0,51,2010-09-27 16:59:00,2011-12-01 13:29:00,233643.91,80202
17451.0,7,2011-08-26 11:54:00,2011-12-08 15:02:00,1648.95,1178
17453.0,2,2011-10-06 17:02:00,2011-11-22 09:42:00,486.72,219
17454.0,10,2010-01-15 15:40:00,2011-05-31 13:58:00,1532.64,721
17455.0,1,2011-05-20 12:31:00,2011-05-20 12:31:00,131.7,66
17456.0,2,2010-09-09 15:28:00,2010-12-09 15:23:00,975.5600000000001,508
17457.0,14,2009-12-07 14:52:00,2011-08-05 12:48:00,5799.01,2635
17458.0,2,2010-11-23 11:43:00,2011-11-24 13:01:00,529.58,282
17459.0,2,2011-10-10 17:00:00,2011-10-27 13:25:00,657.3,537
17460.0,16,2010-01-22 13:25:00,2011-09-06 15:04:00,1937.1000000000001,883
17461.0,3,2011-11-10 12:01:00,2011-11-17 10:21:00,735.82,770
17462.0,2,2011-02-28 17:01:00,2011-10-10 13:56:00,662.94,224
17463.0,7,2010-04-29 17:57:00,2011-11-23 13:40:00,2515.26,1474
17464.0,3,2010-03-30 13:15:00,2011-07-04 13:19:00,816.5400000000001,548
17465.0,7,2009-12-03 13:25:00,2010-10-10 11:56:00,2533.64,1470
17466.0,2,2011-09-22 09:16:00,2011-11-29 13:15:00,763.28,306
17467.0,1,2010-11-09 12:58:00,2010-11-09 12:58:00,102.6,20
17468.0,3,2010-11-29 17:25:00,2011-11-29 15:33:00,194.8,184
17469.0,17,2009-12-16 15:06:00,2011-11-23 13:15:00,4958.34,2277
17470.0,11,2010-07-19 16:16:00,2011-10-26 12:42:00,2626.47,2731
17471.0,1,2010-08-22 11:53:00,2010-08-22 11:53:00,321.65,153
17472.0,4,2010-03-21 13:27:00,2011-06-01 14:57:00,922.35,551
17473.0,2,2010-09-09 19:03:00,2010-10-27 11:45:00,592.15,267
17474.0,1,2010-04-19 10:43:00,2010-04-19 10:43:00,1047.0,200
17475.0,1,2011-09-21 14:55:00,2011-09-21 14:55:00,194.37,178
17476.0,2,2009-12-02 12:09:00,2010-11-09 10:21:00,446.51,220
17477.0,2,2010-03-02 11:53:00,2010-04-06 10:06:00,1079.0,211
17478.0,2,2010-03-16 14:19:00,2010-10-27 15:01:00,1272.8,516
17479.0,1,2010-03-17 09:26:00,2010-03-17 09:26:00,389.26,266
17480.0,2,2010-09-21 12:31:00,2011-09-23 11:39:00,876.92,579
17481.0,4,2011-09-07 09:57:00,2011-12-06 12:28:00,1249.34,1060
17482.0,2,2010-05-10 14:10:00,2010-08-09 15:33:00,775.64,240
17483.0,4,2010-10-21 12:43:00,2011-10-05 13:10:00,591.73,265
17484.0,2,2010-03-25 16:17:00,2010-05-12 15:41:00,209.57,339
17486.0,1,2011-03-23 14:00:00,2011-03-23 14:00:00,396.87,191
17487.0,1,2009-12-11 15:06:00,2009-12-11 15:06:00,160.55,37
17488.0,1,2010-03-08 14:07:00,2010-03-08 14:07:00,336.5,136
17489.0,2,2011-05-11 11:34:00,2011-10-12 08:56:00,376.64,428
17490.0,9,2010-05-19 12:40:00,2011-12-09 09:08:00,2595.0099999999998,1419
17491.0,17,2010-04-28 11:57:00,2011-12-08 16:18:00,5636.72,3361
17492.0,3,2010-07-09 13:27:00,2011-04-05 15:21:00,1122.42,450
17493.0,1,2010-11-19 16:57:00,2010-11-19 16:57:00,100.91,62
17494.0,1,2010-07-26 10:06:00,2010-07-26 10:06:00,54.7,26
17495.0,3,2010-11-14 11:50:00,2011-12-02 12:08:00,759.07,358
17496.0,4,2010-01-14 13:36:00,2010-12-16 08:39:00,1385.89,671
17497.0,2,2010-04-08 08:01:00,2010-11-14 14:17:00,287.25,59
17498.0,1,2011-09-25 12:25:00,2011-09-25 12:25:00,272.22,394
17499.0,2,2010-05-27 09:59:00,2011-02-23 09:14:00,1296.84,1077
17500.0,3,2011-11-10 09:08:00,2011-11-22 14:25:00,1138.0,17
17501.0,2,2011-05-03 09:46:00,2011-05-03 09:47:00,288.6,160
17502.0,4,2011-11-10 16:39:00,2011-11-30 13:13:00,689.1,376
17503.0,2,2011-11-01 11:12:00,2011-12-07 09:18:00,558.96,486
17504.0,18,2010-02-08 09:22:00,2011-05-17 12:59:00,9238.42,5212
17505.0,5,2010-04-13 16:33:00,2011-07-01 12:50:00,2435.48,1242
17506.0,1,2011-09-25 11:39:00,2011-09-25 11:39:00,294.29,136
17507.0,2,2011-02-03 18:08:00,2011-03-23 11:48:00,605.58,359
17508.0,8,2009-12-07 11:46:00,2011-03-04 08:10:00,4546.78,2880
17509.0,8,2011-10-07 13:14:00,2011-10-13 10:26:00,6069.24,3508
17510.0,2,2010-10-15 10:20:00,2011-11-15 10:00:00,514.5600000000001,422
17511.0,60,2009-12-02 10:52:00,2011-12-07 10:12:00,168504.44,115451
17512.0,18,2009-12-10 19:35:00,2011-11-11 12:11:00,5432.27,5421
17513.0,3,2010-08-17 15:08:00,2011-09-28 16:42:00,1158.8,440
17514.0,2,2010-02-08 14:00:00,2011-08-03 15:45:00,522.0,284
17515.0,9,2010-06-07 13:29:00,2011-11-08 14:04:00,1602.51,527
17516.0,6,2010-11-26 12:50:00,2011-11-24 16:51:00,947.5,522
17517.0,1,2011-02-04 11:48:00,2011-02-04 11:48:00,153.94,102
17518.0,2,2010-03-28 13:31:00,2010-10-10 12:40:00,329.42,267
17519.0,15,2009-12-01 09:57:00,2011-11-22 16:43:00,4769.22,3227
17520.0,1,2011-10-17 12:04:00,2011-10-17 12:04:00,546.81,365
17521.0,5,2010-10-01 11:49:00,2011-11-10 11:22:00,1276.81,805
17522.0,5,2011-05-05 16:31:00,2011-12-08 12:31:00,1066.15,1022
17523.0,4,2011-11-20 13:40:00,2011-11-28 13:20:00,652.74,872
17524.0,3,2010-09-27 16:20:00,2010-12-13 14:32:00,508.9,290
17525.0,3,2010-10-07 09:12:00,2010-12-15 12:05:00,1161.9,338
17526.0,12,2009-12-17 16:18:00,2011-12-05 11:05:00,3450.04,1389
17527.0,4,2011-05-05 13:43:00,2011-10-17 12:32:00,888.86,463
17528.0,8,2011-09-29 13:04:00,2011-12-08 13:27:00,3540.1,2130
17529.0,2,2010-01-11 12:29:00,2010-04-08 17:51:00,1240.25,790
17530.0,12,2009-12-06 16:17:00,2011-12-08 18:42:00,2786.15,1737
17531.0,3,2010-03-31 12:57:00,2011-06-02 19:17:00,1194.47,461
17532.0,1,2010-11-19 08:13:00,2010-11-19 08:13:00,65.34,30
17533.0,1,2010-10-01 09:14:00,2010-10-01 09:14:00,34.8,24
17534.0,5,2010-02-25 16:55:00,2011-10-17 12:47:00,1668.83,860
17535.0,1,2011-03-04 15:20:00,2011-03-04 15:20:00,164.4,136
17536.0,3,2010-01-26 12:00:00,2011-06-15 13:23:00,364.83,201
17537.0,2,2011-02-09 13:37:00,2011-11-10 10:56:00,887.67,699
17538.0,1,2011-11-14 12:12:00,2011-11-14 12:12:00,98.42,134
17539.0,3,2009-12-13 12:36:00,2010-03-21 15:23:00,997.34,696
17540.0,6,2010-04-19 09:47:00,2011-11-15 11:56:00,1582.1000000000001,587
17541.0,1,2010-07-18 11:36:00,2010-07-18 11:36:00,119.86,44
17542.0,3,2010-03-08 12:08:00,2011-03-15 11:45:00,340.84999999999997,323
17543.0,1,2010-06-08 12:41:00,2010-06-08 12:41:00,120.05,62
17544.0,3,2010-11-14 14:47:00,2010-11-14 15:08:00,944.82,410
17545.0,6,2010-05-11 10:04:00,2011-10-27 14:04:00,1409.86,682
17547.0,2,2010-02-12 14:34:00,2010-11-29 09:41:00,692.35,213
17548.0,4,2010-11-08 16:19:00,2011-04-20 12:01:00,486.48,304
17549.0,2,2011-10-19 10:05:00,2011-11-16 09:59:00,148.86,210
17550.0,9,2010-02-07 15:07:00,2011-05-26 14:09:00,2165.54,908
17551.0,1,2010-12-15 14:12:00,2010-12-15 14:12:00,290.34,142
17552.0,12,2010-03-22 09:19:00,2011-10-10 17:00:00,2744.63,1929
17553.0,4,2010-04-08 09:44:00,2011-08-02 10:00:00,3757.6,2288
17554.0,5,2011-07-14 20:01:00,2011-12-08 14:15:00,1952.45,1763
17555.0,5,2010-05-02 16:02:00,2011-11-20 12:22:00,1045.74,739
17556.0,2,2010-11-25 17:00:00,2011-05-18 10:48:00,300.67,184
17557.0,4,2009-12-07 10:15:00,2011-11-25 12:57:00,575.46,310
17558.0,1,2010-11-11 14:36:00,2010-11-11 14:36:00,259.17,54
17559.0,1,2010-07-15 12:02:00,2010-07-15 12:02:00,167.62,270
17560.0,8,2010-02-17 12:11:00,2011-09-06 09:18:00,1895.8,1588
17561.0,4,2009-12-06 13:29:00,2011-11-20 12:53:00,703.02,381
17562.0,7,2011-06-19 13:06:00,2011-11-25 14:21:00,1107.38,813
17563.0,2,2010-04-07 10:02:00,2010-05-10 14:54:00,313.78,228
17564.0,3,2011-09-20 14:00:00,2011-11-15 13:27:00,454.01,146
17565.0,1,2010-05-02 11:54:00,2010-05-02 11:54:00,131.83,67
17566.0,2,2011-11-14 13:42:00,2011-12-01 19:54:00,869.77,497
17567.0,9,2010-09-24 10:48:00,2011-12-02 15:48:00,4519.16,2704
17568.0,1,2010-03-16 16:45:00,2010-03-16 16:45:00,374.45,275
17569.0,1,2011-01-11 14:15:00,2011-01-11 14:15:00,344.14,159
17571.0,5,2010-06-15 12:50:00,2011-10-20 15:57:00,1629.66,990
17572.0,10,2009-12-15 10:00:00,2011-09-29 17:53:00,652.21,327
17573.0,3,2011-09-07 10:36:00,2011-11-10 13:01:00,362.9,302
17574.0,1,2011-04-11 09:47:00,2011-04-11 09:47:00,185.65,77
17575.0,1,2010-02-10 13:48:00,2010-02-10 13:48:00,171.7,72
17576.0,41,2009-12-03 16:54:00,2011-12-01 17:56:00,8534.45,4527
17577.0,2,2010-02-09 10:10:00,2010-03-04 13:01:00,348.75,179
17578.0,7,2010-06-28 11:55:00,2011-05-05 18:38:00,1003.73,471
17579.0,4,2010-05-10 14:28:00,2011-12-05 12:28:00,744.58,373
17580.0,5,2010-10-13 14:28:00,2011-04-01 12:41:00,538.07,222
17581.0,43,2009-12-03 12:34:00,2011-12-09 12:21:00,17543.99,9427
17582.0,5,2010-03-26 12:23:00,2011-04-17 13:18:00,1429.95,601
17583.0,1,2010-05-28 14:24:00,2010-05-28 14:24:00,135.95,55
17584.0,6,2010-01-25 08:17:00,2011-12-02 17:12:00,5294.42,2452
17585.0,7,2010-08-18 16:39:00,2011-08-22 13:30:00,2064.71,2510
17586.0,1,2010-03-30 13:12:00,2010-03-30 13:12:00,167.4,68
17587.0,1,2010-03-21 14:16:00,2010-03-21 14:16:00,173.76,66
17588.0,7,2010-03-12 12:34:00,2011-08-31 13:37:00,2901.65,1367
17589.0,18,2010-03-07 13:48:00,2011-10-10 16:58:00,13661.22,8609
17590.0,3,2011-10-30 14:05:00,2011-12-07 12:55:00,1466.77,821
17591.0,8,2010-01-17 16:09:00,2011-09-27 13:42:00,2328.37,1027
17592.0,1,2009-12-01 10:49:00,2009-12-01 10:49:00,0.0,0
17593.0,11,2009-12-04 14:35:00,2011-12-06 10:30:00,8040.52,5575
17594.0,4,2010-04-14 08:53:00,2011-09-15 16:34:00,2497.88,1368
17595.0,2,2011-11-02 16:19:00,2011-11-27 16:08:00,386.69,228
17596.0,13,2009-12-15 13:21:00,2011-11-16 14:11:00,4478.11,7003
17597.0,5,2010-05-05 15:33:00,2011-05-10 11:54:00,3425.29,2205
17598.0,1,2010-11-23 17:43:00,2010-11-23 17:43:00,409.98,126
17599.0,1,2010-08-19 12:50:00,2010-08-19 12:50:00,44.55,9
17600.0,1,2011-11-22 09:43:00,2011-11-22 09:43:00,161.67000000000002,144
17601.0,2,2010-11-24 14:29:00,2011-04-14 18:02:00,412.65999999999997,294
17602.0,14,2010-03-30 17:25:00,2011-12-07 13:53:00,7240.7300000000005,5858
17603.0,4,2009-12-10 09:44:00,2011-09-22 14:18:00,1671.18,612
17604.0,6,2010-01-27 12:19:00,2011-05-06 13:43:00,942.38,614
17605.0,1,2010-04-28 14:45:00,2010-04-28 14:45:00,160.75,71
17606.0,1,2009-12-02 13:32:00,2009-12-02 13:32:00,87.3,42
17607.0,1,2010-11-28 13:11:00,2010-11-28 13:11:00,333.81,269
17608.0,4,2010-04-11 13:37:00,2011-11-06 13:06:00,488.06,528
17609.0,11,2010-04-09 16:54:00,2011-10-30 12:28:00,1740.01,1205
17610.0,5,2009-12-06 16:07:00,2010-06-17 16:34:00,1410.29,873
17611.0,28,2009-12-01 13:29:00,2011-12-02 13:29:00,8149.93,5268
17612.0,18,2009-12-17 11:59:00,2011-10-17 14:59:00,5168.28,3464
17613.0,14,2011-02-07 11:20:00,2011-11-17 10:51:00,4494.77,2464
17614.0,1,2011-10-13 16:01:00,2011-10-13 16:01:00,386.32,235
17615.0,6,2010-08-11 12:54:00,2011-08-01 14:06:00,714.3000000000001,372
17616.0,4,2010-09-14 10:43:00,2011-06-19 10:11:00,734.4,288
17617.0,1,2010-05-30 12:48:00,2010-05-30 12:48:00,227.14000000000001,220
17618.0,11,2010-01-24 11:03:00,2011-12-04 11:50:00,3976.34,1793
17619.0,1,2011-01-31 14:18:00,2011-01-31 14:18:00,214.37,124
17620.0,1,2011-10-11 12:08:00,2011-10-11 12:08:00,81.44,60
17621.0,6,2010-10-04 09:37:00,2011-11-18 17:11:00,3029.32,1094
17622.0,2,2010-04-20 13:38:00,2010-04-21 12:36:00,1125.17,367
17623.0,7,2009-12-14 14:36:00,2011-11-07 11:32:00,2365.77,799
17624.0,4,2009-12-20 12:35:00,2011-11-25 10:52:00,1568.63,958
17625.0,8,2009-12-15 11:49:00,2011-11-21 13:36:00,5978.9,3505
17626.0,1,2010-04-16 12:15:00,2010-04-16 12:15:00,254.0,202
17627.0,1,2010-08-18 11:27:00,2010-08-18 11:27:00,285.11,673
17628.0,1,2011-09-19 15:21:00,2011-09-19 15:21:00,75.75,79
17629.0,10,2010-10-14 13:35:00,2011-12-04 10:56:00,2425.52,1895
17630.0,2,2011-04-21 14:03:00,2011-06-23 11:58:00,503.6,158
17631.0,7,2009-12-09 14:15:00,2011-12-08 09:47:00,998.49,591
17633.0,7,2010-11-15 14:55:00,2011-11-08 13:25:00,1974.89,885
17634.0,9,2011-01-06 12:45:00,2011-11-03 13:09:00,2358.59,838
17635.0,3,2010-04-28 10:51:00,2010-10-11 15:12:00,1256.83,763
17636.0,1,2011-11-20 14:40:00,2011-11-20 14:40:00,265.93,176
17637.0,2,2011-08-16 13:25:00,2011-11-08 12:51:00,547.0600000000001,280
17638.0,2,2009-12-18 09:58:00,2010-03-02 14:32:00,842.4000000000001,432
17639.0,6,2010-08-13 11:59:00,2011-03-08 15:22:00,615.17,576
17640.0,6,2010-03-23 09:15:00,2011-09-14 09:13:00,3107.59,1671
17642.0,5,2009-12-05 16:01:00,2011-08-12 09:11:00,1824.49,1475
17643.0,2,2010-07-22 13:07:00,2010-12-01 14:38:00,439.7,226
17644.0,20,2010-02-16 08:44:00,2011-12-08 13:43:00,5864.54,3410
17646.0,12,2009-12-16 09:37:00,2011-05-04 13:17:00,3843.1600000000003,1299
17647.0,3,2010-02-08 14:39:00,2011-10-05 15:38:00,331.65999999999997,82
17648.0,5,2010-11-19 16:41:00,2011-10-10 09:41:00,2208.42,953
17649.0,3,2010-08-24 13:01:00,2011-07-24 15:53:00,1542.44,716
17650.0,1,2011-11-18 14:52:00,2011-11-18 14:52:00,166.07999999999998,150
17651.0,16,2010-07-01 12:17:00,2011-11-28 10:29:00,5635.05,4068
17652.0,12,2011-03-03 14:05:00,2011-11-14 12:55:00,4737.13,2479
17653.0,4,2011-08-11 15:24:00,2011-11-03 12:46:00,1175.8799999999999,1401
17654.0,1,2011-03-07 13:17:00,2011-03-07 13:17:00,117.55,41
17655.0,9,2010-10-19 10:20:00,2011-11-29 11:34:00,2909.1800000000003,1108
17656.0,5,2011-08-03 10:45:00,2011-09-27 13:04:00,1674.69,1399
17657.0,1,2010-10-05 14:52:00,2010-10-05 14:52:00,126.0,60
17658.0,2,2011-05-12 15:23:00,2011-11-14 12:07:00,485.88,522
17659.0,14,2010-11-18 14:20:00,2011-11-22 13:29:00,3536.33,1712
17660.0,2,2009-12-02 16:02:00,2011-07-21 13:37:00,342.21999999999997,259
17662.0,2,2009-12-17 09:54:00,2010-02-16 09:38:00,412.92,184
17663.0,17,2010-03-04 11:42:00,2011-11-14 08:56:00,5081.04,2268
17664.0,4,2010-03-29 17:17:00,2011-11-21 11:29:00,1166.23,1058
17665.0,1,2010-08-03 13:12:00,2010-08-03 13:12:00,563.1,690
17666.0,5,2010-06-30 12:03:00,2011-12-06 09:06:00,2047.8,1552
17667.0,9,2010-02-23 09:57:00,2011-10-04 14:32:00,3883.8,2182
17668.0,2,2011-11-01 14:45:00,2011-12-08 13:25:00,347.75,93
17669.0,10,2010-04-01 18:48:00,2011-10-28 08:53:00,6142.35,3505
17670.0,1,2011-04-26 09:12:00,2011-04-26 09:12:00,205.7,110
17671.0,5,2010-11-29 11:53:00,2011-11-24 12:21:00,1720.53,874
17672.0,6,2010-03-08 13:17:00,2011-10-20 14:18:00,5592.1900000000005,2739
17673.0,13,2010-03-19 14:02:00,2011-12-08 12:50:00,4156.63,3279
17674.0,2,2010-12-06 10:20:00,2011-09-26 13:35:00,551.04,672
17675.0,70,2009-12-10 16:10:00,2011-12-08 18:03:00,37067.02,16027
17676.0,10,2010-03-30 10:49:00,2011-12-05 15:16:00,2409.73,1699
17677.0,54,2009-12-16 11:23:00,2011-12-08 09:56:00,34233.35,20732
17678.0,2,2010-04-15 13:54:00,2011-03-21 11:52:00,579.81,367
17679.0,7,2009-12-03 17:32:00,2011-10-18 07:43:00,3166.56,1414
17680.0,3,2010-07-16 16:07:00,2011-11-16 12:42:00,462.5,154
17681.0,5,2010-01-15 11:53:00,2010-04-21 17:22:00,529.6,354
17682.0,11,2010-03-08 09:49:00,2011-11-29 15:59:00,4050.28,2279
17683.0,3,2010-06-03 17:15:00,2010-11-19 10:11:00,819.01,781
17684.0,1,2011-10-27 11:10:00,2011-10-27 11:10:00,239.41,145
17685.0,12,2010-02-11 13:44:00,2011-11-23 11:36:00,5439.95,3462
17686.0,9,2010-06-24 09:49:00,2011-12-02 15:39:00,8296.81,3583
17687.0,1,2010-10-15 12:30:00,2010-10-15 12:30:00,432.68,210
17688.0,1,2010-11-11 10:41:00,2010-11-11 10:41:00,286.5,108
17689.0,2,2010-08-22 13:54:00,2010-11-16 13:22:00,317.08,300
17690.0,20,2010-02-03 14:26:00,2011-11-09 15:17:00,6954.3,2933
17691.0,4,2010-06-11 11:50:00,2010-12-16 17:20:00,627.35,303
17692.0,12,2010-06-17 11:14:00,2011-08-04 14:01:00,2947.04,2282
17693.0,1,2011-07-25 15:48:00,2011-07-25 15:48:00,187.01999999999998,229
17694.0,3,2010-05-26 08:27:00,2011-07-21 12:00:00,1695.97,1493
17695.0,5,2010-01-28 09:27:00,2011-07-31 10:40:00,1720.54,1803
17696.0,27,2009-12-10 17:09:00,2011-11-01 13:43:00,7380.89,5749
17697.0,1,2011-04-17 15:40:00,2011-04-17 15:40:00,338.95000000000005,93
17698.0,1,2011-03-24 11:34:00,2011-03-24 11:34:00,154.95,93
17699.0,2,2010-05-27 11:53:00,2010-08-20 09:39:00,442.0,208
17700.0,14,2009-12-01 11:37:00,2011-11-23 11:51:00,6640.72,3462
17701.0,1,2011-04-01 12:25:00,2011-04-01 12:25:00,417.95,109
17702.0,6,2010-11-04 12:09:00,2011-11-09 16:03:00,2999.94,2115
17703.0,4,2010-10-17 16:16:00,2011-11-04 15:51:00,1094.84,897
17704.0,2,2011-04-14 09:28:00,2011-06-24 09:40:00,885.19,343
17705.0,11,2010-05-12 09:47:00,2011-12-06 13:45:00,2041.5,1295
17706.0,31,2010-01-19 12:13:00,2011-12-05 13:34:00,19066.07,7627
17707.0,8,2009-12-07 12:19:00,2011-06-07 15:03:00,605.05,545
17708.0,4,2010-10-12 12:13:00,2011-06-05 10:12:00,884.1800000000001,387
17709.0,5,2010-04-15 14:48:00,2011-06-23 11:55:00,671.01,295
17710.0,1,2010-10-12 07:49:00,2010-10-12 07:49:00,293.5,158
17711.0,2,2011-02-23 11:32:00,2011-11-29 11:40:00,385.1,246
17712.0,1,2011-10-26 12:28:00,2011-10-26 12:28:00,522.91,215
17713.0,4,2010-06-09 09:33:00,2010-11-22 16:50:00,1198.09,989
17714.0,5,2010-07-14 10:41:00,2011-01-23 10:32:00,1376.58,590
17715.0,2,2010-04-26 12:17:00,2011-05-23 12:32:00,489.59999999999997,576
17716.0,24,2009-12-02 17:18:00,2011-11-17 12:00:00,15671.32,8704
17717.0,1,2010-10-14 12:54:00,2010-10-14 12:54:00,376.92,344
17718.0,2,2010-03-05 08:01:00,2011-04-21 13:39:00,386.98,238
17719.0,15,2011-03-29 11:29:00,2011-11-02 10:36:00,5367.8,2455
17720.0,10,2010-05-10 09:58:00,2011-11-13 15:04:00,2613.06,1584
17721.0,1,2010-02-18 15:18:00,2010-02-18 15:18:00,307.21000000000004,107
17722.0,5,2010-11-29 09:44:00,2011-09-04 15:22:00,3476.82,2389
17723.0,7,2010-11-29 10:35:00,2011-08-04 18:37:00,3378.4000000000005,912
17724.0,3,2011-07-24 13:26:00,2011-09-29 15:26:00,995.6500000000001,289
17725.0,11,2011-03-17 19:47:00,2011-11-23 16:34:00,3371.13,2141
17726.0,7,2010-01-26 14:58:00,2010-11-09 13:37:00,1089.56,442
17727.0,1,2011-11-24 17:06:00,2011-11-24 17:06:00,1042.55,639
17728.0,5,2010-09-12 14:58:00,2011-12-06 08:52:00,4206.16,2138
17729.0,1,2010-04-22 15:03:00,2010-04-22 15:03:00,438.65000000000003,247
17730.0,20,2010-04-29 11:48:00,2011-12-06 15:43:00,7757.35,5283
17731.0,6,2010-02-09 12:37:00,2011-09-21 15:02:00,1347.08,606
17732.0,8,2010-08-09 08:41:00,2010-12-02 09:29:00,2144.17,1052
17733.0,2,2011-03-23 09:54:00,2011-11-01 08:16:00,692.19,463
17734.0,6,2010-03-07 13:55:00,2011-10-17 12:33:00,1442.32,741
17735.0,26,2010-07-30 13:25:00,2011-12-07 16:47:00,16707.98,10654
17736.0,3,2011-08-18 14:33:00,2011-11-30 15:36:00,337.49,237
17737.0,2,2011-10-12 14:42:00,2011-11-30 15:16:00,168.24,108
17738.0,13,2010-03-19 10:07:00,2011-11-20 15:05:00,4145.36,2768
17739.0,18,2009-12-07 10:48:00,2011-11-28 09:12:00,7718.14,2327
17740.0,6,2010-01-11 13:11:00,2010-11-15 16:33:00,426.90000000000003,222
17741.0,2,2010-05-28 12:11:00,2010-10-29 11:59:00,101.1,114
17742.0,11,2009-12-01 13:16:00,2011-08-18 15:28:00,2098.48,653
17743.0,1,2010-09-17 14:54:00,2010-09-17 14:54:00,208.85,83
17744.0,7,2010-11-24 09:34:00,2011-12-06 12:11:00,2649.14,3826
17745.0,2,2010-06-02 09:03:00,2010-08-19 12:30:00,600.34,164
17746.0,4,2010-04-08 12:54:00,2011-04-13 14:31:00,873.4300000000001,659
17747.0,1,2011-08-19 08:13:00,2011-08-19 08:13:00,64.65,11
17748.0,1,2010-06-30 13:49:00,2010-06-30 13:49:00,358.15000000000003,111
17749.0,3,2010-06-11 14:56:00,2011-06-14 15:45:00,1026.18,446
17750.0,9,2011-06-28 15:44:00,2011-12-04 14:09:00,1694.16,3696
17751.0,1,2010-10-14 13:57:00,2010-10-14 13:57:00,157.86,147
17752.0,1,2010-12-15 16:19:00,2010-12-15 16:19:00,80.64,192
17753.0,4,2010-01-06 14:20:00,2010-09-01 15:49:00,379.56,122
17754.0,13,2009-12-11 15:52:00,2011-12-09 11:20:00,4383.08,4299
17756.0,3,2010-11-10 12:54:00,2010-11-29 12:20:00,728.75,399
17757.0,56,2010-01-13 15:56:00,2011-12-08 15:31:00,8990.49,4951
17758.0,12,2010-05-20 13:18:00,2011-11-20 14:45:00,4964.03,3199
17759.0,5,2010-05-05 11:40:00,2011-11-22 16:02:00,1260.63,964
17760.0,6,2010-02-28 12:15:00,2011-11-18 10:56:00,739.14,530
17761.0,1,2011-11-07 10:23:00,2011-11-07 10:23:00,712.78,398
17762.0,1,2010-09-09 17:40:00,2010-09-09 17:40:00,129.75,129
17763.0,4,2010-02-18 14:32:00,2011-03-21 14:25:00,51.15,27
17764.0,5,2009-12-03 14:28:00,2011-10-20 11:03:00,1513.57,674
17765.0,4,2010-09-17 12:45:00,2011-07-04 12:41:00,524.0,195
17766.0,2,2010-11-23 14:17:00,2010-11-23 14:29:00,299.61,155
17767.0,2,2010-10-25 16:22:00,2011-11-24 14:42:00,413.05,198
17768.0,7,2009-12-02 12:26:00,2011-12-01 13:22:00,3287.78,2338
17769.0,17,2010-01-19 11:33:00,2011-11-27 11:18:00,6944.96,3108
17770.0,5,2011-03-02 13:35:00,2011-05-25 12:34:00,1143.27,365
17771.0,4,2010-04-29 13:21:00,2011-10-14 11:43:00,386.93,369
17772.0,3,2010-11-12 11:31:00,2011-11-29 11:05:00,360.75,113
17773.0,2,2010-01-18 14:32:00,2010-07-13 14:07:00,575.37,254
17774.0,9,2010-02-08 16:06:00,2011-09-04 12:49:00,3259.39,1581
17775.0,1,2011-03-30 10:50:00,2011-03-30 10:50:00,56.4,72
17776.0,2,2009-12-16 14:59:00,2010-11-18 12:14:00,322.55,269
17777.0,3,2011-08-31 14:35:00,2011-11-15 12:02:00,647.5600000000001,501
17778.0,1,2010-02-16 12:44:00,2010-02-16 12:44:00,197.70000000000002,214
17779.0,3,2011-07-19 12:19:00,2011-11-18 14:15:00,633.92,393
17780.0,3,2010-01-24 11:21:00,2010-02-10 13:43:00,346.56,156
17781.0,2,2011-03-31 19:54:00,2011-07-03 16:00:00,188.02,34
17782.0,2,2010-11-22 10:03:00,2010-11-22 11:15:00,679.02,538
17783.0,3,2010-07-15 12:50:00,2011-09-28 16:07:00,376.96,438
17784.0,1,2010-06-07 16:08:00,2010-06-07 16:08:00,112.86,72
17785.0,3,2010-05-23 13:01:00,2011-10-17 13:43:00,403.38,227
17786.0,2,2011-01-26 14:35:00,2011-09-15 12:51:00,266.85,195
17787.0,4,2010-12-03 13:43:00,2011-07-10 11:24:00,1817.54,896
17788.0,2,2011-08-02 10:38:00,2011-09-27 10:09:00,1112.95,210
17789.0,2,2010-02-16 13:16:00,2011-03-03 13:14:00,397.15,199
17790.0,20,2010-06-13 13:30:00,2011-11-13 11:30:00,2779.41,1387
17791.0,1,2011-11-10 12:09:00,2011-11-10 12:09:00,106.1,46
17792.0,2,2010-08-18 13:08:00,2010-08-29 14:30:00,368.35,149
17793.0,1,2011-11-14 14:24:00,2011-11-14 14:24:00,300.34,226
17794.0,2,2010-01-20 12:17:00,2010-01-22 10:18:00,147.3,46
17795.0,2,2011-03-20 12:02:00,2011-06-13 12:36:00,342.83,305
17796.0,7,2010-10-14 13:37:00,2011-10-30 15:38:00,1236.39,347
17797.0,8,2009-12-15 14:30:00,2011-11-17 13:21:00,1971.8700000000001,1086
17798.0,1,2010-05-07 11:42:00,2010-05-07 11:42:00,172.17,136
17799.0,20,2009-12-13 16:03:00,2011-11-17 15:16:00,6121.78,3659
17800.0,9,2011-01-09 13:50:00,2011-11-02 12:57:00,1186.21,731
17801.0,3,2010-01-17 11:31:00,2010-09-14 14:32:00,767.48,817
17802.0,10,2009-12-13 13:39:00,2011-09-18 14:56:00,4808.94,2674
17803.0,1,2010-11-12 13:53:00,2010-11-12 13:53:00,184.66,98
17804.0,3,2009-12-01 12:22:00,2010-11-28 14:01:00,383.78000000000003,194
17805.0,2,2010-04-08 14:36:00,2011-09-27 11:49:00,927.03,1126
17806.0,1,2011-11-28 14:12:00,2011-11-28 14:12:00,546.04,727
17807.0,3,2010-01-04 14:00:00,2010-11-09 16:21:00,437.87,262
17808.0,4,2010-05-07 16:26:00,2010-06-09 10:44:00,262.64,143
17809.0,20,2009-12-02 14:52:00,2011-11-23 12:59:00,10014.58,2953
17810.0,2,2010-01-25 10:26:00,2010-02-09 10:47:00,343.21,117
17811.0,47,2010-09-20 11:24:00,2011-12-05 13:46:00,9351.83,5227
17812.0,7,2010-06-27 13:34:00,2011-11-27 11:47:00,911.99,444
17813.0,5,2011-09-29 15:57:00,2011-11-25 16:13:00,1641.79,739
17814.0,2,2010-10-13 14:03:00,2010-11-29 14:21:00,1609.37,1435
17815.0,1,2010-11-11 14:39:00,2010-11-11 14:39:00,591.96,612
17816.0,6,2009-12-15 15:27:00,2011-11-03 11:34:00,96.11,80
17817.0,6,2010-10-13 15:07:00,2011-12-05 14:39:00,781.45,351
17818.0,1,2009-12-02 11:34:00,2009-12-02 11:34:00,124.78,86
17819.0,12,2009-12-13 15:24:00,2011-09-29 10:52:00,5977.25,1606
17820.0,1,2010-11-30 17:43:00,2010-11-30 17:43:00,156.56,106
17821.0,1,2010-10-29 13:20:00,2010-10-29 13:20:00,334.62,162
17822.0,5,2010-05-28 12:15:00,2010-10-15 13:47:00,2154.08,1372
17823.0,2,2010-10-14 16:14:00,2010-10-14 16:24:00,449.25,252
17824.0,1,2011-10-19 14:14:00,2011-10-19 14:14:00,298.4,408
17825.0,4,2009-12-14 12:09:00,2010-04-20 12:01:00,701.96,516
17826.0,1,2010-11-30 13:23:00,2010-11-30 13:23:00,133.34,84
17827.0,6,2010-03-28 12:20:00,2011-12-04 15:00:00,2369.42,1581
17828.0,4,2011-06-08 08:31:00,2011-11-17 08:41:00,1074.97,631
17829.0,5,2010-02-22 15:39:00,2011-02-14 12:46:00,4680.42,2937
17830.0,3,2011-02-24 10:15:00,2011-12-08 12:28:00,398.7,92
17831.0,1,2011-11-06 15:09:00,2011-11-06 15:09:00,35.400000000000006,12
17832.0,1,2011-10-21 11:43:00,2011-10-21 11:43:00,155.37,208
17833.0,1,2009-12-16 13:40:00,2009-12-16 13:40:00,338.46000000000004,143
17834.0,2,2010-09-20 15:32:00,2010-10-21 12:09:00,689.67,639
17835.0,3,2011-11-16 16:30:00,2011-12-07 11:48:00,342.24,344
17836.0,1,2011-10-23 16:13:00,2011-10-23 16:13:00,109.83,87
17837.0,8,2011-06-29 16:44:00,2011-10-28 16:13:00,1502.48,505
17838.0,13,2010-03-19 09:53:00,2011-11-13 11:20:00,5134.49,3052
17839.0,1,2011-10-28 17:27:00,2011-10-28 17:27:00,318.15,257
17840.0,1,2010-09-22 12:24:00,2010-09-22 12:24:00,175.9,128
17841.0,211,2009-12-02 15:41:00,2011-12-08 12:07:00,67287.06,36137
17842.0,1,2010-04-16 14:23:00,2010-04-16 14:23:00,430.69,89
17843.0,2,2010-10-24 10:56:00,2011-02-09 15:33:00,312.65,226
17844.0,1,2011-08-25 11:27:00,2011-08-25 11:27:00,51.559999999999995,52
17845.0,4,2010-05-12 13:04:00,2010-06-02 15:20:00,596.09,195
17847.0,2,2010-03-04 12:57:00,2010-07-12 10:00:00,125.74000000000001,28
17848.0,30,2009-12-06 13:19:00,2011-09-19 16:49:00,3525.71,1371
17849.0,8,2010-03-14 15:17:00,2011-05-05 13:46:00,1063.76,224
17850.0,155,2009-12-05 12:28:00,2010-12-02 15:27:00,50407.770000000004,20876
17851.0,6,2009-12-03 17:46:00,2010-10-13 15:13:00,1552.35,933
17852.0,5,2009-12-08 12:51:00,2011-11-28 12:36:00,657.8100000000001,372
17853.0,3,2009-12-03 15:09:00,2010-10-28 15:29:00,1596.29,625
17854.0,6,2009-12-08 11:13:00,2011-06-07 16:21:00,1068.5,607
17855.0,1,2010-12-02 09:44:00,2010-12-02 09:44:00,208.97,197
17856.0,4,2011-03-03 11:40:00,2011-12-08 09:40:00,1393.79,826
17857.0,23,2010-03-08 12:09:00,2011-12-05 13:13:00,25653.84,15302
17858.0,30,2009-12-06 15:41:00,2011-12-04 11:56:00,12458.65,5381
17859.0,1,2011-02-08 10:32:00,2011-02-08 10:32:00,141.92,102
17860.0,4,2009-12-11 16:48:00,2010-12-06 12:41:00,717.39,696
17861.0,18,2009-12-10 11:27:00,2011-12-06 16:21:00,5025.19,4517
17862.0,4,2010-05-25 17:22:00,2011-01-20 12:23:00,1254.89,440
17863.0,12,2010-02-25 12:01:00,2011-10-11 13:45:00,5360.4800000000005,4676
17864.0,5,2010-10-08 11:49:00,2011-11-27 11:15:00,876.57,1015
17865.0,46,2009-12-01 10:49:00,2011-11-09 12:08:00,25584.75,12791
17866.0,3,2009-12-14 16:01:00,2011-07-20 11:07:00,1131.0,534
17867.0,14,2009-12-02 13:39:00,2011-11-09 14:15:00,835.2199999999999,316
17868.0,1,2010-11-18 18:55:00,2010-11-18 18:55:00,227.15,85
17869.0,7,2010-06-10 13:47:00,2011-08-24 16:16:00,813.64,491
17870.0,13,2010-11-23 11:39:00,2011-12-07 15:07:00,2748.3399999999997,1698
17871.0,5,2010-01-15 14:48:00,2011-05-19 11:32:00,1068.95,665
17872.0,1,2010-11-23 12:02:00,2010-11-23 12:02:00,235.87,176
17873.0,18,2009-12-16 15:11:00,2011-09-20 16:41:00,5849.63,3606
17874.0,6,2011-03-29 11:25:00,2011-06-07 12:54:00,658.26,209
17875.0,1,2010-01-20 15:30:00,2010-01-20 15:30:00,167.1,98
17876.0,3,2010-02-02 13:00:00,2010-11-05 10:52:00,3424.02,1958
17877.0,1,2011-06-22 13:00:00,2011-06-22 13:00:00,237.60999999999999,98
17878.0,3,2010-11-09 13:50:00,2011-10-27 11:24:00,1378.93,1014
17879.0,1,2011-06-19 12:36:00,2011-06-19 12:36:00,178.52,45
17880.0,3,2009-12-09 16:13:00,2010-12-10 10:21:00,824.9200000000001,466
17881.0,1,2011-02-08 17:16:00,2011-02-08 17:16:00,133.35,32
17882.0,2,2010-11-25 14:35:00,2010-11-25 14:40:00,291.56,130
17883.0,7,2010-02-25 20:07:00,2011-12-06 17:49:00,972.52,474
17884.0,20,2009-12-04 16:23:00,2011-12-06 11:33:00,2649.47,2735
17885.0,1,2011-11-27 14:40:00,2011-11-27 14:40:00,156.34,110
17886.0,6,2010-04-29 11:10:00,2011-11-08 10:09:00,1562.6000000000001,710
17887.0,1,2011-08-02 17:29:00,2011-08-02 17:29:00,111.35,30
17888.0,25,2009-12-21 16:34:00,2011-11-18 13:45:00,1312.31,845
17889.0,7,2010-03-31 10:54:00,2011-05-11 16:26:00,746.42,403
17890.0,2,2010-12-13 15:12:00,2011-01-21 11:19:00,586.89,402
17891.0,1,2011-06-30 20:08:00,2011-06-30 20:08:00,203.85999999999999,393
17892.0,3,2011-07-07 12:56:00,2011-10-14 16:49:00,244.1,109
17893.0,1,2011-04-28 13:50:00,2011-04-28 13:50:00,107.21000000000001,149
17894.0,18,2010-08-27 14:13:00,2011-09-29 09:23:00,2248.44,892
17895.0,1,2011-10-26 17:00:00,2011-10-26 17:00:00,95.45,127
17896.0,1,2011-11-16 13:59:00,2011-11-16 13:59:00,256.32,288
17897.0,9,2010-05-12 16:03:00,2011-06-20 11:23:00,2027.54,850
17898.0,4,2010-05-21 17:22:00,2011-09-15 14:56:00,299.18,251
17899.0,1,2011-07-03 14:58:00,2011-07-03 14:58:00,154.54999999999998,170
17900.0,2,2011-06-02 14:28:00,2011-06-02 14:38:00,15.0,1
17901.0,3,2010-07-06 10:54:00,2011-11-10 17:29:00,260.08,38
17902.0,1,2010-06-11 12:25:00,2010-06-11 12:25:00,216.4,526
17903.0,1,2010-11-10 15:39:00,2010-11-10 15:39:00,381.09000000000003,142
17904.0,1,2011-11-18 12:57:00,2011-11-18 12:57:00,168.32,58
17905.0,13,2010-01-28 17:54:00,2011-09-29 17:33:00,2159.07,1272
17906.0,1,2011-04-06 17:25:00,2011-04-06 17:25:00,72.89999999999999,26
17907.0,1,2010-03-09 12:33:00,2010-03-09 12:33:00,291.76,1046
17908.0,5,2009-12-14 12:24:00,2010-12-01 11:45:00,1088.82,643
17909.0,1,2009-12-02 13:10:00,2009-12-02 13:10:00,110.05,35
17910.0,1,2009-12-13 16:04:00,2009-12-13 16:04:00,261.7,121
17911.0,1,2011-11-30 14:52:00,2011-11-30 14:52:00,366.23,223
17912.0,6,2010-11-29 13:53:00,2011-02-02 14:25:00,356.2,208
17913.0,14,2009-12-03 13:02:00,2011-10-12 10:45:00,3425.09,1715
17914.0,1,2011-12-06 11:58:00,2011-12-06 11:58:00,329.36,457
17915.0,1,2010-06-06 13:22:00,2010-06-06 13:22:00,225.78,184
17916.0,2,2009-12-06 14:10:00,2010-03-21 12:26:00,43.87,90
17917.0,3,2010-12-12 12:08:00,2011-10-25 13:20:00,335.03,184
17918.0,3,2010-07-22 14:20:00,2010-07-27 11:51:00,388.44,351
17919.0,2,2010-09-27 10:40:00,2011-09-12 13:41:00,1840.32,1452
17920.0,54,2009-12-06 10:37:00,2011-12-05 14:29:00,23563.33,12260
17921.0,10,2010-07-15 20:05:00,2011-10-06 18:56:00,2354.21,978
17922.0,1,2010-06-14 16:32:00,2010-06-14 16:32:00,170.4,49
17923.0,3,2010-06-13 13:58:00,2011-03-02 15:15:00,497.0,140
17924.0,8,2010-10-21 12:17:00,2011-11-28 09:11:00,3189.53,1189
17925.0,1,2010-12-02 10:10:00,2010-12-02 10:10:00,244.08,72
17926.0,5,2010-05-09 14:07:00,2011-07-29 14:39:00,1035.49,572
17927.0,1,2009-12-18 11:03:00,2009-12-18 11:03:00,294.0,108
17928.0,3,2010-05-17 15:30:00,2011-10-25 13:52:00,313.16,150
17929.0,12,2009-12-09 11:40:00,2011-11-28 16:01:00,3073.6,433
17930.0,13,2010-03-04 10:41:00,2011-11-04 10:23:00,4242.92,3770
17931.0,14,2010-02-16 15:47:00,2011-07-28 18:33:00,3270.91,1802
17932.0,3,2011-05-12 13:58:00,2011-11-10 19:49:00,1331.57,789
17933.0,1,2010-03-17 15:11:00,2010-03-17 15:11:00,105.99,57
17934.0,3,2010-10-29 12:23:00,2011-10-19 11:16:00,1049.15,628
17935.0,7,2009-12-04 14:33:00,2011-07-24 13:18:00,652.64,231
17936.0,1,2011-12-04 13:32:00,2011-12-04 13:32:00,380.13,257
17937.0,7,2010-12-12 14:43:00,2011-12-01 11:45:00,4301.22,1754
17938.0,1,2010-10-15 14:27:00,2010-10-15 14:27:00,144.29,53
17939.0,1,2011-07-03 12:27:00,2011-07-03 12:27:00,99.14,40
17940.0,14,2009-12-03 12:31:00,2011-10-21 13:27:00,28389.58,85146
17941.0,4,2010-01-06 15:37:00,2011-08-01 08:30:00,1433.28,1108
17942.0,1,2011-12-02 10:45:00,2011-12-02 10:45:00,77.50000000000001,38
17944.0,1,2010-10-12 16:25:00,2010-10-12 16:25:00,74.99,84
17945.0,3,2010-01-12 11:33:00,2010-01-12 11:40:00,359.5,243
17946.0,2,2011-03-25 14:34:00,2011-04-20 17:00:00,149.57999999999998,75
17947.0,1,2011-11-02 13:05:00,2011-11-02 13:05:00,176.68,168
17948.0,1,2011-07-15 12:58:00,2011-07-15 12:58:00,358.56000000000006,144
17949.0,116,2009-12-02 11:07:00,2011-12-08 18:46:00,98469.06,54362
17950.0,7,2010-01-04 17:39:00,2011-09-28 15:18:00,1156.21,635
17951.0,4,2010-10-31 15:15:00,2011-10-31 12:30:00,1322.88,774
17952.0,4,2010-06-16 11:54:00,2010-11-26 13:54:00,788.46,477
17953.0,1,2010-06-17 15:08:00,2010-06-17 15:08:00,148.67000000000002,73
17954.0,19,2009-12-09 13:22:00,2011-12-04 14:15:00,3697.19,3125
17955.0,6,2010-02-12 16:27:00,2011-05-25 12:00:00,949.9,681
17956.0,1,2011-04-04 13:47:00,2011-04-04 13:47:00,12.75,1
17957.0,1,2011-10-04 14:58:00,2011-10-04 14:58:00,110.72,275
17958.0,2,2009-12-11 15:37:00,2011-08-15 12:19:00,973.88,284
17959.0,1,2010-04-26 14:12:00,2010-04-26 14:12:00,140.75,49
17960.0,3,2010-03-08 12:22:00,2011-06-21 14:15:00,135.08,60
17961.0,100,2009-12-01 14:48:00,2011-11-18 16:55:00,2850.29,1488
17962.0,4,2010-01-13 15:24:00,2011-07-20 14:16:00,651.51,630
17963.0,4,2010-01-19 17:25:00,2010-08-25 15:58:00,643.16,341
17964.0,2,2010-12-02 13:32:00,2011-11-08 10:44:00,463.21,294
17965.0,29,2009-12-14 13:19:00,2011-11-02 09:31:00,6879.7,4354
17966.0,10,2010-01-18 13:24:00,2011-11-02 10:26:00,1963.92,3918
17967.0,2,2010-10-19 13:19:00,2010-12-03 11:19:00,223.42,111
17968.0,4,2010-07-15 15:01:00,2010-12-01 12:23:00,590.4399999999999,352
17969.0,20,2009-12-06 13:53:00,2011-06-26 13:00:00,2235.54,983
17970.0,1,2011-05-12 20:03:00,2011-05-12 20:03:00,562.79,513
17971.0,1,2010-06-09 14:04:00,2010-06-09 14:04:00,161.94,62
17972.0,1,2011-04-12 12:16:00,2011-04-12 12:16:00,135.19,36
17973.0,1,2011-10-19 10:34:00,2011-10-19 10:34:00,337.04,176
17974.0,6,2010-10-28 20:03:00,2011-11-15 11:37:00,1739.09,1189
17975.0,24,2010-08-06 11:24:00,2011-11-24 13:27:00,6591.88,2160
17976.0,1,2010-12-02 13:49:00,2010-12-02 13:49:00,321.79,93
17977.0,2,2010-11-04 14:26:00,2011-11-10 13:28:00,1453.55,1918
17978.0,4,2009-12-08 13:27:00,2010-12-09 14:05:00,1159.99,1297
17979.0,4,2011-03-25 11:34:00,2011-11-04 12:05:00,709.11,377
17980.0,4,2010-11-11 14:42:00,2011-06-27 12:01:00,1012.72,771
17981.0,1,2010-10-25 10:40:00,2010-10-25 10:40:00,239.12,260
17982.0,1,2010-01-28 09:38:00,2010-01-28 09:38:00,138.18,117
17983.0,1,2010-11-09 13:23:00,2010-11-09 13:24:00,171.71,108
17984.0,5,2009-12-01 11:51:00,2011-07-17 15:59:00,1148.69,938
17985.0,1,2011-11-17 14:24:00,2011-11-17 14:24:00,631.35,171
17986.0,1,2011-10-14 14:22:00,2011-10-14 14:22:00,20.8,10
17987.0,5,2010-06-07 11:23:00,2011-06-07 14:22:00,889.92,845
17988.0,13,2009-12-07 13:35:00,2011-11-28 11:00:00,475.74,178
17989.0,1,2010-11-25 13:49:00,2010-11-25 13:49:00,207.33,300
17990.0,6,2009-12-07 15:19:00,2011-04-17 11:44:00,1522.5700000000002,765
17991.0,3,2010-04-27 12:46:00,2011-04-28 15:58:00,298.65,92
17992.0,1,2010-11-15 13:04:00,2010-11-15 13:04:00,252.88000000000002,130
17993.0,1,2010-04-01 14:23:00,2010-04-01 14:23:00,225.99,108
17994.0,11,2010-03-29 10:37:00,2011-08-10 11:41:00,2213.58,2153
17995.0,3,2010-11-17 17:01:00,2011-03-03 12:30:00,495.48,263
17996.0,3,2010-06-11 11:48:00,2010-11-25 11:00:00,469.73,527
17997.0,8,2011-06-28 17:28:00,2011-09-26 16:13:00,1520.47,2075
17998.0,3,2009-12-01 13:07:00,2010-11-24 15:31:00,601.74,531
17999.0,3,2010-11-26 13:16:00,2011-11-02 15:56:00,528.46,286
18000.0,1,2010-05-24 17:34:00,2010-05-24 17:34:00,124.25,109
18001.0,6,2009-12-02 15:38:00,2011-11-27 16:02:00,924.14,874
18002.0,4,2009-12-08 11:07:00,2010-11-29 10:57:00,237.62,70
18003.0,1,2010-11-28 15:09:00,2010-11-28 15:09:00,353.51,297
18004.0,1,2010-12-12 13:47:00,2010-12-12 13:47:00,157.92,75
18005.0,2,2011-10-23 14:40:00,2011-12-06 11:51:00,226.47,86
18006.0,4,2009-12-17 12:27:00,2011-11-16 16:52:00,969.51,395
18007.0,1,2010-11-12 11:08:00,2010-11-12 11:08:00,215.22,246
18008.0,23,2010-01-06 12:35:00,2011-09-30 15:17:00,19759.079999999998,7825
18009.0,8,2010-02-25 11:49:00,2011-04-18 13:36:00,2065.48,635
18010.0,1,2011-03-28 12:27:00,2011-03-28 12:27:00,174.79999999999998,60
18011.0,2,2010-05-21 13:28:00,2010-12-01 17:35:00,410.79,125
18012.0,1,2009-12-16 13:16:00,2009-12-16 13:16:00,115.3,63
18013.0,2,2011-07-07 14:08:00,2011-07-07 14:11:00,187.29,285
18014.0,1,2011-11-11 15:28:00,2011-11-11 15:28:00,154.26999999999998,65
18015.0,1,2011-12-05 14:49:00,2011-12-05 14:49:00,120.03,157
18016.0,7,2010-01-27 16:00:00,2011-11-07 13:25:00,1954.56,1207
18017.0,4,2010-10-04 15:11:00,2011-09-19 16:15:00,688.0,400
18018.0,4,2010-10-15 11:05:00,2011-08-23 17:37:00,156.69,66
18019.0,1,2011-10-19 12:10:00,2011-10-19 12:10:00,38.45,7
18020.0,1,2010-06-14 12:31:00,2010-06-14 12:31:00,129.28,43
18021.0,2,2010-07-15 18:47:00,2010-07-18 10:52:00,216.41,168
18022.0,5,2010-06-11 13:59:00,2011-11-04 12:45:00,1506.6200000000001,1308
18024.0,2,2011-07-10 12:28:00,2011-07-10 12:40:00,236.78000000000003,148
18025.0,6,2010-03-30 17:33:00,2010-11-25 12:37:00,1177.72,1053
18026.0,2,2010-07-22 16:21:00,2010-07-27 10:37:00,2074.07,530
18027.0,1,2011-09-02 10:38:00,2011-09-02 10:38:00,115.31,78
18028.0,1,2010-05-05 13:28:00,2010-05-05 13:28:00,192.05,133
18029.0,1,2010-03-07 15:30:00,2010-03-07 15:30:00,433.77,253
18030.0,2,2011-10-28 13:55:00,2011-12-05 16:37:00,220.7,66
18031.0,1,2010-11-26 11:00:00,2010-11-26 11:00:00,451.3,298
18032.0,1,2011-01-09 15:32:00,2011-01-09 15:32:00,73.5,42
18033.0,1,2011-10-05 17:28:00,2011-10-05 17:28:00,93.82000000000001,252
18034.0,3,2010-11-29 12:36:00,2011-11-18 12:22:00,753.35,950
18035.0,5,2010-11-19 13:42:00,2011-11-04 12:39:00,1260.23,1134
18036.0,11,2009-12-18 12:04:00,2011-11-07 14:40:00,1545.49,741
18037.0,15,2009-12-01 13:48:00,2011-07-08 13:39:00,167.42,37
18038.0,1,2010-06-01 15:59:00,2010-06-01 15:59:00,141.48,80
18039.0,4,2010-03-09 11:19:00,2010-11-30 13:07:00,548.22,555
18040.0,2,2011-04-08 08:27:00,2011-11-20 14:20:00,357.20000000000005,148
18041.0,38,2010-01-14 10:04:00,2011-11-28 11:39:00,7936.04,7019
18042.0,2,2010-06-16 10:53:00,2011-10-17 11:49:00,281.15,69
18043.0,3,2010-12-08 12:35:00,2011-11-15 12:48:00,529.29,265
18044.0,18,2010-05-28 15:31:00,2011-12-05 14:26:00,3502.66,1597
18045.0,1,2011-10-25 13:07:00,2011-10-25 13:07:00,178.34,138
18046.0,1,2010-02-28 11:36:00,2010-02-28 11:36:00,189.63,44
18047.0,2,2010-11-23 12:57:00,2010-11-23 13:11:00,326.09,130
18048.0,3,2010-08-03 13:03:00,2011-05-20 14:58:00,394.93,256
18049.0,2,2010-04-28 13:24:00,2010-09-28 14:26:00,500.5,400
18050.0,2,2010-11-11 15:51:00,2010-12-15 14:25:00,412.06,250
18051.0,7,2009-12-09 12:17:00,2010-03-15 13:58:00,2275.98,1657
18052.0,1,2010-05-24 11:11:00,2010-05-24 11:11:00,10877.18,17766
18053.0,3,2010-06-30 12:36:00,2011-09-30 09:05:00,527.77,402
18054.0,1,2010-11-12 08:18:00,2010-11-12 08:18:00,176.5,96
18055.0,14,2010-10-22 13:27:00,2011-12-02 14:25:00,10110.59,3529
18056.0,2,2010-03-31 12:29:00,2011-02-24 14:27:00,539.75,331
18057.0,3,2010-01-18 12:42:00,2010-11-11 16:55:00,1168.1399999999999,930
18058.0,3,2010-02-10 09:38:00,2011-11-30 08:38:00,774.06,394
18059.0,3,2011-10-03 09:30:00,2011-11-16 16:49:00,296.71,253
18060.0,2,2010-05-24 08:34:00,2010-10-27 16:41:00,1185.46,902
18061.0,28,2009-12-04 11:36:00,2011-11-18 11:20:00,6075.31,3358
18062.0,6,2010-04-21 08:55:00,2011-06-19 14:47:00,1523.3700000000001,817
18063.0,2,2010-03-16 13:05:00,2010-11-14 10:46:00,186.60000000000002,48
18064.0,11,2010-02-01 15:01:00,2011-07-29 16:39:00,4427.98,2635
18065.0,28,2009-12-09 16:00:00,2011-12-04 10:30:00,5816.88,2257
18066.0,3,2010-10-20 11:42:00,2011-09-25 15:30:00,1440.4,535
18067.0,1,2011-10-30 15:58:00,2011-10-30 15:58:00,396.33,189
18068.0,1,2011-02-23 14:50:00,2011-02-23 14:50:00,101.7,6
18069.0,11,2010-02-28 16:14:00,2011-11-13 16:03:00,4434.17,3163
18070.0,1,2010-02-08 13:28:00,2010-02-08 13:28:00,307.75,85
18071.0,6,2009-12-05 10:31:00,2011-03-27 11:59:00,1169.68,678
18072.0,1,2011-06-07 10:44:00,2011-06-07 10:44:00,12.239999999999995,48
18073.0,12,2011-05-26 19:38:00,2011-08-17 14:02:00,3846.7400000000002,3092
18074.0,2,2010-07-22 10:31:00,2010-12-01 09:53:00,1019.44,361
18075.0,20,2010-07-29 11:47:00,2011-11-16 15:21:00,5579.91,3219
18076.0,1,2010-11-24 14:02:00,2010-11-24 14:02:00,151.49,164
18077.0,18,2009-12-07 11:40:00,2011-12-01 13:32:00,4078.79,3020
18078.0,4,2010-03-21 15:50:00,2011-05-06 14:32:00,725.53,370
18079.0,5,2010-08-05 12:19:00,2011-10-25 15:27:00,4203.93,8730
18080.0,2,2011-04-11 10:10:00,2011-11-21 08:02:00,1231.5,642
18081.0,3,2011-07-29 11:56:00,2011-11-03 16:30:00,343.45,195
18082.0,1,2011-11-14 12:45:00,2011-11-14 12:45:00,680.84,608
18083.0,1,2010-11-07 11:44:00,2010-11-07 11:44:00,463.53,268
18084.0,3,2010-11-16 08:09:00,2011-11-23 13:57:00,176.03,329
18085.0,4,2010-03-21 11:57:00,2011-01-13 15:17:00,1341.8500000000001,507
18086.0,1,2011-03-10 13:34:00,2011-03-10 13:34:00,101.34,106
18087.0,16,2009-12-01 09:43:00,2011-02-22 10:43:00,13563.62,7428
18088.0,1,2011-10-09 13:41:00,2011-10-09 13:41:00,166.03,107
18089.0,1,2010-09-19 11:57:00,2010-09-19 11:57:00,428.45,95
18090.0,1,2010-10-14 12:32:00,2010-10-14 12:32:00,321.9,307
18091.0,1,2010-04-25 13:18:00,2010-04-25 13:18:00,360.85,539
18092.0,18,2009-12-04 12:37:00,2011-12-07 13:14:00,14687.47,8295
18093.0,8,2010-03-31 10:27:00,2011-09-07 15:43:00,4429.61,3418
18094.0,13,2010-01-07 11:16:00,2011-09-19 09:28:00,6322.62,4128
18095.0,5,2010-04-19 14:09:00,2011-01-31 12:50:00,2303.09,1623
18096.0,6,2010-07-14 14:30:00,2011-11-28 12:44:00,1638.16,1380
18097.0,11,2009-12-17 11:06:00,2011-12-02 11:16:00,4616.77,2711
18098.0,1,2010-11-08 16:31:00,2010-11-08 16:31:00,527.94,215
18099.0,1,2011-08-04 15:52:00,2011-08-04 15:52:00,168.31,149
18100.0,1,2010-06-07 14:19:00,2010-06-07 14:19:00,451.56,440
18101.0,5,2010-02-03 13:52:00,2011-11-28 13:37:00,622.01,247
18102.0,145,2009-12-01 09:24:00,2011-12-09 11:50:00,578408.64,180933
18103.0,1,2010-06-08 13:36:00,2010-06-08 13:36:00,105.8,23
18104.0,1,2011-11-02 14:07:00,2011-11-02 14:07:00,754.64,362
18105.0,1,2011-11-02 12:04:00,2011-11-02 12:04:00,113.48,46
18106.0,6,2010-01-15 11:36:00,2011-01-14 12:23:00,1441.06,506
18107.0,1,2010-09-23 13:03:00,2010-09-23 13:03:00,165.88,65
18108.0,3,2009-12-02 12:47:00,2011-03-30 13:56:00,842.46,259
18109.0,38,2010-07-01 12:13:00,2011-12-08 11:36:00,9416.41,4799
18110.0,2,2010-10-24 14:21:00,2011-11-20 12:34:00,362.03000000000003,162
18111.0,1,2010-04-29 12:58:00,2010-04-29 12:58:00,398.9,228
18112.0,4,2010-06-06 12:40:00,2011-11-27 14:43:00,773.36,443
18113.0,1,2010-12-06 12:31:00,2010-12-06 12:31:00,76.32000000000001,72
18114.0,1,2011-02-22 13:20:00,2011-02-22 13:20:00,220.1,55
18115.0,1,2010-01-11 11:57:00,2010-01-11 11:57:00,9.7,3
18116.0,13,2010-10-24 15:29:00,2011-10-03 11:00:00,2130.89,1249
18117.0,1,2011-11-14 12:47:00,2011-11-14 12:47:00,314.4,604
18118.0,29,2010-11-23 13:36:00,2011-11-29 11:32:00,6155.47,3165
18119.0,1,2010-12-07 11:59:00,2010-12-07 11:59:00,180.7,124
18120.0,1,2011-05-09 13:45:00,2011-05-09 13:45:00,111.15,31
18121.0,2,2011-07-08 12:14:00,2011-07-13 12:53:00,653.3,438
18122.0,6,2011-07-12 11:37:00,2011-12-01 13:08:00,1791.84,1215
18123.0,3,2010-07-14 12:47:00,2011-11-15 14:23:00,666.64,616
18124.0,1,2010-08-24 17:21:00,2010-08-24 17:21:00,102.65,47
18125.0,4,2011-01-27 15:02:00,2011-11-10 12:29:00,1130.1,799
18126.0,1,2011-10-10 12:19:00,2011-10-10 12:19:00,198.58,129
18127.0,4,2010-11-01 13:56:00,2011-11-20 14:05:00,556.13,250
18128.0,1,2010-06-20 13:19:00,2010-06-20 13:19:00,399.29,216
18129.0,1,2011-04-10 14:16:00,2011-04-10 14:16:00,112.55,48
18130.0,3,2011-10-13 15:58:00,2011-11-24 14:40:00,1045.74,817
18131.0,1,2010-03-18 08:48:00,2010-03-18 08:48:00,222.95999999999998,552
18132.0,1,2010-07-23 16:54:00,2010-07-23 16:54:00,220.13,212
18133.0,1,2011-05-11 14:14:00,2011-05-11 14:14:00,931.5,1350
18134.0,2,2010-01-14 11:59:00,2010-04-20 14:02:00,445.0,128
18135.0,10,2010-03-15 13:55:00,2011-11-10 19:32:00,1229.22,749
18136.0,5,2010-09-14 15:50:00,2011-10-07 15:40:00,1531.71,837
18137.0,2,2010-06-06 13:45:00,2010-06-06 14:18:00,145.99,59
18138.0,1,2011-02-17 14:51:00,2011-02-17 14:51:00,152.65,38
18139.0,6,2011-11-21 14:06:00,2011-11-22 10:44:00,8438.34,5557
18140.0,1,2010-08-23 11:58:00,2010-08-23 11:58:00,536.41,395
18141.0,2,2010-04-29 15:32:00,2010-11-03 11:44:00,838.57,420
18142.0,2,2011-05-08 12:31:00,2011-07-05 13:19:00,1014.9,1273
18143.0,2,2011-07-21 10:44:00,2011-08-15 12:07:00,1000.16,570
18144.0,19,2009-12-16 15:57:00,2011-12-02 12:46:00,4892.95,2144
18145.0,11,2009-12-08 12:30:00,2011-11-27 11:22:00,5592.04,5098
18146.0,2,2011-05-03 16:35:00,2011-07-22 12:08:00,160.35,153
18147.0,2,2011-08-23 12:22:00,2011-10-25 11:46:00,179.34,203
18148.0,1,2010-03-03 11:40:00,2010-03-03 11:40:00,112.85000000000001,63
18149.0,7,2010-03-14 12:41:00,2011-10-20 12:04:00,1553.96,869
18150.0,3,2011-05-22 10:47:00,2011-11-07 16:49:00,566.58,332
18151.0,6,2010-03-04 10:47:00,2011-07-28 11:35:00,1853.94,980
18152.0,1,2010-03-03 15:26:00,2010-03-03 15:26:00,426.69,75
18153.0,1,2010-02-18 15:50:00,2010-02-18 15:50:00,246.22,200
18154.0,5,2010-08-06 09:18:00,2011-12-06 16:41:00,932.6,626
18155.0,3,2011-02-21 10:36:00,2011-09-25 13:32:00,347.82,258
18156.0,2,2010-12-05 12:29:00,2011-11-27 12:24:00,675.64,283
18157.0,1,2010-05-17 14:09:00,2010-05-17 14:09:00,213.9,145
18158.0,2,2011-09-12 09:03:00,2011-11-30 16:19:00,451.75,353
18159.0,1,2011-02-11 14:26:00,2011-02-11 14:26:00,530.15,139
18160.0,3,2010-11-18 16:33:00,2011-10-13 15:50:00,1003.88,519
18161.0,6,2010-11-25 15:55:00,2011-11-24 16:40:00,1797.2,963
18162.0,1,2009-12-07 13:24:00,2009-12-07 13:24:00,371.51,332
18163.0,1,2010-05-04 14:51:00,2010-05-04 14:51:00,639.34,430
18164.0,1,2011-11-02 12:56:00,2011-11-02 12:56:00,394.7,183
18165.0,1,2011-06-15 13:23:00,2011-06-15 13:23:00,302.46,254
18166.0,1,2010-03-26 12:26:00,2010-03-26 12:26:00,175.5,90
18167.0,3,2011-08-26 11:40:00,2011-11-16 15:56:00,1361.51,360
18168.0,16,2009-12-03 17:29:00,2011-06-16 19:21:00,3352.3,1968
18169.0,1,2011-10-10 12:18:00,2011-10-10 12:18:00,202.65,61
18170.0,9,2010-01-08 14:10:00,2011-11-06 14:35:00,2878.0,1184
18171.0,9,2010-01-05 10:46:00,2011-10-12 09:13:00,2414.51,987
18172.0,52,2009-12-11 09:58:00,2011-11-25 11:12:00,17289.23,7377
18173.0,5,2010-04-06 10:43:00,2011-09-14 11:26:00,2696.36,1730
18174.0,2,2010-04-15 12:17:00,2011-12-02 16:56:00,162.5,80
18175.0,1,2010-02-02 10:25:00,2010-02-02 10:25:00,176.10000000000002,70
18176.0,1,2010-12-16 15:45:00,2010-12-16 15:45:00,448.65000000000003,279
18177.0,9,2009-12-15 18:57:00,2011-11-08 14:44:00,2189.07,1233
18178.0,11,2010-02-18 14:25:00,2011-08-03 09:30:00,6054.49,3841
18179.0,8,2010-02-14 15:51:00,2011-11-30 16:23:00,2547.55,1811
18180.0,6,2011-07-20 08:59:00,2011-12-05 08:39:00,1843.75,1721
18181.0,5,2009-12-04 15:30:00,2011-11-15 15:08:00,1166.61,507
18182.0,1,2010-09-02 14:25:00,2010-09-02 14:25:00,291.13,167
18183.0,2,2011-03-10 10:08:00,2011-04-26 15:26:00,600.52,362
18184.0,1,2011-11-24 15:28:00,2011-11-24 15:28:00,49.8,60
18185.0,1,2011-04-04 13:42:00,2011-04-04 13:42:00,304.25,183
18186.0,1,2009-12-17 10:22:00,2009-12-17 10:22:00,329.58,338
18187.0,1,2010-03-18 09:49:00,2010-03-18 09:49:00,682.19,304
18188.0,6,2010-03-26 11:37:00,2011-11-24 16:46:00,3263.19,1884
18189.0,3,2010-03-24 09:57:00,2011-09-23 12:40:00,1396.58,833
18190.0,5,2009-12-22 12:05:00,2011-05-31 14:48:00,735.6700000000001,489
18191.0,2,2010-08-19 17:42:00,2011-03-23 12:08:00,529.4,332
18192.0,1,2011-09-29 09:53:00,2011-09-29 09:53:00,957.97,339
18193.0,3,2010-09-23 13:33:00,2011-06-27 13:58:00,1176.55,922
18194.0,6,2010-01-28 15:30:00,2011-09-18 13:29:00,4084.2,1590
18195.0,1,2010-11-17 15:03:00,2010-11-17 15:03:00,101.16,60
18196.0,4,2010-03-17 14:55:00,2011-09-05 16:22:00,1455.27,1032
18197.0,1,2010-05-13 10:46:00,2010-05-13 10:46:00,221.4,162
18198.0,17,2011-01-07 13:39:00,2011-12-05 14:49:00,5083.06,3839
18199.0,1,2010-01-25 11:32:00,2010-01-25 11:32:00,342.2,98
18200.0,1,2011-08-25 18:45:00,2011-08-25 18:45:00,150.35,104
18201.0,1,2009-12-17 08:55:00,2009-12-17 08:55:00,447.53000000000003,191
18202.0,3,2011-02-01 13:36:00,2011-05-24 12:12:00,1396.99,581
18203.0,4,2009-12-08 13:19:00,2011-07-05 13:07:00,482.52,109
18204.0,3,2011-05-31 15:26:00,2011-09-29 16:44:00,1960.95,1188
18205.0,2,2011-09-26 12:02:00,2011-11-03 13:22:00,517.36,192
18206.0,1,2010-06-04 13:47:00,2010-06-04 13:47:00,314.65999999999997,246
18207.0,1,2010-07-28 14:26:00,2010-07-28 14:26:00,505.12,300
18208.0,1,2010-05-23 11:54:00,2010-05-23 11:54:00,360.08,82
18209.0,1,2011-11-11 12:07:00,2011-11-11 12:07:00,139.10000000000002,58
18210.0,7,2010-11-22 09:39:00,2011-12-08 11:02:00,2768.83,1499
18211.0,5,2011-03-06 12:09:00,2011-11-14 08:10:00,600.07,359
18212.0,2,2010-01-31 14:42:00,2011-01-17 16:14:00,514.37,158
18213.0,1,2011-04-17 10:21:00,2011-04-17 10:21:00,232.48000000000002,232
18214.0,4,2010-06-03 19:47:00,2010-06-27 11:21:00,1480.99,790
18215.0,5,2010-03-26 13:03:00,2011-09-11 16:05:00,2223.9900000000002,1130
18216.0,1,2011-11-08 16:55:00,2011-11-08 16:55:00,481.75,200
18217.0,4,2010-07-01 15:39:00,2011-11-10 13:18:00,902.8000000000001,710
18218.0,4,2010-02-17 15:11:00,2011-05-12 12:53:00,1086.14,990
18219.0,17,2009-12-07 13:17:00,2011-12-07 11:43:00,3297.2000000000003,1582
18220.0,6,2009-12-15 11:42:00,2011-04-27 09:03:00,1771.7,1258
18221.0,6,2010-11-14 15:46:00,2011-11-17 14:40:00,1370.34,984
18222.0,1,2011-09-08 10:45:00,2011-09-08 10:45:00,443.0,335
18223.0,26,2009-12-04 12:20:00,2011-12-05 09:11:00,13504.67,6462
18224.0,1,2011-03-21 10:30:00,2011-03-21 10:30:00,158.95000000000002,69
18225.0,26,2009-12-04 16:52:00,2011-12-06 13:27:00,12643.25,7217
18226.0,26,2010-03-05 10:05:00,2011-10-26 13:36:00,11749.58,7831
18227.0,2,2010-08-12 16:45:00,2011-05-06 12:23:00,93.75,21
18228.0,2,2011-09-21 10:48:00,2011-10-14 09:21:00,769.2,236
18229.0,28,2009-12-03 14:42:00,2011-11-28 09:48:00,10150.51,3071
18230.0,9,2010-07-02 10:01:00,2011-11-30 13:22:00,4197.46,1978
18231.0,28,2010-01-10 12:13:00,2011-05-31 14:18:00,6815.47,2898
18232.0,4,2011-05-26 16:30:00,2011-09-19 11:49:00,582.47,299
18233.0,1,2011-01-18 08:44:00,2011-01-18 08:44:00,440.0,4
18234.0,1,2010-06-06 11:22:00,2010-06-06 11:22:00,179.6,80
18235.0,3,2011-05-06 13:35:00,2011-09-29 08:27:00,1796.48,1578
18236.0,12,2010-04-15 13:39:00,2011-11-10 08:06:00,1795.3500000000001,696
18237.0,5,2011-07-28 13:05:00,2011-12-07 12:49:00,987.1,622
18238.0,1,2010-07-12 12:51:00,2010-07-12 12:51:00,270.92,114
18239.0,6,2010-10-13 10:11:00,2011-05-05 12:38:00,1712.26,844
18240.0,1,2011-10-24 13:06:00,2011-10-24 13:06:00,422.58000000000004,126
18241.0,21,2010-04-01 11:55:00,2011-11-30 12:10:00,2954.09,1465
18242.0,8,2010-01-11 08:49:00,2011-09-28 13:43:00,3605.21,2021
18243.0,1,2010-10-21 14:29:00,2010-10-21 14:29:00,515.78,221
18244.0,2,2010-07-25 10:30:00,2010-10-05 11:15:00,568.64,856
18245.0,20,2010-03-08 15:26:00,2011-12-02 14:48:00,6236.2300000000005,5078
18246.0,3,2010-04-09 10:19:00,2011-11-16 11:49:00,758.8199999999999,214
18247.0,3,2010-03-18 15:52:00,2010-10-21 09:49:00,721.43,305
18248.0,2,2011-06-06 13:18:00,2011-08-09 10:19:00,783.02,501
18249.0,1,2011-11-22 15:07:00,2011-11-22 15:07:00,95.34,128
18250.0,1,2011-02-02 13:16:00,2011-02-02 13:16:00,342.92,198
18251.0,9,2009-12-22 12:01:00,2011-09-13 15:03:00,26278.86,39639
18252.0,7,2009-12-18 16:13:00,2011-10-20 12:43:00,1457.19,926
18253.0,1,2010-03-07 12:38:00,2010-03-07 12:38:00,317.88,128
18254.0,1,2010-05-07 14:37:00,2010-05-07 14:37:00,267.9,188
18255.0,2,2010-09-09 16:31:00,2011-09-11 13:16:00,303.15000000000003,201
18256.0,1,2010-11-17 08:53:00,2010-11-17 08:53:00,60.599999999999994,110
18257.0,12,2010-02-18 16:20:00,2011-10-31 14:48:00,4490.45,2329
18258.0,6,2010-05-16 11:35:00,2010-09-01 14:20:00,2040.97,1973
18259.0,7,2009-12-08 08:38:00,2011-11-15 12:34:00,3941.9,1274
18260.0,23,2009-12-15 13:50:00,2011-06-20 12:37:00,9737.1,5208
18261.0,2,2011-09-05 09:34:00,2011-10-27 15:36:00,324.24,146
18262.0,3,2010-04-16 09:05:00,2011-07-22 16:04:00,577.54,552
18263.0,3,2011-04-01 11:48:00,2011-11-14 09:00:00,1211.08,1467
18264.0,1,2010-07-29 10:02:00,2010-07-29 10:02:00,603.25,241
18265.0,2,2011-07-04 15:26:00,2011-09-28 14:10:00,801.51,311
18266.0,1,2010-10-01 15:33:00,2010-10-01 15:33:00,251.1,138
18267.0,1,2010-02-05 08:43:00,2010-02-05 08:43:00,252.87,131
18268.0,6,2009-12-11 10:27:00,2011-07-28 19:13:00,1451.22,702
18269.0,1,2010-12-08 13:53:00,2010-12-08 13:53:00,138.9,70
18270.0,3,2010-10-03 10:49:00,2011-11-01 13:57:00,406.3,206
18271.0,2,2009-12-08 11:27:00,2010-04-09 09:26:00,680.85,319
18272.0,9,2010-03-04 12:53:00,2011-12-07 12:43:00,4347.33,2871
18273.0,4,2010-04-28 12:24:00,2011-12-07 13:16:00,357.0,140
18274.0,1,2011-11-09 17:03:00,2011-11-09 17:03:00,0.0,0
18275.0,2,2009-12-08 16:23:00,2010-05-10 15:46:00,741.85,417
18276.0,6,2009-12-10 17:14:00,2011-10-27 10:54:00,1620.67,1239
18277.0,5,2010-08-02 10:26:00,2011-10-12 15:22:00,1159.3500000000001,445
18278.0,2,2010-10-31 12:13:00,2011-09-27 11:58:00,414.20000000000005,140
18279.0,1,2010-07-08 14:48:00,2010-07-08 14:48:00,231.34,630
18280.0,2,2010-11-10 15:51:00,2011-03-07 09:52:00,472.45000000000005,192
18281.0,2,2010-05-11 10:49:00,2011-06-12 10:53:00,201.14,146
18282.0,2,2011-08-05 13:35:00,2011-12-02 11:43:00,176.6,98
18283.0,22,2010-02-19 17:16:00,2011-12-06 12:02:00,2658.95,1677
18284.0,1,2010-10-04 11:33:00,2010-10-04 11:33:00,436.68,493
18285.0,1,2010-02-17 10:24:00,2010-02-17 10:24:00,427.0,145
18286.0,2,2009-12-16 10:45:00,2010-08-20 11:57:00,1188.43,592
18287.0,7,2010-05-17 11:55:00,2011-10-28 09:29:00,4177.89,3011
